city,Crime,person_count,Arrested_Gender
Agra,Notice Issued (Sec. 41 CrPC),1277,Male
Ahmedabad,Notice Issued (Sec. 41 CrPC),598,Male
Amritsar,Notice Issued (Sec. 41 CrPC),152,Male
Asansol,Notice Issued (Sec. 41 CrPC),2294,Male
Aurangabad,Notice Issued (Sec. 41 CrPC),1200,Male
Bengaluru,Notice Issued (Sec. 41 CrPC),179,Male
Bhopal,Notice Issued (Sec. 41 CrPC),1628,Male
Chandigarh City,Notice Issued (Sec. 41 CrPC),22,Male
Chennai,Notice Issued (Sec. 41 CrPC),150,Male
Coimbatore,Notice Issued (Sec. 41 CrPC),124,Male
Delhi City,Notice Issued (Sec. 41 CrPC),4779,Male
Dhanbad,Notice Issued (Sec. 41 CrPC),51,Male
Durg-Bhilainagar,Notice Issued (Sec. 41 CrPC),0,Male
Faridabad,Notice Issued (Sec. 41 CrPC),0,Male
Ghaziabad,Notice Issued (Sec. 41 CrPC),1139,Male
Gwalior,Notice Issued (Sec. 41 CrPC),1138,Male
Hyderabad,Notice Issued (Sec. 41 CrPC),2086,Male
Indore,Notice Issued (Sec. 41 CrPC),1118,Male
Jabalpur,Notice Issued (Sec. 41 CrPC),559,Male
Jaipur,Notice Issued (Sec. 41 CrPC),236,Male
Jamshedpur,Notice Issued (Sec. 41 CrPC),237,Male
Jodhpur,Notice Issued (Sec. 41 CrPC),181,Male
Kannur,Notice Issued (Sec. 41 CrPC),33,Male
Kanpur,Notice Issued (Sec. 41 CrPC),0,Male
Kochi,Notice Issued (Sec. 41 CrPC),255,Male
Kolkata,Notice Issued (Sec. 41 CrPC),38,Male
Kollam,Notice Issued (Sec. 41 CrPC),0,Male
Kota,Notice Issued (Sec. 41 CrPC),330,Male
Kozhikode,Notice Issued (Sec. 41 CrPC),381,Male
Lucknow,Notice Issued (Sec. 41 CrPC),3883,Male
Ludhiana,Notice Issued (Sec. 41 CrPC),0,Male
Madurai,Notice Issued (Sec. 41 CrPC),0,Male
Malappuram,Notice Issued (Sec. 41 CrPC),378,Male
Meerut,Notice Issued (Sec. 41 CrPC),0,Male
Mumbai,Notice Issued (Sec. 41 CrPC),1396,Male
Nagpur,Notice Issued (Sec. 41 CrPC),536,Male
Nasik,Notice Issued (Sec. 41 CrPC),144,Male
Patna,Notice Issued (Sec. 41 CrPC),22,Male
Prayagraj,Notice Issued (Sec. 41 CrPC),263,Male
Pune,Notice Issued (Sec. 41 CrPC),549,Male
Raipur,Notice Issued (Sec. 41 CrPC),707,Male
Rajkot,Notice Issued (Sec. 41 CrPC),283,Male
Ranchi,Notice Issued (Sec. 41 CrPC),136,Male
Srinagar,Notice Issued (Sec. 41 CrPC),0,Male
Surat,Notice Issued (Sec. 41 CrPC),0,Male
Thiruvananthapuram,Notice Issued (Sec. 41 CrPC),91,Male
Thrissur,Notice Issued (Sec. 41 CrPC),412,Male
Tiruchirapalli,Notice Issued (Sec. 41 CrPC),9,Male
Vadodara,Notice Issued (Sec. 41 CrPC),6,Male
Varanasi,Notice Issued (Sec. 41 CrPC),246,Male
Vasai Virar,Notice Issued (Sec. 41 CrPC),197,Male
Vijayawada,Notice Issued (Sec. 41 CrPC),2426,Male
Vishakhapatnam,Notice Issued (Sec. 41 CrPC),1380,Male
Agra,Notice Issued (Sec. 41 CrPC),0,Female
Ahmedabad,Notice Issued (Sec. 41 CrPC),408,Female
Amritsar,Notice Issued (Sec. 41 CrPC),28,Female
Asansol,Notice Issued (Sec. 41 CrPC),405,Female
Aurangabad,Notice Issued (Sec. 41 CrPC),450,Female
Bengaluru,Notice Issued (Sec. 41 CrPC),64,Female
Bhopal,Notice Issued (Sec. 41 CrPC),819,Female
Chandigarh City,Notice Issued (Sec. 41 CrPC),1,Female
Chennai,Notice Issued (Sec. 41 CrPC),39,Female
Coimbatore,Notice Issued (Sec. 41 CrPC),24,Female
Delhi City,Notice Issued (Sec. 41 CrPC),1805,Female
Dhanbad,Notice Issued (Sec. 41 CrPC),0,Female
Durg-Bhilainagar,Notice Issued (Sec. 41 CrPC),0,Female
Faridabad,Notice Issued (Sec. 41 CrPC),0,Female
Ghaziabad,Notice Issued (Sec. 41 CrPC),232,Female
Gwalior,Notice Issued (Sec. 41 CrPC),363,Female
Hyderabad,Notice Issued (Sec. 41 CrPC),409,Female
Indore,Notice Issued (Sec. 41 CrPC),451,Female
Jabalpur,Notice Issued (Sec. 41 CrPC),113,Female
Jaipur,Notice Issued (Sec. 41 CrPC),36,Female
Jamshedpur,Notice Issued (Sec. 41 CrPC),0,Female
Jodhpur,Notice Issued (Sec. 41 CrPC),13,Female
Kannur,Notice Issued (Sec. 41 CrPC),23,Female
Kanpur,Notice Issued (Sec. 41 CrPC),0,Female
Kochi,Notice Issued (Sec. 41 CrPC),88,Female
Kolkata,Notice Issued (Sec. 41 CrPC),0,Female
Kollam,Notice Issued (Sec. 41 CrPC),1,Female
Kota,Notice Issued (Sec. 41 CrPC),8,Female
Kozhikode,Notice Issued (Sec. 41 CrPC),39,Female
Lucknow,Notice Issued (Sec. 41 CrPC),1258,Female
Ludhiana,Notice Issued (Sec. 41 CrPC),0,Female
Madurai,Notice Issued (Sec. 41 CrPC),0,Female
Malappuram,Notice Issued (Sec. 41 CrPC),94,Female
Meerut,Notice Issued (Sec. 41 CrPC),0,Female
Mumbai,Notice Issued (Sec. 41 CrPC),347,Female
Nagpur,Notice Issued (Sec. 41 CrPC),243,Female
Nasik,Notice Issued (Sec. 41 CrPC),34,Female
Patna,Notice Issued (Sec. 41 CrPC),0,Female
Prayagraj,Notice Issued (Sec. 41 CrPC),19,Female
Pune,Notice Issued (Sec. 41 CrPC),225,Female
Raipur,Notice Issued (Sec. 41 CrPC),265,Female
Rajkot,Notice Issued (Sec. 41 CrPC),199,Female
Ranchi,Notice Issued (Sec. 41 CrPC),0,Female
Srinagar,Notice Issued (Sec. 41 CrPC),0,Female
Surat,Notice Issued (Sec. 41 CrPC),0,Female
Thiruvananthapuram,Notice Issued (Sec. 41 CrPC),41,Female
Thrissur,Notice Issued (Sec. 41 CrPC),166,Female
Tiruchirapalli,Notice Issued (Sec. 41 CrPC),0,Female
Vadodara,Notice Issued (Sec. 41 CrPC),0,Female
Varanasi,Notice Issued (Sec. 41 CrPC),142,Female
Vasai Virar,Notice Issued (Sec. 41 CrPC),66,Female
Vijayawada,Notice Issued (Sec. 41 CrPC),790,Female
Vishakhapatnam,Notice Issued (Sec. 41 CrPC),556,Female
Agra,Notice Issued (Sec. 41 CrPC),0,Transgender
Ahmedabad,Notice Issued (Sec. 41 CrPC),0,Transgender
Amritsar,Notice Issued (Sec. 41 CrPC),0,Transgender
Asansol,Notice Issued (Sec. 41 CrPC),0,Transgender
Aurangabad,Notice Issued (Sec. 41 CrPC),0,Transgender
Bengaluru,Notice Issued (Sec. 41 CrPC),0,Transgender
Bhopal,Notice Issued (Sec. 41 CrPC),0,Transgender
Chandigarh City,Notice Issued (Sec. 41 CrPC),0,Transgender
Chennai,Notice Issued (Sec. 41 CrPC),0,Transgender
Coimbatore,Notice Issued (Sec. 41 CrPC),0,Transgender
Delhi City,Notice Issued (Sec. 41 CrPC),0,Transgender
Dhanbad,Notice Issued (Sec. 41 CrPC),0,Transgender
Durg-Bhilainagar,Notice Issued (Sec. 41 CrPC),0,Transgender
Faridabad,Notice Issued (Sec. 41 CrPC),0,Transgender
Ghaziabad,Notice Issued (Sec. 41 CrPC),0,Transgender
Gwalior,Notice Issued (Sec. 41 CrPC),0,Transgender
Hyderabad,Notice Issued (Sec. 41 CrPC),0,Transgender
Indore,Notice Issued (Sec. 41 CrPC),0,Transgender
Jabalpur,Notice Issued (Sec. 41 CrPC),0,Transgender
Jaipur,Notice Issued (Sec. 41 CrPC),0,Transgender
Jamshedpur,Notice Issued (Sec. 41 CrPC),0,Transgender
Jodhpur,Notice Issued (Sec. 41 CrPC),0,Transgender
Kannur,Notice Issued (Sec. 41 CrPC),0,Transgender
Kanpur,Notice Issued (Sec. 41 CrPC),0,Transgender
Kochi,Notice Issued (Sec. 41 CrPC),0,Transgender
Kolkata,Notice Issued (Sec. 41 CrPC),0,Transgender
Kollam,Notice Issued (Sec. 41 CrPC),0,Transgender
Kota,Notice Issued (Sec. 41 CrPC),0,Transgender
Kozhikode,Notice Issued (Sec. 41 CrPC),0,Transgender
Lucknow,Notice Issued (Sec. 41 CrPC),0,Transgender
Ludhiana,Notice Issued (Sec. 41 CrPC),0,Transgender
Madurai,Notice Issued (Sec. 41 CrPC),0,Transgender
Malappuram,Notice Issued (Sec. 41 CrPC),0,Transgender
Meerut,Notice Issued (Sec. 41 CrPC),0,Transgender
Mumbai,Notice Issued (Sec. 41 CrPC),0,Transgender
Nagpur,Notice Issued (Sec. 41 CrPC),0,Transgender
Nasik,Notice Issued (Sec. 41 CrPC),0,Transgender
Patna,Notice Issued (Sec. 41 CrPC),0,Transgender
Prayagraj,Notice Issued (Sec. 41 CrPC),0,Transgender
Pune,Notice Issued (Sec. 41 CrPC),0,Transgender
Raipur,Notice Issued (Sec. 41 CrPC),0,Transgender
Rajkot,Notice Issued (Sec. 41 CrPC),0,Transgender
Ranchi,Notice Issued (Sec. 41 CrPC),0,Transgender
Srinagar,Notice Issued (Sec. 41 CrPC),0,Transgender
Surat,Notice Issued (Sec. 41 CrPC),0,Transgender
Thiruvananthapuram,Notice Issued (Sec. 41 CrPC),0,Transgender
Thrissur,Notice Issued (Sec. 41 CrPC),0,Transgender
Tiruchirapalli,Notice Issued (Sec. 41 CrPC),0,Transgender
Vadodara,Notice Issued (Sec. 41 CrPC),0,Transgender
Varanasi,Notice Issued (Sec. 41 CrPC),0,Transgender
Vasai Virar,Notice Issued (Sec. 41 CrPC),0,Transgender
Vijayawada,Notice Issued (Sec. 41 CrPC),0,Transgender
Vishakhapatnam,Notice Issued (Sec. 41 CrPC),0,Transgender
Agra,Persons Arrested out of Cases Registered from Previous Years,68,Male
Ahmedabad,Persons Arrested out of Cases Registered from Previous Years,220,Male
Amritsar,Persons Arrested out of Cases Registered from Previous Years,324,Male
Asansol,Persons Arrested out of Cases Registered from Previous Years,327,Male
Aurangabad,Persons Arrested out of Cases Registered from Previous Years,127,Male
Bengaluru,Persons Arrested out of Cases Registered from Previous Years,727,Male
Bhopal,Persons Arrested out of Cases Registered from Previous Years,81,Male
Chandigarh City,Persons Arrested out of Cases Registered from Previous Years,76,Male
Chennai,Persons Arrested out of Cases Registered from Previous Years,40,Male
Coimbatore,Persons Arrested out of Cases Registered from Previous Years,10,Male
Delhi City,Persons Arrested out of Cases Registered from Previous Years,4070,Male
Dhanbad,Persons Arrested out of Cases Registered from Previous Years,68,Male
Durg-Bhilainagar,Persons Arrested out of Cases Registered from Previous Years,78,Male
Faridabad,Persons Arrested out of Cases Registered from Previous Years,170,Male
Ghaziabad,Persons Arrested out of Cases Registered from Previous Years,1,Male
Gwalior,Persons Arrested out of Cases Registered from Previous Years,70,Male
Hyderabad,Persons Arrested out of Cases Registered from Previous Years,83,Male
Indore,Persons Arrested out of Cases Registered from Previous Years,108,Male
Jabalpur,Persons Arrested out of Cases Registered from Previous Years,4,Male
Jaipur,Persons Arrested out of Cases Registered from Previous Years,283,Male
Jamshedpur,Persons Arrested out of Cases Registered from Previous Years,51,Male
Jodhpur,Persons Arrested out of Cases Registered from Previous Years,69,Male
Kannur,Persons Arrested out of Cases Registered from Previous Years,106,Male
Kanpur,Persons Arrested out of Cases Registered from Previous Years,1033,Male
Kochi,Persons Arrested out of Cases Registered from Previous Years,150,Male
Kolkata,Persons Arrested out of Cases Registered from Previous Years,423,Male
Kollam,Persons Arrested out of Cases Registered from Previous Years,81,Male
Kota,Persons Arrested out of Cases Registered from Previous Years,82,Male
Kozhikode,Persons Arrested out of Cases Registered from Previous Years,304,Male
Lucknow,Persons Arrested out of Cases Registered from Previous Years,92,Male
Ludhiana,Persons Arrested out of Cases Registered from Previous Years,11,Male
Madurai,Persons Arrested out of Cases Registered from Previous Years,1,Male
Malappuram,Persons Arrested out of Cases Registered from Previous Years,11,Male
Meerut,Persons Arrested out of Cases Registered from Previous Years,198,Male
Mumbai,Persons Arrested out of Cases Registered from Previous Years,2709,Male
Nagpur,Persons Arrested out of Cases Registered from Previous Years,379,Male
Nasik,Persons Arrested out of Cases Registered from Previous Years,74,Male
Patna,Persons Arrested out of Cases Registered from Previous Years,657,Male
Prayagraj,Persons Arrested out of Cases Registered from Previous Years,230,Male
Pune,Persons Arrested out of Cases Registered from Previous Years,463,Male
Raipur,Persons Arrested out of Cases Registered from Previous Years,65,Male
Rajkot,Persons Arrested out of Cases Registered from Previous Years,8,Male
Ranchi,Persons Arrested out of Cases Registered from Previous Years,303,Male
Srinagar,Persons Arrested out of Cases Registered from Previous Years,46,Male
Surat,Persons Arrested out of Cases Registered from Previous Years,14,Male
Thiruvananthapuram,Persons Arrested out of Cases Registered from Previous Years,119,Male
Thrissur,Persons Arrested out of Cases Registered from Previous Years,171,Male
Tiruchirapalli,Persons Arrested out of Cases Registered from Previous Years,50,Male
Vadodara,Persons Arrested out of Cases Registered from Previous Years,33,Male
Varanasi,Persons Arrested out of Cases Registered from Previous Years,0,Male
Vasai Virar,Persons Arrested out of Cases Registered from Previous Years,104,Male
Vijayawada,Persons Arrested out of Cases Registered from Previous Years,81,Male
Vishakhapatnam,Persons Arrested out of Cases Registered from Previous Years,54,Male
Agra,Persons Arrested out of Cases Registered from Previous Years,2,Female
Ahmedabad,Persons Arrested out of Cases Registered from Previous Years,42,Female
Amritsar,Persons Arrested out of Cases Registered from Previous Years,45,Female
Asansol,Persons Arrested out of Cases Registered from Previous Years,43,Female
Aurangabad,Persons Arrested out of Cases Registered from Previous Years,5,Female
Bengaluru,Persons Arrested out of Cases Registered from Previous Years,286,Female
Bhopal,Persons Arrested out of Cases Registered from Previous Years,7,Female
Chandigarh City,Persons Arrested out of Cases Registered from Previous Years,21,Female
Chennai,Persons Arrested out of Cases Registered from Previous Years,3,Female
Coimbatore,Persons Arrested out of Cases Registered from Previous Years,0,Female
Delhi City,Persons Arrested out of Cases Registered from Previous Years,719,Female
Dhanbad,Persons Arrested out of Cases Registered from Previous Years,0,Female
Durg-Bhilainagar,Persons Arrested out of Cases Registered from Previous Years,3,Female
Faridabad,Persons Arrested out of Cases Registered from Previous Years,17,Female
Ghaziabad,Persons Arrested out of Cases Registered from Previous Years,0,Female
Gwalior,Persons Arrested out of Cases Registered from Previous Years,3,Female
Hyderabad,Persons Arrested out of Cases Registered from Previous Years,0,Female
Indore,Persons Arrested out of Cases Registered from Previous Years,16,Female
Jabalpur,Persons Arrested out of Cases Registered from Previous Years,0,Female
Jaipur,Persons Arrested out of Cases Registered from Previous Years,16,Female
Jamshedpur,Persons Arrested out of Cases Registered from Previous Years,0,Female
Jodhpur,Persons Arrested out of Cases Registered from Previous Years,4,Female
Kannur,Persons Arrested out of Cases Registered from Previous Years,11,Female
Kanpur,Persons Arrested out of Cases Registered from Previous Years,16,Female
Kochi,Persons Arrested out of Cases Registered from Previous Years,6,Female
Kolkata,Persons Arrested out of Cases Registered from Previous Years,46,Female
Kollam,Persons Arrested out of Cases Registered from Previous Years,16,Female
Kota,Persons Arrested out of Cases Registered from Previous Years,0,Female
Kozhikode,Persons Arrested out of Cases Registered from Previous Years,5,Female
Lucknow,Persons Arrested out of Cases Registered from Previous Years,1,Female
Ludhiana,Persons Arrested out of Cases Registered from Previous Years,0,Female
Madurai,Persons Arrested out of Cases Registered from Previous Years,0,Female
Malappuram,Persons Arrested out of Cases Registered from Previous Years,0,Female
Meerut,Persons Arrested out of Cases Registered from Previous Years,0,Female
Mumbai,Persons Arrested out of Cases Registered from Previous Years,338,Female
Nagpur,Persons Arrested out of Cases Registered from Previous Years,62,Female
Nasik,Persons Arrested out of Cases Registered from Previous Years,4,Female
Patna,Persons Arrested out of Cases Registered from Previous Years,36,Female
Prayagraj,Persons Arrested out of Cases Registered from Previous Years,18,Female
Pune,Persons Arrested out of Cases Registered from Previous Years,170,Female
Raipur,Persons Arrested out of Cases Registered from Previous Years,5,Female
Rajkot,Persons Arrested out of Cases Registered from Previous Years,0,Female
Ranchi,Persons Arrested out of Cases Registered from Previous Years,0,Female
Srinagar,Persons Arrested out of Cases Registered from Previous Years,14,Female
Surat,Persons Arrested out of Cases Registered from Previous Years,0,Female
Thiruvananthapuram,Persons Arrested out of Cases Registered from Previous Years,6,Female
Thrissur,Persons Arrested out of Cases Registered from Previous Years,56,Female
Tiruchirapalli,Persons Arrested out of Cases Registered from Previous Years,0,Female
Vadodara,Persons Arrested out of Cases Registered from Previous Years,6,Female
Varanasi,Persons Arrested out of Cases Registered from Previous Years,0,Female
Vasai Virar,Persons Arrested out of Cases Registered from Previous Years,4,Female
Vijayawada,Persons Arrested out of Cases Registered from Previous Years,7,Female
Vishakhapatnam,Persons Arrested out of Cases Registered from Previous Years,3,Female
Agra,Persons Arrested out of Cases Registered from Previous Years,0,Transgender
Ahmedabad,Persons Arrested out of Cases Registered from Previous Years,0,Transgender
Amritsar,Persons Arrested out of Cases Registered from Previous Years,0,Transgender
Asansol,Persons Arrested out of Cases Registered from Previous Years,0,Transgender
Aurangabad,Persons Arrested out of Cases Registered from Previous Years,0,Transgender
Bengaluru,Persons Arrested out of Cases Registered from Previous Years,0,Transgender
Bhopal,Persons Arrested out of Cases Registered from Previous Years,0,Transgender
Chandigarh City,Persons Arrested out of Cases Registered from Previous Years,0,Transgender
Chennai,Persons Arrested out of Cases Registered from Previous Years,0,Transgender
Coimbatore,Persons Arrested out of Cases Registered from Previous Years,0,Transgender
Delhi City,Persons Arrested out of Cases Registered from Previous Years,0,Transgender
Dhanbad,Persons Arrested out of Cases Registered from Previous Years,0,Transgender
Durg-Bhilainagar,Persons Arrested out of Cases Registered from Previous Years,0,Transgender
Faridabad,Persons Arrested out of Cases Registered from Previous Years,0,Transgender
Ghaziabad,Persons Arrested out of Cases Registered from Previous Years,0,Transgender
Gwalior,Persons Arrested out of Cases Registered from Previous Years,0,Transgender
Hyderabad,Persons Arrested out of Cases Registered from Previous Years,0,Transgender
Indore,Persons Arrested out of Cases Registered from Previous Years,0,Transgender
Jabalpur,Persons Arrested out of Cases Registered from Previous Years,0,Transgender
Jaipur,Persons Arrested out of Cases Registered from Previous Years,0,Transgender
Jamshedpur,Persons Arrested out of Cases Registered from Previous Years,0,Transgender
Jodhpur,Persons Arrested out of Cases Registered from Previous Years,0,Transgender
Kannur,Persons Arrested out of Cases Registered from Previous Years,0,Transgender
Kanpur,Persons Arrested out of Cases Registered from Previous Years,0,Transgender
Kochi,Persons Arrested out of Cases Registered from Previous Years,0,Transgender
Kolkata,Persons Arrested out of Cases Registered from Previous Years,0,Transgender
Kollam,Persons Arrested out of Cases Registered from Previous Years,0,Transgender
Kota,Persons Arrested out of Cases Registered from Previous Years,0,Transgender
Kozhikode,Persons Arrested out of Cases Registered from Previous Years,0,Transgender
Lucknow,Persons Arrested out of Cases Registered from Previous Years,0,Transgender
Ludhiana,Persons Arrested out of Cases Registered from Previous Years,0,Transgender
Madurai,Persons Arrested out of Cases Registered from Previous Years,0,Transgender
Malappuram,Persons Arrested out of Cases Registered from Previous Years,0,Transgender
Meerut,Persons Arrested out of Cases Registered from Previous Years,0,Transgender
Mumbai,Persons Arrested out of Cases Registered from Previous Years,0,Transgender
Nagpur,Persons Arrested out of Cases Registered from Previous Years,0,Transgender
Nasik,Persons Arrested out of Cases Registered from Previous Years,0,Transgender
Patna,Persons Arrested out of Cases Registered from Previous Years,0,Transgender
Prayagraj,Persons Arrested out of Cases Registered from Previous Years,0,Transgender
Pune,Persons Arrested out of Cases Registered from Previous Years,0,Transgender
Raipur,Persons Arrested out of Cases Registered from Previous Years,0,Transgender
Rajkot,Persons Arrested out of Cases Registered from Previous Years,0,Transgender
Ranchi,Persons Arrested out of Cases Registered from Previous Years,0,Transgender
Srinagar,Persons Arrested out of Cases Registered from Previous Years,0,Transgender
Surat,Persons Arrested out of Cases Registered from Previous Years,0,Transgender
Thiruvananthapuram,Persons Arrested out of Cases Registered from Previous Years,0,Transgender
Thrissur,Persons Arrested out of Cases Registered from Previous Years,0,Transgender
Tiruchirapalli,Persons Arrested out of Cases Registered from Previous Years,0,Transgender
Vadodara,Persons Arrested out of Cases Registered from Previous Years,0,Transgender
Varanasi,Persons Arrested out of Cases Registered from Previous Years,0,Transgender
Vasai Virar,Persons Arrested out of Cases Registered from Previous Years,0,Transgender
Vijayawada,Persons Arrested out of Cases Registered from Previous Years,0,Transgender
Vishakhapatnam,Persons Arrested out of Cases Registered from Previous Years,0,Transgender
Agra,Persons Arrested in Cases Registered during the year,472,Male
Ahmedabad,Persons Arrested in Cases Registered during the year,1174,Male
Amritsar,Persons Arrested in Cases Registered during the year,164,Male
Asansol,Persons Arrested in Cases Registered during the year,685,Male
Aurangabad,Persons Arrested in Cases Registered during the year,285,Male
Bengaluru,Persons Arrested in Cases Registered during the year,4262,Male
Bhopal,Persons Arrested in Cases Registered during the year,711,Male
Chandigarh City,Persons Arrested in Cases Registered during the year,194,Male
Chennai,Persons Arrested in Cases Registered during the year,670,Male
Coimbatore,Persons Arrested in Cases Registered during the year,261,Male
Delhi City,Persons Arrested in Cases Registered during the year,9766,Male
Dhanbad,Persons Arrested in Cases Registered during the year,115,Male
Durg-Bhilainagar,Persons Arrested in Cases Registered during the year,434,Male
Faridabad,Persons Arrested in Cases Registered during the year,780,Male
Ghaziabad,Persons Arrested in Cases Registered during the year,676,Male
Gwalior,Persons Arrested in Cases Registered during the year,431,Male
Hyderabad,Persons Arrested in Cases Registered during the year,571,Male
Indore,Persons Arrested in Cases Registered during the year,609,Male
Jabalpur,Persons Arrested in Cases Registered during the year,248,Male
Jaipur,Persons Arrested in Cases Registered during the year,2028,Male
Jamshedpur,Persons Arrested in Cases Registered during the year,290,Male
Jodhpur,Persons Arrested in Cases Registered during the year,793,Male
Kannur,Persons Arrested in Cases Registered during the year,474,Male
Kanpur,Persons Arrested in Cases Registered during the year,3271,Male
Kochi,Persons Arrested in Cases Registered during the year,496,Male
Kolkata,Persons Arrested in Cases Registered during the year,1237,Male
Kollam,Persons Arrested in Cases Registered during the year,677,Male
Kota,Persons Arrested in Cases Registered during the year,366,Male
Kozhikode,Persons Arrested in Cases Registered during the year,486,Male
Lucknow,Persons Arrested in Cases Registered during the year,644,Male
Ludhiana,Persons Arrested in Cases Registered during the year,499,Male
Madurai,Persons Arrested in Cases Registered during the year,355,Male
Malappuram,Persons Arrested in Cases Registered during the year,208,Male
Meerut,Persons Arrested in Cases Registered during the year,1394,Male
Mumbai,Persons Arrested in Cases Registered during the year,4215,Male
Nagpur,Persons Arrested in Cases Registered during the year,899,Male
Nasik,Persons Arrested in Cases Registered during the year,308,Male
Patna,Persons Arrested in Cases Registered during the year,691,Male
Prayagraj,Persons Arrested in Cases Registered during the year,971,Male
Pune,Persons Arrested in Cases Registered during the year,1653,Male
Raipur,Persons Arrested in Cases Registered during the year,640,Male
Rajkot,Persons Arrested in Cases Registered during the year,232,Male
Ranchi,Persons Arrested in Cases Registered during the year,211,Male
Srinagar,Persons Arrested in Cases Registered during the year,418,Male
Surat,Persons Arrested in Cases Registered during the year,1416,Male
Thiruvananthapuram,Persons Arrested in Cases Registered during the year,584,Male
Thrissur,Persons Arrested in Cases Registered during the year,312,Male
Tiruchirapalli,Persons Arrested in Cases Registered during the year,228,Male
Vadodara,Persons Arrested in Cases Registered during the year,408,Male
Varanasi,Persons Arrested in Cases Registered during the year,1352,Male
Vasai Virar,Persons Arrested in Cases Registered during the year,678,Male
Vijayawada,Persons Arrested in Cases Registered during the year,194,Male
Vishakhapatnam,Persons Arrested in Cases Registered during the year,140,Male
Agra,Persons Arrested in Cases Registered during the year,0,Female
Ahmedabad,Persons Arrested in Cases Registered during the year,322,Female
Amritsar,Persons Arrested in Cases Registered during the year,28,Female
Asansol,Persons Arrested in Cases Registered during the year,73,Female
Aurangabad,Persons Arrested in Cases Registered during the year,43,Female
Bengaluru,Persons Arrested in Cases Registered during the year,1643,Female
Bhopal,Persons Arrested in Cases Registered during the year,47,Female
Chandigarh City,Persons Arrested in Cases Registered during the year,11,Female
Chennai,Persons Arrested in Cases Registered during the year,77,Female
Coimbatore,Persons Arrested in Cases Registered during the year,45,Female
Delhi City,Persons Arrested in Cases Registered during the year,1584,Female
Dhanbad,Persons Arrested in Cases Registered during the year,0,Female
Durg-Bhilainagar,Persons Arrested in Cases Registered during the year,169,Female
Faridabad,Persons Arrested in Cases Registered during the year,174,Female
Ghaziabad,Persons Arrested in Cases Registered during the year,0,Female
Gwalior,Persons Arrested in Cases Registered during the year,28,Female
Hyderabad,Persons Arrested in Cases Registered during the year,23,Female
Indore,Persons Arrested in Cases Registered during the year,63,Female
Jabalpur,Persons Arrested in Cases Registered during the year,15,Female
Jaipur,Persons Arrested in Cases Registered during the year,119,Female
Jamshedpur,Persons Arrested in Cases Registered during the year,0,Female
Jodhpur,Persons Arrested in Cases Registered during the year,114,Female
Kannur,Persons Arrested in Cases Registered during the year,112,Female
Kanpur,Persons Arrested in Cases Registered during the year,27,Female
Kochi,Persons Arrested in Cases Registered during the year,17,Female
Kolkata,Persons Arrested in Cases Registered during the year,267,Female
Kollam,Persons Arrested in Cases Registered during the year,94,Female
Kota,Persons Arrested in Cases Registered during the year,23,Female
Kozhikode,Persons Arrested in Cases Registered during the year,57,Female
Lucknow,Persons Arrested in Cases Registered during the year,2,Female
Ludhiana,Persons Arrested in Cases Registered during the year,101,Female
Madurai,Persons Arrested in Cases Registered during the year,120,Female
Malappuram,Persons Arrested in Cases Registered during the year,7,Female
Meerut,Persons Arrested in Cases Registered during the year,0,Female
Mumbai,Persons Arrested in Cases Registered during the year,479,Female
Nagpur,Persons Arrested in Cases Registered during the year,242,Female
Nasik,Persons Arrested in Cases Registered during the year,24,Female
Patna,Persons Arrested in Cases Registered during the year,19,Female
Prayagraj,Persons Arrested in Cases Registered during the year,36,Female
Pune,Persons Arrested in Cases Registered during the year,375,Female
Raipur,Persons Arrested in Cases Registered during the year,45,Female
Rajkot,Persons Arrested in Cases Registered during the year,24,Female
Ranchi,Persons Arrested in Cases Registered during the year,0,Female
Srinagar,Persons Arrested in Cases Registered during the year,86,Female
Surat,Persons Arrested in Cases Registered during the year,612,Female
Thiruvananthapuram,Persons Arrested in Cases Registered during the year,56,Female
Thrissur,Persons Arrested in Cases Registered during the year,46,Female
Tiruchirapalli,Persons Arrested in Cases Registered during the year,14,Female
Vadodara,Persons Arrested in Cases Registered during the year,163,Female
Varanasi,Persons Arrested in Cases Registered during the year,612,Female
Vasai Virar,Persons Arrested in Cases Registered during the year,76,Female
Vijayawada,Persons Arrested in Cases Registered during the year,10,Female
Vishakhapatnam,Persons Arrested in Cases Registered during the year,13,Female
Agra,Persons Arrested in Cases Registered during the year,0,Transgender
Ahmedabad,Persons Arrested in Cases Registered during the year,0,Transgender
Amritsar,Persons Arrested in Cases Registered during the year,0,Transgender
Asansol,Persons Arrested in Cases Registered during the year,0,Transgender
Aurangabad,Persons Arrested in Cases Registered during the year,0,Transgender
Bengaluru,Persons Arrested in Cases Registered during the year,0,Transgender
Bhopal,Persons Arrested in Cases Registered during the year,0,Transgender
Chandigarh City,Persons Arrested in Cases Registered during the year,0,Transgender
Chennai,Persons Arrested in Cases Registered during the year,0,Transgender
Coimbatore,Persons Arrested in Cases Registered during the year,0,Transgender
Delhi City,Persons Arrested in Cases Registered during the year,0,Transgender
Dhanbad,Persons Arrested in Cases Registered during the year,0,Transgender
Durg-Bhilainagar,Persons Arrested in Cases Registered during the year,0,Transgender
Faridabad,Persons Arrested in Cases Registered during the year,0,Transgender
Ghaziabad,Persons Arrested in Cases Registered during the year,0,Transgender
Gwalior,Persons Arrested in Cases Registered during the year,0,Transgender
Hyderabad,Persons Arrested in Cases Registered during the year,0,Transgender
Indore,Persons Arrested in Cases Registered during the year,1,Transgender
Jabalpur,Persons Arrested in Cases Registered during the year,0,Transgender
Jaipur,Persons Arrested in Cases Registered during the year,0,Transgender
Jamshedpur,Persons Arrested in Cases Registered during the year,0,Transgender
Jodhpur,Persons Arrested in Cases Registered during the year,0,Transgender
Kannur,Persons Arrested in Cases Registered during the year,0,Transgender
Kanpur,Persons Arrested in Cases Registered during the year,0,Transgender
Kochi,Persons Arrested in Cases Registered during the year,0,Transgender
Kolkata,Persons Arrested in Cases Registered during the year,0,Transgender
Kollam,Persons Arrested in Cases Registered during the year,0,Transgender
Kota,Persons Arrested in Cases Registered during the year,0,Transgender
Kozhikode,Persons Arrested in Cases Registered during the year,0,Transgender
Lucknow,Persons Arrested in Cases Registered during the year,0,Transgender
Ludhiana,Persons Arrested in Cases Registered during the year,0,Transgender
Madurai,Persons Arrested in Cases Registered during the year,0,Transgender
Malappuram,Persons Arrested in Cases Registered during the year,0,Transgender
Meerut,Persons Arrested in Cases Registered during the year,0,Transgender
Mumbai,Persons Arrested in Cases Registered during the year,0,Transgender
Nagpur,Persons Arrested in Cases Registered during the year,1,Transgender
Nasik,Persons Arrested in Cases Registered during the year,0,Transgender
Patna,Persons Arrested in Cases Registered during the year,0,Transgender
Prayagraj,Persons Arrested in Cases Registered during the year,0,Transgender
Pune,Persons Arrested in Cases Registered during the year,0,Transgender
Raipur,Persons Arrested in Cases Registered during the year,0,Transgender
Rajkot,Persons Arrested in Cases Registered during the year,0,Transgender
Ranchi,Persons Arrested in Cases Registered during the year,0,Transgender
Srinagar,Persons Arrested in Cases Registered during the year,0,Transgender
Surat,Persons Arrested in Cases Registered during the year,0,Transgender
Thiruvananthapuram,Persons Arrested in Cases Registered during the year,0,Transgender
Thrissur,Persons Arrested in Cases Registered during the year,0,Transgender
Tiruchirapalli,Persons Arrested in Cases Registered during the year,0,Transgender
Vadodara,Persons Arrested in Cases Registered during the year,0,Transgender
Varanasi,Persons Arrested in Cases Registered during the year,0,Transgender
Vasai Virar,Persons Arrested in Cases Registered during the year,0,Transgender
Vijayawada,Persons Arrested in Cases Registered during the year,0,Transgender
Vishakhapatnam,Persons Arrested in Cases Registered during the year,0,Transgender
Agra,By Police (including Persons released before trial u/s 169 Cr.PC),0,Male
Ahmedabad,By Police (including Persons released before trial u/s 169 Cr.PC),31,Male
Amritsar,By Police (including Persons released before trial u/s 169 Cr.PC),0,Male
Asansol,By Police (including Persons released before trial u/s 169 Cr.PC),0,Male
Aurangabad,By Police (including Persons released before trial u/s 169 Cr.PC),0,Male
Bengaluru,By Police (including Persons released before trial u/s 169 Cr.PC),1013,Male
Bhopal,By Police (including Persons released before trial u/s 169 Cr.PC),20,Male
Chandigarh City,By Police (including Persons released before trial u/s 169 Cr.PC),0,Male
Chennai,By Police (including Persons released before trial u/s 169 Cr.PC),21,Male
Coimbatore,By Police (including Persons released before trial u/s 169 Cr.PC),0,Male
Delhi City,By Police (including Persons released before trial u/s 169 Cr.PC),903,Male
Dhanbad,By Police (including Persons released before trial u/s 169 Cr.PC),0,Male
Durg-Bhilainagar,By Police (including Persons released before trial u/s 169 Cr.PC),0,Male
Faridabad,By Police (including Persons released before trial u/s 169 Cr.PC),0,Male
Ghaziabad,By Police (including Persons released before trial u/s 169 Cr.PC),0,Male
Gwalior,By Police (including Persons released before trial u/s 169 Cr.PC),0,Male
Hyderabad,By Police (including Persons released before trial u/s 169 Cr.PC),0,Male
Indore,By Police (including Persons released before trial u/s 169 Cr.PC),0,Male
Jabalpur,By Police (including Persons released before trial u/s 169 Cr.PC),0,Male
Jaipur,By Police (including Persons released before trial u/s 169 Cr.PC),63,Male
Jamshedpur,By Police (including Persons released before trial u/s 169 Cr.PC),0,Male
Jodhpur,By Police (including Persons released before trial u/s 169 Cr.PC),22,Male
Kannur,By Police (including Persons released before trial u/s 169 Cr.PC),73,Male
Kanpur,By Police (including Persons released before trial u/s 169 Cr.PC),0,Male
Kochi,By Police (including Persons released before trial u/s 169 Cr.PC),43,Male
Kolkata,By Police (including Persons released before trial u/s 169 Cr.PC),7,Male
Kollam,By Police (including Persons released before trial u/s 169 Cr.PC),1,Male
Kota,By Police (including Persons released before trial u/s 169 Cr.PC),0,Male
Kozhikode,By Police (including Persons released before trial u/s 169 Cr.PC),426,Male
Lucknow,By Police (including Persons released before trial u/s 169 Cr.PC),0,Male
Ludhiana,By Police (including Persons released before trial u/s 169 Cr.PC),0,Male
Madurai,By Police (including Persons released before trial u/s 169 Cr.PC),0,Male
Malappuram,By Police (including Persons released before trial u/s 169 Cr.PC),24,Male
Meerut,By Police (including Persons released before trial u/s 169 Cr.PC),0,Male
Mumbai,By Police (including Persons released before trial u/s 169 Cr.PC),16,Male
Nagpur,By Police (including Persons released before trial u/s 169 Cr.PC),154,Male
Nasik,By Police (including Persons released before trial u/s 169 Cr.PC),0,Male
Patna,By Police (including Persons released before trial u/s 169 Cr.PC),0,Male
Prayagraj,By Police (including Persons released before trial u/s 169 Cr.PC),0,Male
Pune,By Police (including Persons released before trial u/s 169 Cr.PC),0,Male
Raipur,By Police (including Persons released before trial u/s 169 Cr.PC),0,Male
Rajkot,By Police (including Persons released before trial u/s 169 Cr.PC),0,Male
Ranchi,By Police (including Persons released before trial u/s 169 Cr.PC),0,Male
Srinagar,By Police (including Persons released before trial u/s 169 Cr.PC),0,Male
Surat,By Police (including Persons released before trial u/s 169 Cr.PC),0,Male
Thiruvananthapuram,By Police (including Persons released before trial u/s 169 Cr.PC),118,Male
Thrissur,By Police (including Persons released before trial u/s 169 Cr.PC),200,Male
Tiruchirapalli,By Police (including Persons released before trial u/s 169 Cr.PC),0,Male
Vadodara,By Police (including Persons released before trial u/s 169 Cr.PC),0,Male
Varanasi,By Police (including Persons released before trial u/s 169 Cr.PC),0,Male
Vasai Virar,By Police (including Persons released before trial u/s 169 Cr.PC),0,Male
Vijayawada,By Police (including Persons released before trial u/s 169 Cr.PC),0,Male
Vishakhapatnam,By Police (including Persons released before trial u/s 169 Cr.PC),14,Male
Agra,By Police (including Persons released before trial u/s 169 Cr.PC),0,Female
Ahmedabad,By Police (including Persons released before trial u/s 169 Cr.PC),18,Female
Amritsar,By Police (including Persons released before trial u/s 169 Cr.PC),0,Female
Asansol,By Police (including Persons released before trial u/s 169 Cr.PC),0,Female
Aurangabad,By Police (including Persons released before trial u/s 169 Cr.PC),0,Female
Bengaluru,By Police (including Persons released before trial u/s 169 Cr.PC),493,Female
Bhopal,By Police (including Persons released before trial u/s 169 Cr.PC),0,Female
Chandigarh City,By Police (including Persons released before trial u/s 169 Cr.PC),0,Female
Chennai,By Police (including Persons released before trial u/s 169 Cr.PC),1,Female
Coimbatore,By Police (including Persons released before trial u/s 169 Cr.PC),0,Female
Delhi City,By Police (including Persons released before trial u/s 169 Cr.PC),303,Female
Dhanbad,By Police (including Persons released before trial u/s 169 Cr.PC),0,Female
Durg-Bhilainagar,By Police (including Persons released before trial u/s 169 Cr.PC),0,Female
Faridabad,By Police (including Persons released before trial u/s 169 Cr.PC),0,Female
Ghaziabad,By Police (including Persons released before trial u/s 169 Cr.PC),0,Female
Gwalior,By Police (including Persons released before trial u/s 169 Cr.PC),0,Female
Hyderabad,By Police (including Persons released before trial u/s 169 Cr.PC),0,Female
Indore,By Police (including Persons released before trial u/s 169 Cr.PC),0,Female
Jabalpur,By Police (including Persons released before trial u/s 169 Cr.PC),0,Female
Jaipur,By Police (including Persons released before trial u/s 169 Cr.PC),2,Female
Jamshedpur,By Police (including Persons released before trial u/s 169 Cr.PC),0,Female
Jodhpur,By Police (including Persons released before trial u/s 169 Cr.PC),6,Female
Kannur,By Police (including Persons released before trial u/s 169 Cr.PC),24,Female
Kanpur,By Police (including Persons released before trial u/s 169 Cr.PC),0,Female
Kochi,By Police (including Persons released before trial u/s 169 Cr.PC),1,Female
Kolkata,By Police (including Persons released before trial u/s 169 Cr.PC),0,Female
Kollam,By Police (including Persons released before trial u/s 169 Cr.PC),0,Female
Kota,By Police (including Persons released before trial u/s 169 Cr.PC),0,Female
Kozhikode,By Police (including Persons released before trial u/s 169 Cr.PC),57,Female
Lucknow,By Police (including Persons released before trial u/s 169 Cr.PC),0,Female
Ludhiana,By Police (including Persons released before trial u/s 169 Cr.PC),0,Female
Madurai,By Police (including Persons released before trial u/s 169 Cr.PC),0,Female
Malappuram,By Police (including Persons released before trial u/s 169 Cr.PC),0,Female
Meerut,By Police (including Persons released before trial u/s 169 Cr.PC),0,Female
Mumbai,By Police (including Persons released before trial u/s 169 Cr.PC),0,Female
Nagpur,By Police (including Persons released before trial u/s 169 Cr.PC),104,Female
Nasik,By Police (including Persons released before trial u/s 169 Cr.PC),0,Female
Patna,By Police (including Persons released before trial u/s 169 Cr.PC),0,Female
Prayagraj,By Police (including Persons released before trial u/s 169 Cr.PC),0,Female
Pune,By Police (including Persons released before trial u/s 169 Cr.PC),0,Female
Raipur,By Police (including Persons released before trial u/s 169 Cr.PC),0,Female
Rajkot,By Police (including Persons released before trial u/s 169 Cr.PC),0,Female
Ranchi,By Police (including Persons released before trial u/s 169 Cr.PC),0,Female
Srinagar,By Police (including Persons released before trial u/s 169 Cr.PC),0,Female
Surat,By Police (including Persons released before trial u/s 169 Cr.PC),0,Female
Thiruvananthapuram,By Police (including Persons released before trial u/s 169 Cr.PC),20,Female
Thrissur,By Police (including Persons released before trial u/s 169 Cr.PC),82,Female
Tiruchirapalli,By Police (including Persons released before trial u/s 169 Cr.PC),0,Female
Vadodara,By Police (including Persons released before trial u/s 169 Cr.PC),0,Female
Varanasi,By Police (including Persons released before trial u/s 169 Cr.PC),0,Female
Vasai Virar,By Police (including Persons released before trial u/s 169 Cr.PC),0,Female
Vijayawada,By Police (including Persons released before trial u/s 169 Cr.PC),0,Female
Vishakhapatnam,By Police (including Persons released before trial u/s 169 Cr.PC),4,Female
Agra,By Police (including Persons released before trial u/s 169 Cr.PC),0,Transgender
Ahmedabad,By Police (including Persons released before trial u/s 169 Cr.PC),0,Transgender
Amritsar,By Police (including Persons released before trial u/s 169 Cr.PC),0,Transgender
Asansol,By Police (including Persons released before trial u/s 169 Cr.PC),0,Transgender
Aurangabad,By Police (including Persons released before trial u/s 169 Cr.PC),0,Transgender
Bengaluru,By Police (including Persons released before trial u/s 169 Cr.PC),0,Transgender
Bhopal,By Police (including Persons released before trial u/s 169 Cr.PC),0,Transgender
Chandigarh City,By Police (including Persons released before trial u/s 169 Cr.PC),0,Transgender
Chennai,By Police (including Persons released before trial u/s 169 Cr.PC),0,Transgender
Coimbatore,By Police (including Persons released before trial u/s 169 Cr.PC),0,Transgender
Delhi City,By Police (including Persons released before trial u/s 169 Cr.PC),0,Transgender
Dhanbad,By Police (including Persons released before trial u/s 169 Cr.PC),0,Transgender
Durg-Bhilainagar,By Police (including Persons released before trial u/s 169 Cr.PC),0,Transgender
Faridabad,By Police (including Persons released before trial u/s 169 Cr.PC),0,Transgender
Ghaziabad,By Police (including Persons released before trial u/s 169 Cr.PC),0,Transgender
Gwalior,By Police (including Persons released before trial u/s 169 Cr.PC),0,Transgender
Hyderabad,By Police (including Persons released before trial u/s 169 Cr.PC),0,Transgender
Indore,By Police (including Persons released before trial u/s 169 Cr.PC),0,Transgender
Jabalpur,By Police (including Persons released before trial u/s 169 Cr.PC),0,Transgender
Jaipur,By Police (including Persons released before trial u/s 169 Cr.PC),0,Transgender
Jamshedpur,By Police (including Persons released before trial u/s 169 Cr.PC),0,Transgender
Jodhpur,By Police (including Persons released before trial u/s 169 Cr.PC),0,Transgender
Kannur,By Police (including Persons released before trial u/s 169 Cr.PC),0,Transgender
Kanpur,By Police (including Persons released before trial u/s 169 Cr.PC),0,Transgender
Kochi,By Police (including Persons released before trial u/s 169 Cr.PC),0,Transgender
Kolkata,By Police (including Persons released before trial u/s 169 Cr.PC),0,Transgender
Kollam,By Police (including Persons released before trial u/s 169 Cr.PC),0,Transgender
Kota,By Police (including Persons released before trial u/s 169 Cr.PC),0,Transgender
Kozhikode,By Police (including Persons released before trial u/s 169 Cr.PC),0,Transgender
Lucknow,By Police (including Persons released before trial u/s 169 Cr.PC),0,Transgender
Ludhiana,By Police (including Persons released before trial u/s 169 Cr.PC),0,Transgender
Madurai,By Police (including Persons released before trial u/s 169 Cr.PC),0,Transgender
Malappuram,By Police (including Persons released before trial u/s 169 Cr.PC),0,Transgender
Meerut,By Police (including Persons released before trial u/s 169 Cr.PC),0,Transgender
Mumbai,By Police (including Persons released before trial u/s 169 Cr.PC),0,Transgender
Nagpur,By Police (including Persons released before trial u/s 169 Cr.PC),0,Transgender
Nasik,By Police (including Persons released before trial u/s 169 Cr.PC),0,Transgender
Patna,By Police (including Persons released before trial u/s 169 Cr.PC),0,Transgender
Prayagraj,By Police (including Persons released before trial u/s 169 Cr.PC),0,Transgender
Pune,By Police (including Persons released before trial u/s 169 Cr.PC),0,Transgender
Raipur,By Police (including Persons released before trial u/s 169 Cr.PC),0,Transgender
Rajkot,By Police (including Persons released before trial u/s 169 Cr.PC),0,Transgender
Ranchi,By Police (including Persons released before trial u/s 169 Cr.PC),0,Transgender
Srinagar,By Police (including Persons released before trial u/s 169 Cr.PC),0,Transgender
Surat,By Police (including Persons released before trial u/s 169 Cr.PC),0,Transgender
Thiruvananthapuram,By Police (including Persons released before trial u/s 169 Cr.PC),0,Transgender
Thrissur,By Police (including Persons released before trial u/s 169 Cr.PC),0,Transgender
Tiruchirapalli,By Police (including Persons released before trial u/s 169 Cr.PC),0,Transgender
Vadodara,By Police (including Persons released before trial u/s 169 Cr.PC),0,Transgender
Varanasi,By Police (including Persons released before trial u/s 169 Cr.PC),0,Transgender
Vasai Virar,By Police (including Persons released before trial u/s 169 Cr.PC),0,Transgender
Vijayawada,By Police (including Persons released before trial u/s 169 Cr.PC),0,Transgender
Vishakhapatnam,By Police (including Persons released before trial u/s 169 Cr.PC),0,Transgender
Agra,By Court,0,Male
Ahmedabad,By Court,1315,Male
Amritsar,By Court,191,Male
Asansol,By Court,0,Male
Aurangabad,By Court,402,Male
Bengaluru,By Court,3768,Male
Bhopal,By Court,191,Male
Chandigarh City,By Court,190,Male
Chennai,By Court,523,Male
Coimbatore,By Court,271,Male
Delhi City,By Court,1960,Male
Dhanbad,By Court,0,Male
Durg-Bhilainagar,By Court,0,Male
Faridabad,By Court,507,Male
Ghaziabad,By Court,0,Male
Gwalior,By Court,378,Male
Hyderabad,By Court,525,Male
Indore,By Court,0,Male
Jabalpur,By Court,0,Male
Jaipur,By Court,2149,Male
Jamshedpur,By Court,11,Male
Jodhpur,By Court,383,Male
Kannur,By Court,494,Male
Kanpur,By Court,0,Male
Kochi,By Court,602,Male
Kolkata,By Court,19,Male
Kollam,By Court,750,Male
Kota,By Court,415,Male
Kozhikode,By Court,344,Male
Lucknow,By Court,0,Male
Ludhiana,By Court,113,Male
Madurai,By Court,356,Male
Malappuram,By Court,178,Male
Meerut,By Court,0,Male
Mumbai,By Court,2741,Male
Nagpur,By Court,742,Male
Nasik,By Court,0,Male
Patna,By Court,326,Male
Prayagraj,By Court,0,Male
Pune,By Court,829,Male
Raipur,By Court,0,Male
Rajkot,By Court,133,Male
Ranchi,By Court,0,Male
Srinagar,By Court,456,Male
Surat,By Court,1430,Male
Thiruvananthapuram,By Court,519,Male
Thrissur,By Court,275,Male
Tiruchirapalli,By Court,0,Male
Vadodara,By Court,441,Male
Varanasi,By Court,0,Male
Vasai Virar,By Court,452,Male
Vijayawada,By Court,259,Male
Vishakhapatnam,By Court,88,Male
Agra,By Court,0,Female
Ahmedabad,By Court,346,Female
Amritsar,By Court,53,Female
Asansol,By Court,0,Female
Aurangabad,By Court,48,Female
Bengaluru,By Court,1423,Female
Bhopal,By Court,15,Female
Chandigarh City,By Court,29,Female
Chennai,By Court,73,Female
Coimbatore,By Court,45,Female
Delhi City,By Court,409,Female
Dhanbad,By Court,0,Female
Durg-Bhilainagar,By Court,0,Female
Faridabad,By Court,144,Female
Ghaziabad,By Court,0,Female
Gwalior,By Court,24,Female
Hyderabad,By Court,23,Female
Indore,By Court,0,Female
Jabalpur,By Court,0,Female
Jaipur,By Court,132,Female
Jamshedpur,By Court,0,Female
Jodhpur,By Court,39,Female
Kannur,By Court,99,Female
Kanpur,By Court,0,Female
Kochi,By Court,22,Female
Kolkata,By Court,0,Female
Kollam,By Court,110,Female
Kota,By Court,23,Female
Kozhikode,By Court,5,Female
Lucknow,By Court,0,Female
Ludhiana,By Court,15,Female
Madurai,By Court,120,Female
Malappuram,By Court,7,Female
Meerut,By Court,0,Female
Mumbai,By Court,229,Female
Nagpur,By Court,152,Female
Nasik,By Court,0,Female
Patna,By Court,33,Female
Prayagraj,By Court,0,Female
Pune,By Court,141,Female
Raipur,By Court,0,Female
Rajkot,By Court,23,Female
Ranchi,By Court,0,Female
Srinagar,By Court,100,Female
Surat,By Court,612,Female
Thiruvananthapuram,By Court,42,Female
Thrissur,By Court,20,Female
Tiruchirapalli,By Court,0,Female
Vadodara,By Court,169,Female
Varanasi,By Court,0,Female
Vasai Virar,By Court,58,Female
Vijayawada,By Court,13,Female
Vishakhapatnam,By Court,8,Female
Agra,By Court,0,Transgender
Ahmedabad,By Court,0,Transgender
Amritsar,By Court,0,Transgender
Asansol,By Court,0,Transgender
Aurangabad,By Court,0,Transgender
Bengaluru,By Court,0,Transgender
Bhopal,By Court,0,Transgender
Chandigarh City,By Court,0,Transgender
Chennai,By Court,0,Transgender
Coimbatore,By Court,0,Transgender
Delhi City,By Court,0,Transgender
Dhanbad,By Court,0,Transgender
Durg-Bhilainagar,By Court,0,Transgender
Faridabad,By Court,0,Transgender
Ghaziabad,By Court,0,Transgender
Gwalior,By Court,0,Transgender
Hyderabad,By Court,0,Transgender
Indore,By Court,0,Transgender
Jabalpur,By Court,0,Transgender
Jaipur,By Court,0,Transgender
Jamshedpur,By Court,0,Transgender
Jodhpur,By Court,0,Transgender
Kannur,By Court,0,Transgender
Kanpur,By Court,0,Transgender
Kochi,By Court,0,Transgender
Kolkata,By Court,0,Transgender
Kollam,By Court,0,Transgender
Kota,By Court,0,Transgender
Kozhikode,By Court,0,Transgender
Lucknow,By Court,0,Transgender
Ludhiana,By Court,0,Transgender
Madurai,By Court,0,Transgender
Malappuram,By Court,0,Transgender
Meerut,By Court,0,Transgender
Mumbai,By Court,0,Transgender
Nagpur,By Court,1,Transgender
Nasik,By Court,0,Transgender
Patna,By Court,0,Transgender
Prayagraj,By Court,0,Transgender
Pune,By Court,0,Transgender
Raipur,By Court,0,Transgender
Rajkot,By Court,0,Transgender
Ranchi,By Court,0,Transgender
Srinagar,By Court,0,Transgender
Surat,By Court,0,Transgender
Thiruvananthapuram,By Court,0,Transgender
Thrissur,By Court,0,Transgender
Tiruchirapalli,By Court,0,Transgender
Vadodara,By Court,0,Transgender
Varanasi,By Court,0,Transgender
Vasai Virar,By Court,0,Transgender
Vijayawada,By Court,0,Transgender
Vishakhapatnam,By Court,0,Transgender
Agra,Persons Arrested and Chargesheeted,501,Male
Ahmedabad,Persons Arrested and Chargesheeted,1394,Male
Amritsar,Persons Arrested and Chargesheeted,341,Male
Asansol,Persons Arrested and Chargesheeted,933,Male
Aurangabad,Persons Arrested and Chargesheeted,358,Male
Bengaluru,Persons Arrested and Chargesheeted,4254,Male
Bhopal,Persons Arrested and Chargesheeted,2180,Male
Chandigarh City,Persons Arrested and Chargesheeted,353,Male
Chennai,Persons Arrested and Chargesheeted,636,Male
Coimbatore,Persons Arrested and Chargesheeted,324,Male
Delhi City,Persons Arrested and Chargesheeted,10807,Male
Dhanbad,Persons Arrested and Chargesheeted,104,Male
Durg-Bhilainagar,Persons Arrested and Chargesheeted,500,Male
Faridabad,Persons Arrested and Chargesheeted,950,Male
Ghaziabad,Persons Arrested and Chargesheeted,629,Male
Gwalior,Persons Arrested and Chargesheeted,501,Male
Hyderabad,Persons Arrested and Chargesheeted,611,Male
Indore,Persons Arrested and Chargesheeted,625,Male
Jabalpur,Persons Arrested and Chargesheeted,252,Male
Jaipur,Persons Arrested and Chargesheeted,2087,Male
Jamshedpur,Persons Arrested and Chargesheeted,337,Male
Jodhpur,Persons Arrested and Chargesheeted,862,Male
Kannur,Persons Arrested and Chargesheeted,487,Male
Kanpur,Persons Arrested and Chargesheeted,3315,Male
Kochi,Persons Arrested and Chargesheeted,583,Male
Kolkata,Persons Arrested and Chargesheeted,1482,Male
Kollam,Persons Arrested and Chargesheeted,692,Male
Kota,Persons Arrested and Chargesheeted,448,Male
Kozhikode,Persons Arrested and Chargesheeted,691,Male
Lucknow,Persons Arrested and Chargesheeted,731,Male
Ludhiana,Persons Arrested and Chargesheeted,502,Male
Madurai,Persons Arrested and Chargesheeted,231,Male
Malappuram,Persons Arrested and Chargesheeted,282,Male
Meerut,Persons Arrested and Chargesheeted,1592,Male
Mumbai,Persons Arrested and Chargesheeted,5395,Male
Nagpur,Persons Arrested and Chargesheeted,1204,Male
Nasik,Persons Arrested and Chargesheeted,377,Male
Patna,Persons Arrested and Chargesheeted,1291,Male
Prayagraj,Persons Arrested and Chargesheeted,1201,Male
Pune,Persons Arrested and Chargesheeted,1914,Male
Raipur,Persons Arrested and Chargesheeted,705,Male
Rajkot,Persons Arrested and Chargesheeted,239,Male
Ranchi,Persons Arrested and Chargesheeted,506,Male
Srinagar,Persons Arrested and Chargesheeted,447,Male
Surat,Persons Arrested and Chargesheeted,1430,Male
Thiruvananthapuram,Persons Arrested and Chargesheeted,684,Male
Thrissur,Persons Arrested and Chargesheeted,483,Male
Tiruchirapalli,Persons Arrested and Chargesheeted,89,Male
Vadodara,Persons Arrested and Chargesheeted,441,Male
Varanasi,Persons Arrested and Chargesheeted,1352,Male
Vasai Virar,Persons Arrested and Chargesheeted,1062,Male
Vijayawada,Persons Arrested and Chargesheeted,2695,Male
Vishakhapatnam,Persons Arrested and Chargesheeted,958,Male
Agra,Persons Arrested and Chargesheeted,2,Female
Ahmedabad,Persons Arrested and Chargesheeted,364,Female
Amritsar,Persons Arrested and Chargesheeted,60,Female
Asansol,Persons Arrested and Chargesheeted,101,Female
Aurangabad,Persons Arrested and Chargesheeted,35,Female
Bengaluru,Persons Arrested and Chargesheeted,1504,Female
Bhopal,Persons Arrested and Chargesheeted,816,Female
Chandigarh City,Persons Arrested and Chargesheeted,54,Female
Chennai,Persons Arrested and Chargesheeted,94,Female
Coimbatore,Persons Arrested and Chargesheeted,55,Female
Delhi City,Persons Arrested and Chargesheeted,1319,Female
Dhanbad,Persons Arrested and Chargesheeted,0,Female
Durg-Bhilainagar,Persons Arrested and Chargesheeted,140,Female
Faridabad,Persons Arrested and Chargesheeted,191,Female
Ghaziabad,Persons Arrested and Chargesheeted,0,Female
Gwalior,Persons Arrested and Chargesheeted,31,Female
Hyderabad,Persons Arrested and Chargesheeted,23,Female
Indore,Persons Arrested and Chargesheeted,76,Female
Jabalpur,Persons Arrested and Chargesheeted,15,Female
Jaipur,Persons Arrested and Chargesheeted,99,Female
Jamshedpur,Persons Arrested and Chargesheeted,0,Female
Jodhpur,Persons Arrested and Chargesheeted,118,Female
Kannur,Persons Arrested and Chargesheeted,107,Female
Kanpur,Persons Arrested and Chargesheeted,27,Female
Kochi,Persons Arrested and Chargesheeted,21,Female
Kolkata,Persons Arrested and Chargesheeted,3,Female
Kollam,Persons Arrested and Chargesheeted,110,Female
Kota,Persons Arrested and Chargesheeted,23,Female
Kozhikode,Persons Arrested and Chargesheeted,56,Female
Lucknow,Persons Arrested and Chargesheeted,3,Female
Ludhiana,Persons Arrested and Chargesheeted,37,Female
Madurai,Persons Arrested and Chargesheeted,44,Female
Malappuram,Persons Arrested and Chargesheeted,19,Female
Meerut,Persons Arrested and Chargesheeted,0,Female
Mumbai,Persons Arrested and Chargesheeted,655,Female
Nagpur,Persons Arrested and Chargesheeted,254,Female
Nasik,Persons Arrested and Chargesheeted,19,Female
Patna,Persons Arrested and Chargesheeted,0,Female
Prayagraj,Persons Arrested and Chargesheeted,54,Female
Pune,Persons Arrested and Chargesheeted,411,Female
Raipur,Persons Arrested and Chargesheeted,50,Female
Rajkot,Persons Arrested and Chargesheeted,24,Female
Ranchi,Persons Arrested and Chargesheeted,0,Female
Srinagar,Persons Arrested and Chargesheeted,100,Female
Surat,Persons Arrested and Chargesheeted,612,Female
Thiruvananthapuram,Persons Arrested and Chargesheeted,56,Female
Thrissur,Persons Arrested and Chargesheeted,102,Female
Tiruchirapalli,Persons Arrested and Chargesheeted,5,Female
Vadodara,Persons Arrested and Chargesheeted,169,Female
Varanasi,Persons Arrested and Chargesheeted,612,Female
Vasai Virar,Persons Arrested and Chargesheeted,144,Female
Vijayawada,Persons Arrested and Chargesheeted,804,Female
Vishakhapatnam,Persons Arrested and Chargesheeted,323,Female
Agra,Persons Arrested and Chargesheeted,0,Transgender
Ahmedabad,Persons Arrested and Chargesheeted,0,Transgender
Amritsar,Persons Arrested and Chargesheeted,0,Transgender
Asansol,Persons Arrested and Chargesheeted,0,Transgender
Aurangabad,Persons Arrested and Chargesheeted,0,Transgender
Bengaluru,Persons Arrested and Chargesheeted,0,Transgender
Bhopal,Persons Arrested and Chargesheeted,0,Transgender
Chandigarh City,Persons Arrested and Chargesheeted,0,Transgender
Chennai,Persons Arrested and Chargesheeted,0,Transgender
Coimbatore,Persons Arrested and Chargesheeted,0,Transgender
Delhi City,Persons Arrested and Chargesheeted,0,Transgender
Dhanbad,Persons Arrested and Chargesheeted,0,Transgender
Durg-Bhilainagar,Persons Arrested and Chargesheeted,0,Transgender
Faridabad,Persons Arrested and Chargesheeted,0,Transgender
Ghaziabad,Persons Arrested and Chargesheeted,0,Transgender
Gwalior,Persons Arrested and Chargesheeted,0,Transgender
Hyderabad,Persons Arrested and Chargesheeted,0,Transgender
Indore,Persons Arrested and Chargesheeted,1,Transgender
Jabalpur,Persons Arrested and Chargesheeted,0,Transgender
Jaipur,Persons Arrested and Chargesheeted,0,Transgender
Jamshedpur,Persons Arrested and Chargesheeted,0,Transgender
Jodhpur,Persons Arrested and Chargesheeted,0,Transgender
Kannur,Persons Arrested and Chargesheeted,0,Transgender
Kanpur,Persons Arrested and Chargesheeted,0,Transgender
Kochi,Persons Arrested and Chargesheeted,0,Transgender
Kolkata,Persons Arrested and Chargesheeted,0,Transgender
Kollam,Persons Arrested and Chargesheeted,0,Transgender
Kota,Persons Arrested and Chargesheeted,0,Transgender
Kozhikode,Persons Arrested and Chargesheeted,0,Transgender
Lucknow,Persons Arrested and Chargesheeted,0,Transgender
Ludhiana,Persons Arrested and Chargesheeted,0,Transgender
Madurai,Persons Arrested and Chargesheeted,0,Transgender
Malappuram,Persons Arrested and Chargesheeted,0,Transgender
Meerut,Persons Arrested and Chargesheeted,0,Transgender
Mumbai,Persons Arrested and Chargesheeted,0,Transgender
Nagpur,Persons Arrested and Chargesheeted,0,Transgender
Nasik,Persons Arrested and Chargesheeted,0,Transgender
Patna,Persons Arrested and Chargesheeted,0,Transgender
Prayagraj,Persons Arrested and Chargesheeted,0,Transgender
Pune,Persons Arrested and Chargesheeted,0,Transgender
Raipur,Persons Arrested and Chargesheeted,0,Transgender
Rajkot,Persons Arrested and Chargesheeted,0,Transgender
Ranchi,Persons Arrested and Chargesheeted,0,Transgender
Srinagar,Persons Arrested and Chargesheeted,0,Transgender
Surat,Persons Arrested and Chargesheeted,0,Transgender
Thiruvananthapuram,Persons Arrested and Chargesheeted,0,Transgender
Thrissur,Persons Arrested and Chargesheeted,0,Transgender
Tiruchirapalli,Persons Arrested and Chargesheeted,0,Transgender
Vadodara,Persons Arrested and Chargesheeted,0,Transgender
Varanasi,Persons Arrested and Chargesheeted,0,Transgender
Vasai Virar,Persons Arrested and Chargesheeted,0,Transgender
Vijayawada,Persons Arrested and Chargesheeted,0,Transgender
Vishakhapatnam,Persons Arrested and Chargesheeted,0,Transgender
Agra,Persons Not Arrested but Chargesheeted,1277,Male
Ahmedabad,Persons Not Arrested but Chargesheeted,598,Male
Amritsar,Persons Not Arrested but Chargesheeted,0,Male
Asansol,Persons Not Arrested but Chargesheeted,2294,Male
Aurangabad,Persons Not Arrested but Chargesheeted,1005,Male
Bengaluru,Persons Not Arrested but Chargesheeted,190,Male
Bhopal,Persons Not Arrested but Chargesheeted,2,Male
Chandigarh City,Persons Not Arrested but Chargesheeted,6,Male
Chennai,Persons Not Arrested but Chargesheeted,0,Male
Coimbatore,Persons Not Arrested but Chargesheeted,0,Male
Delhi City,Persons Not Arrested but Chargesheeted,2125,Male
Dhanbad,Persons Not Arrested but Chargesheeted,20,Male
Durg-Bhilainagar,Persons Not Arrested but Chargesheeted,0,Male
Faridabad,Persons Not Arrested but Chargesheeted,0,Male
Ghaziabad,Persons Not Arrested but Chargesheeted,1139,Male
Gwalior,Persons Not Arrested but Chargesheeted,1138,Male
Hyderabad,Persons Not Arrested but Chargesheeted,2086,Male
Indore,Persons Not Arrested but Chargesheeted,1035,Male
Jabalpur,Persons Not Arrested but Chargesheeted,559,Male
Jaipur,Persons Not Arrested but Chargesheeted,256,Male
Jamshedpur,Persons Not Arrested but Chargesheeted,0,Male
Jodhpur,Persons Not Arrested but Chargesheeted,181,Male
Kannur,Persons Not Arrested but Chargesheeted,21,Male
Kanpur,Persons Not Arrested but Chargesheeted,0,Male
Kochi,Persons Not Arrested but Chargesheeted,254,Male
Kolkata,Persons Not Arrested but Chargesheeted,327,Male
Kollam,Persons Not Arrested but Chargesheeted,0,Male
Kota,Persons Not Arrested but Chargesheeted,330,Male
Kozhikode,Persons Not Arrested but Chargesheeted,380,Male
Lucknow,Persons Not Arrested but Chargesheeted,3573,Male
Ludhiana,Persons Not Arrested but Chargesheeted,0,Male
Madurai,Persons Not Arrested but Chargesheeted,0,Male
Malappuram,Persons Not Arrested but Chargesheeted,300,Male
Meerut,Persons Not Arrested but Chargesheeted,0,Male
Mumbai,Persons Not Arrested but Chargesheeted,991,Male
Nagpur,Persons Not Arrested but Chargesheeted,165,Male
Nasik,Persons Not Arrested but Chargesheeted,144,Male
Patna,Persons Not Arrested but Chargesheeted,0,Male
Prayagraj,Persons Not Arrested but Chargesheeted,0,Male
Pune,Persons Not Arrested but Chargesheeted,230,Male
Raipur,Persons Not Arrested but Chargesheeted,2,Male
Rajkot,Persons Not Arrested but Chargesheeted,283,Male
Ranchi,Persons Not Arrested but Chargesheeted,0,Male
Srinagar,Persons Not Arrested but Chargesheeted,0,Male
Surat,Persons Not Arrested but Chargesheeted,0,Male
Thiruvananthapuram,Persons Not Arrested but Chargesheeted,73,Male
Thrissur,Persons Not Arrested but Chargesheeted,412,Male
Tiruchirapalli,Persons Not Arrested but Chargesheeted,0,Male
Vadodara,Persons Not Arrested but Chargesheeted,6,Male
Varanasi,Persons Not Arrested but Chargesheeted,0,Male
Vasai Virar,Persons Not Arrested but Chargesheeted,133,Male
Vijayawada,Persons Not Arrested but Chargesheeted,0,Male
Vishakhapatnam,Persons Not Arrested but Chargesheeted,244,Male
Agra,Persons Not Arrested but Chargesheeted,0,Female
Ahmedabad,Persons Not Arrested but Chargesheeted,408,Female
Amritsar,Persons Not Arrested but Chargesheeted,0,Female
Asansol,Persons Not Arrested but Chargesheeted,405,Female
Aurangabad,Persons Not Arrested but Chargesheeted,389,Female
Bengaluru,Persons Not Arrested but Chargesheeted,68,Female
Bhopal,Persons Not Arrested but Chargesheeted,3,Female
Chandigarh City,Persons Not Arrested but Chargesheeted,2,Female
Chennai,Persons Not Arrested but Chargesheeted,0,Female
Coimbatore,Persons Not Arrested but Chargesheeted,0,Female
Delhi City,Persons Not Arrested but Chargesheeted,546,Female
Dhanbad,Persons Not Arrested but Chargesheeted,0,Female
Durg-Bhilainagar,Persons Not Arrested but Chargesheeted,0,Female
Faridabad,Persons Not Arrested but Chargesheeted,0,Female
Ghaziabad,Persons Not Arrested but Chargesheeted,232,Female
Gwalior,Persons Not Arrested but Chargesheeted,363,Female
Hyderabad,Persons Not Arrested but Chargesheeted,409,Female
Indore,Persons Not Arrested but Chargesheeted,432,Female
Jabalpur,Persons Not Arrested but Chargesheeted,113,Female
Jaipur,Persons Not Arrested but Chargesheeted,36,Female
Jamshedpur,Persons Not Arrested but Chargesheeted,0,Female
Jodhpur,Persons Not Arrested but Chargesheeted,13,Female
Kannur,Persons Not Arrested but Chargesheeted,6,Female
Kanpur,Persons Not Arrested but Chargesheeted,0,Female
Kochi,Persons Not Arrested but Chargesheeted,83,Female
Kolkata,Persons Not Arrested but Chargesheeted,1,Female
Kollam,Persons Not Arrested but Chargesheeted,0,Female
Kota,Persons Not Arrested but Chargesheeted,8,Female
Kozhikode,Persons Not Arrested but Chargesheeted,37,Female
Lucknow,Persons Not Arrested but Chargesheeted,974,Female
Ludhiana,Persons Not Arrested but Chargesheeted,0,Female
Madurai,Persons Not Arrested but Chargesheeted,0,Female
Malappuram,Persons Not Arrested but Chargesheeted,82,Female
Meerut,Persons Not Arrested but Chargesheeted,0,Female
Mumbai,Persons Not Arrested but Chargesheeted,233,Female
Nagpur,Persons Not Arrested but Chargesheeted,70,Female
Nasik,Persons Not Arrested but Chargesheeted,34,Female
Patna,Persons Not Arrested but Chargesheeted,0,Female
Prayagraj,Persons Not Arrested but Chargesheeted,0,Female
Pune,Persons Not Arrested but Chargesheeted,68,Female
Raipur,Persons Not Arrested but Chargesheeted,0,Female
Rajkot,Persons Not Arrested but Chargesheeted,199,Female
Ranchi,Persons Not Arrested but Chargesheeted,0,Female
Srinagar,Persons Not Arrested but Chargesheeted,0,Female
Surat,Persons Not Arrested but Chargesheeted,0,Female
Thiruvananthapuram,Persons Not Arrested but Chargesheeted,23,Female
Thrissur,Persons Not Arrested but Chargesheeted,166,Female
Tiruchirapalli,Persons Not Arrested but Chargesheeted,0,Female
Vadodara,Persons Not Arrested but Chargesheeted,0,Female
Varanasi,Persons Not Arrested but Chargesheeted,0,Female
Vasai Virar,Persons Not Arrested but Chargesheeted,49,Female
Vijayawada,Persons Not Arrested but Chargesheeted,0,Female
Vishakhapatnam,Persons Not Arrested but Chargesheeted,46,Female
Agra,Persons Not Arrested but Chargesheeted,0,Transgender
Ahmedabad,Persons Not Arrested but Chargesheeted,0,Transgender
Amritsar,Persons Not Arrested but Chargesheeted,0,Transgender
Asansol,Persons Not Arrested but Chargesheeted,0,Transgender
Aurangabad,Persons Not Arrested but Chargesheeted,0,Transgender
Bengaluru,Persons Not Arrested but Chargesheeted,0,Transgender
Bhopal,Persons Not Arrested but Chargesheeted,0,Transgender
Chandigarh City,Persons Not Arrested but Chargesheeted,0,Transgender
Chennai,Persons Not Arrested but Chargesheeted,0,Transgender
Coimbatore,Persons Not Arrested but Chargesheeted,0,Transgender
Delhi City,Persons Not Arrested but Chargesheeted,0,Transgender
Dhanbad,Persons Not Arrested but Chargesheeted,0,Transgender
Durg-Bhilainagar,Persons Not Arrested but Chargesheeted,0,Transgender
Faridabad,Persons Not Arrested but Chargesheeted,0,Transgender
Ghaziabad,Persons Not Arrested but Chargesheeted,0,Transgender
Gwalior,Persons Not Arrested but Chargesheeted,0,Transgender
Hyderabad,Persons Not Arrested but Chargesheeted,0,Transgender
Indore,Persons Not Arrested but Chargesheeted,0,Transgender
Jabalpur,Persons Not Arrested but Chargesheeted,0,Transgender
Jaipur,Persons Not Arrested but Chargesheeted,0,Transgender
Jamshedpur,Persons Not Arrested but Chargesheeted,0,Transgender
Jodhpur,Persons Not Arrested but Chargesheeted,0,Transgender
Kannur,Persons Not Arrested but Chargesheeted,0,Transgender
Kanpur,Persons Not Arrested but Chargesheeted,0,Transgender
Kochi,Persons Not Arrested but Chargesheeted,0,Transgender
Kolkata,Persons Not Arrested but Chargesheeted,0,Transgender
Kollam,Persons Not Arrested but Chargesheeted,0,Transgender
Kota,Persons Not Arrested but Chargesheeted,0,Transgender
Kozhikode,Persons Not Arrested but Chargesheeted,0,Transgender
Lucknow,Persons Not Arrested but Chargesheeted,0,Transgender
Ludhiana,Persons Not Arrested but Chargesheeted,0,Transgender
Madurai,Persons Not Arrested but Chargesheeted,0,Transgender
Malappuram,Persons Not Arrested but Chargesheeted,0,Transgender
Meerut,Persons Not Arrested but Chargesheeted,0,Transgender
Mumbai,Persons Not Arrested but Chargesheeted,0,Transgender
Nagpur,Persons Not Arrested but Chargesheeted,0,Transgender
Nasik,Persons Not Arrested but Chargesheeted,0,Transgender
Patna,Persons Not Arrested but Chargesheeted,0,Transgender
Prayagraj,Persons Not Arrested but Chargesheeted,0,Transgender
Pune,Persons Not Arrested but Chargesheeted,0,Transgender
Raipur,Persons Not Arrested but Chargesheeted,0,Transgender
Rajkot,Persons Not Arrested but Chargesheeted,0,Transgender
Ranchi,Persons Not Arrested but Chargesheeted,0,Transgender
Srinagar,Persons Not Arrested but Chargesheeted,0,Transgender
Surat,Persons Not Arrested but Chargesheeted,0,Transgender
Thiruvananthapuram,Persons Not Arrested but Chargesheeted,0,Transgender
Thrissur,Persons Not Arrested but Chargesheeted,0,Transgender
Tiruchirapalli,Persons Not Arrested but Chargesheeted,0,Transgender
Vadodara,Persons Not Arrested but Chargesheeted,0,Transgender
Varanasi,Persons Not Arrested but Chargesheeted,0,Transgender
Vasai Virar,Persons Not Arrested but Chargesheeted,0,Transgender
Vijayawada,Persons Not Arrested but Chargesheeted,0,Transgender
Vishakhapatnam,Persons Not Arrested but Chargesheeted,0,Transgender
Agra,Persons against whom cases were Abated,0,Male
Ahmedabad,Persons against whom cases were Abated,9,Male
Amritsar,Persons against whom cases were Abated,0,Male
Asansol,Persons against whom cases were Abated,0,Male
Aurangabad,Persons against whom cases were Abated,4,Male
Bengaluru,Persons against whom cases were Abated,25,Male
Bhopal,Persons against whom cases were Abated,0,Male
Chandigarh City,Persons against whom cases were Abated,4,Male
Chennai,Persons against whom cases were Abated,5,Male
Coimbatore,Persons against whom cases were Abated,0,Male
Delhi City,Persons against whom cases were Abated,82,Male
Dhanbad,Persons against whom cases were Abated,0,Male
Durg-Bhilainagar,Persons against whom cases were Abated,0,Male
Faridabad,Persons against whom cases were Abated,0,Male
Ghaziabad,Persons against whom cases were Abated,0,Male
Gwalior,Persons against whom cases were Abated,7,Male
Hyderabad,Persons against whom cases were Abated,16,Male
Indore,Persons against whom cases were Abated,29,Male
Jabalpur,Persons against whom cases were Abated,0,Male
Jaipur,Persons against whom cases were Abated,0,Male
Jamshedpur,Persons against whom cases were Abated,0,Male
Jodhpur,Persons against whom cases were Abated,0,Male
Kannur,Persons against whom cases were Abated,2,Male
Kanpur,Persons against whom cases were Abated,0,Male
Kochi,Persons against whom cases were Abated,0,Male
Kolkata,Persons against whom cases were Abated,0,Male
Kollam,Persons against whom cases were Abated,7,Male
Kota,Persons against whom cases were Abated,3,Male
Kozhikode,Persons against whom cases were Abated,14,Male
Lucknow,Persons against whom cases were Abated,0,Male
Ludhiana,Persons against whom cases were Abated,2,Male
Madurai,Persons against whom cases were Abated,7,Male
Malappuram,Persons against whom cases were Abated,5,Male
Meerut,Persons against whom cases were Abated,0,Male
Mumbai,Persons against whom cases were Abated,36,Male
Nagpur,Persons against whom cases were Abated,3,Male
Nasik,Persons against whom cases were Abated,2,Male
Patna,Persons against whom cases were Abated,0,Male
Prayagraj,Persons against whom cases were Abated,0,Male
Pune,Persons against whom cases were Abated,0,Male
Raipur,Persons against whom cases were Abated,0,Male
Rajkot,Persons against whom cases were Abated,0,Male
Ranchi,Persons against whom cases were Abated,0,Male
Srinagar,Persons against whom cases were Abated,4,Male
Surat,Persons against whom cases were Abated,0,Male
Thiruvananthapuram,Persons against whom cases were Abated,1,Male
Thrissur,Persons against whom cases were Abated,7,Male
Tiruchirapalli,Persons against whom cases were Abated,3,Male
Vadodara,Persons against whom cases were Abated,0,Male
Varanasi,Persons against whom cases were Abated,0,Male
Vasai Virar,Persons against whom cases were Abated,0,Male
Vijayawada,Persons against whom cases were Abated,11,Male
Vishakhapatnam,Persons against whom cases were Abated,20,Male
Agra,Persons against whom cases were Abated,0,Female
Ahmedabad,Persons against whom cases were Abated,0,Female
Amritsar,Persons against whom cases were Abated,0,Female
Asansol,Persons against whom cases were Abated,0,Female
Aurangabad,Persons against whom cases were Abated,0,Female
Bengaluru,Persons against whom cases were Abated,4,Female
Bhopal,Persons against whom cases were Abated,0,Female
Chandigarh City,Persons against whom cases were Abated,0,Female
Chennai,Persons against whom cases were Abated,0,Female
Coimbatore,Persons against whom cases were Abated,0,Female
Delhi City,Persons against whom cases were Abated,0,Female
Dhanbad,Persons against whom cases were Abated,0,Female
Durg-Bhilainagar,Persons against whom cases were Abated,0,Female
Faridabad,Persons against whom cases were Abated,0,Female
Ghaziabad,Persons against whom cases were Abated,0,Female
Gwalior,Persons against whom cases were Abated,0,Female
Hyderabad,Persons against whom cases were Abated,0,Female
Indore,Persons against whom cases were Abated,5,Female
Jabalpur,Persons against whom cases were Abated,0,Female
Jaipur,Persons against whom cases were Abated,0,Female
Jamshedpur,Persons against whom cases were Abated,0,Female
Jodhpur,Persons against whom cases were Abated,0,Female
Kannur,Persons against whom cases were Abated,0,Female
Kanpur,Persons against whom cases were Abated,0,Female
Kochi,Persons against whom cases were Abated,0,Female
Kolkata,Persons against whom cases were Abated,0,Female
Kollam,Persons against whom cases were Abated,0,Female
Kota,Persons against whom cases were Abated,0,Female
Kozhikode,Persons against whom cases were Abated,0,Female
Lucknow,Persons against whom cases were Abated,0,Female
Ludhiana,Persons against whom cases were Abated,0,Female
Madurai,Persons against whom cases were Abated,0,Female
Malappuram,Persons against whom cases were Abated,0,Female
Meerut,Persons against whom cases were Abated,0,Female
Mumbai,Persons against whom cases were Abated,1,Female
Nagpur,Persons against whom cases were Abated,0,Female
Nasik,Persons against whom cases were Abated,0,Female
Patna,Persons against whom cases were Abated,0,Female
Prayagraj,Persons against whom cases were Abated,0,Female
Pune,Persons against whom cases were Abated,0,Female
Raipur,Persons against whom cases were Abated,0,Female
Rajkot,Persons against whom cases were Abated,0,Female
Ranchi,Persons against whom cases were Abated,0,Female
Srinagar,Persons against whom cases were Abated,0,Female
Surat,Persons against whom cases were Abated,0,Female
Thiruvananthapuram,Persons against whom cases were Abated,0,Female
Thrissur,Persons against whom cases were Abated,0,Female
Tiruchirapalli,Persons against whom cases were Abated,0,Female
Vadodara,Persons against whom cases were Abated,0,Female
Varanasi,Persons against whom cases were Abated,0,Female
Vasai Virar,Persons against whom cases were Abated,0,Female
Vijayawada,Persons against whom cases were Abated,0,Female
Vishakhapatnam,Persons against whom cases were Abated,1,Female
Agra,Persons against whom cases were Abated,0,Transgender
Ahmedabad,Persons against whom cases were Abated,0,Transgender
Amritsar,Persons against whom cases were Abated,0,Transgender
Asansol,Persons against whom cases were Abated,0,Transgender
Aurangabad,Persons against whom cases were Abated,0,Transgender
Bengaluru,Persons against whom cases were Abated,0,Transgender
Bhopal,Persons against whom cases were Abated,0,Transgender
Chandigarh City,Persons against whom cases were Abated,0,Transgender
Chennai,Persons against whom cases were Abated,0,Transgender
Coimbatore,Persons against whom cases were Abated,0,Transgender
Delhi City,Persons against whom cases were Abated,0,Transgender
Dhanbad,Persons against whom cases were Abated,0,Transgender
Durg-Bhilainagar,Persons against whom cases were Abated,0,Transgender
Faridabad,Persons against whom cases were Abated,0,Transgender
Ghaziabad,Persons against whom cases were Abated,0,Transgender
Gwalior,Persons against whom cases were Abated,0,Transgender
Hyderabad,Persons against whom cases were Abated,0,Transgender
Indore,Persons against whom cases were Abated,0,Transgender
Jabalpur,Persons against whom cases were Abated,0,Transgender
Jaipur,Persons against whom cases were Abated,0,Transgender
Jamshedpur,Persons against whom cases were Abated,0,Transgender
Jodhpur,Persons against whom cases were Abated,0,Transgender
Kannur,Persons against whom cases were Abated,0,Transgender
Kanpur,Persons against whom cases were Abated,0,Transgender
Kochi,Persons against whom cases were Abated,0,Transgender
Kolkata,Persons against whom cases were Abated,0,Transgender
Kollam,Persons against whom cases were Abated,0,Transgender
Kota,Persons against whom cases were Abated,0,Transgender
Kozhikode,Persons against whom cases were Abated,0,Transgender
Lucknow,Persons against whom cases were Abated,0,Transgender
Ludhiana,Persons against whom cases were Abated,0,Transgender
Madurai,Persons against whom cases were Abated,0,Transgender
Malappuram,Persons against whom cases were Abated,0,Transgender
Meerut,Persons against whom cases were Abated,0,Transgender
Mumbai,Persons against whom cases were Abated,0,Transgender
Nagpur,Persons against whom cases were Abated,0,Transgender
Nasik,Persons against whom cases were Abated,0,Transgender
Patna,Persons against whom cases were Abated,0,Transgender
Prayagraj,Persons against whom cases were Abated,0,Transgender
Pune,Persons against whom cases were Abated,0,Transgender
Raipur,Persons against whom cases were Abated,0,Transgender
Rajkot,Persons against whom cases were Abated,0,Transgender
Ranchi,Persons against whom cases were Abated,0,Transgender
Srinagar,Persons against whom cases were Abated,0,Transgender
Surat,Persons against whom cases were Abated,0,Transgender
Thiruvananthapuram,Persons against whom cases were Abated,0,Transgender
Thrissur,Persons against whom cases were Abated,0,Transgender
Tiruchirapalli,Persons against whom cases were Abated,0,Transgender
Vadodara,Persons against whom cases were Abated,0,Transgender
Varanasi,Persons against whom cases were Abated,0,Transgender
Vasai Virar,Persons against whom cases were Abated,0,Transgender
Vijayawada,Persons against whom cases were Abated,0,Transgender
Vishakhapatnam,Persons against whom cases were Abated,0,Transgender
Agra,Persons against whom cases were withdrawn,0,Male
Ahmedabad,Persons against whom cases were withdrawn,0,Male
Amritsar,Persons against whom cases were withdrawn,0,Male
Asansol,Persons against whom cases were withdrawn,0,Male
Aurangabad,Persons against whom cases were withdrawn,0,Male
Bengaluru,Persons against whom cases were withdrawn,0,Male
Bhopal,Persons against whom cases were withdrawn,0,Male
Chandigarh City,Persons against whom cases were withdrawn,0,Male
Chennai,Persons against whom cases were withdrawn,32,Male
Coimbatore,Persons against whom cases were withdrawn,7,Male
Delhi City,Persons against whom cases were withdrawn,3,Male
Dhanbad,Persons against whom cases were withdrawn,0,Male
Durg-Bhilainagar,Persons against whom cases were withdrawn,0,Male
Faridabad,Persons against whom cases were withdrawn,0,Male
Ghaziabad,Persons against whom cases were withdrawn,0,Male
Gwalior,Persons against whom cases were withdrawn,0,Male
Hyderabad,Persons against whom cases were withdrawn,0,Male
Indore,Persons against whom cases were withdrawn,0,Male
Jabalpur,Persons against whom cases were withdrawn,0,Male
Jaipur,Persons against whom cases were withdrawn,2,Male
Jamshedpur,Persons against whom cases were withdrawn,0,Male
Jodhpur,Persons against whom cases were withdrawn,57,Male
Kannur,Persons against whom cases were withdrawn,0,Male
Kanpur,Persons against whom cases were withdrawn,0,Male
Kochi,Persons against whom cases were withdrawn,0,Male
Kolkata,Persons against whom cases were withdrawn,0,Male
Kollam,Persons against whom cases were withdrawn,0,Male
Kota,Persons against whom cases were withdrawn,0,Male
Kozhikode,Persons against whom cases were withdrawn,0,Male
Lucknow,Persons against whom cases were withdrawn,0,Male
Ludhiana,Persons against whom cases were withdrawn,0,Male
Madurai,Persons against whom cases were withdrawn,0,Male
Malappuram,Persons against whom cases were withdrawn,0,Male
Meerut,Persons against whom cases were withdrawn,0,Male
Mumbai,Persons against whom cases were withdrawn,1,Male
Nagpur,Persons against whom cases were withdrawn,0,Male
Nasik,Persons against whom cases were withdrawn,0,Male
Patna,Persons against whom cases were withdrawn,0,Male
Prayagraj,Persons against whom cases were withdrawn,0,Male
Pune,Persons against whom cases were withdrawn,5,Male
Raipur,Persons against whom cases were withdrawn,0,Male
Rajkot,Persons against whom cases were withdrawn,0,Male
Ranchi,Persons against whom cases were withdrawn,0,Male
Srinagar,Persons against whom cases were withdrawn,0,Male
Surat,Persons against whom cases were withdrawn,6,Male
Thiruvananthapuram,Persons against whom cases were withdrawn,0,Male
Thrissur,Persons against whom cases were withdrawn,0,Male
Tiruchirapalli,Persons against whom cases were withdrawn,0,Male
Vadodara,Persons against whom cases were withdrawn,8,Male
Varanasi,Persons against whom cases were withdrawn,0,Male
Vasai Virar,Persons against whom cases were withdrawn,0,Male
Vijayawada,Persons against whom cases were withdrawn,0,Male
Vishakhapatnam,Persons against whom cases were withdrawn,0,Male
Agra,Persons against whom cases were withdrawn,0,Female
Ahmedabad,Persons against whom cases were withdrawn,0,Female
Amritsar,Persons against whom cases were withdrawn,0,Female
Asansol,Persons against whom cases were withdrawn,0,Female
Aurangabad,Persons against whom cases were withdrawn,0,Female
Bengaluru,Persons against whom cases were withdrawn,0,Female
Bhopal,Persons against whom cases were withdrawn,0,Female
Chandigarh City,Persons against whom cases were withdrawn,0,Female
Chennai,Persons against whom cases were withdrawn,8,Female
Coimbatore,Persons against whom cases were withdrawn,1,Female
Delhi City,Persons against whom cases were withdrawn,0,Female
Dhanbad,Persons against whom cases were withdrawn,0,Female
Durg-Bhilainagar,Persons against whom cases were withdrawn,0,Female
Faridabad,Persons against whom cases were withdrawn,0,Female
Ghaziabad,Persons against whom cases were withdrawn,0,Female
Gwalior,Persons against whom cases were withdrawn,0,Female
Hyderabad,Persons against whom cases were withdrawn,0,Female
Indore,Persons against whom cases were withdrawn,0,Female
Jabalpur,Persons against whom cases were withdrawn,0,Female
Jaipur,Persons against whom cases were withdrawn,0,Female
Jamshedpur,Persons against whom cases were withdrawn,0,Female
Jodhpur,Persons against whom cases were withdrawn,15,Female
Kannur,Persons against whom cases were withdrawn,0,Female
Kanpur,Persons against whom cases were withdrawn,0,Female
Kochi,Persons against whom cases were withdrawn,0,Female
Kolkata,Persons against whom cases were withdrawn,0,Female
Kollam,Persons against whom cases were withdrawn,0,Female
Kota,Persons against whom cases were withdrawn,0,Female
Kozhikode,Persons against whom cases were withdrawn,0,Female
Lucknow,Persons against whom cases were withdrawn,0,Female
Ludhiana,Persons against whom cases were withdrawn,0,Female
Madurai,Persons against whom cases were withdrawn,0,Female
Malappuram,Persons against whom cases were withdrawn,0,Female
Meerut,Persons against whom cases were withdrawn,0,Female
Mumbai,Persons against whom cases were withdrawn,0,Female
Nagpur,Persons against whom cases were withdrawn,0,Female
Nasik,Persons against whom cases were withdrawn,0,Female
Patna,Persons against whom cases were withdrawn,0,Female
Prayagraj,Persons against whom cases were withdrawn,0,Female
Pune,Persons against whom cases were withdrawn,0,Female
Raipur,Persons against whom cases were withdrawn,0,Female
Rajkot,Persons against whom cases were withdrawn,0,Female
Ranchi,Persons against whom cases were withdrawn,0,Female
Srinagar,Persons against whom cases were withdrawn,0,Female
Surat,Persons against whom cases were withdrawn,0,Female
Thiruvananthapuram,Persons against whom cases were withdrawn,0,Female
Thrissur,Persons against whom cases were withdrawn,0,Female
Tiruchirapalli,Persons against whom cases were withdrawn,0,Female
Vadodara,Persons against whom cases were withdrawn,2,Female
Varanasi,Persons against whom cases were withdrawn,0,Female
Vasai Virar,Persons against whom cases were withdrawn,0,Female
Vijayawada,Persons against whom cases were withdrawn,0,Female
Vishakhapatnam,Persons against whom cases were withdrawn,0,Female
Agra,Persons against whom cases were withdrawn,0,Transgender
Ahmedabad,Persons against whom cases were withdrawn,0,Transgender
Amritsar,Persons against whom cases were withdrawn,0,Transgender
Asansol,Persons against whom cases were withdrawn,0,Transgender
Aurangabad,Persons against whom cases were withdrawn,0,Transgender
Bengaluru,Persons against whom cases were withdrawn,0,Transgender
Bhopal,Persons against whom cases were withdrawn,0,Transgender
Chandigarh City,Persons against whom cases were withdrawn,0,Transgender
Chennai,Persons against whom cases were withdrawn,0,Transgender
Coimbatore,Persons against whom cases were withdrawn,0,Transgender
Delhi City,Persons against whom cases were withdrawn,0,Transgender
Dhanbad,Persons against whom cases were withdrawn,0,Transgender
Durg-Bhilainagar,Persons against whom cases were withdrawn,0,Transgender
Faridabad,Persons against whom cases were withdrawn,0,Transgender
Ghaziabad,Persons against whom cases were withdrawn,0,Transgender
Gwalior,Persons against whom cases were withdrawn,0,Transgender
Hyderabad,Persons against whom cases were withdrawn,0,Transgender
Indore,Persons against whom cases were withdrawn,0,Transgender
Jabalpur,Persons against whom cases were withdrawn,0,Transgender
Jaipur,Persons against whom cases were withdrawn,0,Transgender
Jamshedpur,Persons against whom cases were withdrawn,0,Transgender
Jodhpur,Persons against whom cases were withdrawn,0,Transgender
Kannur,Persons against whom cases were withdrawn,0,Transgender
Kanpur,Persons against whom cases were withdrawn,0,Transgender
Kochi,Persons against whom cases were withdrawn,0,Transgender
Kolkata,Persons against whom cases were withdrawn,0,Transgender
Kollam,Persons against whom cases were withdrawn,0,Transgender
Kota,Persons against whom cases were withdrawn,0,Transgender
Kozhikode,Persons against whom cases were withdrawn,0,Transgender
Lucknow,Persons against whom cases were withdrawn,0,Transgender
Ludhiana,Persons against whom cases were withdrawn,0,Transgender
Madurai,Persons against whom cases were withdrawn,0,Transgender
Malappuram,Persons against whom cases were withdrawn,0,Transgender
Meerut,Persons against whom cases were withdrawn,0,Transgender
Mumbai,Persons against whom cases were withdrawn,0,Transgender
Nagpur,Persons against whom cases were withdrawn,0,Transgender
Nasik,Persons against whom cases were withdrawn,0,Transgender
Patna,Persons against whom cases were withdrawn,0,Transgender
Prayagraj,Persons against whom cases were withdrawn,0,Transgender
Pune,Persons against whom cases were withdrawn,0,Transgender
Raipur,Persons against whom cases were withdrawn,0,Transgender
Rajkot,Persons against whom cases were withdrawn,0,Transgender
Ranchi,Persons against whom cases were withdrawn,0,Transgender
Srinagar,Persons against whom cases were withdrawn,0,Transgender
Surat,Persons against whom cases were withdrawn,0,Transgender
Thiruvananthapuram,Persons against whom cases were withdrawn,0,Transgender
Thrissur,Persons against whom cases were withdrawn,0,Transgender
Tiruchirapalli,Persons against whom cases were withdrawn,0,Transgender
Vadodara,Persons against whom cases were withdrawn,0,Transgender
Varanasi,Persons against whom cases were withdrawn,0,Transgender
Vasai Virar,Persons against whom cases were withdrawn,0,Transgender
Vijayawada,Persons against whom cases were withdrawn,0,Transgender
Vishakhapatnam,Persons against whom cases were withdrawn,0,Transgender
Agra,Persons against whom cases were compounded/ Compromised by Courts,0,Male
Ahmedabad,Persons against whom cases were compounded/ Compromised by Courts,0,Male
Amritsar,Persons against whom cases were compounded/ Compromised by Courts,0,Male
Asansol,Persons against whom cases were compounded/ Compromised by Courts,0,Male
Aurangabad,Persons against whom cases were compounded/ Compromised by Courts,0,Male
Bengaluru,Persons against whom cases were compounded/ Compromised by Courts,92,Male
Bhopal,Persons against whom cases were compounded/ Compromised by Courts,450,Male
Chandigarh City,Persons against whom cases were compounded/ Compromised by Courts,0,Male
Chennai,Persons against whom cases were compounded/ Compromised by Courts,1,Male
Coimbatore,Persons against whom cases were compounded/ Compromised by Courts,7,Male
Delhi City,Persons against whom cases were compounded/ Compromised by Courts,1465,Male
Dhanbad,Persons against whom cases were compounded/ Compromised by Courts,0,Male
Durg-Bhilainagar,Persons against whom cases were compounded/ Compromised by Courts,0,Male
Faridabad,Persons against whom cases were compounded/ Compromised by Courts,0,Male
Ghaziabad,Persons against whom cases were compounded/ Compromised by Courts,0,Male
Gwalior,Persons against whom cases were compounded/ Compromised by Courts,655,Male
Hyderabad,Persons against whom cases were compounded/ Compromised by Courts,1149,Male
Indore,Persons against whom cases were compounded/ Compromised by Courts,518,Male
Jabalpur,Persons against whom cases were compounded/ Compromised by Courts,0,Male
Jaipur,Persons against whom cases were compounded/ Compromised by Courts,5,Male
Jamshedpur,Persons against whom cases were compounded/ Compromised by Courts,0,Male
Jodhpur,Persons against whom cases were compounded/ Compromised by Courts,27,Male
Kannur,Persons against whom cases were compounded/ Compromised by Courts,0,Male
Kanpur,Persons against whom cases were compounded/ Compromised by Courts,0,Male
Kochi,Persons against whom cases were compounded/ Compromised by Courts,1,Male
Kolkata,Persons against whom cases were compounded/ Compromised by Courts,0,Male
Kollam,Persons against whom cases were compounded/ Compromised by Courts,0,Male
Kota,Persons against whom cases were compounded/ Compromised by Courts,10,Male
Kozhikode,Persons against whom cases were compounded/ Compromised by Courts,0,Male
Lucknow,Persons against whom cases were compounded/ Compromised by Courts,0,Male
Ludhiana,Persons against whom cases were compounded/ Compromised by Courts,0,Male
Madurai,Persons against whom cases were compounded/ Compromised by Courts,0,Male
Malappuram,Persons against whom cases were compounded/ Compromised by Courts,0,Male
Meerut,Persons against whom cases were compounded/ Compromised by Courts,34,Male
Mumbai,Persons against whom cases were compounded/ Compromised by Courts,307,Male
Nagpur,Persons against whom cases were compounded/ Compromised by Courts,0,Male
Nasik,Persons against whom cases were compounded/ Compromised by Courts,0,Male
Patna,Persons against whom cases were compounded/ Compromised by Courts,0,Male
Prayagraj,Persons against whom cases were compounded/ Compromised by Courts,0,Male
Pune,Persons against whom cases were compounded/ Compromised by Courts,29,Male
Raipur,Persons against whom cases were compounded/ Compromised by Courts,0,Male
Rajkot,Persons against whom cases were compounded/ Compromised by Courts,0,Male
Ranchi,Persons against whom cases were compounded/ Compromised by Courts,0,Male
Srinagar,Persons against whom cases were compounded/ Compromised by Courts,52,Male
Surat,Persons against whom cases were compounded/ Compromised by Courts,0,Male
Thiruvananthapuram,Persons against whom cases were compounded/ Compromised by Courts,0,Male
Thrissur,Persons against whom cases were compounded/ Compromised by Courts,6,Male
Tiruchirapalli,Persons against whom cases were compounded/ Compromised by Courts,0,Male
Vadodara,Persons against whom cases were compounded/ Compromised by Courts,2,Male
Varanasi,Persons against whom cases were compounded/ Compromised by Courts,0,Male
Vasai Virar,Persons against whom cases were compounded/ Compromised by Courts,48,Male
Vijayawada,Persons against whom cases were compounded/ Compromised by Courts,917,Male
Vishakhapatnam,Persons against whom cases were compounded/ Compromised by Courts,665,Male
Agra,Persons against whom cases were compounded/ Compromised by Courts,0,Female
Ahmedabad,Persons against whom cases were compounded/ Compromised by Courts,0,Female
Amritsar,Persons against whom cases were compounded/ Compromised by Courts,0,Female
Asansol,Persons against whom cases were compounded/ Compromised by Courts,0,Female
Aurangabad,Persons against whom cases were compounded/ Compromised by Courts,0,Female
Bengaluru,Persons against whom cases were compounded/ Compromised by Courts,24,Female
Bhopal,Persons against whom cases were compounded/ Compromised by Courts,18,Female
Chandigarh City,Persons against whom cases were compounded/ Compromised by Courts,0,Female
Chennai,Persons against whom cases were compounded/ Compromised by Courts,0,Female
Coimbatore,Persons against whom cases were compounded/ Compromised by Courts,2,Female
Delhi City,Persons against whom cases were compounded/ Compromised by Courts,230,Female
Dhanbad,Persons against whom cases were compounded/ Compromised by Courts,0,Female
Durg-Bhilainagar,Persons against whom cases were compounded/ Compromised by Courts,0,Female
Faridabad,Persons against whom cases were compounded/ Compromised by Courts,0,Female
Ghaziabad,Persons against whom cases were compounded/ Compromised by Courts,0,Female
Gwalior,Persons against whom cases were compounded/ Compromised by Courts,471,Female
Hyderabad,Persons against whom cases were compounded/ Compromised by Courts,152,Female
Indore,Persons against whom cases were compounded/ Compromised by Courts,221,Female
Jabalpur,Persons against whom cases were compounded/ Compromised by Courts,0,Female
Jaipur,Persons against whom cases were compounded/ Compromised by Courts,0,Female
Jamshedpur,Persons against whom cases were compounded/ Compromised by Courts,0,Female
Jodhpur,Persons against whom cases were compounded/ Compromised by Courts,5,Female
Kannur,Persons against whom cases were compounded/ Compromised by Courts,0,Female
Kanpur,Persons against whom cases were compounded/ Compromised by Courts,0,Female
Kochi,Persons against whom cases were compounded/ Compromised by Courts,0,Female
Kolkata,Persons against whom cases were compounded/ Compromised by Courts,0,Female
Kollam,Persons against whom cases were compounded/ Compromised by Courts,0,Female
Kota,Persons against whom cases were compounded/ Compromised by Courts,1,Female
Kozhikode,Persons against whom cases were compounded/ Compromised by Courts,0,Female
Lucknow,Persons against whom cases were compounded/ Compromised by Courts,0,Female
Ludhiana,Persons against whom cases were compounded/ Compromised by Courts,0,Female
Madurai,Persons against whom cases were compounded/ Compromised by Courts,0,Female
Malappuram,Persons against whom cases were compounded/ Compromised by Courts,0,Female
Meerut,Persons against whom cases were compounded/ Compromised by Courts,0,Female
Mumbai,Persons against whom cases were compounded/ Compromised by Courts,31,Female
Nagpur,Persons against whom cases were compounded/ Compromised by Courts,0,Female
Nasik,Persons against whom cases were compounded/ Compromised by Courts,0,Female
Patna,Persons against whom cases were compounded/ Compromised by Courts,0,Female
Prayagraj,Persons against whom cases were compounded/ Compromised by Courts,0,Female
Pune,Persons against whom cases were compounded/ Compromised by Courts,13,Female
Raipur,Persons against whom cases were compounded/ Compromised by Courts,0,Female
Rajkot,Persons against whom cases were compounded/ Compromised by Courts,0,Female
Ranchi,Persons against whom cases were compounded/ Compromised by Courts,0,Female
Srinagar,Persons against whom cases were compounded/ Compromised by Courts,5,Female
Surat,Persons against whom cases were compounded/ Compromised by Courts,0,Female
Thiruvananthapuram,Persons against whom cases were compounded/ Compromised by Courts,0,Female
Thrissur,Persons against whom cases were compounded/ Compromised by Courts,0,Female
Tiruchirapalli,Persons against whom cases were compounded/ Compromised by Courts,0,Female
Vadodara,Persons against whom cases were compounded/ Compromised by Courts,1,Female
Varanasi,Persons against whom cases were compounded/ Compromised by Courts,0,Female
Vasai Virar,Persons against whom cases were compounded/ Compromised by Courts,11,Female
Vijayawada,Persons against whom cases were compounded/ Compromised by Courts,251,Female
Vishakhapatnam,Persons against whom cases were compounded/ Compromised by Courts,155,Female
Agra,Persons against whom cases were compounded/ Compromised by Courts,0,Transgender
Ahmedabad,Persons against whom cases were compounded/ Compromised by Courts,0,Transgender
Amritsar,Persons against whom cases were compounded/ Compromised by Courts,0,Transgender
Asansol,Persons against whom cases were compounded/ Compromised by Courts,0,Transgender
Aurangabad,Persons against whom cases were compounded/ Compromised by Courts,0,Transgender
Bengaluru,Persons against whom cases were compounded/ Compromised by Courts,0,Transgender
Bhopal,Persons against whom cases were compounded/ Compromised by Courts,0,Transgender
Chandigarh City,Persons against whom cases were compounded/ Compromised by Courts,0,Transgender
Chennai,Persons against whom cases were compounded/ Compromised by Courts,0,Transgender
Coimbatore,Persons against whom cases were compounded/ Compromised by Courts,0,Transgender
Delhi City,Persons against whom cases were compounded/ Compromised by Courts,0,Transgender
Dhanbad,Persons against whom cases were compounded/ Compromised by Courts,0,Transgender
Durg-Bhilainagar,Persons against whom cases were compounded/ Compromised by Courts,0,Transgender
Faridabad,Persons against whom cases were compounded/ Compromised by Courts,0,Transgender
Ghaziabad,Persons against whom cases were compounded/ Compromised by Courts,0,Transgender
Gwalior,Persons against whom cases were compounded/ Compromised by Courts,0,Transgender
Hyderabad,Persons against whom cases were compounded/ Compromised by Courts,0,Transgender
Indore,Persons against whom cases were compounded/ Compromised by Courts,0,Transgender
Jabalpur,Persons against whom cases were compounded/ Compromised by Courts,0,Transgender
Jaipur,Persons against whom cases were compounded/ Compromised by Courts,0,Transgender
Jamshedpur,Persons against whom cases were compounded/ Compromised by Courts,0,Transgender
Jodhpur,Persons against whom cases were compounded/ Compromised by Courts,0,Transgender
Kannur,Persons against whom cases were compounded/ Compromised by Courts,0,Transgender
Kanpur,Persons against whom cases were compounded/ Compromised by Courts,0,Transgender
Kochi,Persons against whom cases were compounded/ Compromised by Courts,0,Transgender
Kolkata,Persons against whom cases were compounded/ Compromised by Courts,0,Transgender
Kollam,Persons against whom cases were compounded/ Compromised by Courts,0,Transgender
Kota,Persons against whom cases were compounded/ Compromised by Courts,0,Transgender
Kozhikode,Persons against whom cases were compounded/ Compromised by Courts,0,Transgender
Lucknow,Persons against whom cases were compounded/ Compromised by Courts,0,Transgender
Ludhiana,Persons against whom cases were compounded/ Compromised by Courts,0,Transgender
Madurai,Persons against whom cases were compounded/ Compromised by Courts,0,Transgender
Malappuram,Persons against whom cases were compounded/ Compromised by Courts,0,Transgender
Meerut,Persons against whom cases were compounded/ Compromised by Courts,0,Transgender
Mumbai,Persons against whom cases were compounded/ Compromised by Courts,0,Transgender
Nagpur,Persons against whom cases were compounded/ Compromised by Courts,0,Transgender
Nasik,Persons against whom cases were compounded/ Compromised by Courts,0,Transgender
Patna,Persons against whom cases were compounded/ Compromised by Courts,0,Transgender
Prayagraj,Persons against whom cases were compounded/ Compromised by Courts,0,Transgender
Pune,Persons against whom cases were compounded/ Compromised by Courts,0,Transgender
Raipur,Persons against whom cases were compounded/ Compromised by Courts,0,Transgender
Rajkot,Persons against whom cases were compounded/ Compromised by Courts,0,Transgender
Ranchi,Persons against whom cases were compounded/ Compromised by Courts,0,Transgender
Srinagar,Persons against whom cases were compounded/ Compromised by Courts,0,Transgender
Surat,Persons against whom cases were compounded/ Compromised by Courts,0,Transgender
Thiruvananthapuram,Persons against whom cases were compounded/ Compromised by Courts,0,Transgender
Thrissur,Persons against whom cases were compounded/ Compromised by Courts,0,Transgender
Tiruchirapalli,Persons against whom cases were compounded/ Compromised by Courts,0,Transgender
Vadodara,Persons against whom cases were compounded/ Compromised by Courts,0,Transgender
Varanasi,Persons against whom cases were compounded/ Compromised by Courts,0,Transgender
Vasai Virar,Persons against whom cases were compounded/ Compromised by Courts,0,Transgender
Vijayawada,Persons against whom cases were compounded/ Compromised by Courts,0,Transgender
Vishakhapatnam,Persons against whom cases were compounded/ Compromised by Courts,0,Transgender
Agra,Persons whose cases disposed of under Plea Bargaining,0,Male
Ahmedabad,Persons whose cases disposed of under Plea Bargaining,0,Male
Amritsar,Persons whose cases disposed of under Plea Bargaining,0,Male
Asansol,Persons whose cases disposed of under Plea Bargaining,0,Male
Aurangabad,Persons whose cases disposed of under Plea Bargaining,0,Male
Bengaluru,Persons whose cases disposed of under Plea Bargaining,0,Male
Bhopal,Persons whose cases disposed of under Plea Bargaining,0,Male
Chandigarh City,Persons whose cases disposed of under Plea Bargaining,0,Male
Chennai,Persons whose cases disposed of under Plea Bargaining,0,Male
Coimbatore,Persons whose cases disposed of under Plea Bargaining,0,Male
Delhi City,Persons whose cases disposed of under Plea Bargaining,6,Male
Dhanbad,Persons whose cases disposed of under Plea Bargaining,0,Male
Durg-Bhilainagar,Persons whose cases disposed of under Plea Bargaining,0,Male
Faridabad,Persons whose cases disposed of under Plea Bargaining,0,Male
Ghaziabad,Persons whose cases disposed of under Plea Bargaining,0,Male
Gwalior,Persons whose cases disposed of under Plea Bargaining,0,Male
Hyderabad,Persons whose cases disposed of under Plea Bargaining,0,Male
Indore,Persons whose cases disposed of under Plea Bargaining,0,Male
Jabalpur,Persons whose cases disposed of under Plea Bargaining,0,Male
Jaipur,Persons whose cases disposed of under Plea Bargaining,1,Male
Jamshedpur,Persons whose cases disposed of under Plea Bargaining,0,Male
Jodhpur,Persons whose cases disposed of under Plea Bargaining,82,Male
Kannur,Persons whose cases disposed of under Plea Bargaining,0,Male
Kanpur,Persons whose cases disposed of under Plea Bargaining,0,Male
Kochi,Persons whose cases disposed of under Plea Bargaining,0,Male
Kolkata,Persons whose cases disposed of under Plea Bargaining,0,Male
Kollam,Persons whose cases disposed of under Plea Bargaining,0,Male
Kota,Persons whose cases disposed of under Plea Bargaining,0,Male
Kozhikode,Persons whose cases disposed of under Plea Bargaining,0,Male
Lucknow,Persons whose cases disposed of under Plea Bargaining,0,Male
Ludhiana,Persons whose cases disposed of under Plea Bargaining,0,Male
Madurai,Persons whose cases disposed of under Plea Bargaining,0,Male
Malappuram,Persons whose cases disposed of under Plea Bargaining,0,Male
Meerut,Persons whose cases disposed of under Plea Bargaining,167,Male
Mumbai,Persons whose cases disposed of under Plea Bargaining,0,Male
Nagpur,Persons whose cases disposed of under Plea Bargaining,0,Male
Nasik,Persons whose cases disposed of under Plea Bargaining,0,Male
Patna,Persons whose cases disposed of under Plea Bargaining,0,Male
Prayagraj,Persons whose cases disposed of under Plea Bargaining,0,Male
Pune,Persons whose cases disposed of under Plea Bargaining,0,Male
Raipur,Persons whose cases disposed of under Plea Bargaining,0,Male
Rajkot,Persons whose cases disposed of under Plea Bargaining,0,Male
Ranchi,Persons whose cases disposed of under Plea Bargaining,0,Male
Srinagar,Persons whose cases disposed of under Plea Bargaining,0,Male
Surat,Persons whose cases disposed of under Plea Bargaining,0,Male
Thiruvananthapuram,Persons whose cases disposed of under Plea Bargaining,0,Male
Thrissur,Persons whose cases disposed of under Plea Bargaining,0,Male
Tiruchirapalli,Persons whose cases disposed of under Plea Bargaining,0,Male
Vadodara,Persons whose cases disposed of under Plea Bargaining,0,Male
Varanasi,Persons whose cases disposed of under Plea Bargaining,0,Male
Vasai Virar,Persons whose cases disposed of under Plea Bargaining,0,Male
Vijayawada,Persons whose cases disposed of under Plea Bargaining,0,Male
Vishakhapatnam,Persons whose cases disposed of under Plea Bargaining,0,Male
Agra,Persons whose cases disposed of under Plea Bargaining,0,Female
Ahmedabad,Persons whose cases disposed of under Plea Bargaining,0,Female
Amritsar,Persons whose cases disposed of under Plea Bargaining,0,Female
Asansol,Persons whose cases disposed of under Plea Bargaining,0,Female
Aurangabad,Persons whose cases disposed of under Plea Bargaining,0,Female
Bengaluru,Persons whose cases disposed of under Plea Bargaining,0,Female
Bhopal,Persons whose cases disposed of under Plea Bargaining,0,Female
Chandigarh City,Persons whose cases disposed of under Plea Bargaining,0,Female
Chennai,Persons whose cases disposed of under Plea Bargaining,0,Female
Coimbatore,Persons whose cases disposed of under Plea Bargaining,0,Female
Delhi City,Persons whose cases disposed of under Plea Bargaining,0,Female
Dhanbad,Persons whose cases disposed of under Plea Bargaining,0,Female
Durg-Bhilainagar,Persons whose cases disposed of under Plea Bargaining,0,Female
Faridabad,Persons whose cases disposed of under Plea Bargaining,0,Female
Ghaziabad,Persons whose cases disposed of under Plea Bargaining,0,Female
Gwalior,Persons whose cases disposed of under Plea Bargaining,0,Female
Hyderabad,Persons whose cases disposed of under Plea Bargaining,0,Female
Indore,Persons whose cases disposed of under Plea Bargaining,0,Female
Jabalpur,Persons whose cases disposed of under Plea Bargaining,0,Female
Jaipur,Persons whose cases disposed of under Plea Bargaining,0,Female
Jamshedpur,Persons whose cases disposed of under Plea Bargaining,0,Female
Jodhpur,Persons whose cases disposed of under Plea Bargaining,8,Female
Kannur,Persons whose cases disposed of under Plea Bargaining,0,Female
Kanpur,Persons whose cases disposed of under Plea Bargaining,0,Female
Kochi,Persons whose cases disposed of under Plea Bargaining,0,Female
Kolkata,Persons whose cases disposed of under Plea Bargaining,0,Female
Kollam,Persons whose cases disposed of under Plea Bargaining,0,Female
Kota,Persons whose cases disposed of under Plea Bargaining,0,Female
Kozhikode,Persons whose cases disposed of under Plea Bargaining,0,Female
Lucknow,Persons whose cases disposed of under Plea Bargaining,0,Female
Ludhiana,Persons whose cases disposed of under Plea Bargaining,0,Female
Madurai,Persons whose cases disposed of under Plea Bargaining,0,Female
Malappuram,Persons whose cases disposed of under Plea Bargaining,0,Female
Meerut,Persons whose cases disposed of under Plea Bargaining,0,Female
Mumbai,Persons whose cases disposed of under Plea Bargaining,0,Female
Nagpur,Persons whose cases disposed of under Plea Bargaining,0,Female
Nasik,Persons whose cases disposed of under Plea Bargaining,0,Female
Patna,Persons whose cases disposed of under Plea Bargaining,0,Female
Prayagraj,Persons whose cases disposed of under Plea Bargaining,0,Female
Pune,Persons whose cases disposed of under Plea Bargaining,0,Female
Raipur,Persons whose cases disposed of under Plea Bargaining,0,Female
Rajkot,Persons whose cases disposed of under Plea Bargaining,0,Female
Ranchi,Persons whose cases disposed of under Plea Bargaining,0,Female
Srinagar,Persons whose cases disposed of under Plea Bargaining,0,Female
Surat,Persons whose cases disposed of under Plea Bargaining,0,Female
Thiruvananthapuram,Persons whose cases disposed of under Plea Bargaining,0,Female
Thrissur,Persons whose cases disposed of under Plea Bargaining,0,Female
Tiruchirapalli,Persons whose cases disposed of under Plea Bargaining,0,Female
Vadodara,Persons whose cases disposed of under Plea Bargaining,0,Female
Varanasi,Persons whose cases disposed of under Plea Bargaining,0,Female
Vasai Virar,Persons whose cases disposed of under Plea Bargaining,0,Female
Vijayawada,Persons whose cases disposed of under Plea Bargaining,0,Female
Vishakhapatnam,Persons whose cases disposed of under Plea Bargaining,0,Female
Agra,Persons whose cases disposed of under Plea Bargaining,0,Transgender
Ahmedabad,Persons whose cases disposed of under Plea Bargaining,0,Transgender
Amritsar,Persons whose cases disposed of under Plea Bargaining,0,Transgender
Asansol,Persons whose cases disposed of under Plea Bargaining,0,Transgender
Aurangabad,Persons whose cases disposed of under Plea Bargaining,0,Transgender
Bengaluru,Persons whose cases disposed of under Plea Bargaining,0,Transgender
Bhopal,Persons whose cases disposed of under Plea Bargaining,0,Transgender
Chandigarh City,Persons whose cases disposed of under Plea Bargaining,0,Transgender
Chennai,Persons whose cases disposed of under Plea Bargaining,0,Transgender
Coimbatore,Persons whose cases disposed of under Plea Bargaining,0,Transgender
Delhi City,Persons whose cases disposed of under Plea Bargaining,0,Transgender
Dhanbad,Persons whose cases disposed of under Plea Bargaining,0,Transgender
Durg-Bhilainagar,Persons whose cases disposed of under Plea Bargaining,0,Transgender
Faridabad,Persons whose cases disposed of under Plea Bargaining,0,Transgender
Ghaziabad,Persons whose cases disposed of under Plea Bargaining,0,Transgender
Gwalior,Persons whose cases disposed of under Plea Bargaining,0,Transgender
Hyderabad,Persons whose cases disposed of under Plea Bargaining,0,Transgender
Indore,Persons whose cases disposed of under Plea Bargaining,0,Transgender
Jabalpur,Persons whose cases disposed of under Plea Bargaining,0,Transgender
Jaipur,Persons whose cases disposed of under Plea Bargaining,0,Transgender
Jamshedpur,Persons whose cases disposed of under Plea Bargaining,0,Transgender
Jodhpur,Persons whose cases disposed of under Plea Bargaining,0,Transgender
Kannur,Persons whose cases disposed of under Plea Bargaining,0,Transgender
Kanpur,Persons whose cases disposed of under Plea Bargaining,0,Transgender
Kochi,Persons whose cases disposed of under Plea Bargaining,0,Transgender
Kolkata,Persons whose cases disposed of under Plea Bargaining,0,Transgender
Kollam,Persons whose cases disposed of under Plea Bargaining,0,Transgender
Kota,Persons whose cases disposed of under Plea Bargaining,0,Transgender
Kozhikode,Persons whose cases disposed of under Plea Bargaining,0,Transgender
Lucknow,Persons whose cases disposed of under Plea Bargaining,0,Transgender
Ludhiana,Persons whose cases disposed of under Plea Bargaining,0,Transgender
Madurai,Persons whose cases disposed of under Plea Bargaining,0,Transgender
Malappuram,Persons whose cases disposed of under Plea Bargaining,0,Transgender
Meerut,Persons whose cases disposed of under Plea Bargaining,0,Transgender
Mumbai,Persons whose cases disposed of under Plea Bargaining,0,Transgender
Nagpur,Persons whose cases disposed of under Plea Bargaining,0,Transgender
Nasik,Persons whose cases disposed of under Plea Bargaining,0,Transgender
Patna,Persons whose cases disposed of under Plea Bargaining,0,Transgender
Prayagraj,Persons whose cases disposed of under Plea Bargaining,0,Transgender
Pune,Persons whose cases disposed of under Plea Bargaining,0,Transgender
Raipur,Persons whose cases disposed of under Plea Bargaining,0,Transgender
Rajkot,Persons whose cases disposed of under Plea Bargaining,0,Transgender
Ranchi,Persons whose cases disposed of under Plea Bargaining,0,Transgender
Srinagar,Persons whose cases disposed of under Plea Bargaining,0,Transgender
Surat,Persons whose cases disposed of under Plea Bargaining,0,Transgender
Thiruvananthapuram,Persons whose cases disposed of under Plea Bargaining,0,Transgender
Thrissur,Persons whose cases disposed of under Plea Bargaining,0,Transgender
Tiruchirapalli,Persons whose cases disposed of under Plea Bargaining,0,Transgender
Vadodara,Persons whose cases disposed of under Plea Bargaining,0,Transgender
Varanasi,Persons whose cases disposed of under Plea Bargaining,0,Transgender
Vasai Virar,Persons whose cases disposed of under Plea Bargaining,0,Transgender
Vijayawada,Persons whose cases disposed of under Plea Bargaining,0,Transgender
Vishakhapatnam,Persons whose cases disposed of under Plea Bargaining,0,Transgender
Agra,Persons whose cases were quashed by Higher Courts,0,Male
Ahmedabad,Persons whose cases were quashed by Higher Courts,59,Male
Amritsar,Persons whose cases were quashed by Higher Courts,0,Male
Asansol,Persons whose cases were quashed by Higher Courts,0,Male
Aurangabad,Persons whose cases were quashed by Higher Courts,11,Male
Bengaluru,Persons whose cases were quashed by Higher Courts,163,Male
Bhopal,Persons whose cases were quashed by Higher Courts,31,Male
Chandigarh City,Persons whose cases were quashed by Higher Courts,99,Male
Chennai,Persons whose cases were quashed by Higher Courts,40,Male
Coimbatore,Persons whose cases were quashed by Higher Courts,10,Male
Delhi City,Persons whose cases were quashed by Higher Courts,1506,Male
Dhanbad,Persons whose cases were quashed by Higher Courts,0,Male
Durg-Bhilainagar,Persons whose cases were quashed by Higher Courts,0,Male
Faridabad,Persons whose cases were quashed by Higher Courts,0,Male
Ghaziabad,Persons whose cases were quashed by Higher Courts,0,Male
Gwalior,Persons whose cases were quashed by Higher Courts,95,Male
Hyderabad,Persons whose cases were quashed by Higher Courts,0,Male
Indore,Persons whose cases were quashed by Higher Courts,0,Male
Jabalpur,Persons whose cases were quashed by Higher Courts,0,Male
Jaipur,Persons whose cases were quashed by Higher Courts,5,Male
Jamshedpur,Persons whose cases were quashed by Higher Courts,0,Male
Jodhpur,Persons whose cases were quashed by Higher Courts,0,Male
Kannur,Persons whose cases were quashed by Higher Courts,20,Male
Kanpur,Persons whose cases were quashed by Higher Courts,0,Male
Kochi,Persons whose cases were quashed by Higher Courts,1,Male
Kolkata,Persons whose cases were quashed by Higher Courts,0,Male
Kollam,Persons whose cases were quashed by Higher Courts,4,Male
Kota,Persons whose cases were quashed by Higher Courts,16,Male
Kozhikode,Persons whose cases were quashed by Higher Courts,77,Male
Lucknow,Persons whose cases were quashed by Higher Courts,0,Male
Ludhiana,Persons whose cases were quashed by Higher Courts,67,Male
Madurai,Persons whose cases were quashed by Higher Courts,30,Male
Malappuram,Persons whose cases were quashed by Higher Courts,61,Male
Meerut,Persons whose cases were quashed by Higher Courts,0,Male
Mumbai,Persons whose cases were quashed by Higher Courts,57,Male
Nagpur,Persons whose cases were quashed by Higher Courts,5,Male
Nasik,Persons whose cases were quashed by Higher Courts,5,Male
Patna,Persons whose cases were quashed by Higher Courts,0,Male
Prayagraj,Persons whose cases were quashed by Higher Courts,0,Male
Pune,Persons whose cases were quashed by Higher Courts,3,Male
Raipur,Persons whose cases were quashed by Higher Courts,0,Male
Rajkot,Persons whose cases were quashed by Higher Courts,0,Male
Ranchi,Persons whose cases were quashed by Higher Courts,0,Male
Srinagar,Persons whose cases were quashed by Higher Courts,0,Male
Surat,Persons whose cases were quashed by Higher Courts,0,Male
Thiruvananthapuram,Persons whose cases were quashed by Higher Courts,10,Male
Thrissur,Persons whose cases were quashed by Higher Courts,57,Male
Tiruchirapalli,Persons whose cases were quashed by Higher Courts,3,Male
Vadodara,Persons whose cases were quashed by Higher Courts,2,Male
Varanasi,Persons whose cases were quashed by Higher Courts,0,Male
Vasai Virar,Persons whose cases were quashed by Higher Courts,0,Male
Vijayawada,Persons whose cases were quashed by Higher Courts,0,Male
Vishakhapatnam,Persons whose cases were quashed by Higher Courts,9,Male
Agra,Persons whose cases were quashed by Higher Courts,0,Female
Ahmedabad,Persons whose cases were quashed by Higher Courts,30,Female
Amritsar,Persons whose cases were quashed by Higher Courts,0,Female
Asansol,Persons whose cases were quashed by Higher Courts,0,Female
Aurangabad,Persons whose cases were quashed by Higher Courts,3,Female
Bengaluru,Persons whose cases were quashed by Higher Courts,67,Female
Bhopal,Persons whose cases were quashed by Higher Courts,3,Female
Chandigarh City,Persons whose cases were quashed by Higher Courts,14,Female
Chennai,Persons whose cases were quashed by Higher Courts,8,Female
Coimbatore,Persons whose cases were quashed by Higher Courts,0,Female
Delhi City,Persons whose cases were quashed by Higher Courts,356,Female
Dhanbad,Persons whose cases were quashed by Higher Courts,0,Female
Durg-Bhilainagar,Persons whose cases were quashed by Higher Courts,0,Female
Faridabad,Persons whose cases were quashed by Higher Courts,0,Female
Ghaziabad,Persons whose cases were quashed by Higher Courts,0,Female
Gwalior,Persons whose cases were quashed by Higher Courts,30,Female
Hyderabad,Persons whose cases were quashed by Higher Courts,0,Female
Indore,Persons whose cases were quashed by Higher Courts,0,Female
Jabalpur,Persons whose cases were quashed by Higher Courts,0,Female
Jaipur,Persons whose cases were quashed by Higher Courts,0,Female
Jamshedpur,Persons whose cases were quashed by Higher Courts,0,Female
Jodhpur,Persons whose cases were quashed by Higher Courts,0,Female
Kannur,Persons whose cases were quashed by Higher Courts,1,Female
Kanpur,Persons whose cases were quashed by Higher Courts,0,Female
Kochi,Persons whose cases were quashed by Higher Courts,0,Female
Kolkata,Persons whose cases were quashed by Higher Courts,0,Female
Kollam,Persons whose cases were quashed by Higher Courts,0,Female
Kota,Persons whose cases were quashed by Higher Courts,1,Female
Kozhikode,Persons whose cases were quashed by Higher Courts,0,Female
Lucknow,Persons whose cases were quashed by Higher Courts,0,Female
Ludhiana,Persons whose cases were quashed by Higher Courts,0,Female
Madurai,Persons whose cases were quashed by Higher Courts,9,Female
Malappuram,Persons whose cases were quashed by Higher Courts,21,Female
Meerut,Persons whose cases were quashed by Higher Courts,0,Female
Mumbai,Persons whose cases were quashed by Higher Courts,8,Female
Nagpur,Persons whose cases were quashed by Higher Courts,0,Female
Nasik,Persons whose cases were quashed by Higher Courts,0,Female
Patna,Persons whose cases were quashed by Higher Courts,0,Female
Prayagraj,Persons whose cases were quashed by Higher Courts,0,Female
Pune,Persons whose cases were quashed by Higher Courts,2,Female
Raipur,Persons whose cases were quashed by Higher Courts,0,Female
Rajkot,Persons whose cases were quashed by Higher Courts,0,Female
Ranchi,Persons whose cases were quashed by Higher Courts,0,Female
Srinagar,Persons whose cases were quashed by Higher Courts,0,Female
Surat,Persons whose cases were quashed by Higher Courts,0,Female
Thiruvananthapuram,Persons whose cases were quashed by Higher Courts,1,Female
Thrissur,Persons whose cases were quashed by Higher Courts,2,Female
Tiruchirapalli,Persons whose cases were quashed by Higher Courts,0,Female
Vadodara,Persons whose cases were quashed by Higher Courts,0,Female
Varanasi,Persons whose cases were quashed by Higher Courts,0,Female
Vasai Virar,Persons whose cases were quashed by Higher Courts,0,Female
Vijayawada,Persons whose cases were quashed by Higher Courts,0,Female
Vishakhapatnam,Persons whose cases were quashed by Higher Courts,3,Female
Agra,Persons whose cases were quashed by Higher Courts,0,Transgender
Ahmedabad,Persons whose cases were quashed by Higher Courts,0,Transgender
Amritsar,Persons whose cases were quashed by Higher Courts,0,Transgender
Asansol,Persons whose cases were quashed by Higher Courts,0,Transgender
Aurangabad,Persons whose cases were quashed by Higher Courts,0,Transgender
Bengaluru,Persons whose cases were quashed by Higher Courts,0,Transgender
Bhopal,Persons whose cases were quashed by Higher Courts,0,Transgender
Chandigarh City,Persons whose cases were quashed by Higher Courts,0,Transgender
Chennai,Persons whose cases were quashed by Higher Courts,0,Transgender
Coimbatore,Persons whose cases were quashed by Higher Courts,0,Transgender
Delhi City,Persons whose cases were quashed by Higher Courts,0,Transgender
Dhanbad,Persons whose cases were quashed by Higher Courts,0,Transgender
Durg-Bhilainagar,Persons whose cases were quashed by Higher Courts,0,Transgender
Faridabad,Persons whose cases were quashed by Higher Courts,0,Transgender
Ghaziabad,Persons whose cases were quashed by Higher Courts,0,Transgender
Gwalior,Persons whose cases were quashed by Higher Courts,0,Transgender
Hyderabad,Persons whose cases were quashed by Higher Courts,0,Transgender
Indore,Persons whose cases were quashed by Higher Courts,0,Transgender
Jabalpur,Persons whose cases were quashed by Higher Courts,0,Transgender
Jaipur,Persons whose cases were quashed by Higher Courts,0,Transgender
Jamshedpur,Persons whose cases were quashed by Higher Courts,0,Transgender
Jodhpur,Persons whose cases were quashed by Higher Courts,0,Transgender
Kannur,Persons whose cases were quashed by Higher Courts,0,Transgender
Kanpur,Persons whose cases were quashed by Higher Courts,0,Transgender
Kochi,Persons whose cases were quashed by Higher Courts,0,Transgender
Kolkata,Persons whose cases were quashed by Higher Courts,0,Transgender
Kollam,Persons whose cases were quashed by Higher Courts,0,Transgender
Kota,Persons whose cases were quashed by Higher Courts,0,Transgender
Kozhikode,Persons whose cases were quashed by Higher Courts,0,Transgender
Lucknow,Persons whose cases were quashed by Higher Courts,0,Transgender
Ludhiana,Persons whose cases were quashed by Higher Courts,0,Transgender
Madurai,Persons whose cases were quashed by Higher Courts,0,Transgender
Malappuram,Persons whose cases were quashed by Higher Courts,0,Transgender
Meerut,Persons whose cases were quashed by Higher Courts,0,Transgender
Mumbai,Persons whose cases were quashed by Higher Courts,0,Transgender
Nagpur,Persons whose cases were quashed by Higher Courts,0,Transgender
Nasik,Persons whose cases were quashed by Higher Courts,0,Transgender
Patna,Persons whose cases were quashed by Higher Courts,0,Transgender
Prayagraj,Persons whose cases were quashed by Higher Courts,0,Transgender
Pune,Persons whose cases were quashed by Higher Courts,0,Transgender
Raipur,Persons whose cases were quashed by Higher Courts,0,Transgender
Rajkot,Persons whose cases were quashed by Higher Courts,0,Transgender
Ranchi,Persons whose cases were quashed by Higher Courts,0,Transgender
Srinagar,Persons whose cases were quashed by Higher Courts,0,Transgender
Surat,Persons whose cases were quashed by Higher Courts,0,Transgender
Thiruvananthapuram,Persons whose cases were quashed by Higher Courts,0,Transgender
Thrissur,Persons whose cases were quashed by Higher Courts,0,Transgender
Tiruchirapalli,Persons whose cases were quashed by Higher Courts,0,Transgender
Vadodara,Persons whose cases were quashed by Higher Courts,0,Transgender
Varanasi,Persons whose cases were quashed by Higher Courts,0,Transgender
Vasai Virar,Persons whose cases were quashed by Higher Courts,0,Transgender
Vijayawada,Persons whose cases were quashed by Higher Courts,0,Transgender
Vishakhapatnam,Persons whose cases were quashed by Higher Courts,0,Transgender
Agra,Persons Convicted,50,Male
Ahmedabad,Persons Convicted,69,Male
Amritsar,Persons Convicted,55,Male
Asansol,Persons Convicted,5,Male
Aurangabad,Persons Convicted,24,Male
Bengaluru,Persons Convicted,69,Male
Bhopal,Persons Convicted,163,Male
Chandigarh City,Persons Convicted,45,Male
Chennai,Persons Convicted,81,Male
Coimbatore,Persons Convicted,67,Male
Delhi City,Persons Convicted,1845,Male
Dhanbad,Persons Convicted,40,Male
Durg-Bhilainagar,Persons Convicted,116,Male
Faridabad,Persons Convicted,117,Male
Ghaziabad,Persons Convicted,34,Male
Gwalior,Persons Convicted,243,Male
Hyderabad,Persons Convicted,92,Male
Indore,Persons Convicted,178,Male
Jabalpur,Persons Convicted,137,Male
Jaipur,Persons Convicted,131,Male
Jamshedpur,Persons Convicted,88,Male
Jodhpur,Persons Convicted,21,Male
Kannur,Persons Convicted,51,Male
Kanpur,Persons Convicted,1041,Male
Kochi,Persons Convicted,34,Male
Kolkata,Persons Convicted,69,Male
Kollam,Persons Convicted,17,Male
Kota,Persons Convicted,108,Male
Kozhikode,Persons Convicted,23,Male
Lucknow,Persons Convicted,0,Male
Ludhiana,Persons Convicted,51,Male
Madurai,Persons Convicted,11,Male
Malappuram,Persons Convicted,18,Male
Meerut,Persons Convicted,1315,Male
Mumbai,Persons Convicted,234,Male
Nagpur,Persons Convicted,58,Male
Nasik,Persons Convicted,23,Male
Patna,Persons Convicted,0,Male
Prayagraj,Persons Convicted,13,Male
Pune,Persons Convicted,31,Male
Raipur,Persons Convicted,41,Male
Rajkot,Persons Convicted,71,Male
Ranchi,Persons Convicted,233,Male
Srinagar,Persons Convicted,0,Male
Surat,Persons Convicted,55,Male
Thiruvananthapuram,Persons Convicted,43,Male
Thrissur,Persons Convicted,55,Male
Tiruchirapalli,Persons Convicted,6,Male
Vadodara,Persons Convicted,1,Male
Varanasi,Persons Convicted,134,Male
Vasai Virar,Persons Convicted,7,Male
Vijayawada,Persons Convicted,20,Male
Vishakhapatnam,Persons Convicted,35,Male
Agra,Persons Convicted,0,Female
Ahmedabad,Persons Convicted,11,Female
Amritsar,Persons Convicted,6,Female
Asansol,Persons Convicted,0,Female
Aurangabad,Persons Convicted,2,Female
Bengaluru,Persons Convicted,3,Female
Bhopal,Persons Convicted,9,Female
Chandigarh City,Persons Convicted,6,Female
Chennai,Persons Convicted,12,Female
Coimbatore,Persons Convicted,24,Female
Delhi City,Persons Convicted,121,Female
Dhanbad,Persons Convicted,0,Female
Durg-Bhilainagar,Persons Convicted,7,Female
Faridabad,Persons Convicted,1,Female
Ghaziabad,Persons Convicted,1,Female
Gwalior,Persons Convicted,34,Female
Hyderabad,Persons Convicted,0,Female
Indore,Persons Convicted,17,Female
Jabalpur,Persons Convicted,0,Female
Jaipur,Persons Convicted,2,Female
Jamshedpur,Persons Convicted,0,Female
Jodhpur,Persons Convicted,2,Female
Kannur,Persons Convicted,0,Female
Kanpur,Persons Convicted,38,Female
Kochi,Persons Convicted,0,Female
Kolkata,Persons Convicted,0,Female
Kollam,Persons Convicted,0,Female
Kota,Persons Convicted,6,Female
Kozhikode,Persons Convicted,0,Female
Lucknow,Persons Convicted,0,Female
Ludhiana,Persons Convicted,2,Female
Madurai,Persons Convicted,4,Female
Malappuram,Persons Convicted,0,Female
Meerut,Persons Convicted,0,Female
Mumbai,Persons Convicted,22,Female
Nagpur,Persons Convicted,0,Female
Nasik,Persons Convicted,1,Female
Patna,Persons Convicted,0,Female
Prayagraj,Persons Convicted,2,Female
Pune,Persons Convicted,1,Female
Raipur,Persons Convicted,0,Female
Rajkot,Persons Convicted,8,Female
Ranchi,Persons Convicted,0,Female
Srinagar,Persons Convicted,0,Female
Surat,Persons Convicted,0,Female
Thiruvananthapuram,Persons Convicted,0,Female
Thrissur,Persons Convicted,0,Female
Tiruchirapalli,Persons Convicted,0,Female
Vadodara,Persons Convicted,0,Female
Varanasi,Persons Convicted,0,Female
Vasai Virar,Persons Convicted,0,Female
Vijayawada,Persons Convicted,2,Female
Vishakhapatnam,Persons Convicted,3,Female
Agra,Persons Convicted,0,Transgender
Ahmedabad,Persons Convicted,0,Transgender
Amritsar,Persons Convicted,0,Transgender
Asansol,Persons Convicted,0,Transgender
Aurangabad,Persons Convicted,0,Transgender
Bengaluru,Persons Convicted,0,Transgender
Bhopal,Persons Convicted,0,Transgender
Chandigarh City,Persons Convicted,0,Transgender
Chennai,Persons Convicted,0,Transgender
Coimbatore,Persons Convicted,0,Transgender
Delhi City,Persons Convicted,0,Transgender
Dhanbad,Persons Convicted,0,Transgender
Durg-Bhilainagar,Persons Convicted,0,Transgender
Faridabad,Persons Convicted,0,Transgender
Ghaziabad,Persons Convicted,0,Transgender
Gwalior,Persons Convicted,0,Transgender
Hyderabad,Persons Convicted,0,Transgender
Indore,Persons Convicted,0,Transgender
Jabalpur,Persons Convicted,0,Transgender
Jaipur,Persons Convicted,0,Transgender
Jamshedpur,Persons Convicted,0,Transgender
Jodhpur,Persons Convicted,0,Transgender
Kannur,Persons Convicted,0,Transgender
Kanpur,Persons Convicted,0,Transgender
Kochi,Persons Convicted,0,Transgender
Kolkata,Persons Convicted,0,Transgender
Kollam,Persons Convicted,0,Transgender
Kota,Persons Convicted,0,Transgender
Kozhikode,Persons Convicted,0,Transgender
Lucknow,Persons Convicted,0,Transgender
Ludhiana,Persons Convicted,0,Transgender
Madurai,Persons Convicted,0,Transgender
Malappuram,Persons Convicted,0,Transgender
Meerut,Persons Convicted,0,Transgender
Mumbai,Persons Convicted,0,Transgender
Nagpur,Persons Convicted,0,Transgender
Nasik,Persons Convicted,0,Transgender
Patna,Persons Convicted,0,Transgender
Prayagraj,Persons Convicted,0,Transgender
Pune,Persons Convicted,0,Transgender
Raipur,Persons Convicted,0,Transgender
Rajkot,Persons Convicted,0,Transgender
Ranchi,Persons Convicted,0,Transgender
Srinagar,Persons Convicted,0,Transgender
Surat,Persons Convicted,0,Transgender
Thiruvananthapuram,Persons Convicted,0,Transgender
Thrissur,Persons Convicted,0,Transgender
Tiruchirapalli,Persons Convicted,0,Transgender
Vadodara,Persons Convicted,0,Transgender
Varanasi,Persons Convicted,0,Transgender
Vasai Virar,Persons Convicted,0,Transgender
Vijayawada,Persons Convicted,0,Transgender
Vishakhapatnam,Persons Convicted,0,Transgender
Agra,Persons Discharged,3,Male
Ahmedabad,Persons Discharged,0,Male
Amritsar,Persons Discharged,0,Male
Asansol,Persons Discharged,0,Male
Aurangabad,Persons Discharged,5,Male
Bengaluru,Persons Discharged,3,Male
Bhopal,Persons Discharged,482,Male
Chandigarh City,Persons Discharged,1,Male
Chennai,Persons Discharged,0,Male
Coimbatore,Persons Discharged,0,Male
Delhi City,Persons Discharged,872,Male
Dhanbad,Persons Discharged,0,Male
Durg-Bhilainagar,Persons Discharged,0,Male
Faridabad,Persons Discharged,0,Male
Ghaziabad,Persons Discharged,0,Male
Gwalior,Persons Discharged,0,Male
Hyderabad,Persons Discharged,0,Male
Indore,Persons Discharged,1,Male
Jabalpur,Persons Discharged,0,Male
Jaipur,Persons Discharged,156,Male
Jamshedpur,Persons Discharged,0,Male
Jodhpur,Persons Discharged,48,Male
Kannur,Persons Discharged,0,Male
Kanpur,Persons Discharged,0,Male
Kochi,Persons Discharged,0,Male
Kolkata,Persons Discharged,0,Male
Kollam,Persons Discharged,0,Male
Kota,Persons Discharged,0,Male
Kozhikode,Persons Discharged,2,Male
Lucknow,Persons Discharged,0,Male
Ludhiana,Persons Discharged,0,Male
Madurai,Persons Discharged,0,Male
Malappuram,Persons Discharged,0,Male
Meerut,Persons Discharged,0,Male
Mumbai,Persons Discharged,15,Male
Nagpur,Persons Discharged,0,Male
Nasik,Persons Discharged,16,Male
Patna,Persons Discharged,0,Male
Prayagraj,Persons Discharged,2,Male
Pune,Persons Discharged,4,Male
Raipur,Persons Discharged,241,Male
Rajkot,Persons Discharged,271,Male
Ranchi,Persons Discharged,0,Male
Srinagar,Persons Discharged,5,Male
Surat,Persons Discharged,32,Male
Thiruvananthapuram,Persons Discharged,0,Male
Thrissur,Persons Discharged,42,Male
Tiruchirapalli,Persons Discharged,0,Male
Vadodara,Persons Discharged,0,Male
Varanasi,Persons Discharged,0,Male
Vasai Virar,Persons Discharged,0,Male
Vijayawada,Persons Discharged,2,Male
Vishakhapatnam,Persons Discharged,0,Male
Agra,Persons Discharged,0,Female
Ahmedabad,Persons Discharged,0,Female
Amritsar,Persons Discharged,0,Female
Asansol,Persons Discharged,0,Female
Aurangabad,Persons Discharged,0,Female
Bengaluru,Persons Discharged,1,Female
Bhopal,Persons Discharged,43,Female
Chandigarh City,Persons Discharged,0,Female
Chennai,Persons Discharged,0,Female
Coimbatore,Persons Discharged,0,Female
Delhi City,Persons Discharged,76,Female
Dhanbad,Persons Discharged,0,Female
Durg-Bhilainagar,Persons Discharged,0,Female
Faridabad,Persons Discharged,0,Female
Ghaziabad,Persons Discharged,0,Female
Gwalior,Persons Discharged,0,Female
Hyderabad,Persons Discharged,0,Female
Indore,Persons Discharged,0,Female
Jabalpur,Persons Discharged,0,Female
Jaipur,Persons Discharged,4,Female
Jamshedpur,Persons Discharged,0,Female
Jodhpur,Persons Discharged,9,Female
Kannur,Persons Discharged,0,Female
Kanpur,Persons Discharged,0,Female
Kochi,Persons Discharged,0,Female
Kolkata,Persons Discharged,0,Female
Kollam,Persons Discharged,0,Female
Kota,Persons Discharged,0,Female
Kozhikode,Persons Discharged,0,Female
Lucknow,Persons Discharged,0,Female
Ludhiana,Persons Discharged,0,Female
Madurai,Persons Discharged,0,Female
Malappuram,Persons Discharged,0,Female
Meerut,Persons Discharged,0,Female
Mumbai,Persons Discharged,3,Female
Nagpur,Persons Discharged,0,Female
Nasik,Persons Discharged,0,Female
Patna,Persons Discharged,0,Female
Prayagraj,Persons Discharged,0,Female
Pune,Persons Discharged,0,Female
Raipur,Persons Discharged,0,Female
Rajkot,Persons Discharged,21,Female
Ranchi,Persons Discharged,0,Female
Srinagar,Persons Discharged,0,Female
Surat,Persons Discharged,0,Female
Thiruvananthapuram,Persons Discharged,0,Female
Thrissur,Persons Discharged,2,Female
Tiruchirapalli,Persons Discharged,0,Female
Vadodara,Persons Discharged,0,Female
Varanasi,Persons Discharged,0,Female
Vasai Virar,Persons Discharged,0,Female
Vijayawada,Persons Discharged,0,Female
Vishakhapatnam,Persons Discharged,0,Female
Agra,Persons Discharged,0,Transgender
Ahmedabad,Persons Discharged,0,Transgender
Amritsar,Persons Discharged,0,Transgender
Asansol,Persons Discharged,0,Transgender
Aurangabad,Persons Discharged,0,Transgender
Bengaluru,Persons Discharged,0,Transgender
Bhopal,Persons Discharged,0,Transgender
Chandigarh City,Persons Discharged,0,Transgender
Chennai,Persons Discharged,0,Transgender
Coimbatore,Persons Discharged,0,Transgender
Delhi City,Persons Discharged,0,Transgender
Dhanbad,Persons Discharged,0,Transgender
Durg-Bhilainagar,Persons Discharged,0,Transgender
Faridabad,Persons Discharged,0,Transgender
Ghaziabad,Persons Discharged,0,Transgender
Gwalior,Persons Discharged,0,Transgender
Hyderabad,Persons Discharged,0,Transgender
Indore,Persons Discharged,0,Transgender
Jabalpur,Persons Discharged,0,Transgender
Jaipur,Persons Discharged,0,Transgender
Jamshedpur,Persons Discharged,0,Transgender
Jodhpur,Persons Discharged,0,Transgender
Kannur,Persons Discharged,0,Transgender
Kanpur,Persons Discharged,0,Transgender
Kochi,Persons Discharged,0,Transgender
Kolkata,Persons Discharged,0,Transgender
Kollam,Persons Discharged,0,Transgender
Kota,Persons Discharged,0,Transgender
Kozhikode,Persons Discharged,0,Transgender
Lucknow,Persons Discharged,0,Transgender
Ludhiana,Persons Discharged,0,Transgender
Madurai,Persons Discharged,0,Transgender
Malappuram,Persons Discharged,0,Transgender
Meerut,Persons Discharged,0,Transgender
Mumbai,Persons Discharged,0,Transgender
Nagpur,Persons Discharged,0,Transgender
Nasik,Persons Discharged,0,Transgender
Patna,Persons Discharged,0,Transgender
Prayagraj,Persons Discharged,0,Transgender
Pune,Persons Discharged,0,Transgender
Raipur,Persons Discharged,0,Transgender
Rajkot,Persons Discharged,0,Transgender
Ranchi,Persons Discharged,0,Transgender
Srinagar,Persons Discharged,0,Transgender
Surat,Persons Discharged,0,Transgender
Thiruvananthapuram,Persons Discharged,0,Transgender
Thrissur,Persons Discharged,0,Transgender
Tiruchirapalli,Persons Discharged,0,Transgender
Vadodara,Persons Discharged,0,Transgender
Varanasi,Persons Discharged,0,Transgender
Vasai Virar,Persons Discharged,0,Transgender
Vijayawada,Persons Discharged,0,Transgender
Vishakhapatnam,Persons Discharged,0,Transgender
Agra,Persons Acquitted,18,Male
Ahmedabad,Persons Acquitted,3207,Male
Amritsar,Persons Acquitted,93,Male
Asansol,Persons Acquitted,1046,Male
Aurangabad,Persons Acquitted,491,Male
Bengaluru,Persons Acquitted,2167,Male
Bhopal,Persons Acquitted,0,Male
Chandigarh City,Persons Acquitted,180,Male
Chennai,Persons Acquitted,183,Male
Coimbatore,Persons Acquitted,117,Male
Delhi City,Persons Acquitted,3345,Male
Dhanbad,Persons Acquitted,141,Male
Durg-Bhilainagar,Persons Acquitted,549,Male
Faridabad,Persons Acquitted,452,Male
Ghaziabad,Persons Acquitted,248,Male
Gwalior,Persons Acquitted,964,Male
Hyderabad,Persons Acquitted,1457,Male
Indore,Persons Acquitted,743,Male
Jabalpur,Persons Acquitted,214,Male
Jaipur,Persons Acquitted,173,Male
Jamshedpur,Persons Acquitted,174,Male
Jodhpur,Persons Acquitted,165,Male
Kannur,Persons Acquitted,268,Male
Kanpur,Persons Acquitted,826,Male
Kochi,Persons Acquitted,190,Male
Kolkata,Persons Acquitted,89,Male
Kollam,Persons Acquitted,441,Male
Kota,Persons Acquitted,378,Male
Kozhikode,Persons Acquitted,328,Male
Lucknow,Persons Acquitted,0,Male
Ludhiana,Persons Acquitted,249,Male
Madurai,Persons Acquitted,104,Male
Malappuram,Persons Acquitted,335,Male
Meerut,Persons Acquitted,112,Male
Mumbai,Persons Acquitted,925,Male
Nagpur,Persons Acquitted,706,Male
Nasik,Persons Acquitted,311,Male
Patna,Persons Acquitted,0,Male
Prayagraj,Persons Acquitted,11,Male
Pune,Persons Acquitted,578,Male
Raipur,Persons Acquitted,0,Male
Rajkot,Persons Acquitted,857,Male
Ranchi,Persons Acquitted,0,Male
Srinagar,Persons Acquitted,132,Male
Surat,Persons Acquitted,332,Male
Thiruvananthapuram,Persons Acquitted,38,Male
Thrissur,Persons Acquitted,457,Male
Tiruchirapalli,Persons Acquitted,30,Male
Vadodara,Persons Acquitted,74,Male
Varanasi,Persons Acquitted,0,Male
Vasai Virar,Persons Acquitted,22,Male
Vijayawada,Persons Acquitted,523,Male
Vishakhapatnam,Persons Acquitted,756,Male
Agra,Persons Acquitted,0,Female
Ahmedabad,Persons Acquitted,1440,Female
Amritsar,Persons Acquitted,16,Female
Asansol,Persons Acquitted,0,Female
Aurangabad,Persons Acquitted,46,Female
Bengaluru,Persons Acquitted,505,Female
Bhopal,Persons Acquitted,0,Female
Chandigarh City,Persons Acquitted,14,Female
Chennai,Persons Acquitted,31,Female
Coimbatore,Persons Acquitted,23,Female
Delhi City,Persons Acquitted,270,Female
Dhanbad,Persons Acquitted,0,Female
Durg-Bhilainagar,Persons Acquitted,110,Female
Faridabad,Persons Acquitted,23,Female
Ghaziabad,Persons Acquitted,0,Female
Gwalior,Persons Acquitted,164,Female
Hyderabad,Persons Acquitted,111,Female
Indore,Persons Acquitted,80,Female
Jabalpur,Persons Acquitted,1,Female
Jaipur,Persons Acquitted,5,Female
Jamshedpur,Persons Acquitted,0,Female
Jodhpur,Persons Acquitted,26,Female
Kannur,Persons Acquitted,27,Female
Kanpur,Persons Acquitted,38,Female
Kochi,Persons Acquitted,14,Female
Kolkata,Persons Acquitted,20,Female
Kollam,Persons Acquitted,14,Female
Kota,Persons Acquitted,12,Female
Kozhikode,Persons Acquitted,3,Female
Lucknow,Persons Acquitted,0,Female
Ludhiana,Persons Acquitted,43,Female
Madurai,Persons Acquitted,18,Female
Malappuram,Persons Acquitted,44,Female
Meerut,Persons Acquitted,0,Female
Mumbai,Persons Acquitted,85,Female
Nagpur,Persons Acquitted,129,Female
Nasik,Persons Acquitted,58,Female
Patna,Persons Acquitted,0,Female
Prayagraj,Persons Acquitted,3,Female
Pune,Persons Acquitted,189,Female
Raipur,Persons Acquitted,0,Female
Rajkot,Persons Acquitted,95,Female
Ranchi,Persons Acquitted,0,Female
Srinagar,Persons Acquitted,6,Female
Surat,Persons Acquitted,2,Female
Thiruvananthapuram,Persons Acquitted,0,Female
Thrissur,Persons Acquitted,42,Female
Tiruchirapalli,Persons Acquitted,1,Female
Vadodara,Persons Acquitted,27,Female
Varanasi,Persons Acquitted,0,Female
Vasai Virar,Persons Acquitted,4,Female
Vijayawada,Persons Acquitted,87,Female
Vishakhapatnam,Persons Acquitted,234,Female
Agra,Persons Acquitted,0,Transgender
Ahmedabad,Persons Acquitted,0,Transgender
Amritsar,Persons Acquitted,0,Transgender
Asansol,Persons Acquitted,0,Transgender
Aurangabad,Persons Acquitted,0,Transgender
Bengaluru,Persons Acquitted,0,Transgender
Bhopal,Persons Acquitted,0,Transgender
Chandigarh City,Persons Acquitted,0,Transgender
Chennai,Persons Acquitted,0,Transgender
Coimbatore,Persons Acquitted,0,Transgender
Delhi City,Persons Acquitted,0,Transgender
Dhanbad,Persons Acquitted,0,Transgender
Durg-Bhilainagar,Persons Acquitted,0,Transgender
Faridabad,Persons Acquitted,0,Transgender
Ghaziabad,Persons Acquitted,0,Transgender
Gwalior,Persons Acquitted,2,Transgender
Hyderabad,Persons Acquitted,0,Transgender
Indore,Persons Acquitted,0,Transgender
Jabalpur,Persons Acquitted,0,Transgender
Jaipur,Persons Acquitted,0,Transgender
Jamshedpur,Persons Acquitted,0,Transgender
Jodhpur,Persons Acquitted,0,Transgender
Kannur,Persons Acquitted,0,Transgender
Kanpur,Persons Acquitted,0,Transgender
Kochi,Persons Acquitted,0,Transgender
Kolkata,Persons Acquitted,0,Transgender
Kollam,Persons Acquitted,0,Transgender
Kota,Persons Acquitted,0,Transgender
Kozhikode,Persons Acquitted,0,Transgender
Lucknow,Persons Acquitted,0,Transgender
Ludhiana,Persons Acquitted,0,Transgender
Madurai,Persons Acquitted,0,Transgender
Malappuram,Persons Acquitted,0,Transgender
Meerut,Persons Acquitted,0,Transgender
Mumbai,Persons Acquitted,0,Transgender
Nagpur,Persons Acquitted,0,Transgender
Nasik,Persons Acquitted,0,Transgender
Patna,Persons Acquitted,0,Transgender
Prayagraj,Persons Acquitted,0,Transgender
Pune,Persons Acquitted,0,Transgender
Raipur,Persons Acquitted,0,Transgender
Rajkot,Persons Acquitted,0,Transgender
Ranchi,Persons Acquitted,0,Transgender
Srinagar,Persons Acquitted,0,Transgender
Surat,Persons Acquitted,0,Transgender
Thiruvananthapuram,Persons Acquitted,0,Transgender
Thrissur,Persons Acquitted,0,Transgender
Tiruchirapalli,Persons Acquitted,0,Transgender
Vadodara,Persons Acquitted,0,Transgender
Varanasi,Persons Acquitted,0,Transgender
Vasai Virar,Persons Acquitted,0,Transgender
Vijayawada,Persons Acquitted,0,Transgender
Vishakhapatnam,Persons Acquitted,0,Transgender
Agra,Persons in whose cases Trials were completed,71,Male
Ahmedabad,Persons in whose cases Trials were completed,3276,Male
Amritsar,Persons in whose cases Trials were completed,148,Male
Asansol,Persons in whose cases Trials were completed,1051,Male
Aurangabad,Persons in whose cases Trials were completed,520,Male
Bengaluru,Persons in whose cases Trials were completed,2239,Male
Bhopal,Persons in whose cases Trials were completed,645,Male
Chandigarh City,Persons in whose cases Trials were completed,226,Male
Chennai,Persons in whose cases Trials were completed,264,Male
Coimbatore,Persons in whose cases Trials were completed,184,Male
Delhi City,Persons in whose cases Trials were completed,6062,Male
Dhanbad,Persons in whose cases Trials were completed,181,Male
Durg-Bhilainagar,Persons in whose cases Trials were completed,665,Male
Faridabad,Persons in whose cases Trials were completed,569,Male
Ghaziabad,Persons in whose cases Trials were completed,282,Male
Gwalior,Persons in whose cases Trials were completed,1207,Male
Hyderabad,Persons in whose cases Trials were completed,1549,Male
Indore,Persons in whose cases Trials were completed,922,Male
Jabalpur,Persons in whose cases Trials were completed,351,Male
Jaipur,Persons in whose cases Trials were completed,460,Male
Jamshedpur,Persons in whose cases Trials were completed,262,Male
Jodhpur,Persons in whose cases Trials were completed,234,Male
Kannur,Persons in whose cases Trials were completed,319,Male
Kanpur,Persons in whose cases Trials were completed,1867,Male
Kochi,Persons in whose cases Trials were completed,224,Male
Kolkata,Persons in whose cases Trials were completed,158,Male
Kollam,Persons in whose cases Trials were completed,458,Male
Kota,Persons in whose cases Trials were completed,486,Male
Kozhikode,Persons in whose cases Trials were completed,353,Male
Lucknow,Persons in whose cases Trials were completed,0,Male
Ludhiana,Persons in whose cases Trials were completed,300,Male
Madurai,Persons in whose cases Trials were completed,115,Male
Malappuram,Persons in whose cases Trials were completed,353,Male
Meerut,Persons in whose cases Trials were completed,1427,Male
Mumbai,Persons in whose cases Trials were completed,1174,Male
Nagpur,Persons in whose cases Trials were completed,764,Male
Nasik,Persons in whose cases Trials were completed,350,Male
Patna,Persons in whose cases Trials were completed,0,Male
Prayagraj,Persons in whose cases Trials were completed,26,Male
Pune,Persons in whose cases Trials were completed,613,Male
Raipur,Persons in whose cases Trials were completed,282,Male
Rajkot,Persons in whose cases Trials were completed,1199,Male
Ranchi,Persons in whose cases Trials were completed,233,Male
Srinagar,Persons in whose cases Trials were completed,137,Male
Surat,Persons in whose cases Trials were completed,419,Male
Thiruvananthapuram,Persons in whose cases Trials were completed,81,Male
Thrissur,Persons in whose cases Trials were completed,554,Male
Tiruchirapalli,Persons in whose cases Trials were completed,36,Male
Vadodara,Persons in whose cases Trials were completed,75,Male
Varanasi,Persons in whose cases Trials were completed,134,Male
Vasai Virar,Persons in whose cases Trials were completed,29,Male
Vijayawada,Persons in whose cases Trials were completed,545,Male
Vishakhapatnam,Persons in whose cases Trials were completed,791,Male
Agra,Persons in whose cases Trials were completed,0,Female
Ahmedabad,Persons in whose cases Trials were completed,1451,Female
Amritsar,Persons in whose cases Trials were completed,22,Female
Asansol,Persons in whose cases Trials were completed,0,Female
Aurangabad,Persons in whose cases Trials were completed,48,Female
Bengaluru,Persons in whose cases Trials were completed,509,Female
Bhopal,Persons in whose cases Trials were completed,52,Female
Chandigarh City,Persons in whose cases Trials were completed,20,Female
Chennai,Persons in whose cases Trials were completed,43,Female
Coimbatore,Persons in whose cases Trials were completed,47,Female
Delhi City,Persons in whose cases Trials were completed,467,Female
Dhanbad,Persons in whose cases Trials were completed,0,Female
Durg-Bhilainagar,Persons in whose cases Trials were completed,117,Female
Faridabad,Persons in whose cases Trials were completed,24,Female
Ghaziabad,Persons in whose cases Trials were completed,1,Female
Gwalior,Persons in whose cases Trials were completed,198,Female
Hyderabad,Persons in whose cases Trials were completed,111,Female
Indore,Persons in whose cases Trials were completed,97,Female
Jabalpur,Persons in whose cases Trials were completed,1,Female
Jaipur,Persons in whose cases Trials were completed,11,Female
Jamshedpur,Persons in whose cases Trials were completed,0,Female
Jodhpur,Persons in whose cases Trials were completed,37,Female
Kannur,Persons in whose cases Trials were completed,27,Female
Kanpur,Persons in whose cases Trials were completed,76,Female
Kochi,Persons in whose cases Trials were completed,14,Female
Kolkata,Persons in whose cases Trials were completed,20,Female
Kollam,Persons in whose cases Trials were completed,14,Female
Kota,Persons in whose cases Trials were completed,18,Female
Kozhikode,Persons in whose cases Trials were completed,3,Female
Lucknow,Persons in whose cases Trials were completed,0,Female
Ludhiana,Persons in whose cases Trials were completed,45,Female
Madurai,Persons in whose cases Trials were completed,22,Female
Malappuram,Persons in whose cases Trials were completed,44,Female
Meerut,Persons in whose cases Trials were completed,0,Female
Mumbai,Persons in whose cases Trials were completed,110,Female
Nagpur,Persons in whose cases Trials were completed,129,Female
Nasik,Persons in whose cases Trials were completed,59,Female
Patna,Persons in whose cases Trials were completed,0,Female
Prayagraj,Persons in whose cases Trials were completed,5,Female
Pune,Persons in whose cases Trials were completed,190,Female
Raipur,Persons in whose cases Trials were completed,0,Female
Rajkot,Persons in whose cases Trials were completed,124,Female
Ranchi,Persons in whose cases Trials were completed,0,Female
Srinagar,Persons in whose cases Trials were completed,6,Female
Surat,Persons in whose cases Trials were completed,2,Female
Thiruvananthapuram,Persons in whose cases Trials were completed,0,Female
Thrissur,Persons in whose cases Trials were completed,44,Female
Tiruchirapalli,Persons in whose cases Trials were completed,1,Female
Vadodara,Persons in whose cases Trials were completed,27,Female
Varanasi,Persons in whose cases Trials were completed,0,Female
Vasai Virar,Persons in whose cases Trials were completed,4,Female
Vijayawada,Persons in whose cases Trials were completed,89,Female
Vishakhapatnam,Persons in whose cases Trials were completed,237,Female
Agra,Persons in whose cases Trials were completed,0,Transgender
Ahmedabad,Persons in whose cases Trials were completed,0,Transgender
Amritsar,Persons in whose cases Trials were completed,0,Transgender
Asansol,Persons in whose cases Trials were completed,0,Transgender
Aurangabad,Persons in whose cases Trials were completed,0,Transgender
Bengaluru,Persons in whose cases Trials were completed,0,Transgender
Bhopal,Persons in whose cases Trials were completed,0,Transgender
Chandigarh City,Persons in whose cases Trials were completed,0,Transgender
Chennai,Persons in whose cases Trials were completed,0,Transgender
Coimbatore,Persons in whose cases Trials were completed,0,Transgender
Delhi City,Persons in whose cases Trials were completed,0,Transgender
Dhanbad,Persons in whose cases Trials were completed,0,Transgender
Durg-Bhilainagar,Persons in whose cases Trials were completed,0,Transgender
Faridabad,Persons in whose cases Trials were completed,0,Transgender
Ghaziabad,Persons in whose cases Trials were completed,0,Transgender
Gwalior,Persons in whose cases Trials were completed,2,Transgender
Hyderabad,Persons in whose cases Trials were completed,0,Transgender
Indore,Persons in whose cases Trials were completed,0,Transgender
Jabalpur,Persons in whose cases Trials were completed,0,Transgender
Jaipur,Persons in whose cases Trials were completed,0,Transgender
Jamshedpur,Persons in whose cases Trials were completed,0,Transgender
Jodhpur,Persons in whose cases Trials were completed,0,Transgender
Kannur,Persons in whose cases Trials were completed,0,Transgender
Kanpur,Persons in whose cases Trials were completed,0,Transgender
Kochi,Persons in whose cases Trials were completed,0,Transgender
Kolkata,Persons in whose cases Trials were completed,0,Transgender
Kollam,Persons in whose cases Trials were completed,0,Transgender
Kota,Persons in whose cases Trials were completed,0,Transgender
Kozhikode,Persons in whose cases Trials were completed,0,Transgender
Lucknow,Persons in whose cases Trials were completed,0,Transgender
Ludhiana,Persons in whose cases Trials were completed,0,Transgender
Madurai,Persons in whose cases Trials were completed,0,Transgender
Malappuram,Persons in whose cases Trials were completed,0,Transgender
Meerut,Persons in whose cases Trials were completed,0,Transgender
Mumbai,Persons in whose cases Trials were completed,0,Transgender
Nagpur,Persons in whose cases Trials were completed,0,Transgender
Nasik,Persons in whose cases Trials were completed,0,Transgender
Patna,Persons in whose cases Trials were completed,0,Transgender
Prayagraj,Persons in whose cases Trials were completed,0,Transgender
Pune,Persons in whose cases Trials were completed,0,Transgender
Raipur,Persons in whose cases Trials were completed,0,Transgender
Rajkot,Persons in whose cases Trials were completed,0,Transgender
Ranchi,Persons in whose cases Trials were completed,0,Transgender
Srinagar,Persons in whose cases Trials were completed,0,Transgender
Surat,Persons in whose cases Trials were completed,0,Transgender
Thiruvananthapuram,Persons in whose cases Trials were completed,0,Transgender
Thrissur,Persons in whose cases Trials were completed,0,Transgender
Tiruchirapalli,Persons in whose cases Trials were completed,0,Transgender
Vadodara,Persons in whose cases Trials were completed,0,Transgender
Varanasi,Persons in whose cases Trials were completed,0,Transgender
Vasai Virar,Persons in whose cases Trials were completed,0,Transgender
Vijayawada,Persons in whose cases Trials were completed,0,Transgender
Vishakhapatnam,Persons in whose cases Trials were completed,0,Transgender
Agra,Persons in whose cases Trials were completed,16312,Male
Ahmedabad,Persons in whose cases Trials were completed,28049,Male
Amritsar,Persons in whose cases Trials were completed,1137,Male
Asansol,Persons in whose cases Trials were completed,10645,Male
Aurangabad,Persons in whose cases Trials were completed,10562,Male
Bengaluru,Persons in whose cases Trials were completed,27908,Male
Bhopal,Persons in whose cases Trials were completed,8348,Male
Chandigarh City,Persons in whose cases Trials were completed,1151,Male
Chennai,Persons in whose cases Trials were completed,2217,Male
Coimbatore,Persons in whose cases Trials were completed,819,Male
Delhi City,Persons in whose cases Trials were completed,96759,Male
Dhanbad,Persons in whose cases Trials were completed,989,Male
Durg-Bhilainagar,Persons in whose cases Trials were completed,1644,Male
Faridabad,Persons in whose cases Trials were completed,6764,Male
Ghaziabad,Persons in whose cases Trials were completed,11471,Male
Gwalior,Persons in whose cases Trials were completed,5954,Male
Hyderabad,Persons in whose cases Trials were completed,10002,Male
Indore,Persons in whose cases Trials were completed,11058,Male
Jabalpur,Persons in whose cases Trials were completed,5135,Male
Jaipur,Persons in whose cases Trials were completed,19076,Male
Jamshedpur,Persons in whose cases Trials were completed,978,Male
Jodhpur,Persons in whose cases Trials were completed,7404,Male
Kannur,Persons in whose cases Trials were completed,3365,Male
Kanpur,Persons in whose cases Trials were completed,12465,Male
Kochi,Persons in whose cases Trials were completed,7503,Male
Kolkata,Persons in whose cases Trials were completed,16798,Male
Kollam,Persons in whose cases Trials were completed,7666,Male
Kota,Persons in whose cases Trials were completed,6360,Male
Kozhikode,Persons in whose cases Trials were completed,3379,Male
Lucknow,Persons in whose cases Trials were completed,39062,Male
Ludhiana,Persons in whose cases Trials were completed,2093,Male
Madurai,Persons in whose cases Trials were completed,1240,Male
Malappuram,Persons in whose cases Trials were completed,2457,Male
Meerut,Persons in whose cases Trials were completed,10777,Male
Mumbai,Persons in whose cases Trials were completed,48377,Male
Nagpur,Persons in whose cases Trials were completed,15443,Male
Nasik,Persons in whose cases Trials were completed,7694,Male
Patna,Persons in whose cases Trials were completed,13313,Male
Prayagraj,Persons in whose cases Trials were completed,10386,Male
Pune,Persons in whose cases Trials were completed,27116,Male
Raipur,Persons in whose cases Trials were completed,3462,Male
Rajkot,Persons in whose cases Trials were completed,6799,Male
Ranchi,Persons in whose cases Trials were completed,1681,Male
Srinagar,Persons in whose cases Trials were completed,6470,Male
Surat,Persons in whose cases Trials were completed,19943,Male
Thiruvananthapuram,Persons in whose cases Trials were completed,5713,Male
Thrissur,Persons in whose cases Trials were completed,5956,Male
Tiruchirapalli,Persons in whose cases Trials were completed,387,Male
Vadodara,Persons in whose cases Trials were completed,8720,Male
Varanasi,Persons in whose cases Trials were completed,12525,Male
Vasai Virar,Persons in whose cases Trials were completed,7658,Male
Vijayawada,Persons in whose cases Trials were completed,9448,Male
Vishakhapatnam,Persons in whose cases Trials were completed,6280,Male
Agra,Persons in whose cases Trials were completed,1197,Female
Ahmedabad,Persons in whose cases Trials were completed,9233,Female
Amritsar,Persons in whose cases Trials were completed,161,Female
Asansol,Persons in whose cases Trials were completed,807,Female
Aurangabad,Persons in whose cases Trials were completed,3105,Female
Bengaluru,Persons in whose cases Trials were completed,9227,Female
Bhopal,Persons in whose cases Trials were completed,3566,Female
Chandigarh City,Persons in whose cases Trials were completed,182,Female
Chennai,Persons in whose cases Trials were completed,182,Female
Coimbatore,Persons in whose cases Trials were completed,155,Female
Delhi City,Persons in whose cases Trials were completed,6778,Female
Dhanbad,Persons in whose cases Trials were completed,14,Female
Durg-Bhilainagar,Persons in whose cases Trials were completed,487,Female
Faridabad,Persons in whose cases Trials were completed,711,Female
Ghaziabad,Persons in whose cases Trials were completed,1928,Female
Gwalior,Persons in whose cases Trials were completed,1993,Female
Hyderabad,Persons in whose cases Trials were completed,2322,Female
Indore,Persons in whose cases Trials were completed,3376,Female
Jabalpur,Persons in whose cases Trials were completed,776,Female
Jaipur,Persons in whose cases Trials were completed,1506,Female
Jamshedpur,Persons in whose cases Trials were completed,28,Female
Jodhpur,Persons in whose cases Trials were completed,744,Female
Kannur,Persons in whose cases Trials were completed,376,Female
Kanpur,Persons in whose cases Trials were completed,1476,Female
Kochi,Persons in whose cases Trials were completed,575,Female
Kolkata,Persons in whose cases Trials were completed,2021,Female
Kollam,Persons in whose cases Trials were completed,363,Female
Kota,Persons in whose cases Trials were completed,345,Female
Kozhikode,Persons in whose cases Trials were completed,622,Female
Lucknow,Persons in whose cases Trials were completed,6167,Female
Ludhiana,Persons in whose cases Trials were completed,476,Female
Madurai,Persons in whose cases Trials were completed,139,Female
Malappuram,Persons in whose cases Trials were completed,525,Female
Meerut,Persons in whose cases Trials were completed,325,Female
Mumbai,Persons in whose cases Trials were completed,4769,Female
Nagpur,Persons in whose cases Trials were completed,3223,Female
Nasik,Persons in whose cases Trials were completed,3007,Female
Patna,Persons in whose cases Trials were completed,26,Female
Prayagraj,Persons in whose cases Trials were completed,1073,Female
Pune,Persons in whose cases Trials were completed,4660,Female
Raipur,Persons in whose cases Trials were completed,343,Female
Rajkot,Persons in whose cases Trials were completed,2695,Female
Ranchi,Persons in whose cases Trials were completed,7,Female
Srinagar,Persons in whose cases Trials were completed,403,Female
Surat,Persons in whose cases Trials were completed,5424,Female
Thiruvananthapuram,Persons in whose cases Trials were completed,367,Female
Thrissur,Persons in whose cases Trials were completed,1122,Female
Tiruchirapalli,Persons in whose cases Trials were completed,118,Female
Vadodara,Persons in whose cases Trials were completed,3907,Female
Varanasi,Persons in whose cases Trials were completed,1125,Female
Vasai Virar,Persons in whose cases Trials were completed,782,Female
Vijayawada,Persons in whose cases Trials were completed,1243,Female
Vishakhapatnam,Persons in whose cases Trials were completed,2395,Female
Agra,Persons in whose cases Trials were completed,0,Transgender
Ahmedabad,Persons in whose cases Trials were completed,0,Transgender
Amritsar,Persons in whose cases Trials were completed,0,Transgender
Asansol,Persons in whose cases Trials were completed,0,Transgender
Aurangabad,Persons in whose cases Trials were completed,0,Transgender
Bengaluru,Persons in whose cases Trials were completed,2,Transgender
Bhopal,Persons in whose cases Trials were completed,0,Transgender
Chandigarh City,Persons in whose cases Trials were completed,0,Transgender
Chennai,Persons in whose cases Trials were completed,0,Transgender
Coimbatore,Persons in whose cases Trials were completed,0,Transgender
Delhi City,Persons in whose cases Trials were completed,0,Transgender
Dhanbad,Persons in whose cases Trials were completed,0,Transgender
Durg-Bhilainagar,Persons in whose cases Trials were completed,0,Transgender
Faridabad,Persons in whose cases Trials were completed,0,Transgender
Ghaziabad,Persons in whose cases Trials were completed,0,Transgender
Gwalior,Persons in whose cases Trials were completed,0,Transgender
Hyderabad,Persons in whose cases Trials were completed,0,Transgender
Indore,Persons in whose cases Trials were completed,1,Transgender
Jabalpur,Persons in whose cases Trials were completed,0,Transgender
Jaipur,Persons in whose cases Trials were completed,0,Transgender
Jamshedpur,Persons in whose cases Trials were completed,0,Transgender
Jodhpur,Persons in whose cases Trials were completed,0,Transgender
Kannur,Persons in whose cases Trials were completed,0,Transgender
Kanpur,Persons in whose cases Trials were completed,0,Transgender
Kochi,Persons in whose cases Trials were completed,0,Transgender
Kolkata,Persons in whose cases Trials were completed,0,Transgender
Kollam,Persons in whose cases Trials were completed,0,Transgender
Kota,Persons in whose cases Trials were completed,0,Transgender
Kozhikode,Persons in whose cases Trials were completed,0,Transgender
Lucknow,Persons in whose cases Trials were completed,0,Transgender
Ludhiana,Persons in whose cases Trials were completed,0,Transgender
Madurai,Persons in whose cases Trials were completed,0,Transgender
Malappuram,Persons in whose cases Trials were completed,0,Transgender
Meerut,Persons in whose cases Trials were completed,0,Transgender
Mumbai,Persons in whose cases Trials were completed,1,Transgender
Nagpur,Persons in whose cases Trials were completed,3,Transgender
Nasik,Persons in whose cases Trials were completed,0,Transgender
Patna,Persons in whose cases Trials were completed,0,Transgender
Prayagraj,Persons in whose cases Trials were completed,0,Transgender
Pune,Persons in whose cases Trials were completed,0,Transgender
Raipur,Persons in whose cases Trials were completed,0,Transgender
Rajkot,Persons in whose cases Trials were completed,0,Transgender
Ranchi,Persons in whose cases Trials were completed,0,Transgender
Srinagar,Persons in whose cases Trials were completed,0,Transgender
Surat,Persons in whose cases Trials were completed,0,Transgender
Thiruvananthapuram,Persons in whose cases Trials were completed,0,Transgender
Thrissur,Persons in whose cases Trials were completed,0,Transgender
Tiruchirapalli,Persons in whose cases Trials were completed,0,Transgender
Vadodara,Persons in whose cases Trials were completed,0,Transgender
Varanasi,Persons in whose cases Trials were completed,0,Transgender
Vasai Virar,Persons in whose cases Trials were completed,0,Transgender
Vijayawada,Persons in whose cases Trials were completed,0,Transgender
Vishakhapatnam,Persons in whose cases Trials were completed,0,Transgender
