Year,State_UT,Is_Detailed_Subcategory,Count,Crime_Head_Standardized,Crime_Head_Subcategory
2001,Andaman & Nicobar Islands,False,19.0,Assault & Sexual Harassment,Assault to Outrage Modesty
2001,Andaman & Nicobar Islands,False,9.0,Cruelty & Dowry Offenses,Cruelty by Husband/Relatives
2001,Andaman & Nicobar Islands,False,0.0,Cruelty & Dowry Offenses,Dowry Death
2001,Andaman & Nicobar Islands,False,0.0,Human Trafficking,Immoral Traffic (Prevention) Act
2001,Andaman & Nicobar Islands,False,0.0,Special & Local Laws,Indecent Representation of Women Act
2001,Andaman & Nicobar Islands,False,1.0,Assault & Sexual Harassment,Insult to Modesty of Women
2001,Andaman & Nicobar Islands,False,2.0,Kidnapping & Abduction,Kidnapping & Abduction (General)
2001,Andaman & Nicobar Islands,False,3.0,Rape & Attempted Rape,Rape (General/Other)
2001,Andhra Pradesh,False,3544.0,Assault & Sexual Harassment,Assault to Outrage Modesty
2001,Andhra Pradesh,False,5791.0,Cruelty & Dowry Offenses,Cruelty by Husband/Relatives
2001,Andhra Pradesh,False,420.0,Cruelty & Dowry Offenses,Dowry Death
2001,Andhra Pradesh,False,1332.0,Human Trafficking,Immoral Traffic (Prevention) Act
2001,Andhra Pradesh,False,925.0,Special & Local Laws,Indecent Representation of Women Act
2001,Andhra Pradesh,False,2271.0,Assault & Sexual Harassment,Insult to Modesty of Women
2001,Andhra Pradesh,False,765.0,Kidnapping & Abduction,Kidnapping & Abduction (General)
2001,Andhra Pradesh,False,871.0,Rape & Attempted Rape,Rape (General/Other)
2001,Arunachal Pradesh,False,78.0,Assault & Sexual Harassment,Assault to Outrage Modesty
2001,Arunachal Pradesh,False,11.0,Cruelty & Dowry Offenses,Cruelty by Husband/Relatives
2001,Arunachal Pradesh,False,0.0,Cruelty & Dowry Offenses,Dowry Death
2001,Arunachal Pradesh,False,0.0,Human Trafficking,Immoral Traffic (Prevention) Act
2001,Arunachal Pradesh,False,0.0,Special & Local Laws,Indecent Representation of Women Act
2001,Arunachal Pradesh,False,3.0,Assault & Sexual Harassment,Insult to Modesty of Women
2001,Arunachal Pradesh,False,55.0,Kidnapping & Abduction,Kidnapping & Abduction (General)
2001,Arunachal Pradesh,False,33.0,Rape & Attempted Rape,Rape (General/Other)
2001,Assam,False,850.0,Assault & Sexual Harassment,Assault to Outrage Modesty
2001,Assam,False,1248.0,Cruelty & Dowry Offenses,Cruelty by Husband/Relatives
2001,Assam,False,59.0,Cruelty & Dowry Offenses,Dowry Death
2001,Assam,False,6.0,Human Trafficking,Immoral Traffic (Prevention) Act
2001,Assam,False,10.0,Special & Local Laws,Indecent Representation of Women Act
2001,Assam,False,4.0,Assault & Sexual Harassment,Insult to Modesty of Women
2001,Assam,False,1070.0,Kidnapping & Abduction,Kidnapping & Abduction (General)
2001,Assam,False,817.0,Rape & Attempted Rape,Rape (General/Other)
2001,Bihar,False,562.0,Assault & Sexual Harassment,Assault to Outrage Modesty
2001,Bihar,False,1558.0,Cruelty & Dowry Offenses,Cruelty by Husband/Relatives
2001,Bihar,False,859.0,Cruelty & Dowry Offenses,Dowry Death
2001,Bihar,False,29.0,Human Trafficking,Immoral Traffic (Prevention) Act
2001,Bihar,False,3.0,Special & Local Laws,Indecent Representation of Women Act
2001,Bihar,False,21.0,Assault & Sexual Harassment,Insult to Modesty of Women
2001,Bihar,False,518.0,Kidnapping & Abduction,Kidnapping & Abduction (General)
2001,Bihar,False,888.0,Rape & Attempted Rape,Rape (General/Other)
2001,Chandigarh,False,24.0,Assault & Sexual Harassment,Assault to Outrage Modesty
2001,Chandigarh,False,36.0,Cruelty & Dowry Offenses,Cruelty by Husband/Relatives
2001,Chandigarh,False,3.0,Cruelty & Dowry Offenses,Dowry Death
2001,Chandigarh,False,3.0,Human Trafficking,Immoral Traffic (Prevention) Act
2001,Chandigarh,False,1.0,Special & Local Laws,Indecent Representation of Women Act
2001,Chandigarh,False,15.0,Assault & Sexual Harassment,Insult to Modesty of Women
2001,Chandigarh,False,50.0,Kidnapping & Abduction,Kidnapping & Abduction (General)
2001,Chandigarh,False,18.0,Rape & Attempted Rape,Rape (General/Other)
2001,Chhattisgarh,False,1763.0,Assault & Sexual Harassment,Assault to Outrage Modesty
2001,Chhattisgarh,False,840.0,Cruelty & Dowry Offenses,Cruelty by Husband/Relatives
2001,Chhattisgarh,False,70.0,Cruelty & Dowry Offenses,Dowry Death
2001,Chhattisgarh,False,12.0,Human Trafficking,Immoral Traffic (Prevention) Act
2001,Chhattisgarh,False,0.0,Special & Local Laws,Indecent Representation of Women Act
2001,Chhattisgarh,False,161.0,Assault & Sexual Harassment,Insult to Modesty of Women
2001,Chhattisgarh,False,171.0,Kidnapping & Abduction,Kidnapping & Abduction (General)
2001,Chhattisgarh,False,959.0,Rape & Attempted Rape,Rape (General/Other)
2001,"Dadra & Nagar Haveli (pre-2020, separate UT)",False,7.0,Assault & Sexual Harassment,Assault to Outrage Modesty
2001,"Dadra & Nagar Haveli (pre-2020, separate UT)",False,4.0,Cruelty & Dowry Offenses,Cruelty by Husband/Relatives
2001,"Dadra & Nagar Haveli (pre-2020, separate UT)",False,0.0,Cruelty & Dowry Offenses,Dowry Death
2001,"Dadra & Nagar Haveli (pre-2020, separate UT)",False,0.0,Human Trafficking,Immoral Traffic (Prevention) Act
2001,"Dadra & Nagar Haveli (pre-2020, separate UT)",False,0.0,Special & Local Laws,Indecent Representation of Women Act
2001,"Dadra & Nagar Haveli (pre-2020, separate UT)",False,0.0,Assault & Sexual Harassment,Insult to Modesty of Women
2001,"Dadra & Nagar Haveli (pre-2020, separate UT)",False,2.0,Kidnapping & Abduction,Kidnapping & Abduction (General)
2001,"Dadra & Nagar Haveli (pre-2020, separate UT)",False,6.0,Rape & Attempted Rape,Rape (General/Other)
2001,"Daman & Diu (pre-2020, separate UT)",False,0.0,Assault & Sexual Harassment,Assault to Outrage Modesty
2001,"Daman & Diu (pre-2020, separate UT)",False,4.0,Cruelty & Dowry Offenses,Cruelty by Husband/Relatives
2001,"Daman & Diu (pre-2020, separate UT)",False,0.0,Cruelty & Dowry Offenses,Dowry Death
2001,"Daman & Diu (pre-2020, separate UT)",False,3.0,Human Trafficking,Immoral Traffic (Prevention) Act
2001,"Daman & Diu (pre-2020, separate UT)",False,0.0,Special & Local Laws,Indecent Representation of Women Act
2001,"Daman & Diu (pre-2020, separate UT)",False,0.0,Assault & Sexual Harassment,Insult to Modesty of Women
2001,"Daman & Diu (pre-2020, separate UT)",False,3.0,Kidnapping & Abduction,Kidnapping & Abduction (General)
2001,"Daman & Diu (pre-2020, separate UT)",False,0.0,Rape & Attempted Rape,Rape (General/Other)
2001,Delhi,False,502.0,Assault & Sexual Harassment,Assault to Outrage Modesty
2001,Delhi,False,138.0,Cruelty & Dowry Offenses,Cruelty by Husband/Relatives
2001,Delhi,False,113.0,Cruelty & Dowry Offenses,Dowry Death
2001,Delhi,False,95.0,Human Trafficking,Immoral Traffic (Prevention) Act
2001,Delhi,False,1.0,Special & Local Laws,Indecent Representation of Women Act
2001,Delhi,False,90.0,Assault & Sexual Harassment,Insult to Modesty of Women
2001,Delhi,False,964.0,Kidnapping & Abduction,Kidnapping & Abduction (General)
2001,Delhi,False,381.0,Rape & Attempted Rape,Rape (General/Other)
2001,Goa,False,17.0,Assault & Sexual Harassment,Assault to Outrage Modesty
2001,Goa,False,11.0,Cruelty & Dowry Offenses,Cruelty by Husband/Relatives
2001,Goa,False,2.0,Cruelty & Dowry Offenses,Dowry Death
2001,Goa,False,28.0,Human Trafficking,Immoral Traffic (Prevention) Act
2001,Goa,False,0.0,Special & Local Laws,Indecent Representation of Women Act
2001,Goa,False,7.0,Assault & Sexual Harassment,Insult to Modesty of Women
2001,Goa,False,6.0,Kidnapping & Abduction,Kidnapping & Abduction (General)
2001,Goa,False,12.0,Rape & Attempted Rape,Rape (General/Other)
2001,Gujarat,False,756.0,Assault & Sexual Harassment,Assault to Outrage Modesty
2001,Gujarat,False,3667.0,Cruelty & Dowry Offenses,Cruelty by Husband/Relatives
2001,Gujarat,False,67.0,Cruelty & Dowry Offenses,Dowry Death
2001,Gujarat,False,61.0,Human Trafficking,Immoral Traffic (Prevention) Act
2001,Gujarat,False,0.0,Special & Local Laws,Indecent Representation of Women Act
2001,Gujarat,False,111.0,Assault & Sexual Harassment,Insult to Modesty of Women
2001,Gujarat,False,857.0,Kidnapping & Abduction,Kidnapping & Abduction (General)
2001,Gujarat,False,286.0,Rape & Attempted Rape,Rape (General/Other)
2001,Haryana,False,478.0,Assault & Sexual Harassment,Assault to Outrage Modesty
2001,Haryana,False,1513.0,Cruelty & Dowry Offenses,Cruelty by Husband/Relatives
2001,Haryana,False,285.0,Cruelty & Dowry Offenses,Dowry Death
2001,Haryana,False,21.0,Human Trafficking,Immoral Traffic (Prevention) Act
2001,Haryana,False,0.0,Special & Local Laws,Indecent Representation of Women Act
2001,Haryana,False,401.0,Assault & Sexual Harassment,Insult to Modesty of Women
2001,Haryana,False,297.0,Kidnapping & Abduction,Kidnapping & Abduction (General)
2001,Haryana,False,398.0,Rape & Attempted Rape,Rape (General/Other)
2001,Himachal Pradesh,False,310.0,Assault & Sexual Harassment,Assault to Outrage Modesty
2001,Himachal Pradesh,False,317.0,Cruelty & Dowry Offenses,Cruelty by Husband/Relatives
2001,Himachal Pradesh,False,10.0,Cruelty & Dowry Offenses,Dowry Death
2001,Himachal Pradesh,False,1.0,Human Trafficking,Immoral Traffic (Prevention) Act
2001,Himachal Pradesh,False,0.0,Special & Local Laws,Indecent Representation of Women Act
2001,Himachal Pradesh,False,14.0,Assault & Sexual Harassment,Insult to Modesty of Women
2001,Himachal Pradesh,False,105.0,Kidnapping & Abduction,Kidnapping & Abduction (General)
2001,Himachal Pradesh,False,124.0,Rape & Attempted Rape,Rape (General/Other)
2001,Jammu & Kashmir,False,622.0,Assault & Sexual Harassment,Assault to Outrage Modesty
2001,Jammu & Kashmir,False,50.0,Cruelty & Dowry Offenses,Cruelty by Husband/Relatives
2001,Jammu & Kashmir,False,13.0,Cruelty & Dowry Offenses,Dowry Death
2001,Jammu & Kashmir,False,7.0,Human Trafficking,Immoral Traffic (Prevention) Act
2001,Jammu & Kashmir,False,0.0,Special & Local Laws,Indecent Representation of Women Act
2001,Jammu & Kashmir,False,288.0,Assault & Sexual Harassment,Insult to Modesty of Women
2001,Jammu & Kashmir,False,504.0,Kidnapping & Abduction,Kidnapping & Abduction (General)
2001,Jammu & Kashmir,False,169.0,Rape & Attempted Rape,Rape (General/Other)
2001,Jharkhand,False,297.0,Assault & Sexual Harassment,Assault to Outrage Modesty
2001,Jharkhand,False,484.0,Cruelty & Dowry Offenses,Cruelty by Husband/Relatives
2001,Jharkhand,False,217.0,Cruelty & Dowry Offenses,Dowry Death
2001,Jharkhand,False,3.0,Human Trafficking,Immoral Traffic (Prevention) Act
2001,Jharkhand,False,0.0,Special & Local Laws,Indecent Representation of Women Act
2001,Jharkhand,False,5.0,Assault & Sexual Harassment,Insult to Modesty of Women
2001,Jharkhand,False,279.0,Kidnapping & Abduction,Kidnapping & Abduction (General)
2001,Jharkhand,False,567.0,Rape & Attempted Rape,Rape (General/Other)
2001,Karnataka,False,1665.0,Assault & Sexual Harassment,Assault to Outrage Modesty
2001,Karnataka,False,1755.0,Cruelty & Dowry Offenses,Cruelty by Husband/Relatives
2001,Karnataka,False,220.0,Cruelty & Dowry Offenses,Dowry Death
2001,Karnataka,False,1356.0,Human Trafficking,Immoral Traffic (Prevention) Act
2001,Karnataka,False,0.0,Special & Local Laws,Indecent Representation of Women Act
2001,Karnataka,False,81.0,Assault & Sexual Harassment,Insult to Modesty of Women
2001,Karnataka,False,271.0,Kidnapping & Abduction,Kidnapping & Abduction (General)
2001,Karnataka,False,293.0,Rape & Attempted Rape,Rape (General/Other)
2001,Kerala,False,1942.0,Assault & Sexual Harassment,Assault to Outrage Modesty
2001,Kerala,False,2561.0,Cruelty & Dowry Offenses,Cruelty by Husband/Relatives
2001,Kerala,False,27.0,Cruelty & Dowry Offenses,Dowry Death
2001,Kerala,False,132.0,Human Trafficking,Immoral Traffic (Prevention) Act
2001,Kerala,False,42.0,Special & Local Laws,Indecent Representation of Women Act
2001,Kerala,False,81.0,Assault & Sexual Harassment,Insult to Modesty of Women
2001,Kerala,False,97.0,Kidnapping & Abduction,Kidnapping & Abduction (General)
2001,Kerala,False,562.0,Rape & Attempted Rape,Rape (General/Other)
2001,Lakshadweep,False,0.0,Assault & Sexual Harassment,Assault to Outrage Modesty
2001,Lakshadweep,False,0.0,Cruelty & Dowry Offenses,Cruelty by Husband/Relatives
2001,Lakshadweep,False,0.0,Cruelty & Dowry Offenses,Dowry Death
2001,Lakshadweep,False,0.0,Human Trafficking,Immoral Traffic (Prevention) Act
2001,Lakshadweep,False,0.0,Special & Local Laws,Indecent Representation of Women Act
2001,Lakshadweep,False,0.0,Assault & Sexual Harassment,Insult to Modesty of Women
2001,Lakshadweep,False,0.0,Kidnapping & Abduction,Kidnapping & Abduction (General)
2001,Lakshadweep,False,0.0,Rape & Attempted Rape,Rape (General/Other)
2001,Madhya Pradesh,False,7063.0,Assault & Sexual Harassment,Assault to Outrage Modesty
2001,Madhya Pradesh,False,2562.0,Cruelty & Dowry Offenses,Cruelty by Husband/Relatives
2001,Madhya Pradesh,False,609.0,Cruelty & Dowry Offenses,Dowry Death
2001,Madhya Pradesh,False,15.0,Human Trafficking,Immoral Traffic (Prevention) Act
2001,Madhya Pradesh,False,0.0,Special & Local Laws,Indecent Representation of Women Act
2001,Madhya Pradesh,False,751.0,Assault & Sexual Harassment,Insult to Modesty of Women
2001,Madhya Pradesh,False,668.0,Kidnapping & Abduction,Kidnapping & Abduction (General)
2001,Madhya Pradesh,False,2851.0,Rape & Attempted Rape,Rape (General/Other)
2001,Maharashtra,False,2823.0,Assault & Sexual Harassment,Assault to Outrage Modesty
2001,Maharashtra,False,6090.0,Cruelty & Dowry Offenses,Cruelty by Husband/Relatives
2001,Maharashtra,False,308.0,Cruelty & Dowry Offenses,Dowry Death
2001,Maharashtra,False,233.0,Human Trafficking,Immoral Traffic (Prevention) Act
2001,Maharashtra,False,9.0,Special & Local Laws,Indecent Representation of Women Act
2001,Maharashtra,False,1120.0,Assault & Sexual Harassment,Insult to Modesty of Women
2001,Maharashtra,False,611.0,Kidnapping & Abduction,Kidnapping & Abduction (General)
2001,Maharashtra,False,1302.0,Rape & Attempted Rape,Rape (General/Other)
2001,Manipur,False,21.0,Assault & Sexual Harassment,Assault to Outrage Modesty
2001,Manipur,False,5.0,Cruelty & Dowry Offenses,Cruelty by Husband/Relatives
2001,Manipur,False,0.0,Cruelty & Dowry Offenses,Dowry Death
2001,Manipur,False,4.0,Human Trafficking,Immoral Traffic (Prevention) Act
2001,Manipur,False,0.0,Special & Local Laws,Indecent Representation of Women Act
2001,Manipur,False,0.0,Assault & Sexual Harassment,Insult to Modesty of Women
2001,Manipur,False,62.0,Kidnapping & Abduction,Kidnapping & Abduction (General)
2001,Manipur,False,20.0,Rape & Attempted Rape,Rape (General/Other)
2001,Meghalaya,False,25.0,Assault & Sexual Harassment,Assault to Outrage Modesty
2001,Meghalaya,False,4.0,Cruelty & Dowry Offenses,Cruelty by Husband/Relatives
2001,Meghalaya,False,0.0,Cruelty & Dowry Offenses,Dowry Death
2001,Meghalaya,False,0.0,Human Trafficking,Immoral Traffic (Prevention) Act
2001,Meghalaya,False,0.0,Special & Local Laws,Indecent Representation of Women Act
2001,Meghalaya,False,0.0,Assault & Sexual Harassment,Insult to Modesty of Women
2001,Meghalaya,False,11.0,Kidnapping & Abduction,Kidnapping & Abduction (General)
2001,Meghalaya,False,26.0,Rape & Attempted Rape,Rape (General/Other)
2001,Mizoram,False,52.0,Assault & Sexual Harassment,Assault to Outrage Modesty
2001,Mizoram,False,16.0,Cruelty & Dowry Offenses,Cruelty by Husband/Relatives
2001,Mizoram,False,0.0,Cruelty & Dowry Offenses,Dowry Death
2001,Mizoram,False,2.0,Human Trafficking,Immoral Traffic (Prevention) Act
2001,Mizoram,False,0.0,Special & Local Laws,Indecent Representation of Women Act
2001,Mizoram,False,0.0,Assault & Sexual Harassment,Insult to Modesty of Women
2001,Mizoram,False,1.0,Kidnapping & Abduction,Kidnapping & Abduction (General)
2001,Mizoram,False,52.0,Rape & Attempted Rape,Rape (General/Other)
2001,Nagaland,False,6.0,Assault & Sexual Harassment,Assault to Outrage Modesty
2001,Nagaland,False,0.0,Cruelty & Dowry Offenses,Cruelty by Husband/Relatives
2001,Nagaland,False,0.0,Cruelty & Dowry Offenses,Dowry Death
2001,Nagaland,False,1.0,Human Trafficking,Immoral Traffic (Prevention) Act
2001,Nagaland,False,0.0,Special & Local Laws,Indecent Representation of Women Act
2001,Nagaland,False,0.0,Assault & Sexual Harassment,Insult to Modesty of Women
2001,Nagaland,False,6.0,Kidnapping & Abduction,Kidnapping & Abduction (General)
2001,Nagaland,False,17.0,Rape & Attempted Rape,Rape (General/Other)
2001,Odisha,False,1655.0,Assault & Sexual Harassment,Assault to Outrage Modesty
2001,Odisha,False,1266.0,Cruelty & Dowry Offenses,Cruelty by Husband/Relatives
2001,Odisha,False,294.0,Cruelty & Dowry Offenses,Dowry Death
2001,Odisha,False,24.0,Human Trafficking,Immoral Traffic (Prevention) Act
2001,Odisha,False,0.0,Special & Local Laws,Indecent Representation of Women Act
2001,Odisha,False,458.0,Assault & Sexual Harassment,Insult to Modesty of Women
2001,Odisha,False,434.0,Kidnapping & Abduction,Kidnapping & Abduction (General)
2001,Odisha,False,790.0,Rape & Attempted Rape,Rape (General/Other)
2001,Puducherry,False,35.0,Assault & Sexual Harassment,Assault to Outrage Modesty
2001,Puducherry,False,3.0,Cruelty & Dowry Offenses,Cruelty by Husband/Relatives
2001,Puducherry,False,1.0,Cruelty & Dowry Offenses,Dowry Death
2001,Puducherry,False,39.0,Human Trafficking,Immoral Traffic (Prevention) Act
2001,Puducherry,False,0.0,Special & Local Laws,Indecent Representation of Women Act
2001,Puducherry,False,27.0,Assault & Sexual Harassment,Insult to Modesty of Women
2001,Puducherry,False,3.0,Kidnapping & Abduction,Kidnapping & Abduction (General)
2001,Puducherry,False,9.0,Rape & Attempted Rape,Rape (General/Other)
2001,Punjab,False,372.0,Assault & Sexual Harassment,Assault to Outrage Modesty
2001,Punjab,False,1128.0,Cruelty & Dowry Offenses,Cruelty by Husband/Relatives
2001,Punjab,False,159.0,Cruelty & Dowry Offenses,Dowry Death
2001,Punjab,False,32.0,Human Trafficking,Immoral Traffic (Prevention) Act
2001,Punjab,False,1.0,Special & Local Laws,Indecent Representation of Women Act
2001,Punjab,False,47.0,Assault & Sexual Harassment,Insult to Modesty of Women
2001,Punjab,False,324.0,Kidnapping & Abduction,Kidnapping & Abduction (General)
2001,Punjab,False,298.0,Rape & Attempted Rape,Rape (General/Other)
2001,Rajasthan,False,2878.0,Assault & Sexual Harassment,Assault to Outrage Modesty
2001,Rajasthan,False,5532.0,Cruelty & Dowry Offenses,Cruelty by Husband/Relatives
2001,Rajasthan,False,376.0,Cruelty & Dowry Offenses,Dowry Death
2001,Rajasthan,False,68.0,Human Trafficking,Immoral Traffic (Prevention) Act
2001,Rajasthan,False,46.0,Special & Local Laws,Indecent Representation of Women Act
2001,Rajasthan,False,56.0,Assault & Sexual Harassment,Insult to Modesty of Women
2001,Rajasthan,False,2165.0,Kidnapping & Abduction,Kidnapping & Abduction (General)
2001,Rajasthan,False,1049.0,Rape & Attempted Rape,Rape (General/Other)
2001,Sikkim,False,0.0,Assault & Sexual Harassment,Assault to Outrage Modesty
2001,Sikkim,False,0.0,Cruelty & Dowry Offenses,Cruelty by Husband/Relatives
2001,Sikkim,False,0.0,Cruelty & Dowry Offenses,Dowry Death
2001,Sikkim,False,0.0,Human Trafficking,Immoral Traffic (Prevention) Act
2001,Sikkim,False,0.0,Special & Local Laws,Indecent Representation of Women Act
2001,Sikkim,False,14.0,Assault & Sexual Harassment,Insult to Modesty of Women
2001,Sikkim,False,2.0,Kidnapping & Abduction,Kidnapping & Abduction (General)
2001,Sikkim,False,8.0,Rape & Attempted Rape,Rape (General/Other)
2001,Tamil Nadu,False,1773.0,Assault & Sexual Harassment,Assault to Outrage Modesty
2001,Tamil Nadu,False,815.0,Cruelty & Dowry Offenses,Cruelty by Husband/Relatives
2001,Tamil Nadu,False,191.0,Cruelty & Dowry Offenses,Dowry Death
2001,Tamil Nadu,False,5232.0,Human Trafficking,Immoral Traffic (Prevention) Act
2001,Tamil Nadu,False,11.0,Special & Local Laws,Indecent Representation of Women Act
2001,Tamil Nadu,False,1012.0,Assault & Sexual Harassment,Insult to Modesty of Women
2001,Tamil Nadu,False,607.0,Kidnapping & Abduction,Kidnapping & Abduction (General)
2001,Tamil Nadu,False,423.0,Rape & Attempted Rape,Rape (General/Other)
2001,Tripura,False,58.0,Assault & Sexual Harassment,Assault to Outrage Modesty
2001,Tripura,False,227.0,Cruelty & Dowry Offenses,Cruelty by Husband/Relatives
2001,Tripura,False,16.0,Cruelty & Dowry Offenses,Dowry Death
2001,Tripura,False,0.0,Human Trafficking,Immoral Traffic (Prevention) Act
2001,Tripura,False,0.0,Special & Local Laws,Indecent Representation of Women Act
2001,Tripura,False,0.0,Assault & Sexual Harassment,Insult to Modesty of Women
2001,Tripura,False,35.0,Kidnapping & Abduction,Kidnapping & Abduction (General)
2001,Tripura,False,102.0,Rape & Attempted Rape,Rape (General/Other)
2001,Uttar Pradesh,False,2870.0,Assault & Sexual Harassment,Assault to Outrage Modesty
2001,Uttar Pradesh,False,7365.0,Cruelty & Dowry Offenses,Cruelty by Husband/Relatives
2001,Uttar Pradesh,False,2211.0,Cruelty & Dowry Offenses,Dowry Death
2001,Uttar Pradesh,False,26.0,Human Trafficking,Immoral Traffic (Prevention) Act
2001,Uttar Pradesh,False,3.0,Special & Local Laws,Indecent Representation of Women Act
2001,Uttar Pradesh,False,2575.0,Assault & Sexual Harassment,Insult to Modesty of Women
2001,Uttar Pradesh,False,2879.0,Kidnapping & Abduction,Kidnapping & Abduction (General)
2001,Uttar Pradesh,False,1958.0,Rape & Attempted Rape,Rape (General/Other)
2001,Uttarakhand,False,103.0,Assault & Sexual Harassment,Assault to Outrage Modesty
2001,Uttarakhand,False,301.0,Cruelty & Dowry Offenses,Cruelty by Husband/Relatives
2001,Uttarakhand,False,56.0,Cruelty & Dowry Offenses,Dowry Death
2001,Uttarakhand,False,0.0,Human Trafficking,Immoral Traffic (Prevention) Act
2001,Uttarakhand,False,0.0,Special & Local Laws,Indecent Representation of Women Act
2001,Uttarakhand,False,84.0,Assault & Sexual Harassment,Insult to Modesty of Women
2001,Uttarakhand,False,126.0,Kidnapping & Abduction,Kidnapping & Abduction (General)
2001,Uttarakhand,False,74.0,Rape & Attempted Rape,Rape (General/Other)
2001,West Bengal,False,954.0,Assault & Sexual Harassment,Assault to Outrage Modesty
2001,West Bengal,False,3859.0,Cruelty & Dowry Offenses,Cruelty by Husband/Relatives
2001,West Bengal,False,265.0,Cruelty & Dowry Offenses,Dowry Death
2001,West Bengal,False,31.0,Human Trafficking,Immoral Traffic (Prevention) Act
2001,West Bengal,False,0.0,Special & Local Laws,Indecent Representation of Women Act
2001,West Bengal,False,48.0,Assault & Sexual Harassment,Insult to Modesty of Women
2001,West Bengal,False,695.0,Kidnapping & Abduction,Kidnapping & Abduction (General)
2001,West Bengal,False,709.0,Rape & Attempted Rape,Rape (General/Other)
2002,Andaman & Nicobar Islands,False,17.0,Assault & Sexual Harassment,Assault to Outrage Modesty
2002,Andaman & Nicobar Islands,False,4.0,Cruelty & Dowry Offenses,Cruelty by Husband/Relatives
2002,Andaman & Nicobar Islands,False,0.0,Cruelty & Dowry Offenses,Dowry Death
2002,Andaman & Nicobar Islands,False,0.0,Human Trafficking,Immoral Traffic (Prevention) Act
2002,Andaman & Nicobar Islands,False,0.0,Special & Local Laws,Indecent Representation of Women Act
2002,Andaman & Nicobar Islands,False,3.0,Assault & Sexual Harassment,Insult to Modesty of Women
2002,Andaman & Nicobar Islands,False,1.0,Kidnapping & Abduction,Kidnapping & Abduction (General)
2002,Andaman & Nicobar Islands,False,2.0,Rape & Attempted Rape,Rape (General/Other)
2002,Andhra Pradesh,False,3799.0,Assault & Sexual Harassment,Assault to Outrage Modesty
2002,Andhra Pradesh,False,7018.0,Cruelty & Dowry Offenses,Cruelty by Husband/Relatives
2002,Andhra Pradesh,False,449.0,Cruelty & Dowry Offenses,Dowry Death
2002,Andhra Pradesh,False,871.0,Human Trafficking,Immoral Traffic (Prevention) Act
2002,Andhra Pradesh,False,2403.0,Special & Local Laws,Indecent Representation of Women Act
2002,Andhra Pradesh,False,2024.0,Assault & Sexual Harassment,Insult to Modesty of Women
2002,Andhra Pradesh,False,854.0,Kidnapping & Abduction,Kidnapping & Abduction (General)
2002,Andhra Pradesh,False,1002.0,Rape & Attempted Rape,Rape (General/Other)
2002,Arunachal Pradesh,False,68.0,Assault & Sexual Harassment,Assault to Outrage Modesty
2002,Arunachal Pradesh,False,13.0,Cruelty & Dowry Offenses,Cruelty by Husband/Relatives
2002,Arunachal Pradesh,False,0.0,Cruelty & Dowry Offenses,Dowry Death
2002,Arunachal Pradesh,False,0.0,Human Trafficking,Immoral Traffic (Prevention) Act
2002,Arunachal Pradesh,False,0.0,Special & Local Laws,Indecent Representation of Women Act
2002,Arunachal Pradesh,False,2.0,Assault & Sexual Harassment,Insult to Modesty of Women
2002,Arunachal Pradesh,False,38.0,Kidnapping & Abduction,Kidnapping & Abduction (General)
2002,Arunachal Pradesh,False,38.0,Rape & Attempted Rape,Rape (General/Other)
2002,Assam,False,984.0,Assault & Sexual Harassment,Assault to Outrage Modesty
2002,Assam,False,1694.0,Cruelty & Dowry Offenses,Cruelty by Husband/Relatives
2002,Assam,False,70.0,Cruelty & Dowry Offenses,Dowry Death
2002,Assam,False,24.0,Human Trafficking,Immoral Traffic (Prevention) Act
2002,Assam,False,3.0,Special & Local Laws,Indecent Representation of Women Act
2002,Assam,False,7.0,Assault & Sexual Harassment,Insult to Modesty of Women
2002,Assam,False,1276.0,Kidnapping & Abduction,Kidnapping & Abduction (General)
2002,Assam,False,970.0,Rape & Attempted Rape,Rape (General/Other)
2002,Bihar,False,621.0,Assault & Sexual Harassment,Assault to Outrage Modesty
2002,Bihar,False,1577.0,Cruelty & Dowry Offenses,Cruelty by Husband/Relatives
2002,Bihar,False,927.0,Cruelty & Dowry Offenses,Dowry Death
2002,Bihar,False,10.0,Human Trafficking,Immoral Traffic (Prevention) Act
2002,Bihar,False,1.0,Special & Local Laws,Indecent Representation of Women Act
2002,Bihar,False,6.0,Assault & Sexual Harassment,Insult to Modesty of Women
2002,Bihar,False,744.0,Kidnapping & Abduction,Kidnapping & Abduction (General)
2002,Bihar,False,1040.0,Rape & Attempted Rape,Rape (General/Other)
2002,Chandigarh,False,36.0,Assault & Sexual Harassment,Assault to Outrage Modesty
2002,Chandigarh,False,56.0,Cruelty & Dowry Offenses,Cruelty by Husband/Relatives
2002,Chandigarh,False,1.0,Cruelty & Dowry Offenses,Dowry Death
2002,Chandigarh,False,3.0,Human Trafficking,Immoral Traffic (Prevention) Act
2002,Chandigarh,False,0.0,Special & Local Laws,Indecent Representation of Women Act
2002,Chandigarh,False,28.0,Assault & Sexual Harassment,Insult to Modesty of Women
2002,Chandigarh,False,47.0,Kidnapping & Abduction,Kidnapping & Abduction (General)
2002,Chandigarh,False,18.0,Rape & Attempted Rape,Rape (General/Other)
2002,Chhattisgarh,False,1483.0,Assault & Sexual Harassment,Assault to Outrage Modesty
2002,Chhattisgarh,False,653.0,Cruelty & Dowry Offenses,Cruelty by Husband/Relatives
2002,Chhattisgarh,False,85.0,Cruelty & Dowry Offenses,Dowry Death
2002,Chhattisgarh,False,12.0,Human Trafficking,Immoral Traffic (Prevention) Act
2002,Chhattisgarh,False,0.0,Special & Local Laws,Indecent Representation of Women Act
2002,Chhattisgarh,False,147.0,Assault & Sexual Harassment,Insult to Modesty of Women
2002,Chhattisgarh,False,154.0,Kidnapping & Abduction,Kidnapping & Abduction (General)
2002,Chhattisgarh,False,992.0,Rape & Attempted Rape,Rape (General/Other)
2002,"Dadra & Nagar Haveli (pre-2020, separate UT)",False,3.0,Assault & Sexual Harassment,Assault to Outrage Modesty
2002,"Dadra & Nagar Haveli (pre-2020, separate UT)",False,3.0,Cruelty & Dowry Offenses,Cruelty by Husband/Relatives
2002,"Dadra & Nagar Haveli (pre-2020, separate UT)",False,0.0,Cruelty & Dowry Offenses,Dowry Death
2002,"Dadra & Nagar Haveli (pre-2020, separate UT)",False,0.0,Human Trafficking,Immoral Traffic (Prevention) Act
2002,"Dadra & Nagar Haveli (pre-2020, separate UT)",False,0.0,Special & Local Laws,Indecent Representation of Women Act
2002,"Dadra & Nagar Haveli (pre-2020, separate UT)",False,0.0,Assault & Sexual Harassment,Insult to Modesty of Women
2002,"Dadra & Nagar Haveli (pre-2020, separate UT)",False,5.0,Kidnapping & Abduction,Kidnapping & Abduction (General)
2002,"Dadra & Nagar Haveli (pre-2020, separate UT)",False,4.0,Rape & Attempted Rape,Rape (General/Other)
2002,"Daman & Diu (pre-2020, separate UT)",False,0.0,Assault & Sexual Harassment,Assault to Outrage Modesty
2002,"Daman & Diu (pre-2020, separate UT)",False,3.0,Cruelty & Dowry Offenses,Cruelty by Husband/Relatives
2002,"Daman & Diu (pre-2020, separate UT)",False,0.0,Cruelty & Dowry Offenses,Dowry Death
2002,"Daman & Diu (pre-2020, separate UT)",False,3.0,Human Trafficking,Immoral Traffic (Prevention) Act
2002,"Daman & Diu (pre-2020, separate UT)",False,0.0,Special & Local Laws,Indecent Representation of Women Act
2002,"Daman & Diu (pre-2020, separate UT)",False,0.0,Assault & Sexual Harassment,Insult to Modesty of Women
2002,"Daman & Diu (pre-2020, separate UT)",False,2.0,Kidnapping & Abduction,Kidnapping & Abduction (General)
2002,"Daman & Diu (pre-2020, separate UT)",False,0.0,Rape & Attempted Rape,Rape (General/Other)
2002,Delhi,False,446.0,Assault & Sexual Harassment,Assault to Outrage Modesty
2002,Delhi,False,135.0,Cruelty & Dowry Offenses,Cruelty by Husband/Relatives
2002,Delhi,False,135.0,Cruelty & Dowry Offenses,Dowry Death
2002,Delhi,False,69.0,Human Trafficking,Immoral Traffic (Prevention) Act
2002,Delhi,False,0.0,Special & Local Laws,Indecent Representation of Women Act
2002,Delhi,False,128.0,Assault & Sexual Harassment,Insult to Modesty of Women
2002,Delhi,False,893.0,Kidnapping & Abduction,Kidnapping & Abduction (General)
2002,Delhi,False,403.0,Rape & Attempted Rape,Rape (General/Other)
2002,Goa,False,18.0,Assault & Sexual Harassment,Assault to Outrage Modesty
2002,Goa,False,8.0,Cruelty & Dowry Offenses,Cruelty by Husband/Relatives
2002,Goa,False,2.0,Cruelty & Dowry Offenses,Dowry Death
2002,Goa,False,25.0,Human Trafficking,Immoral Traffic (Prevention) Act
2002,Goa,False,0.0,Special & Local Laws,Indecent Representation of Women Act
2002,Goa,False,6.0,Assault & Sexual Harassment,Insult to Modesty of Women
2002,Goa,False,5.0,Kidnapping & Abduction,Kidnapping & Abduction (General)
2002,Goa,False,12.0,Rape & Attempted Rape,Rape (General/Other)
2002,Gujarat,False,750.0,Assault & Sexual Harassment,Assault to Outrage Modesty
2002,Gujarat,False,3321.0,Cruelty & Dowry Offenses,Cruelty by Husband/Relatives
2002,Gujarat,False,62.0,Cruelty & Dowry Offenses,Dowry Death
2002,Gujarat,False,57.0,Human Trafficking,Immoral Traffic (Prevention) Act
2002,Gujarat,False,4.0,Special & Local Laws,Indecent Representation of Women Act
2002,Gujarat,False,104.0,Assault & Sexual Harassment,Insult to Modesty of Women
2002,Gujarat,False,807.0,Kidnapping & Abduction,Kidnapping & Abduction (General)
2002,Gujarat,False,267.0,Rape & Attempted Rape,Rape (General/Other)
2002,Haryana,False,454.0,Assault & Sexual Harassment,Assault to Outrage Modesty
2002,Haryana,False,1565.0,Cruelty & Dowry Offenses,Cruelty by Husband/Relatives
2002,Haryana,False,256.0,Cruelty & Dowry Offenses,Dowry Death
2002,Haryana,False,32.0,Human Trafficking,Immoral Traffic (Prevention) Act
2002,Haryana,False,0.0,Special & Local Laws,Indecent Representation of Women Act
2002,Haryana,False,1424.0,Assault & Sexual Harassment,Insult to Modesty of Women
2002,Haryana,False,290.0,Kidnapping & Abduction,Kidnapping & Abduction (General)
2002,Haryana,False,361.0,Rape & Attempted Rape,Rape (General/Other)
2002,Himachal Pradesh,False,326.0,Assault & Sexual Harassment,Assault to Outrage Modesty
2002,Himachal Pradesh,False,234.0,Cruelty & Dowry Offenses,Cruelty by Husband/Relatives
2002,Himachal Pradesh,False,6.0,Cruelty & Dowry Offenses,Dowry Death
2002,Himachal Pradesh,False,2.0,Human Trafficking,Immoral Traffic (Prevention) Act
2002,Himachal Pradesh,False,0.0,Special & Local Laws,Indecent Representation of Women Act
2002,Himachal Pradesh,False,12.0,Assault & Sexual Harassment,Insult to Modesty of Women
2002,Himachal Pradesh,False,116.0,Kidnapping & Abduction,Kidnapping & Abduction (General)
2002,Himachal Pradesh,False,137.0,Rape & Attempted Rape,Rape (General/Other)
2002,Jammu & Kashmir,False,785.0,Assault & Sexual Harassment,Assault to Outrage Modesty
2002,Jammu & Kashmir,False,54.0,Cruelty & Dowry Offenses,Cruelty by Husband/Relatives
2002,Jammu & Kashmir,False,18.0,Cruelty & Dowry Offenses,Dowry Death
2002,Jammu & Kashmir,False,3.0,Human Trafficking,Immoral Traffic (Prevention) Act
2002,Jammu & Kashmir,False,0.0,Special & Local Laws,Indecent Representation of Women Act
2002,Jammu & Kashmir,False,368.0,Assault & Sexual Harassment,Insult to Modesty of Women
2002,Jammu & Kashmir,False,596.0,Kidnapping & Abduction,Kidnapping & Abduction (General)
2002,Jammu & Kashmir,False,192.0,Rape & Attempted Rape,Rape (General/Other)
2002,Jharkhand,False,411.0,Assault & Sexual Harassment,Assault to Outrage Modesty
2002,Jharkhand,False,588.0,Cruelty & Dowry Offenses,Cruelty by Husband/Relatives
2002,Jharkhand,False,275.0,Cruelty & Dowry Offenses,Dowry Death
2002,Jharkhand,False,3.0,Human Trafficking,Immoral Traffic (Prevention) Act
2002,Jharkhand,False,0.0,Special & Local Laws,Indecent Representation of Women Act
2002,Jharkhand,False,3.0,Assault & Sexual Harassment,Insult to Modesty of Women
2002,Jharkhand,False,178.0,Kidnapping & Abduction,Kidnapping & Abduction (General)
2002,Jharkhand,False,797.0,Rape & Attempted Rape,Rape (General/Other)
2002,Karnataka,False,1648.0,Assault & Sexual Harassment,Assault to Outrage Modesty
2002,Karnataka,False,1826.0,Cruelty & Dowry Offenses,Cruelty by Husband/Relatives
2002,Karnataka,False,233.0,Cruelty & Dowry Offenses,Dowry Death
2002,Karnataka,False,1388.0,Human Trafficking,Immoral Traffic (Prevention) Act
2002,Karnataka,False,0.0,Special & Local Laws,Indecent Representation of Women Act
2002,Karnataka,False,100.0,Assault & Sexual Harassment,Insult to Modesty of Women
2002,Karnataka,False,300.0,Kidnapping & Abduction,Kidnapping & Abduction (General)
2002,Karnataka,False,292.0,Rape & Attempted Rape,Rape (General/Other)
2002,Kerala,False,2123.0,Assault & Sexual Harassment,Assault to Outrage Modesty
2002,Kerala,False,2836.0,Cruelty & Dowry Offenses,Cruelty by Husband/Relatives
2002,Kerala,False,17.0,Cruelty & Dowry Offenses,Dowry Death
2002,Kerala,False,132.0,Human Trafficking,Immoral Traffic (Prevention) Act
2002,Kerala,False,26.0,Special & Local Laws,Indecent Representation of Women Act
2002,Kerala,False,102.0,Assault & Sexual Harassment,Insult to Modesty of Women
2002,Kerala,False,91.0,Kidnapping & Abduction,Kidnapping & Abduction (General)
2002,Kerala,False,499.0,Rape & Attempted Rape,Rape (General/Other)
2002,Lakshadweep,False,1.0,Assault & Sexual Harassment,Assault to Outrage Modesty
2002,Lakshadweep,False,0.0,Cruelty & Dowry Offenses,Cruelty by Husband/Relatives
2002,Lakshadweep,False,0.0,Cruelty & Dowry Offenses,Dowry Death
2002,Lakshadweep,False,0.0,Human Trafficking,Immoral Traffic (Prevention) Act
2002,Lakshadweep,False,0.0,Special & Local Laws,Indecent Representation of Women Act
2002,Lakshadweep,False,0.0,Assault & Sexual Harassment,Insult to Modesty of Women
2002,Lakshadweep,False,0.0,Kidnapping & Abduction,Kidnapping & Abduction (General)
2002,Lakshadweep,False,1.0,Rape & Attempted Rape,Rape (General/Other)
2002,Madhya Pradesh,False,7118.0,Assault & Sexual Harassment,Assault to Outrage Modesty
2002,Madhya Pradesh,False,3117.0,Cruelty & Dowry Offenses,Cruelty by Husband/Relatives
2002,Madhya Pradesh,False,674.0,Cruelty & Dowry Offenses,Dowry Death
2002,Madhya Pradesh,False,14.0,Human Trafficking,Immoral Traffic (Prevention) Act
2002,Madhya Pradesh,False,0.0,Special & Local Laws,Indecent Representation of Women Act
2002,Madhya Pradesh,False,783.0,Assault & Sexual Harassment,Insult to Modesty of Women
2002,Madhya Pradesh,False,639.0,Kidnapping & Abduction,Kidnapping & Abduction (General)
2002,Madhya Pradesh,False,2891.0,Rape & Attempted Rape,Rape (General/Other)
2002,Maharashtra,False,2686.0,Assault & Sexual Harassment,Assault to Outrage Modesty
2002,Maharashtra,False,5353.0,Cruelty & Dowry Offenses,Cruelty by Husband/Relatives
2002,Maharashtra,False,303.0,Cruelty & Dowry Offenses,Dowry Death
2002,Maharashtra,False,182.0,Human Trafficking,Immoral Traffic (Prevention) Act
2002,Maharashtra,False,4.0,Special & Local Laws,Indecent Representation of Women Act
2002,Maharashtra,False,769.0,Assault & Sexual Harassment,Insult to Modesty of Women
2002,Maharashtra,False,650.0,Kidnapping & Abduction,Kidnapping & Abduction (General)
2002,Maharashtra,False,1352.0,Rape & Attempted Rape,Rape (General/Other)
2002,Manipur,False,58.0,Assault & Sexual Harassment,Assault to Outrage Modesty
2002,Manipur,False,10.0,Cruelty & Dowry Offenses,Cruelty by Husband/Relatives
2002,Manipur,False,0.0,Cruelty & Dowry Offenses,Dowry Death
2002,Manipur,False,6.0,Human Trafficking,Immoral Traffic (Prevention) Act
2002,Manipur,False,0.0,Special & Local Laws,Indecent Representation of Women Act
2002,Manipur,False,0.0,Assault & Sexual Harassment,Insult to Modesty of Women
2002,Manipur,False,82.0,Kidnapping & Abduction,Kidnapping & Abduction (General)
2002,Manipur,False,14.0,Rape & Attempted Rape,Rape (General/Other)
2002,Meghalaya,False,23.0,Assault & Sexual Harassment,Assault to Outrage Modesty
2002,Meghalaya,False,0.0,Cruelty & Dowry Offenses,Cruelty by Husband/Relatives
2002,Meghalaya,False,0.0,Cruelty & Dowry Offenses,Dowry Death
2002,Meghalaya,False,0.0,Human Trafficking,Immoral Traffic (Prevention) Act
2002,Meghalaya,False,0.0,Special & Local Laws,Indecent Representation of Women Act
2002,Meghalaya,False,0.0,Assault & Sexual Harassment,Insult to Modesty of Women
2002,Meghalaya,False,10.0,Kidnapping & Abduction,Kidnapping & Abduction (General)
2002,Meghalaya,False,38.0,Rape & Attempted Rape,Rape (General/Other)
2002,Mizoram,False,73.0,Assault & Sexual Harassment,Assault to Outrage Modesty
2002,Mizoram,False,3.0,Cruelty & Dowry Offenses,Cruelty by Husband/Relatives
2002,Mizoram,False,0.0,Cruelty & Dowry Offenses,Dowry Death
2002,Mizoram,False,0.0,Human Trafficking,Immoral Traffic (Prevention) Act
2002,Mizoram,False,0.0,Special & Local Laws,Indecent Representation of Women Act
2002,Mizoram,False,0.0,Assault & Sexual Harassment,Insult to Modesty of Women
2002,Mizoram,False,2.0,Kidnapping & Abduction,Kidnapping & Abduction (General)
2002,Mizoram,False,76.0,Rape & Attempted Rape,Rape (General/Other)
2002,Nagaland,False,1.0,Assault & Sexual Harassment,Assault to Outrage Modesty
2002,Nagaland,False,0.0,Cruelty & Dowry Offenses,Cruelty by Husband/Relatives
2002,Nagaland,False,0.0,Cruelty & Dowry Offenses,Dowry Death
2002,Nagaland,False,4.0,Human Trafficking,Immoral Traffic (Prevention) Act
2002,Nagaland,False,0.0,Special & Local Laws,Indecent Representation of Women Act
2002,Nagaland,False,0.0,Assault & Sexual Harassment,Insult to Modesty of Women
2002,Nagaland,False,4.0,Kidnapping & Abduction,Kidnapping & Abduction (General)
2002,Nagaland,False,17.0,Rape & Attempted Rape,Rape (General/Other)
2002,Odisha,False,1605.0,Assault & Sexual Harassment,Assault to Outrage Modesty
2002,Odisha,False,1167.0,Cruelty & Dowry Offenses,Cruelty by Husband/Relatives
2002,Odisha,False,248.0,Cruelty & Dowry Offenses,Dowry Death
2002,Odisha,False,24.0,Human Trafficking,Immoral Traffic (Prevention) Act
2002,Odisha,False,0.0,Special & Local Laws,Indecent Representation of Women Act
2002,Odisha,False,188.0,Assault & Sexual Harassment,Insult to Modesty of Women
2002,Odisha,False,432.0,Kidnapping & Abduction,Kidnapping & Abduction (General)
2002,Odisha,False,691.0,Rape & Attempted Rape,Rape (General/Other)
2002,Puducherry,False,59.0,Assault & Sexual Harassment,Assault to Outrage Modesty
2002,Puducherry,False,9.0,Cruelty & Dowry Offenses,Cruelty by Husband/Relatives
2002,Puducherry,False,5.0,Cruelty & Dowry Offenses,Dowry Death
2002,Puducherry,False,27.0,Human Trafficking,Immoral Traffic (Prevention) Act
2002,Puducherry,False,0.0,Special & Local Laws,Indecent Representation of Women Act
2002,Puducherry,False,26.0,Assault & Sexual Harassment,Insult to Modesty of Women
2002,Puducherry,False,6.0,Kidnapping & Abduction,Kidnapping & Abduction (General)
2002,Puducherry,False,6.0,Rape & Attempted Rape,Rape (General/Other)
2002,Punjab,False,341.0,Assault & Sexual Harassment,Assault to Outrage Modesty
2002,Punjab,False,944.0,Cruelty & Dowry Offenses,Cruelty by Husband/Relatives
2002,Punjab,False,166.0,Cruelty & Dowry Offenses,Dowry Death
2002,Punjab,False,38.0,Human Trafficking,Immoral Traffic (Prevention) Act
2002,Punjab,False,8.0,Special & Local Laws,Indecent Representation of Women Act
2002,Punjab,False,145.0,Assault & Sexual Harassment,Insult to Modesty of Women
2002,Punjab,False,354.0,Kidnapping & Abduction,Kidnapping & Abduction (General)
2002,Punjab,False,299.0,Rape & Attempted Rape,Rape (General/Other)
2002,Rajasthan,False,2730.0,Assault & Sexual Harassment,Assault to Outrage Modesty
2002,Rajasthan,False,5691.0,Cruelty & Dowry Offenses,Cruelty by Husband/Relatives
2002,Rajasthan,False,399.0,Cruelty & Dowry Offenses,Dowry Death
2002,Rajasthan,False,55.0,Human Trafficking,Immoral Traffic (Prevention) Act
2002,Rajasthan,False,54.0,Special & Local Laws,Indecent Representation of Women Act
2002,Rajasthan,False,44.0,Assault & Sexual Harassment,Insult to Modesty of Women
2002,Rajasthan,False,2019.0,Kidnapping & Abduction,Kidnapping & Abduction (General)
2002,Rajasthan,False,1051.0,Rape & Attempted Rape,Rape (General/Other)
2002,Sikkim,False,17.0,Assault & Sexual Harassment,Assault to Outrage Modesty
2002,Sikkim,False,3.0,Cruelty & Dowry Offenses,Cruelty by Husband/Relatives
2002,Sikkim,False,0.0,Cruelty & Dowry Offenses,Dowry Death
2002,Sikkim,False,0.0,Human Trafficking,Immoral Traffic (Prevention) Act
2002,Sikkim,False,0.0,Special & Local Laws,Indecent Representation of Women Act
2002,Sikkim,False,0.0,Assault & Sexual Harassment,Insult to Modesty of Women
2002,Sikkim,False,2.0,Kidnapping & Abduction,Kidnapping & Abduction (General)
2002,Sikkim,False,6.0,Rape & Attempted Rape,Rape (General/Other)
2002,Tamil Nadu,False,1877.0,Assault & Sexual Harassment,Assault to Outrage Modesty
2002,Tamil Nadu,False,1052.0,Cruelty & Dowry Offenses,Cruelty by Husband/Relatives
2002,Tamil Nadu,False,243.0,Cruelty & Dowry Offenses,Dowry Death
2002,Tamil Nadu,False,3530.0,Human Trafficking,Immoral Traffic (Prevention) Act
2002,Tamil Nadu,False,5.0,Special & Local Laws,Indecent Representation of Women Act
2002,Tamil Nadu,False,1718.0,Assault & Sexual Harassment,Insult to Modesty of Women
2002,Tamil Nadu,False,714.0,Kidnapping & Abduction,Kidnapping & Abduction (General)
2002,Tamil Nadu,False,534.0,Rape & Attempted Rape,Rape (General/Other)
2002,Tripura,False,128.0,Assault & Sexual Harassment,Assault to Outrage Modesty
2002,Tripura,False,236.0,Cruelty & Dowry Offenses,Cruelty by Husband/Relatives
2002,Tripura,False,16.0,Cruelty & Dowry Offenses,Dowry Death
2002,Tripura,False,0.0,Human Trafficking,Immoral Traffic (Prevention) Act
2002,Tripura,False,0.0,Special & Local Laws,Indecent Representation of Women Act
2002,Tripura,False,0.0,Assault & Sexual Harassment,Insult to Modesty of Women
2002,Tripura,False,48.0,Kidnapping & Abduction,Kidnapping & Abduction (General)
2002,Tripura,False,108.0,Rape & Attempted Rape,Rape (General/Other)
2002,Uttar Pradesh,False,2145.0,Assault & Sexual Harassment,Assault to Outrage Modesty
2002,Uttar Pradesh,False,5679.0,Cruelty & Dowry Offenses,Cruelty by Husband/Relatives
2002,Uttar Pradesh,False,1893.0,Cruelty & Dowry Offenses,Dowry Death
2002,Uttar Pradesh,False,42.0,Human Trafficking,Immoral Traffic (Prevention) Act
2002,Uttar Pradesh,False,0.0,Special & Local Laws,Indecent Representation of Women Act
2002,Uttar Pradesh,False,1887.0,Assault & Sexual Harassment,Insult to Modesty of Women
2002,Uttar Pradesh,False,2298.0,Kidnapping & Abduction,Kidnapping & Abduction (General)
2002,Uttar Pradesh,False,1415.0,Rape & Attempted Rape,Rape (General/Other)
2002,Uttarakhand,False,145.0,Assault & Sexual Harassment,Assault to Outrage Modesty
2002,Uttarakhand,False,316.0,Cruelty & Dowry Offenses,Cruelty by Husband/Relatives
2002,Uttarakhand,False,66.0,Cruelty & Dowry Offenses,Dowry Death
2002,Uttarakhand,False,0.0,Human Trafficking,Immoral Traffic (Prevention) Act
2002,Uttarakhand,False,0.0,Special & Local Laws,Indecent Representation of Women Act
2002,Uttarakhand,False,97.0,Assault & Sexual Harassment,Insult to Modesty of Women
2002,Uttarakhand,False,155.0,Kidnapping & Abduction,Kidnapping & Abduction (General)
2002,Uttarakhand,False,89.0,Rape & Attempted Rape,Rape (General/Other)
2002,West Bengal,False,964.0,Assault & Sexual Harassment,Assault to Outrage Modesty
2002,West Bengal,False,4069.0,Cruelty & Dowry Offenses,Cruelty by Husband/Relatives
2002,West Bengal,False,273.0,Cruelty & Dowry Offenses,Dowry Death
2002,West Bengal,False,42.0,Human Trafficking,Immoral Traffic (Prevention) Act
2002,West Bengal,False,0.0,Special & Local Laws,Indecent Representation of Women Act
2002,West Bengal,False,34.0,Assault & Sexual Harassment,Insult to Modesty of Women
2002,West Bengal,False,694.0,Kidnapping & Abduction,Kidnapping & Abduction (General)
2002,West Bengal,False,759.0,Rape & Attempted Rape,Rape (General/Other)
2003,Andaman & Nicobar Islands,False,9.0,Assault & Sexual Harassment,Assault to Outrage Modesty
2003,Andaman & Nicobar Islands,False,7.0,Cruelty & Dowry Offenses,Cruelty by Husband/Relatives
2003,Andaman & Nicobar Islands,False,0.0,Cruelty & Dowry Offenses,Dowry Death
2003,Andaman & Nicobar Islands,False,0.0,Human Trafficking,Immoral Traffic (Prevention) Act
2003,Andaman & Nicobar Islands,False,0.0,Special & Local Laws,Indecent Representation of Women Act
2003,Andaman & Nicobar Islands,False,2.0,Assault & Sexual Harassment,Insult to Modesty of Women
2003,Andaman & Nicobar Islands,False,2.0,Kidnapping & Abduction,Kidnapping & Abduction (General)
2003,Andaman & Nicobar Islands,False,2.0,Rape & Attempted Rape,Rape (General/Other)
2003,Andhra Pradesh,False,4128.0,Assault & Sexual Harassment,Assault to Outrage Modesty
2003,Andhra Pradesh,False,8167.0,Cruelty & Dowry Offenses,Cruelty by Husband/Relatives
2003,Andhra Pradesh,False,466.0,Cruelty & Dowry Offenses,Dowry Death
2003,Andhra Pradesh,False,349.0,Human Trafficking,Immoral Traffic (Prevention) Act
2003,Andhra Pradesh,False,909.0,Special & Local Laws,Indecent Representation of Women Act
2003,Andhra Pradesh,False,2286.0,Assault & Sexual Harassment,Insult to Modesty of Women
2003,Andhra Pradesh,False,931.0,Kidnapping & Abduction,Kidnapping & Abduction (General)
2003,Andhra Pradesh,False,946.0,Rape & Attempted Rape,Rape (General/Other)
2003,Arunachal Pradesh,False,43.0,Assault & Sexual Harassment,Assault to Outrage Modesty
2003,Arunachal Pradesh,False,14.0,Cruelty & Dowry Offenses,Cruelty by Husband/Relatives
2003,Arunachal Pradesh,False,0.0,Cruelty & Dowry Offenses,Dowry Death
2003,Arunachal Pradesh,False,0.0,Human Trafficking,Immoral Traffic (Prevention) Act
2003,Arunachal Pradesh,False,0.0,Special & Local Laws,Indecent Representation of Women Act
2003,Arunachal Pradesh,False,0.0,Assault & Sexual Harassment,Insult to Modesty of Women
2003,Arunachal Pradesh,False,51.0,Kidnapping & Abduction,Kidnapping & Abduction (General)
2003,Arunachal Pradesh,False,31.0,Rape & Attempted Rape,Rape (General/Other)
2003,Assam,False,878.0,Assault & Sexual Harassment,Assault to Outrage Modesty
2003,Assam,False,1808.0,Cruelty & Dowry Offenses,Cruelty by Husband/Relatives
2003,Assam,False,60.0,Cruelty & Dowry Offenses,Dowry Death
2003,Assam,False,22.0,Human Trafficking,Immoral Traffic (Prevention) Act
2003,Assam,False,0.0,Special & Local Laws,Indecent Representation of Women Act
2003,Assam,False,6.0,Assault & Sexual Harassment,Insult to Modesty of Women
2003,Assam,False,1351.0,Kidnapping & Abduction,Kidnapping & Abduction (General)
2003,Assam,False,1095.0,Rape & Attempted Rape,Rape (General/Other)
2003,Bihar,False,688.0,Assault & Sexual Harassment,Assault to Outrage Modesty
2003,Bihar,False,1880.0,Cruelty & Dowry Offenses,Cruelty by Husband/Relatives
2003,Bihar,False,909.0,Cruelty & Dowry Offenses,Dowry Death
2003,Bihar,False,9.0,Human Trafficking,Immoral Traffic (Prevention) Act
2003,Bihar,False,1.0,Special & Local Laws,Indecent Representation of Women Act
2003,Bihar,False,11.0,Assault & Sexual Harassment,Insult to Modesty of Women
2003,Bihar,False,674.0,Kidnapping & Abduction,Kidnapping & Abduction (General)
2003,Bihar,False,985.0,Rape & Attempted Rape,Rape (General/Other)
2003,Chandigarh,False,11.0,Assault & Sexual Harassment,Assault to Outrage Modesty
2003,Chandigarh,False,93.0,Cruelty & Dowry Offenses,Cruelty by Husband/Relatives
2003,Chandigarh,False,1.0,Cruelty & Dowry Offenses,Dowry Death
2003,Chandigarh,False,4.0,Human Trafficking,Immoral Traffic (Prevention) Act
2003,Chandigarh,False,0.0,Special & Local Laws,Indecent Representation of Women Act
2003,Chandigarh,False,4.0,Assault & Sexual Harassment,Insult to Modesty of Women
2003,Chandigarh,False,28.0,Kidnapping & Abduction,Kidnapping & Abduction (General)
2003,Chandigarh,False,18.0,Rape & Attempted Rape,Rape (General/Other)
2003,Chhattisgarh,False,1481.0,Assault & Sexual Harassment,Assault to Outrage Modesty
2003,Chhattisgarh,False,601.0,Cruelty & Dowry Offenses,Cruelty by Husband/Relatives
2003,Chhattisgarh,False,79.0,Cruelty & Dowry Offenses,Dowry Death
2003,Chhattisgarh,False,7.0,Human Trafficking,Immoral Traffic (Prevention) Act
2003,Chhattisgarh,False,0.0,Special & Local Laws,Indecent Representation of Women Act
2003,Chhattisgarh,False,105.0,Assault & Sexual Harassment,Insult to Modesty of Women
2003,Chhattisgarh,False,149.0,Kidnapping & Abduction,Kidnapping & Abduction (General)
2003,Chhattisgarh,False,898.0,Rape & Attempted Rape,Rape (General/Other)
2003,"Dadra & Nagar Haveli (pre-2020, separate UT)",False,4.0,Assault & Sexual Harassment,Assault to Outrage Modesty
2003,"Dadra & Nagar Haveli (pre-2020, separate UT)",False,2.0,Cruelty & Dowry Offenses,Cruelty by Husband/Relatives
2003,"Dadra & Nagar Haveli (pre-2020, separate UT)",False,0.0,Cruelty & Dowry Offenses,Dowry Death
2003,"Dadra & Nagar Haveli (pre-2020, separate UT)",False,2.0,Human Trafficking,Immoral Traffic (Prevention) Act
2003,"Dadra & Nagar Haveli (pre-2020, separate UT)",False,0.0,Special & Local Laws,Indecent Representation of Women Act
2003,"Dadra & Nagar Haveli (pre-2020, separate UT)",False,0.0,Assault & Sexual Harassment,Insult to Modesty of Women
2003,"Dadra & Nagar Haveli (pre-2020, separate UT)",False,4.0,Kidnapping & Abduction,Kidnapping & Abduction (General)
2003,"Dadra & Nagar Haveli (pre-2020, separate UT)",False,1.0,Rape & Attempted Rape,Rape (General/Other)
2003,"Daman & Diu (pre-2020, separate UT)",False,3.0,Assault & Sexual Harassment,Assault to Outrage Modesty
2003,"Daman & Diu (pre-2020, separate UT)",False,0.0,Cruelty & Dowry Offenses,Cruelty by Husband/Relatives
2003,"Daman & Diu (pre-2020, separate UT)",False,1.0,Cruelty & Dowry Offenses,Dowry Death
2003,"Daman & Diu (pre-2020, separate UT)",False,0.0,Human Trafficking,Immoral Traffic (Prevention) Act
2003,"Daman & Diu (pre-2020, separate UT)",False,0.0,Special & Local Laws,Indecent Representation of Women Act
2003,"Daman & Diu (pre-2020, separate UT)",False,0.0,Assault & Sexual Harassment,Insult to Modesty of Women
2003,"Daman & Diu (pre-2020, separate UT)",False,1.0,Kidnapping & Abduction,Kidnapping & Abduction (General)
2003,"Daman & Diu (pre-2020, separate UT)",False,5.0,Rape & Attempted Rape,Rape (General/Other)
2003,Delhi,False,489.0,Assault & Sexual Harassment,Assault to Outrage Modesty
2003,Delhi,False,1211.0,Cruelty & Dowry Offenses,Cruelty by Husband/Relatives
2003,Delhi,False,130.0,Cruelty & Dowry Offenses,Dowry Death
2003,Delhi,False,46.0,Human Trafficking,Immoral Traffic (Prevention) Act
2003,Delhi,False,0.0,Special & Local Laws,Indecent Representation of Women Act
2003,Delhi,False,105.0,Assault & Sexual Harassment,Insult to Modesty of Women
2003,Delhi,False,797.0,Kidnapping & Abduction,Kidnapping & Abduction (General)
2003,Delhi,False,490.0,Rape & Attempted Rape,Rape (General/Other)
2003,Goa,False,19.0,Assault & Sexual Harassment,Assault to Outrage Modesty
2003,Goa,False,24.0,Cruelty & Dowry Offenses,Cruelty by Husband/Relatives
2003,Goa,False,2.0,Cruelty & Dowry Offenses,Dowry Death
2003,Goa,False,25.0,Human Trafficking,Immoral Traffic (Prevention) Act
2003,Goa,False,0.0,Special & Local Laws,Indecent Representation of Women Act
2003,Goa,False,7.0,Assault & Sexual Harassment,Insult to Modesty of Women
2003,Goa,False,13.0,Kidnapping & Abduction,Kidnapping & Abduction (General)
2003,Goa,False,31.0,Rape & Attempted Rape,Rape (General/Other)
2003,Gujarat,False,722.0,Assault & Sexual Harassment,Assault to Outrage Modesty
2003,Gujarat,False,3684.0,Cruelty & Dowry Offenses,Cruelty by Husband/Relatives
2003,Gujarat,False,54.0,Cruelty & Dowry Offenses,Dowry Death
2003,Gujarat,False,74.0,Human Trafficking,Immoral Traffic (Prevention) Act
2003,Gujarat,False,14.0,Special & Local Laws,Indecent Representation of Women Act
2003,Gujarat,False,92.0,Assault & Sexual Harassment,Insult to Modesty of Women
2003,Gujarat,False,859.0,Kidnapping & Abduction,Kidnapping & Abduction (General)
2003,Gujarat,False,236.0,Rape & Attempted Rape,Rape (General/Other)
2003,Haryana,False,344.0,Assault & Sexual Harassment,Assault to Outrage Modesty
2003,Haryana,False,1618.0,Cruelty & Dowry Offenses,Cruelty by Husband/Relatives
2003,Haryana,False,222.0,Cruelty & Dowry Offenses,Dowry Death
2003,Haryana,False,57.0,Human Trafficking,Immoral Traffic (Prevention) Act
2003,Haryana,False,0.0,Special & Local Laws,Indecent Representation of Women Act
2003,Haryana,False,1302.0,Assault & Sexual Harassment,Insult to Modesty of Women
2003,Haryana,False,271.0,Kidnapping & Abduction,Kidnapping & Abduction (General)
2003,Haryana,False,353.0,Rape & Attempted Rape,Rape (General/Other)
2003,Himachal Pradesh,False,250.0,Assault & Sexual Harassment,Assault to Outrage Modesty
2003,Himachal Pradesh,False,221.0,Cruelty & Dowry Offenses,Cruelty by Husband/Relatives
2003,Himachal Pradesh,False,6.0,Cruelty & Dowry Offenses,Dowry Death
2003,Himachal Pradesh,False,5.0,Human Trafficking,Immoral Traffic (Prevention) Act
2003,Himachal Pradesh,False,0.0,Special & Local Laws,Indecent Representation of Women Act
2003,Himachal Pradesh,False,18.0,Assault & Sexual Harassment,Insult to Modesty of Women
2003,Himachal Pradesh,False,96.0,Kidnapping & Abduction,Kidnapping & Abduction (General)
2003,Himachal Pradesh,False,126.0,Rape & Attempted Rape,Rape (General/Other)
2003,Jammu & Kashmir,False,875.0,Assault & Sexual Harassment,Assault to Outrage Modesty
2003,Jammu & Kashmir,False,71.0,Cruelty & Dowry Offenses,Cruelty by Husband/Relatives
2003,Jammu & Kashmir,False,10.0,Cruelty & Dowry Offenses,Dowry Death
2003,Jammu & Kashmir,False,2.0,Human Trafficking,Immoral Traffic (Prevention) Act
2003,Jammu & Kashmir,False,0.0,Special & Local Laws,Indecent Representation of Women Act
2003,Jammu & Kashmir,False,376.0,Assault & Sexual Harassment,Insult to Modesty of Women
2003,Jammu & Kashmir,False,615.0,Kidnapping & Abduction,Kidnapping & Abduction (General)
2003,Jammu & Kashmir,False,211.0,Rape & Attempted Rape,Rape (General/Other)
2003,Jharkhand,False,424.0,Assault & Sexual Harassment,Assault to Outrage Modesty
2003,Jharkhand,False,559.0,Cruelty & Dowry Offenses,Cruelty by Husband/Relatives
2003,Jharkhand,False,262.0,Cruelty & Dowry Offenses,Dowry Death
2003,Jharkhand,False,6.0,Human Trafficking,Immoral Traffic (Prevention) Act
2003,Jharkhand,False,0.0,Special & Local Laws,Indecent Representation of Women Act
2003,Jharkhand,False,2.0,Assault & Sexual Harassment,Insult to Modesty of Women
2003,Jharkhand,False,262.0,Kidnapping & Abduction,Kidnapping & Abduction (General)
2003,Jharkhand,False,712.0,Rape & Attempted Rape,Rape (General/Other)
2003,Karnataka,False,1585.0,Assault & Sexual Harassment,Assault to Outrage Modesty
2003,Karnataka,False,1704.0,Cruelty & Dowry Offenses,Cruelty by Husband/Relatives
2003,Karnataka,False,194.0,Cruelty & Dowry Offenses,Dowry Death
2003,Karnataka,False,1361.0,Human Trafficking,Immoral Traffic (Prevention) Act
2003,Karnataka,False,0.0,Special & Local Laws,Indecent Representation of Women Act
2003,Karnataka,False,84.0,Assault & Sexual Harassment,Insult to Modesty of Women
2003,Karnataka,False,244.0,Kidnapping & Abduction,Kidnapping & Abduction (General)
2003,Karnataka,False,321.0,Rape & Attempted Rape,Rape (General/Other)
2003,Kerala,False,1947.0,Assault & Sexual Harassment,Assault to Outrage Modesty
2003,Kerala,False,2930.0,Cruelty & Dowry Offenses,Cruelty by Husband/Relatives
2003,Kerala,False,33.0,Cruelty & Dowry Offenses,Dowry Death
2003,Kerala,False,159.0,Human Trafficking,Immoral Traffic (Prevention) Act
2003,Kerala,False,16.0,Special & Local Laws,Indecent Representation of Women Act
2003,Kerala,False,68.0,Assault & Sexual Harassment,Insult to Modesty of Women
2003,Kerala,False,102.0,Kidnapping & Abduction,Kidnapping & Abduction (General)
2003,Kerala,False,394.0,Rape & Attempted Rape,Rape (General/Other)
2003,Lakshadweep,False,1.0,Assault & Sexual Harassment,Assault to Outrage Modesty
2003,Lakshadweep,False,1.0,Cruelty & Dowry Offenses,Cruelty by Husband/Relatives
2003,Lakshadweep,False,0.0,Cruelty & Dowry Offenses,Dowry Death
2003,Lakshadweep,False,0.0,Human Trafficking,Immoral Traffic (Prevention) Act
2003,Lakshadweep,False,0.0,Special & Local Laws,Indecent Representation of Women Act
2003,Lakshadweep,False,0.0,Assault & Sexual Harassment,Insult to Modesty of Women
2003,Lakshadweep,False,0.0,Kidnapping & Abduction,Kidnapping & Abduction (General)
2003,Lakshadweep,False,2.0,Rape & Attempted Rape,Rape (General/Other)
2003,Madhya Pradesh,False,6848.0,Assault & Sexual Harassment,Assault to Outrage Modesty
2003,Madhya Pradesh,False,2938.0,Cruelty & Dowry Offenses,Cruelty by Husband/Relatives
2003,Madhya Pradesh,False,648.0,Cruelty & Dowry Offenses,Dowry Death
2003,Madhya Pradesh,False,33.0,Human Trafficking,Immoral Traffic (Prevention) Act
2003,Madhya Pradesh,False,0.0,Special & Local Laws,Indecent Representation of Women Act
2003,Madhya Pradesh,False,705.0,Assault & Sexual Harassment,Insult to Modesty of Women
2003,Madhya Pradesh,False,608.0,Kidnapping & Abduction,Kidnapping & Abduction (General)
2003,Madhya Pradesh,False,2738.0,Rape & Attempted Rape,Rape (General/Other)
2003,Maharashtra,False,2661.0,Assault & Sexual Harassment,Assault to Outrage Modesty
2003,Maharashtra,False,5452.0,Cruelty & Dowry Offenses,Cruelty by Husband/Relatives
2003,Maharashtra,False,368.0,Cruelty & Dowry Offenses,Dowry Death
2003,Maharashtra,False,179.0,Human Trafficking,Immoral Traffic (Prevention) Act
2003,Maharashtra,False,8.0,Special & Local Laws,Indecent Representation of Women Act
2003,Maharashtra,False,682.0,Assault & Sexual Harassment,Insult to Modesty of Women
2003,Maharashtra,False,626.0,Kidnapping & Abduction,Kidnapping & Abduction (General)
2003,Maharashtra,False,1268.0,Rape & Attempted Rape,Rape (General/Other)
2003,Manipur,False,44.0,Assault & Sexual Harassment,Assault to Outrage Modesty
2003,Manipur,False,4.0,Cruelty & Dowry Offenses,Cruelty by Husband/Relatives
2003,Manipur,False,0.0,Cruelty & Dowry Offenses,Dowry Death
2003,Manipur,False,0.0,Human Trafficking,Immoral Traffic (Prevention) Act
2003,Manipur,False,0.0,Special & Local Laws,Indecent Representation of Women Act
2003,Manipur,False,0.0,Assault & Sexual Harassment,Insult to Modesty of Women
2003,Manipur,False,71.0,Kidnapping & Abduction,Kidnapping & Abduction (General)
2003,Manipur,False,18.0,Rape & Attempted Rape,Rape (General/Other)
2003,Meghalaya,False,13.0,Assault & Sexual Harassment,Assault to Outrage Modesty
2003,Meghalaya,False,4.0,Cruelty & Dowry Offenses,Cruelty by Husband/Relatives
2003,Meghalaya,False,0.0,Cruelty & Dowry Offenses,Dowry Death
2003,Meghalaya,False,1.0,Human Trafficking,Immoral Traffic (Prevention) Act
2003,Meghalaya,False,0.0,Special & Local Laws,Indecent Representation of Women Act
2003,Meghalaya,False,1.0,Assault & Sexual Harassment,Insult to Modesty of Women
2003,Meghalaya,False,10.0,Kidnapping & Abduction,Kidnapping & Abduction (General)
2003,Meghalaya,False,40.0,Rape & Attempted Rape,Rape (General/Other)
2003,Mizoram,False,88.0,Assault & Sexual Harassment,Assault to Outrage Modesty
2003,Mizoram,False,3.0,Cruelty & Dowry Offenses,Cruelty by Husband/Relatives
2003,Mizoram,False,0.0,Cruelty & Dowry Offenses,Dowry Death
2003,Mizoram,False,0.0,Human Trafficking,Immoral Traffic (Prevention) Act
2003,Mizoram,False,0.0,Special & Local Laws,Indecent Representation of Women Act
2003,Mizoram,False,0.0,Assault & Sexual Harassment,Insult to Modesty of Women
2003,Mizoram,False,2.0,Kidnapping & Abduction,Kidnapping & Abduction (General)
2003,Mizoram,False,54.0,Rape & Attempted Rape,Rape (General/Other)
2003,Nagaland,False,4.0,Assault & Sexual Harassment,Assault to Outrage Modesty
2003,Nagaland,False,0.0,Cruelty & Dowry Offenses,Cruelty by Husband/Relatives
2003,Nagaland,False,0.0,Cruelty & Dowry Offenses,Dowry Death
2003,Nagaland,False,1.0,Human Trafficking,Immoral Traffic (Prevention) Act
2003,Nagaland,False,0.0,Special & Local Laws,Indecent Representation of Women Act
2003,Nagaland,False,2.0,Assault & Sexual Harassment,Insult to Modesty of Women
2003,Nagaland,False,3.0,Kidnapping & Abduction,Kidnapping & Abduction (General)
2003,Nagaland,False,14.0,Rape & Attempted Rape,Rape (General/Other)
2003,Odisha,False,1669.0,Assault & Sexual Harassment,Assault to Outrage Modesty
2003,Odisha,False,1289.0,Cruelty & Dowry Offenses,Cruelty by Husband/Relatives
2003,Odisha,False,279.0,Cruelty & Dowry Offenses,Dowry Death
2003,Odisha,False,11.0,Human Trafficking,Immoral Traffic (Prevention) Act
2003,Odisha,False,0.0,Special & Local Laws,Indecent Representation of Women Act
2003,Odisha,False,188.0,Assault & Sexual Harassment,Insult to Modesty of Women
2003,Odisha,False,373.0,Kidnapping & Abduction,Kidnapping & Abduction (General)
2003,Odisha,False,725.0,Rape & Attempted Rape,Rape (General/Other)
2003,Puducherry,False,56.0,Assault & Sexual Harassment,Assault to Outrage Modesty
2003,Puducherry,False,4.0,Cruelty & Dowry Offenses,Cruelty by Husband/Relatives
2003,Puducherry,False,1.0,Cruelty & Dowry Offenses,Dowry Death
2003,Puducherry,False,13.0,Human Trafficking,Immoral Traffic (Prevention) Act
2003,Puducherry,False,0.0,Special & Local Laws,Indecent Representation of Women Act
2003,Puducherry,False,27.0,Assault & Sexual Harassment,Insult to Modesty of Women
2003,Puducherry,False,13.0,Kidnapping & Abduction,Kidnapping & Abduction (General)
2003,Puducherry,False,2.0,Rape & Attempted Rape,Rape (General/Other)
2003,Punjab,False,346.0,Assault & Sexual Harassment,Assault to Outrage Modesty
2003,Punjab,False,987.0,Cruelty & Dowry Offenses,Cruelty by Husband/Relatives
2003,Punjab,False,110.0,Cruelty & Dowry Offenses,Dowry Death
2003,Punjab,False,54.0,Human Trafficking,Immoral Traffic (Prevention) Act
2003,Punjab,False,1.0,Special & Local Laws,Indecent Representation of Women Act
2003,Punjab,False,199.0,Assault & Sexual Harassment,Insult to Modesty of Women
2003,Punjab,False,295.0,Kidnapping & Abduction,Kidnapping & Abduction (General)
2003,Punjab,False,380.0,Rape & Attempted Rape,Rape (General/Other)
2003,Rajasthan,False,2715.0,Assault & Sexual Harassment,Assault to Outrage Modesty
2003,Rajasthan,False,5733.0,Cruelty & Dowry Offenses,Cruelty by Husband/Relatives
2003,Rajasthan,False,389.0,Cruelty & Dowry Offenses,Dowry Death
2003,Rajasthan,False,51.0,Human Trafficking,Immoral Traffic (Prevention) Act
2003,Rajasthan,False,87.0,Special & Local Laws,Indecent Representation of Women Act
2003,Rajasthan,False,33.0,Assault & Sexual Harassment,Insult to Modesty of Women
2003,Rajasthan,False,1750.0,Kidnapping & Abduction,Kidnapping & Abduction (General)
2003,Rajasthan,False,1050.0,Rape & Attempted Rape,Rape (General/Other)
2003,Sikkim,False,25.0,Assault & Sexual Harassment,Assault to Outrage Modesty
2003,Sikkim,False,1.0,Cruelty & Dowry Offenses,Cruelty by Husband/Relatives
2003,Sikkim,False,0.0,Cruelty & Dowry Offenses,Dowry Death
2003,Sikkim,False,1.0,Human Trafficking,Immoral Traffic (Prevention) Act
2003,Sikkim,False,0.0,Special & Local Laws,Indecent Representation of Women Act
2003,Sikkim,False,0.0,Assault & Sexual Harassment,Insult to Modesty of Women
2003,Sikkim,False,0.0,Kidnapping & Abduction,Kidnapping & Abduction (General)
2003,Sikkim,False,10.0,Rape & Attempted Rape,Rape (General/Other)
2003,Tamil Nadu,False,2022.0,Assault & Sexual Harassment,Assault to Outrage Modesty
2003,Tamil Nadu,False,1555.0,Cruelty & Dowry Offenses,Cruelty by Husband/Relatives
2003,Tamil Nadu,False,220.0,Cruelty & Dowry Offenses,Dowry Death
2003,Tamil Nadu,False,2839.0,Human Trafficking,Immoral Traffic (Prevention) Act
2003,Tamil Nadu,False,6.0,Special & Local Laws,Indecent Representation of Women Act
2003,Tamil Nadu,False,881.0,Assault & Sexual Harassment,Insult to Modesty of Women
2003,Tamil Nadu,False,632.0,Kidnapping & Abduction,Kidnapping & Abduction (General)
2003,Tamil Nadu,False,557.0,Rape & Attempted Rape,Rape (General/Other)
2003,Tripura,False,127.0,Assault & Sexual Harassment,Assault to Outrage Modesty
2003,Tripura,False,247.0,Cruelty & Dowry Offenses,Cruelty by Husband/Relatives
2003,Tripura,False,20.0,Cruelty & Dowry Offenses,Dowry Death
2003,Tripura,False,0.0,Human Trafficking,Immoral Traffic (Prevention) Act
2003,Tripura,False,0.0,Special & Local Laws,Indecent Representation of Women Act
2003,Tripura,False,0.0,Assault & Sexual Harassment,Insult to Modesty of Women
2003,Tripura,False,29.0,Kidnapping & Abduction,Kidnapping & Abduction (General)
2003,Tripura,False,114.0,Rape & Attempted Rape,Rape (General/Other)
2003,Uttar Pradesh,False,1098.0,Assault & Sexual Harassment,Assault to Outrage Modesty
2003,Uttar Pradesh,False,2626.0,Cruelty & Dowry Offenses,Cruelty by Husband/Relatives
2003,Uttar Pradesh,False,1322.0,Cruelty & Dowry Offenses,Dowry Death
2003,Uttar Pradesh,False,47.0,Human Trafficking,Immoral Traffic (Prevention) Act
2003,Uttar Pradesh,False,0.0,Special & Local Laws,Indecent Representation of Women Act
2003,Uttar Pradesh,False,4970.0,Assault & Sexual Harassment,Insult to Modesty of Women
2003,Uttar Pradesh,False,1499.0,Kidnapping & Abduction,Kidnapping & Abduction (General)
2003,Uttar Pradesh,False,911.0,Rape & Attempted Rape,Rape (General/Other)
2003,Uttarakhand,False,136.0,Assault & Sexual Harassment,Assault to Outrage Modesty
2003,Uttarakhand,False,317.0,Cruelty & Dowry Offenses,Cruelty by Husband/Relatives
2003,Uttarakhand,False,93.0,Cruelty & Dowry Offenses,Dowry Death
2003,Uttarakhand,False,0.0,Human Trafficking,Immoral Traffic (Prevention) Act
2003,Uttarakhand,False,0.0,Special & Local Laws,Indecent Representation of Women Act
2003,Uttarakhand,False,98.0,Assault & Sexual Harassment,Insult to Modesty of Women
2003,Uttarakhand,False,134.0,Kidnapping & Abduction,Kidnapping & Abduction (General)
2003,Uttarakhand,False,107.0,Rape & Attempted Rape,Rape (General/Other)
2003,West Bengal,False,1186.0,Assault & Sexual Harassment,Assault to Outrage Modesty
2003,West Bengal,False,4948.0,Cruelty & Dowry Offenses,Cruelty by Husband/Relatives
2003,West Bengal,False,329.0,Cruelty & Dowry Offenses,Dowry Death
2003,West Bengal,False,152.0,Human Trafficking,Immoral Traffic (Prevention) Act
2003,West Bengal,False,1.0,Special & Local Laws,Indecent Representation of Women Act
2003,West Bengal,False,71.0,Assault & Sexual Harassment,Insult to Modesty of Women
2003,West Bengal,False,801.0,Kidnapping & Abduction,Kidnapping & Abduction (General)
2003,West Bengal,False,1002.0,Rape & Attempted Rape,Rape (General/Other)
2004,Andaman & Nicobar Islands,False,6.0,Assault & Sexual Harassment,Assault to Outrage Modesty
2004,Andaman & Nicobar Islands,False,5.0,Cruelty & Dowry Offenses,Cruelty by Husband/Relatives
2004,Andaman & Nicobar Islands,False,0.0,Cruelty & Dowry Offenses,Dowry Death
2004,Andaman & Nicobar Islands,False,0.0,Human Trafficking,Immoral Traffic (Prevention) Act
2004,Andaman & Nicobar Islands,False,0.0,Special & Local Laws,Indecent Representation of Women Act
2004,Andaman & Nicobar Islands,False,3.0,Assault & Sexual Harassment,Insult to Modesty of Women
2004,Andaman & Nicobar Islands,False,3.0,Kidnapping & Abduction,Kidnapping & Abduction (General)
2004,Andaman & Nicobar Islands,False,10.0,Rape & Attempted Rape,Rape (General/Other)
2004,Andhra Pradesh,False,3817.0,Assault & Sexual Harassment,Assault to Outrage Modesty
2004,Andhra Pradesh,False,8388.0,Cruelty & Dowry Offenses,Cruelty by Husband/Relatives
2004,Andhra Pradesh,False,512.0,Cruelty & Dowry Offenses,Dowry Death
2004,Andhra Pradesh,False,405.0,Human Trafficking,Immoral Traffic (Prevention) Act
2004,Andhra Pradesh,False,1102.0,Special & Local Laws,Indecent Representation of Women Act
2004,Andhra Pradesh,False,2310.0,Assault & Sexual Harassment,Insult to Modesty of Women
2004,Andhra Pradesh,False,1030.0,Kidnapping & Abduction,Kidnapping & Abduction (General)
2004,Andhra Pradesh,False,1016.0,Rape & Attempted Rape,Rape (General/Other)
2004,Arunachal Pradesh,False,61.0,Assault & Sexual Harassment,Assault to Outrage Modesty
2004,Arunachal Pradesh,False,4.0,Cruelty & Dowry Offenses,Cruelty by Husband/Relatives
2004,Arunachal Pradesh,False,0.0,Cruelty & Dowry Offenses,Dowry Death
2004,Arunachal Pradesh,False,0.0,Human Trafficking,Immoral Traffic (Prevention) Act
2004,Arunachal Pradesh,False,0.0,Special & Local Laws,Indecent Representation of Women Act
2004,Arunachal Pradesh,False,0.0,Assault & Sexual Harassment,Insult to Modesty of Women
2004,Arunachal Pradesh,False,41.0,Kidnapping & Abduction,Kidnapping & Abduction (General)
2004,Arunachal Pradesh,False,42.0,Rape & Attempted Rape,Rape (General/Other)
2004,Assam,False,883.0,Assault & Sexual Harassment,Assault to Outrage Modesty
2004,Assam,False,1945.0,Cruelty & Dowry Offenses,Cruelty by Husband/Relatives
2004,Assam,False,74.0,Cruelty & Dowry Offenses,Dowry Death
2004,Assam,False,28.0,Human Trafficking,Immoral Traffic (Prevention) Act
2004,Assam,False,0.0,Special & Local Laws,Indecent Representation of Women Act
2004,Assam,False,11.0,Assault & Sexual Harassment,Insult to Modesty of Women
2004,Assam,False,1552.0,Kidnapping & Abduction,Kidnapping & Abduction (General)
2004,Assam,False,1171.0,Rape & Attempted Rape,Rape (General/Other)
2004,Bihar,False,704.0,Assault & Sexual Harassment,Assault to Outrage Modesty
2004,Bihar,False,2679.0,Cruelty & Dowry Offenses,Cruelty by Husband/Relatives
2004,Bihar,False,1029.0,Cruelty & Dowry Offenses,Dowry Death
2004,Bihar,False,24.0,Human Trafficking,Immoral Traffic (Prevention) Act
2004,Bihar,False,0.0,Special & Local Laws,Indecent Representation of Women Act
2004,Bihar,False,13.0,Assault & Sexual Harassment,Insult to Modesty of Women
2004,Bihar,False,997.0,Kidnapping & Abduction,Kidnapping & Abduction (General)
2004,Bihar,False,1390.0,Rape & Attempted Rape,Rape (General/Other)
2004,Chandigarh,False,20.0,Assault & Sexual Harassment,Assault to Outrage Modesty
2004,Chandigarh,False,73.0,Cruelty & Dowry Offenses,Cruelty by Husband/Relatives
2004,Chandigarh,False,6.0,Cruelty & Dowry Offenses,Dowry Death
2004,Chandigarh,False,9.0,Human Trafficking,Immoral Traffic (Prevention) Act
2004,Chandigarh,False,0.0,Special & Local Laws,Indecent Representation of Women Act
2004,Chandigarh,False,18.0,Assault & Sexual Harassment,Insult to Modesty of Women
2004,Chandigarh,False,43.0,Kidnapping & Abduction,Kidnapping & Abduction (General)
2004,Chandigarh,False,19.0,Rape & Attempted Rape,Rape (General/Other)
2004,Chhattisgarh,False,1661.0,Assault & Sexual Harassment,Assault to Outrage Modesty
2004,Chhattisgarh,False,741.0,Cruelty & Dowry Offenses,Cruelty by Husband/Relatives
2004,Chhattisgarh,False,71.0,Cruelty & Dowry Offenses,Dowry Death
2004,Chhattisgarh,False,9.0,Human Trafficking,Immoral Traffic (Prevention) Act
2004,Chhattisgarh,False,0.0,Special & Local Laws,Indecent Representation of Women Act
2004,Chhattisgarh,False,131.0,Assault & Sexual Harassment,Insult to Modesty of Women
2004,Chhattisgarh,False,174.0,Kidnapping & Abduction,Kidnapping & Abduction (General)
2004,Chhattisgarh,False,969.0,Rape & Attempted Rape,Rape (General/Other)
2004,"Dadra & Nagar Haveli (pre-2020, separate UT)",False,5.0,Assault & Sexual Harassment,Assault to Outrage Modesty
2004,"Dadra & Nagar Haveli (pre-2020, separate UT)",False,3.0,Cruelty & Dowry Offenses,Cruelty by Husband/Relatives
2004,"Dadra & Nagar Haveli (pre-2020, separate UT)",False,0.0,Cruelty & Dowry Offenses,Dowry Death
2004,"Dadra & Nagar Haveli (pre-2020, separate UT)",False,0.0,Human Trafficking,Immoral Traffic (Prevention) Act
2004,"Dadra & Nagar Haveli (pre-2020, separate UT)",False,0.0,Special & Local Laws,Indecent Representation of Women Act
2004,"Dadra & Nagar Haveli (pre-2020, separate UT)",False,0.0,Assault & Sexual Harassment,Insult to Modesty of Women
2004,"Dadra & Nagar Haveli (pre-2020, separate UT)",False,7.0,Kidnapping & Abduction,Kidnapping & Abduction (General)
2004,"Dadra & Nagar Haveli (pre-2020, separate UT)",False,7.0,Rape & Attempted Rape,Rape (General/Other)
2004,"Daman & Diu (pre-2020, separate UT)",False,1.0,Assault & Sexual Harassment,Assault to Outrage Modesty
2004,"Daman & Diu (pre-2020, separate UT)",False,4.0,Cruelty & Dowry Offenses,Cruelty by Husband/Relatives
2004,"Daman & Diu (pre-2020, separate UT)",False,0.0,Cruelty & Dowry Offenses,Dowry Death
2004,"Daman & Diu (pre-2020, separate UT)",False,1.0,Human Trafficking,Immoral Traffic (Prevention) Act
2004,"Daman & Diu (pre-2020, separate UT)",False,0.0,Special & Local Laws,Indecent Representation of Women Act
2004,"Daman & Diu (pre-2020, separate UT)",False,0.0,Assault & Sexual Harassment,Insult to Modesty of Women
2004,"Daman & Diu (pre-2020, separate UT)",False,0.0,Kidnapping & Abduction,Kidnapping & Abduction (General)
2004,"Daman & Diu (pre-2020, separate UT)",False,1.0,Rape & Attempted Rape,Rape (General/Other)
2004,Delhi,False,601.0,Assault & Sexual Harassment,Assault to Outrage Modesty
2004,Delhi,False,1254.0,Cruelty & Dowry Offenses,Cruelty by Husband/Relatives
2004,Delhi,False,126.0,Cruelty & Dowry Offenses,Dowry Death
2004,Delhi,False,123.0,Human Trafficking,Immoral Traffic (Prevention) Act
2004,Delhi,False,0.0,Special & Local Laws,Indecent Representation of Women Act
2004,Delhi,False,130.0,Assault & Sexual Harassment,Insult to Modesty of Women
2004,Delhi,False,881.0,Kidnapping & Abduction,Kidnapping & Abduction (General)
2004,Delhi,False,551.0,Rape & Attempted Rape,Rape (General/Other)
2004,Goa,False,23.0,Assault & Sexual Harassment,Assault to Outrage Modesty
2004,Goa,False,17.0,Cruelty & Dowry Offenses,Cruelty by Husband/Relatives
2004,Goa,False,2.0,Cruelty & Dowry Offenses,Dowry Death
2004,Goa,False,28.0,Human Trafficking,Immoral Traffic (Prevention) Act
2004,Goa,False,0.0,Special & Local Laws,Indecent Representation of Women Act
2004,Goa,False,15.0,Assault & Sexual Harassment,Insult to Modesty of Women
2004,Goa,False,10.0,Kidnapping & Abduction,Kidnapping & Abduction (General)
2004,Goa,False,37.0,Rape & Attempted Rape,Rape (General/Other)
2004,Gujarat,False,757.0,Assault & Sexual Harassment,Assault to Outrage Modesty
2004,Gujarat,False,3955.0,Cruelty & Dowry Offenses,Cruelty by Husband/Relatives
2004,Gujarat,False,58.0,Cruelty & Dowry Offenses,Dowry Death
2004,Gujarat,False,33.0,Human Trafficking,Immoral Traffic (Prevention) Act
2004,Gujarat,False,0.0,Special & Local Laws,Indecent Representation of Women Act
2004,Gujarat,False,164.0,Assault & Sexual Harassment,Insult to Modesty of Women
2004,Gujarat,False,905.0,Kidnapping & Abduction,Kidnapping & Abduction (General)
2004,Gujarat,False,339.0,Rape & Attempted Rape,Rape (General/Other)
2004,Haryana,False,403.0,Assault & Sexual Harassment,Assault to Outrage Modesty
2004,Haryana,False,2026.0,Cruelty & Dowry Offenses,Cruelty by Husband/Relatives
2004,Haryana,False,251.0,Cruelty & Dowry Offenses,Dowry Death
2004,Haryana,False,62.0,Human Trafficking,Immoral Traffic (Prevention) Act
2004,Haryana,False,0.0,Special & Local Laws,Indecent Representation of Women Act
2004,Haryana,False,850.0,Assault & Sexual Harassment,Insult to Modesty of Women
2004,Haryana,False,292.0,Kidnapping & Abduction,Kidnapping & Abduction (General)
2004,Haryana,False,386.0,Rape & Attempted Rape,Rape (General/Other)
2004,Himachal Pradesh,False,284.0,Assault & Sexual Harassment,Assault to Outrage Modesty
2004,Himachal Pradesh,False,252.0,Cruelty & Dowry Offenses,Cruelty by Husband/Relatives
2004,Himachal Pradesh,False,8.0,Cruelty & Dowry Offenses,Dowry Death
2004,Himachal Pradesh,False,4.0,Human Trafficking,Immoral Traffic (Prevention) Act
2004,Himachal Pradesh,False,2.0,Special & Local Laws,Indecent Representation of Women Act
2004,Himachal Pradesh,False,16.0,Assault & Sexual Harassment,Insult to Modesty of Women
2004,Himachal Pradesh,False,99.0,Kidnapping & Abduction,Kidnapping & Abduction (General)
2004,Himachal Pradesh,False,153.0,Rape & Attempted Rape,Rape (General/Other)
2004,Jammu & Kashmir,False,990.0,Assault & Sexual Harassment,Assault to Outrage Modesty
2004,Jammu & Kashmir,False,82.0,Cruelty & Dowry Offenses,Cruelty by Husband/Relatives
2004,Jammu & Kashmir,False,9.0,Cruelty & Dowry Offenses,Dowry Death
2004,Jammu & Kashmir,False,11.0,Human Trafficking,Immoral Traffic (Prevention) Act
2004,Jammu & Kashmir,False,0.0,Special & Local Laws,Indecent Representation of Women Act
2004,Jammu & Kashmir,False,264.0,Assault & Sexual Harassment,Insult to Modesty of Women
2004,Jammu & Kashmir,False,632.0,Kidnapping & Abduction,Kidnapping & Abduction (General)
2004,Jammu & Kashmir,False,218.0,Rape & Attempted Rape,Rape (General/Other)
2004,Jharkhand,False,411.0,Assault & Sexual Harassment,Assault to Outrage Modesty
2004,Jharkhand,False,588.0,Cruelty & Dowry Offenses,Cruelty by Husband/Relatives
2004,Jharkhand,False,275.0,Cruelty & Dowry Offenses,Dowry Death
2004,Jharkhand,False,3.0,Human Trafficking,Immoral Traffic (Prevention) Act
2004,Jharkhand,False,0.0,Special & Local Laws,Indecent Representation of Women Act
2004,Jharkhand,False,3.0,Assault & Sexual Harassment,Insult to Modesty of Women
2004,Jharkhand,False,178.0,Kidnapping & Abduction,Kidnapping & Abduction (General)
2004,Jharkhand,False,797.0,Rape & Attempted Rape,Rape (General/Other)
2004,Karnataka,False,1435.0,Assault & Sexual Harassment,Assault to Outrage Modesty
2004,Karnataka,False,1588.0,Cruelty & Dowry Offenses,Cruelty by Husband/Relatives
2004,Karnataka,False,259.0,Cruelty & Dowry Offenses,Dowry Death
2004,Karnataka,False,1170.0,Human Trafficking,Immoral Traffic (Prevention) Act
2004,Karnataka,False,0.0,Special & Local Laws,Indecent Representation of Women Act
2004,Karnataka,False,57.0,Assault & Sexual Harassment,Insult to Modesty of Women
2004,Karnataka,False,286.0,Kidnapping & Abduction,Kidnapping & Abduction (General)
2004,Karnataka,False,291.0,Rape & Attempted Rape,Rape (General/Other)
2004,Kerala,False,2260.0,Assault & Sexual Harassment,Assault to Outrage Modesty
2004,Kerala,False,3222.0,Cruelty & Dowry Offenses,Cruelty by Husband/Relatives
2004,Kerala,False,31.0,Cruelty & Dowry Offenses,Dowry Death
2004,Kerala,False,168.0,Human Trafficking,Immoral Traffic (Prevention) Act
2004,Kerala,False,45.0,Special & Local Laws,Indecent Representation of Women Act
2004,Kerala,False,133.0,Assault & Sexual Harassment,Insult to Modesty of Women
2004,Kerala,False,142.0,Kidnapping & Abduction,Kidnapping & Abduction (General)
2004,Kerala,False,480.0,Rape & Attempted Rape,Rape (General/Other)
2004,Lakshadweep,False,0.0,Assault & Sexual Harassment,Assault to Outrage Modesty
2004,Lakshadweep,False,1.0,Cruelty & Dowry Offenses,Cruelty by Husband/Relatives
2004,Lakshadweep,False,0.0,Cruelty & Dowry Offenses,Dowry Death
2004,Lakshadweep,False,0.0,Human Trafficking,Immoral Traffic (Prevention) Act
2004,Lakshadweep,False,0.0,Special & Local Laws,Indecent Representation of Women Act
2004,Lakshadweep,False,0.0,Assault & Sexual Harassment,Insult to Modesty of Women
2004,Lakshadweep,False,0.0,Kidnapping & Abduction,Kidnapping & Abduction (General)
2004,Lakshadweep,False,0.0,Rape & Attempted Rape,Rape (General/Other)
2004,Madhya Pradesh,False,6690.0,Assault & Sexual Harassment,Assault to Outrage Modesty
2004,Madhya Pradesh,False,3436.0,Cruelty & Dowry Offenses,Cruelty by Husband/Relatives
2004,Madhya Pradesh,False,751.0,Cruelty & Dowry Offenses,Dowry Death
2004,Madhya Pradesh,False,23.0,Human Trafficking,Immoral Traffic (Prevention) Act
2004,Madhya Pradesh,False,0.0,Special & Local Laws,Indecent Representation of Women Act
2004,Madhya Pradesh,False,804.0,Assault & Sexual Harassment,Insult to Modesty of Women
2004,Madhya Pradesh,False,584.0,Kidnapping & Abduction,Kidnapping & Abduction (General)
2004,Madhya Pradesh,False,2875.0,Rape & Attempted Rape,Rape (General/Other)
2004,Maharashtra,False,2831.0,Assault & Sexual Harassment,Assault to Outrage Modesty
2004,Maharashtra,False,5646.0,Cruelty & Dowry Offenses,Cruelty by Husband/Relatives
2004,Maharashtra,False,314.0,Cruelty & Dowry Offenses,Dowry Death
2004,Maharashtra,False,309.0,Human Trafficking,Immoral Traffic (Prevention) Act
2004,Maharashtra,False,11.0,Special & Local Laws,Indecent Representation of Women Act
2004,Maharashtra,False,862.0,Assault & Sexual Harassment,Insult to Modesty of Women
2004,Maharashtra,False,787.0,Kidnapping & Abduction,Kidnapping & Abduction (General)
2004,Maharashtra,False,1388.0,Rape & Attempted Rape,Rape (General/Other)
2004,Manipur,False,30.0,Assault & Sexual Harassment,Assault to Outrage Modesty
2004,Manipur,False,2.0,Cruelty & Dowry Offenses,Cruelty by Husband/Relatives
2004,Manipur,False,0.0,Cruelty & Dowry Offenses,Dowry Death
2004,Manipur,False,0.0,Human Trafficking,Immoral Traffic (Prevention) Act
2004,Manipur,False,0.0,Special & Local Laws,Indecent Representation of Women Act
2004,Manipur,False,0.0,Assault & Sexual Harassment,Insult to Modesty of Women
2004,Manipur,False,71.0,Kidnapping & Abduction,Kidnapping & Abduction (General)
2004,Manipur,False,31.0,Rape & Attempted Rape,Rape (General/Other)
2004,Meghalaya,False,34.0,Assault & Sexual Harassment,Assault to Outrage Modesty
2004,Meghalaya,False,5.0,Cruelty & Dowry Offenses,Cruelty by Husband/Relatives
2004,Meghalaya,False,2.0,Cruelty & Dowry Offenses,Dowry Death
2004,Meghalaya,False,0.0,Human Trafficking,Immoral Traffic (Prevention) Act
2004,Meghalaya,False,0.0,Special & Local Laws,Indecent Representation of Women Act
2004,Meghalaya,False,0.0,Assault & Sexual Harassment,Insult to Modesty of Women
2004,Meghalaya,False,18.0,Kidnapping & Abduction,Kidnapping & Abduction (General)
2004,Meghalaya,False,54.0,Rape & Attempted Rape,Rape (General/Other)
2004,Mizoram,False,66.0,Assault & Sexual Harassment,Assault to Outrage Modesty
2004,Mizoram,False,0.0,Cruelty & Dowry Offenses,Cruelty by Husband/Relatives
2004,Mizoram,False,0.0,Cruelty & Dowry Offenses,Dowry Death
2004,Mizoram,False,5.0,Human Trafficking,Immoral Traffic (Prevention) Act
2004,Mizoram,False,0.0,Special & Local Laws,Indecent Representation of Women Act
2004,Mizoram,False,0.0,Assault & Sexual Harassment,Insult to Modesty of Women
2004,Mizoram,False,0.0,Kidnapping & Abduction,Kidnapping & Abduction (General)
2004,Mizoram,False,20.0,Rape & Attempted Rape,Rape (General/Other)
2004,Nagaland,False,3.0,Assault & Sexual Harassment,Assault to Outrage Modesty
2004,Nagaland,False,0.0,Cruelty & Dowry Offenses,Cruelty by Husband/Relatives
2004,Nagaland,False,0.0,Cruelty & Dowry Offenses,Dowry Death
2004,Nagaland,False,4.0,Human Trafficking,Immoral Traffic (Prevention) Act
2004,Nagaland,False,0.0,Special & Local Laws,Indecent Representation of Women Act
2004,Nagaland,False,1.0,Assault & Sexual Harassment,Insult to Modesty of Women
2004,Nagaland,False,4.0,Kidnapping & Abduction,Kidnapping & Abduction (General)
2004,Nagaland,False,18.0,Rape & Attempted Rape,Rape (General/Other)
2004,Odisha,False,1811.0,Assault & Sexual Harassment,Assault to Outrage Modesty
2004,Odisha,False,1192.0,Cruelty & Dowry Offenses,Cruelty by Husband/Relatives
2004,Odisha,False,319.0,Cruelty & Dowry Offenses,Dowry Death
2004,Odisha,False,22.0,Human Trafficking,Immoral Traffic (Prevention) Act
2004,Odisha,False,0.0,Special & Local Laws,Indecent Representation of Women Act
2004,Odisha,False,170.0,Assault & Sexual Harassment,Insult to Modesty of Women
2004,Odisha,False,423.0,Kidnapping & Abduction,Kidnapping & Abduction (General)
2004,Odisha,False,770.0,Rape & Attempted Rape,Rape (General/Other)
2004,Puducherry,False,50.0,Assault & Sexual Harassment,Assault to Outrage Modesty
2004,Puducherry,False,2.0,Cruelty & Dowry Offenses,Cruelty by Husband/Relatives
2004,Puducherry,False,6.0,Cruelty & Dowry Offenses,Dowry Death
2004,Puducherry,False,4.0,Human Trafficking,Immoral Traffic (Prevention) Act
2004,Puducherry,False,0.0,Special & Local Laws,Indecent Representation of Women Act
2004,Puducherry,False,30.0,Assault & Sexual Harassment,Insult to Modesty of Women
2004,Puducherry,False,8.0,Kidnapping & Abduction,Kidnapping & Abduction (General)
2004,Puducherry,False,4.0,Rape & Attempted Rape,Rape (General/Other)
2004,Punjab,False,261.0,Assault & Sexual Harassment,Assault to Outrage Modesty
2004,Punjab,False,801.0,Cruelty & Dowry Offenses,Cruelty by Husband/Relatives
2004,Punjab,False,113.0,Cruelty & Dowry Offenses,Dowry Death
2004,Punjab,False,32.0,Human Trafficking,Immoral Traffic (Prevention) Act
2004,Punjab,False,2.0,Special & Local Laws,Indecent Representation of Women Act
2004,Punjab,False,38.0,Assault & Sexual Harassment,Insult to Modesty of Women
2004,Punjab,False,311.0,Kidnapping & Abduction,Kidnapping & Abduction (General)
2004,Punjab,False,390.0,Rape & Attempted Rape,Rape (General/Other)
2004,Rajasthan,False,2825.0,Assault & Sexual Harassment,Assault to Outrage Modesty
2004,Rajasthan,False,6781.0,Cruelty & Dowry Offenses,Cruelty by Husband/Relatives
2004,Rajasthan,False,379.0,Cruelty & Dowry Offenses,Dowry Death
2004,Rajasthan,False,79.0,Human Trafficking,Immoral Traffic (Prevention) Act
2004,Rajasthan,False,89.0,Special & Local Laws,Indecent Representation of Women Act
2004,Rajasthan,False,41.0,Assault & Sexual Harassment,Insult to Modesty of Women
2004,Rajasthan,False,1881.0,Kidnapping & Abduction,Kidnapping & Abduction (General)
2004,Rajasthan,False,1038.0,Rape & Attempted Rape,Rape (General/Other)
2004,Sikkim,False,40.0,Assault & Sexual Harassment,Assault to Outrage Modesty
2004,Sikkim,False,1.0,Cruelty & Dowry Offenses,Cruelty by Husband/Relatives
2004,Sikkim,False,0.0,Cruelty & Dowry Offenses,Dowry Death
2004,Sikkim,False,1.0,Human Trafficking,Immoral Traffic (Prevention) Act
2004,Sikkim,False,0.0,Special & Local Laws,Indecent Representation of Women Act
2004,Sikkim,False,0.0,Assault & Sexual Harassment,Insult to Modesty of Women
2004,Sikkim,False,4.0,Kidnapping & Abduction,Kidnapping & Abduction (General)
2004,Sikkim,False,3.0,Rape & Attempted Rape,Rape (General/Other)
2004,Tamil Nadu,False,1861.0,Assault & Sexual Harassment,Assault to Outrage Modesty
2004,Tamil Nadu,False,1437.0,Cruelty & Dowry Offenses,Cruelty by Husband/Relatives
2004,Tamil Nadu,False,225.0,Cruelty & Dowry Offenses,Dowry Death
2004,Tamil Nadu,False,3022.0,Human Trafficking,Immoral Traffic (Prevention) Act
2004,Tamil Nadu,False,102.0,Special & Local Laws,Indecent Representation of Women Act
2004,Tamil Nadu,False,1081.0,Assault & Sexual Harassment,Insult to Modesty of Women
2004,Tamil Nadu,False,692.0,Kidnapping & Abduction,Kidnapping & Abduction (General)
2004,Tamil Nadu,False,618.0,Rape & Attempted Rape,Rape (General/Other)
2004,Tripura,False,134.0,Assault & Sexual Harassment,Assault to Outrage Modesty
2004,Tripura,False,302.0,Cruelty & Dowry Offenses,Cruelty by Husband/Relatives
2004,Tripura,False,20.0,Cruelty & Dowry Offenses,Dowry Death
2004,Tripura,False,0.0,Human Trafficking,Immoral Traffic (Prevention) Act
2004,Tripura,False,0.0,Special & Local Laws,Indecent Representation of Women Act
2004,Tripura,False,0.0,Assault & Sexual Harassment,Insult to Modesty of Women
2004,Tripura,False,54.0,Kidnapping & Abduction,Kidnapping & Abduction (General)
2004,Tripura,False,160.0,Rape & Attempted Rape,Rape (General/Other)
2004,Uttar Pradesh,False,1900.0,Assault & Sexual Harassment,Assault to Outrage Modesty
2004,Uttar Pradesh,False,4950.0,Cruelty & Dowry Offenses,Cruelty by Husband/Relatives
2004,Uttar Pradesh,False,1708.0,Cruelty & Dowry Offenses,Dowry Death
2004,Uttar Pradesh,False,44.0,Human Trafficking,Immoral Traffic (Prevention) Act
2004,Uttar Pradesh,False,0.0,Special & Local Laws,Indecent Representation of Women Act
2004,Uttar Pradesh,False,2682.0,Assault & Sexual Harassment,Insult to Modesty of Women
2004,Uttar Pradesh,False,2324.0,Kidnapping & Abduction,Kidnapping & Abduction (General)
2004,Uttar Pradesh,False,1397.0,Rape & Attempted Rape,Rape (General/Other)
2004,Uttarakhand,False,143.0,Assault & Sexual Harassment,Assault to Outrage Modesty
2004,Uttarakhand,False,405.0,Cruelty & Dowry Offenses,Cruelty by Husband/Relatives
2004,Uttarakhand,False,82.0,Cruelty & Dowry Offenses,Dowry Death
2004,Uttarakhand,False,4.0,Human Trafficking,Immoral Traffic (Prevention) Act
2004,Uttarakhand,False,0.0,Special & Local Laws,Indecent Representation of Women Act
2004,Uttarakhand,False,110.0,Assault & Sexual Harassment,Insult to Modesty of Women
2004,Uttarakhand,False,127.0,Kidnapping & Abduction,Kidnapping & Abduction (General)
2004,Uttarakhand,False,115.0,Rape & Attempted Rape,Rape (General/Other)
2004,West Bengal,False,1566.0,Assault & Sexual Harassment,Assault to Outrage Modesty
2004,West Bengal,False,6334.0,Cruelty & Dowry Offenses,Cruelty by Husband/Relatives
2004,West Bengal,False,396.0,Cruelty & Dowry Offenses,Dowry Death
2004,West Bengal,False,121.0,Human Trafficking,Immoral Traffic (Prevention) Act
2004,West Bengal,False,25.0,Special & Local Laws,Indecent Representation of Women Act
2004,West Bengal,False,64.0,Assault & Sexual Harassment,Insult to Modesty of Women
2004,West Bengal,False,1018.0,Kidnapping & Abduction,Kidnapping & Abduction (General)
2004,West Bengal,False,1475.0,Rape & Attempted Rape,Rape (General/Other)
2005,Andaman & Nicobar Islands,False,11.0,Assault & Sexual Harassment,Assault to Outrage Modesty
2005,Andaman & Nicobar Islands,False,5.0,Cruelty & Dowry Offenses,Cruelty by Husband/Relatives
2005,Andaman & Nicobar Islands,False,0.0,Cruelty & Dowry Offenses,Dowry Death
2005,Andaman & Nicobar Islands,False,0.0,Human Trafficking,Immoral Traffic (Prevention) Act
2005,Andaman & Nicobar Islands,False,0.0,Special & Local Laws,Indecent Representation of Women Act
2005,Andaman & Nicobar Islands,False,1.0,Assault & Sexual Harassment,Insult to Modesty of Women
2005,Andaman & Nicobar Islands,False,1.0,Kidnapping & Abduction,Kidnapping & Abduction (General)
2005,Andaman & Nicobar Islands,False,4.0,Rape & Attempted Rape,Rape (General/Other)
2005,Andhra Pradesh,False,3595.0,Assault & Sexual Harassment,Assault to Outrage Modesty
2005,Andhra Pradesh,False,8696.0,Cruelty & Dowry Offenses,Cruelty by Husband/Relatives
2005,Andhra Pradesh,False,443.0,Cruelty & Dowry Offenses,Dowry Death
2005,Andhra Pradesh,False,681.0,Human Trafficking,Immoral Traffic (Prevention) Act
2005,Andhra Pradesh,False,2657.0,Special & Local Laws,Indecent Representation of Women Act
2005,Andhra Pradesh,False,2508.0,Assault & Sexual Harassment,Insult to Modesty of Women
2005,Andhra Pradesh,False,995.0,Kidnapping & Abduction,Kidnapping & Abduction (General)
2005,Andhra Pradesh,False,935.0,Rape & Attempted Rape,Rape (General/Other)
2005,Arunachal Pradesh,False,67.0,Assault & Sexual Harassment,Assault to Outrage Modesty
2005,Arunachal Pradesh,False,9.0,Cruelty & Dowry Offenses,Cruelty by Husband/Relatives
2005,Arunachal Pradesh,False,0.0,Cruelty & Dowry Offenses,Dowry Death
2005,Arunachal Pradesh,False,0.0,Human Trafficking,Immoral Traffic (Prevention) Act
2005,Arunachal Pradesh,False,0.0,Special & Local Laws,Indecent Representation of Women Act
2005,Arunachal Pradesh,False,0.0,Assault & Sexual Harassment,Insult to Modesty of Women
2005,Arunachal Pradesh,False,39.0,Kidnapping & Abduction,Kidnapping & Abduction (General)
2005,Arunachal Pradesh,False,35.0,Rape & Attempted Rape,Rape (General/Other)
2005,Assam,False,899.0,Assault & Sexual Harassment,Assault to Outrage Modesty
2005,Assam,False,2206.0,Cruelty & Dowry Offenses,Cruelty by Husband/Relatives
2005,Assam,False,99.0,Cruelty & Dowry Offenses,Dowry Death
2005,Assam,False,25.0,Human Trafficking,Immoral Traffic (Prevention) Act
2005,Assam,False,0.0,Special & Local Laws,Indecent Representation of Women Act
2005,Assam,False,19.0,Assault & Sexual Harassment,Insult to Modesty of Women
2005,Assam,False,1456.0,Kidnapping & Abduction,Kidnapping & Abduction (General)
2005,Assam,False,1238.0,Rape & Attempted Rape,Rape (General/Other)
2005,Bihar,False,451.0,Assault & Sexual Harassment,Assault to Outrage Modesty
2005,Bihar,False,1574.0,Cruelty & Dowry Offenses,Cruelty by Husband/Relatives
2005,Bihar,False,1014.0,Cruelty & Dowry Offenses,Dowry Death
2005,Bihar,False,28.0,Human Trafficking,Immoral Traffic (Prevention) Act
2005,Bihar,False,0.0,Special & Local Laws,Indecent Representation of Women Act
2005,Bihar,False,13.0,Assault & Sexual Harassment,Insult to Modesty of Women
2005,Bihar,False,929.0,Kidnapping & Abduction,Kidnapping & Abduction (General)
2005,Bihar,False,1147.0,Rape & Attempted Rape,Rape (General/Other)
2005,Chandigarh,False,31.0,Assault & Sexual Harassment,Assault to Outrage Modesty
2005,Chandigarh,False,75.0,Cruelty & Dowry Offenses,Cruelty by Husband/Relatives
2005,Chandigarh,False,3.0,Cruelty & Dowry Offenses,Dowry Death
2005,Chandigarh,False,9.0,Human Trafficking,Immoral Traffic (Prevention) Act
2005,Chandigarh,False,0.0,Special & Local Laws,Indecent Representation of Women Act
2005,Chandigarh,False,9.0,Assault & Sexual Harassment,Insult to Modesty of Women
2005,Chandigarh,False,45.0,Kidnapping & Abduction,Kidnapping & Abduction (General)
2005,Chandigarh,False,33.0,Rape & Attempted Rape,Rape (General/Other)
2005,Chhattisgarh,False,1450.0,Assault & Sexual Harassment,Assault to Outrage Modesty
2005,Chhattisgarh,False,732.0,Cruelty & Dowry Offenses,Cruelty by Husband/Relatives
2005,Chhattisgarh,False,100.0,Cruelty & Dowry Offenses,Dowry Death
2005,Chhattisgarh,False,6.0,Human Trafficking,Immoral Traffic (Prevention) Act
2005,Chhattisgarh,False,0.0,Special & Local Laws,Indecent Representation of Women Act
2005,Chhattisgarh,False,132.0,Assault & Sexual Harassment,Insult to Modesty of Women
2005,Chhattisgarh,False,184.0,Kidnapping & Abduction,Kidnapping & Abduction (General)
2005,Chhattisgarh,False,990.0,Rape & Attempted Rape,Rape (General/Other)
2005,"Dadra & Nagar Haveli (pre-2020, separate UT)",False,5.0,Assault & Sexual Harassment,Assault to Outrage Modesty
2005,"Dadra & Nagar Haveli (pre-2020, separate UT)",False,5.0,Cruelty & Dowry Offenses,Cruelty by Husband/Relatives
2005,"Dadra & Nagar Haveli (pre-2020, separate UT)",False,0.0,Cruelty & Dowry Offenses,Dowry Death
2005,"Dadra & Nagar Haveli (pre-2020, separate UT)",False,0.0,Human Trafficking,Immoral Traffic (Prevention) Act
2005,"Dadra & Nagar Haveli (pre-2020, separate UT)",False,0.0,Special & Local Laws,Indecent Representation of Women Act
2005,"Dadra & Nagar Haveli (pre-2020, separate UT)",False,0.0,Assault & Sexual Harassment,Insult to Modesty of Women
2005,"Dadra & Nagar Haveli (pre-2020, separate UT)",False,9.0,Kidnapping & Abduction,Kidnapping & Abduction (General)
2005,"Dadra & Nagar Haveli (pre-2020, separate UT)",False,5.0,Rape & Attempted Rape,Rape (General/Other)
2005,"Daman & Diu (pre-2020, separate UT)",False,1.0,Assault & Sexual Harassment,Assault to Outrage Modesty
2005,"Daman & Diu (pre-2020, separate UT)",False,3.0,Cruelty & Dowry Offenses,Cruelty by Husband/Relatives
2005,"Daman & Diu (pre-2020, separate UT)",False,1.0,Cruelty & Dowry Offenses,Dowry Death
2005,"Daman & Diu (pre-2020, separate UT)",False,1.0,Human Trafficking,Immoral Traffic (Prevention) Act
2005,"Daman & Diu (pre-2020, separate UT)",False,0.0,Special & Local Laws,Indecent Representation of Women Act
2005,"Daman & Diu (pre-2020, separate UT)",False,0.0,Assault & Sexual Harassment,Insult to Modesty of Women
2005,"Daman & Diu (pre-2020, separate UT)",False,2.0,Kidnapping & Abduction,Kidnapping & Abduction (General)
2005,"Daman & Diu (pre-2020, separate UT)",False,2.0,Rape & Attempted Rape,Rape (General/Other)
2005,Delhi,False,762.0,Assault & Sexual Harassment,Assault to Outrage Modesty
2005,Delhi,False,1324.0,Cruelty & Dowry Offenses,Cruelty by Husband/Relatives
2005,Delhi,False,114.0,Cruelty & Dowry Offenses,Dowry Death
2005,Delhi,False,151.0,Human Trafficking,Immoral Traffic (Prevention) Act
2005,Delhi,False,1.0,Special & Local Laws,Indecent Representation of Women Act
2005,Delhi,False,225.0,Assault & Sexual Harassment,Insult to Modesty of Women
2005,Delhi,False,1106.0,Kidnapping & Abduction,Kidnapping & Abduction (General)
2005,Delhi,False,658.0,Rape & Attempted Rape,Rape (General/Other)
2005,Goa,False,30.0,Assault & Sexual Harassment,Assault to Outrage Modesty
2005,Goa,False,11.0,Cruelty & Dowry Offenses,Cruelty by Husband/Relatives
2005,Goa,False,2.0,Cruelty & Dowry Offenses,Dowry Death
2005,Goa,False,38.0,Human Trafficking,Immoral Traffic (Prevention) Act
2005,Goa,False,0.0,Special & Local Laws,Indecent Representation of Women Act
2005,Goa,False,8.0,Assault & Sexual Harassment,Insult to Modesty of Women
2005,Goa,False,12.0,Kidnapping & Abduction,Kidnapping & Abduction (General)
2005,Goa,False,20.0,Rape & Attempted Rape,Rape (General/Other)
2005,Gujarat,False,802.0,Assault & Sexual Harassment,Assault to Outrage Modesty
2005,Gujarat,False,4090.0,Cruelty & Dowry Offenses,Cruelty by Husband/Relatives
2005,Gujarat,False,48.0,Cruelty & Dowry Offenses,Dowry Death
2005,Gujarat,False,59.0,Human Trafficking,Immoral Traffic (Prevention) Act
2005,Gujarat,False,0.0,Special & Local Laws,Indecent Representation of Women Act
2005,Gujarat,False,104.0,Assault & Sexual Harassment,Insult to Modesty of Women
2005,Gujarat,False,916.0,Kidnapping & Abduction,Kidnapping & Abduction (General)
2005,Gujarat,False,324.0,Rape & Attempted Rape,Rape (General/Other)
2005,Haryana,False,380.0,Assault & Sexual Harassment,Assault to Outrage Modesty
2005,Haryana,False,2075.0,Cruelty & Dowry Offenses,Cruelty by Husband/Relatives
2005,Haryana,False,212.0,Cruelty & Dowry Offenses,Dowry Death
2005,Haryana,False,85.0,Human Trafficking,Immoral Traffic (Prevention) Act
2005,Haryana,False,0.0,Special & Local Laws,Indecent Representation of Women Act
2005,Haryana,False,597.0,Assault & Sexual Harassment,Insult to Modesty of Women
2005,Haryana,False,344.0,Kidnapping & Abduction,Kidnapping & Abduction (General)
2005,Haryana,False,461.0,Rape & Attempted Rape,Rape (General/Other)
2005,Himachal Pradesh,False,286.0,Assault & Sexual Harassment,Assault to Outrage Modesty
2005,Himachal Pradesh,False,228.0,Cruelty & Dowry Offenses,Cruelty by Husband/Relatives
2005,Himachal Pradesh,False,2.0,Cruelty & Dowry Offenses,Dowry Death
2005,Himachal Pradesh,False,4.0,Human Trafficking,Immoral Traffic (Prevention) Act
2005,Himachal Pradesh,False,0.0,Special & Local Laws,Indecent Representation of Women Act
2005,Himachal Pradesh,False,29.0,Assault & Sexual Harassment,Insult to Modesty of Women
2005,Himachal Pradesh,False,102.0,Kidnapping & Abduction,Kidnapping & Abduction (General)
2005,Himachal Pradesh,False,141.0,Rape & Attempted Rape,Rape (General/Other)
2005,Jammu & Kashmir,False,830.0,Assault & Sexual Harassment,Assault to Outrage Modesty
2005,Jammu & Kashmir,False,76.0,Cruelty & Dowry Offenses,Cruelty by Husband/Relatives
2005,Jammu & Kashmir,False,5.0,Cruelty & Dowry Offenses,Dowry Death
2005,Jammu & Kashmir,False,3.0,Human Trafficking,Immoral Traffic (Prevention) Act
2005,Jammu & Kashmir,False,0.0,Special & Local Laws,Indecent Representation of Women Act
2005,Jammu & Kashmir,False,371.0,Assault & Sexual Harassment,Insult to Modesty of Women
2005,Jammu & Kashmir,False,658.0,Kidnapping & Abduction,Kidnapping & Abduction (General)
2005,Jammu & Kashmir,False,201.0,Rape & Attempted Rape,Rape (General/Other)
2005,Jharkhand,False,293.0,Assault & Sexual Harassment,Assault to Outrage Modesty
2005,Jharkhand,False,590.0,Cruelty & Dowry Offenses,Cruelty by Husband/Relatives
2005,Jharkhand,False,257.0,Cruelty & Dowry Offenses,Dowry Death
2005,Jharkhand,False,13.0,Human Trafficking,Immoral Traffic (Prevention) Act
2005,Jharkhand,False,2.0,Special & Local Laws,Indecent Representation of Women Act
2005,Jharkhand,False,36.0,Assault & Sexual Harassment,Insult to Modesty of Women
2005,Jharkhand,False,283.0,Kidnapping & Abduction,Kidnapping & Abduction (General)
2005,Jharkhand,False,753.0,Rape & Attempted Rape,Rape (General/Other)
2005,Karnataka,False,1585.0,Assault & Sexual Harassment,Assault to Outrage Modesty
2005,Karnataka,False,1883.0,Cruelty & Dowry Offenses,Cruelty by Husband/Relatives
2005,Karnataka,False,261.0,Cruelty & Dowry Offenses,Dowry Death
2005,Karnataka,False,1241.0,Human Trafficking,Immoral Traffic (Prevention) Act
2005,Karnataka,False,0.0,Special & Local Laws,Indecent Representation of Women Act
2005,Karnataka,False,71.0,Assault & Sexual Harassment,Insult to Modesty of Women
2005,Karnataka,False,312.0,Kidnapping & Abduction,Kidnapping & Abduction (General)
2005,Karnataka,False,343.0,Rape & Attempted Rape,Rape (General/Other)
2005,Kerala,False,2339.0,Assault & Sexual Harassment,Assault to Outrage Modesty
2005,Kerala,False,3283.0,Cruelty & Dowry Offenses,Cruelty by Husband/Relatives
2005,Kerala,False,21.0,Cruelty & Dowry Offenses,Dowry Death
2005,Kerala,False,225.0,Human Trafficking,Immoral Traffic (Prevention) Act
2005,Kerala,False,108.0,Special & Local Laws,Indecent Representation of Women Act
2005,Kerala,False,175.0,Assault & Sexual Harassment,Insult to Modesty of Women
2005,Kerala,False,129.0,Kidnapping & Abduction,Kidnapping & Abduction (General)
2005,Kerala,False,478.0,Rape & Attempted Rape,Rape (General/Other)
2005,Lakshadweep,False,0.0,Assault & Sexual Harassment,Assault to Outrage Modesty
2005,Lakshadweep,False,0.0,Cruelty & Dowry Offenses,Cruelty by Husband/Relatives
2005,Lakshadweep,False,0.0,Cruelty & Dowry Offenses,Dowry Death
2005,Lakshadweep,False,0.0,Human Trafficking,Immoral Traffic (Prevention) Act
2005,Lakshadweep,False,0.0,Special & Local Laws,Indecent Representation of Women Act
2005,Lakshadweep,False,0.0,Assault & Sexual Harassment,Insult to Modesty of Women
2005,Lakshadweep,False,0.0,Kidnapping & Abduction,Kidnapping & Abduction (General)
2005,Lakshadweep,False,0.0,Rape & Attempted Rape,Rape (General/Other)
2005,Madhya Pradesh,False,6426.0,Assault & Sexual Harassment,Assault to Outrage Modesty
2005,Madhya Pradesh,False,2989.0,Cruelty & Dowry Offenses,Cruelty by Husband/Relatives
2005,Madhya Pradesh,False,739.0,Cruelty & Dowry Offenses,Dowry Death
2005,Madhya Pradesh,False,19.0,Human Trafficking,Immoral Traffic (Prevention) Act
2005,Madhya Pradesh,False,0.0,Special & Local Laws,Indecent Representation of Women Act
2005,Madhya Pradesh,False,792.0,Assault & Sexual Harassment,Insult to Modesty of Women
2005,Madhya Pradesh,False,604.0,Kidnapping & Abduction,Kidnapping & Abduction (General)
2005,Madhya Pradesh,False,2921.0,Rape & Attempted Rape,Rape (General/Other)
2005,Maharashtra,False,3228.0,Assault & Sexual Harassment,Assault to Outrage Modesty
2005,Maharashtra,False,6233.0,Cruelty & Dowry Offenses,Cruelty by Husband/Relatives
2005,Maharashtra,False,341.0,Cruelty & Dowry Offenses,Dowry Death
2005,Maharashtra,False,222.0,Human Trafficking,Immoral Traffic (Prevention) Act
2005,Maharashtra,False,8.0,Special & Local Laws,Indecent Representation of Women Act
2005,Maharashtra,False,919.0,Assault & Sexual Harassment,Insult to Modesty of Women
2005,Maharashtra,False,851.0,Kidnapping & Abduction,Kidnapping & Abduction (General)
2005,Maharashtra,False,1545.0,Rape & Attempted Rape,Rape (General/Other)
2005,Manipur,False,25.0,Assault & Sexual Harassment,Assault to Outrage Modesty
2005,Manipur,False,20.0,Cruelty & Dowry Offenses,Cruelty by Husband/Relatives
2005,Manipur,False,0.0,Cruelty & Dowry Offenses,Dowry Death
2005,Manipur,False,1.0,Human Trafficking,Immoral Traffic (Prevention) Act
2005,Manipur,False,0.0,Special & Local Laws,Indecent Representation of Women Act
2005,Manipur,False,0.0,Assault & Sexual Harassment,Insult to Modesty of Women
2005,Manipur,False,69.0,Kidnapping & Abduction,Kidnapping & Abduction (General)
2005,Manipur,False,25.0,Rape & Attempted Rape,Rape (General/Other)
2005,Meghalaya,False,44.0,Assault & Sexual Harassment,Assault to Outrage Modesty
2005,Meghalaya,False,3.0,Cruelty & Dowry Offenses,Cruelty by Husband/Relatives
2005,Meghalaya,False,1.0,Cruelty & Dowry Offenses,Dowry Death
2005,Meghalaya,False,1.0,Human Trafficking,Immoral Traffic (Prevention) Act
2005,Meghalaya,False,0.0,Special & Local Laws,Indecent Representation of Women Act
2005,Meghalaya,False,0.0,Assault & Sexual Harassment,Insult to Modesty of Women
2005,Meghalaya,False,19.0,Kidnapping & Abduction,Kidnapping & Abduction (General)
2005,Meghalaya,False,63.0,Rape & Attempted Rape,Rape (General/Other)
2005,Mizoram,False,49.0,Assault & Sexual Harassment,Assault to Outrage Modesty
2005,Mizoram,False,0.0,Cruelty & Dowry Offenses,Cruelty by Husband/Relatives
2005,Mizoram,False,4.0,Cruelty & Dowry Offenses,Dowry Death
2005,Mizoram,False,1.0,Human Trafficking,Immoral Traffic (Prevention) Act
2005,Mizoram,False,0.0,Special & Local Laws,Indecent Representation of Women Act
2005,Mizoram,False,4.0,Assault & Sexual Harassment,Insult to Modesty of Women
2005,Mizoram,False,0.0,Kidnapping & Abduction,Kidnapping & Abduction (General)
2005,Mizoram,False,37.0,Rape & Attempted Rape,Rape (General/Other)
2005,Nagaland,False,7.0,Assault & Sexual Harassment,Assault to Outrage Modesty
2005,Nagaland,False,0.0,Cruelty & Dowry Offenses,Cruelty by Husband/Relatives
2005,Nagaland,False,0.0,Cruelty & Dowry Offenses,Dowry Death
2005,Nagaland,False,4.0,Human Trafficking,Immoral Traffic (Prevention) Act
2005,Nagaland,False,0.0,Special & Local Laws,Indecent Representation of Women Act
2005,Nagaland,False,0.0,Assault & Sexual Harassment,Insult to Modesty of Women
2005,Nagaland,False,9.0,Kidnapping & Abduction,Kidnapping & Abduction (General)
2005,Nagaland,False,17.0,Rape & Attempted Rape,Rape (General/Other)
2005,Odisha,False,2238.0,Assault & Sexual Harassment,Assault to Outrage Modesty
2005,Odisha,False,1671.0,Cruelty & Dowry Offenses,Cruelty by Husband/Relatives
2005,Odisha,False,334.0,Cruelty & Dowry Offenses,Dowry Death
2005,Odisha,False,29.0,Human Trafficking,Immoral Traffic (Prevention) Act
2005,Odisha,False,1.0,Special & Local Laws,Indecent Representation of Women Act
2005,Odisha,False,184.0,Assault & Sexual Harassment,Insult to Modesty of Women
2005,Odisha,False,547.0,Kidnapping & Abduction,Kidnapping & Abduction (General)
2005,Odisha,False,799.0,Rape & Attempted Rape,Rape (General/Other)
2005,Puducherry,False,60.0,Assault & Sexual Harassment,Assault to Outrage Modesty
2005,Puducherry,False,6.0,Cruelty & Dowry Offenses,Cruelty by Husband/Relatives
2005,Puducherry,False,4.0,Cruelty & Dowry Offenses,Dowry Death
2005,Puducherry,False,5.0,Human Trafficking,Immoral Traffic (Prevention) Act
2005,Puducherry,False,0.0,Special & Local Laws,Indecent Representation of Women Act
2005,Puducherry,False,26.0,Assault & Sexual Harassment,Insult to Modesty of Women
2005,Puducherry,False,3.0,Kidnapping & Abduction,Kidnapping & Abduction (General)
2005,Puducherry,False,6.0,Rape & Attempted Rape,Rape (General/Other)
2005,Punjab,False,308.0,Assault & Sexual Harassment,Assault to Outrage Modesty
2005,Punjab,False,729.0,Cruelty & Dowry Offenses,Cruelty by Husband/Relatives
2005,Punjab,False,99.0,Cruelty & Dowry Offenses,Dowry Death
2005,Punjab,False,58.0,Human Trafficking,Immoral Traffic (Prevention) Act
2005,Punjab,False,0.0,Special & Local Laws,Indecent Representation of Women Act
2005,Punjab,False,43.0,Assault & Sexual Harassment,Insult to Modesty of Women
2005,Punjab,False,329.0,Kidnapping & Abduction,Kidnapping & Abduction (General)
2005,Punjab,False,398.0,Rape & Attempted Rape,Rape (General/Other)
2005,Rajasthan,False,2503.0,Assault & Sexual Harassment,Assault to Outrage Modesty
2005,Rajasthan,False,5997.0,Cruelty & Dowry Offenses,Cruelty by Husband/Relatives
2005,Rajasthan,False,361.0,Cruelty & Dowry Offenses,Dowry Death
2005,Rajasthan,False,115.0,Human Trafficking,Immoral Traffic (Prevention) Act
2005,Rajasthan,False,109.0,Special & Local Laws,Indecent Representation of Women Act
2005,Rajasthan,False,28.0,Assault & Sexual Harassment,Insult to Modesty of Women
2005,Rajasthan,False,1549.0,Kidnapping & Abduction,Kidnapping & Abduction (General)
2005,Rajasthan,False,993.0,Rape & Attempted Rape,Rape (General/Other)
2005,Sikkim,False,38.0,Assault & Sexual Harassment,Assault to Outrage Modesty
2005,Sikkim,False,4.0,Cruelty & Dowry Offenses,Cruelty by Husband/Relatives
2005,Sikkim,False,0.0,Cruelty & Dowry Offenses,Dowry Death
2005,Sikkim,False,0.0,Human Trafficking,Immoral Traffic (Prevention) Act
2005,Sikkim,False,0.0,Special & Local Laws,Indecent Representation of Women Act
2005,Sikkim,False,0.0,Assault & Sexual Harassment,Insult to Modesty of Women
2005,Sikkim,False,2.0,Kidnapping & Abduction,Kidnapping & Abduction (General)
2005,Sikkim,False,18.0,Rape & Attempted Rape,Rape (General/Other)
2005,Tamil Nadu,False,1764.0,Assault & Sexual Harassment,Assault to Outrage Modesty
2005,Tamil Nadu,False,1650.0,Cruelty & Dowry Offenses,Cruelty by Husband/Relatives
2005,Tamil Nadu,False,215.0,Cruelty & Dowry Offenses,Dowry Death
2005,Tamil Nadu,False,2777.0,Human Trafficking,Immoral Traffic (Prevention) Act
2005,Tamil Nadu,False,30.0,Special & Local Laws,Indecent Representation of Women Act
2005,Tamil Nadu,False,665.0,Assault & Sexual Harassment,Insult to Modesty of Women
2005,Tamil Nadu,False,783.0,Kidnapping & Abduction,Kidnapping & Abduction (General)
2005,Tamil Nadu,False,571.0,Rape & Attempted Rape,Rape (General/Other)
2005,Tripura,False,161.0,Assault & Sexual Harassment,Assault to Outrage Modesty
2005,Tripura,False,439.0,Cruelty & Dowry Offenses,Cruelty by Husband/Relatives
2005,Tripura,False,34.0,Cruelty & Dowry Offenses,Dowry Death
2005,Tripura,False,0.0,Human Trafficking,Immoral Traffic (Prevention) Act
2005,Tripura,False,0.0,Special & Local Laws,Indecent Representation of Women Act
2005,Tripura,False,1.0,Assault & Sexual Harassment,Insult to Modesty of Women
2005,Tripura,False,43.0,Kidnapping & Abduction,Kidnapping & Abduction (General)
2005,Tripura,False,162.0,Rape & Attempted Rape,Rape (General/Other)
2005,Uttar Pradesh,False,1835.0,Assault & Sexual Harassment,Assault to Outrage Modesty
2005,Uttar Pradesh,False,4505.0,Cruelty & Dowry Offenses,Cruelty by Husband/Relatives
2005,Uttar Pradesh,False,1564.0,Cruelty & Dowry Offenses,Dowry Death
2005,Uttar Pradesh,False,31.0,Human Trafficking,Immoral Traffic (Prevention) Act
2005,Uttar Pradesh,False,0.0,Special & Local Laws,Indecent Representation of Women Act
2005,Uttar Pradesh,False,2881.0,Assault & Sexual Harassment,Insult to Modesty of Women
2005,Uttar Pradesh,False,2256.0,Kidnapping & Abduction,Kidnapping & Abduction (General)
2005,Uttar Pradesh,False,1217.0,Rape & Attempted Rape,Rape (General/Other)
2005,Uttarakhand,False,100.0,Assault & Sexual Harassment,Assault to Outrage Modesty
2005,Uttarakhand,False,272.0,Cruelty & Dowry Offenses,Cruelty by Husband/Relatives
2005,Uttarakhand,False,63.0,Cruelty & Dowry Offenses,Dowry Death
2005,Uttarakhand,False,2.0,Human Trafficking,Immoral Traffic (Prevention) Act
2005,Uttarakhand,False,0.0,Special & Local Laws,Indecent Representation of Women Act
2005,Uttarakhand,False,89.0,Assault & Sexual Harassment,Insult to Modesty of Women
2005,Uttarakhand,False,125.0,Kidnapping & Abduction,Kidnapping & Abduction (General)
2005,Uttarakhand,False,133.0,Rape & Attempted Rape,Rape (General/Other)
2005,West Bengal,False,1572.0,Assault & Sexual Harassment,Assault to Outrage Modesty
2005,West Bengal,False,6936.0,Cruelty & Dowry Offenses,Cruelty by Husband/Relatives
2005,West Bengal,False,446.0,Cruelty & Dowry Offenses,Dowry Death
2005,West Bengal,False,74.0,Human Trafficking,Immoral Traffic (Prevention) Act
2005,West Bengal,False,1.0,Special & Local Laws,Indecent Representation of Women Act
2005,West Bengal,False,54.0,Assault & Sexual Harassment,Insult to Modesty of Women
2005,West Bengal,False,1039.0,Kidnapping & Abduction,Kidnapping & Abduction (General)
2005,West Bengal,False,1686.0,Rape & Attempted Rape,Rape (General/Other)
2006,Andaman & Nicobar Islands,False,14.0,Assault & Sexual Harassment,Assault to Outrage Modesty
2006,Andaman & Nicobar Islands,False,7.0,Cruelty & Dowry Offenses,Cruelty by Husband/Relatives
2006,Andaman & Nicobar Islands,False,0.0,Cruelty & Dowry Offenses,Dowry Death
2006,Andaman & Nicobar Islands,False,0.0,Human Trafficking,Immoral Traffic (Prevention) Act
2006,Andaman & Nicobar Islands,False,0.0,Special & Local Laws,Indecent Representation of Women Act
2006,Andaman & Nicobar Islands,False,4.0,Assault & Sexual Harassment,Insult to Modesty of Women
2006,Andaman & Nicobar Islands,False,5.0,Kidnapping & Abduction,Kidnapping & Abduction (General)
2006,Andaman & Nicobar Islands,False,6.0,Rape & Attempted Rape,Rape (General/Other)
2006,Andhra Pradesh,False,4534.0,Assault & Sexual Harassment,Assault to Outrage Modesty
2006,Andhra Pradesh,False,9164.0,Cruelty & Dowry Offenses,Cruelty by Husband/Relatives
2006,Andhra Pradesh,False,519.0,Cruelty & Dowry Offenses,Dowry Death
2006,Andhra Pradesh,False,657.0,Human Trafficking,Immoral Traffic (Prevention) Act
2006,Andhra Pradesh,False,1347.0,Special & Local Laws,Indecent Representation of Women Act
2006,Andhra Pradesh,False,2411.0,Assault & Sexual Harassment,Insult to Modesty of Women
2006,Andhra Pradesh,False,1329.0,Kidnapping & Abduction,Kidnapping & Abduction (General)
2006,Andhra Pradesh,False,1049.0,Rape & Attempted Rape,Rape (General/Other)
2006,Arunachal Pradesh,False,63.0,Assault & Sexual Harassment,Assault to Outrage Modesty
2006,Arunachal Pradesh,False,14.0,Cruelty & Dowry Offenses,Cruelty by Husband/Relatives
2006,Arunachal Pradesh,False,1.0,Cruelty & Dowry Offenses,Dowry Death
2006,Arunachal Pradesh,False,0.0,Human Trafficking,Immoral Traffic (Prevention) Act
2006,Arunachal Pradesh,False,0.0,Special & Local Laws,Indecent Representation of Women Act
2006,Arunachal Pradesh,False,2.0,Assault & Sexual Harassment,Insult to Modesty of Women
2006,Arunachal Pradesh,False,51.0,Kidnapping & Abduction,Kidnapping & Abduction (General)
2006,Arunachal Pradesh,False,37.0,Rape & Attempted Rape,Rape (General/Other)
2006,Assam,False,1290.0,Assault & Sexual Harassment,Assault to Outrage Modesty
2006,Assam,False,2548.0,Cruelty & Dowry Offenses,Cruelty by Husband/Relatives
2006,Assam,False,105.0,Cruelty & Dowry Offenses,Dowry Death
2006,Assam,False,29.0,Human Trafficking,Immoral Traffic (Prevention) Act
2006,Assam,False,0.0,Special & Local Laws,Indecent Representation of Women Act
2006,Assam,False,10.0,Assault & Sexual Harassment,Insult to Modesty of Women
2006,Assam,False,1544.0,Kidnapping & Abduction,Kidnapping & Abduction (General)
2006,Assam,False,1244.0,Rape & Attempted Rape,Rape (General/Other)
2006,Bihar,False,530.0,Assault & Sexual Harassment,Assault to Outrage Modesty
2006,Bihar,False,1689.0,Cruelty & Dowry Offenses,Cruelty by Husband/Relatives
2006,Bihar,False,1188.0,Cruelty & Dowry Offenses,Dowry Death
2006,Bihar,False,13.0,Human Trafficking,Immoral Traffic (Prevention) Act
2006,Bihar,False,0.0,Special & Local Laws,Indecent Representation of Women Act
2006,Bihar,False,53.0,Assault & Sexual Harassment,Insult to Modesty of Women
2006,Bihar,False,1084.0,Kidnapping & Abduction,Kidnapping & Abduction (General)
2006,Bihar,False,1232.0,Rape & Attempted Rape,Rape (General/Other)
2006,Chandigarh,False,20.0,Assault & Sexual Harassment,Assault to Outrage Modesty
2006,Chandigarh,False,102.0,Cruelty & Dowry Offenses,Cruelty by Husband/Relatives
2006,Chandigarh,False,10.0,Cruelty & Dowry Offenses,Dowry Death
2006,Chandigarh,False,3.0,Human Trafficking,Immoral Traffic (Prevention) Act
2006,Chandigarh,False,0.0,Special & Local Laws,Indecent Representation of Women Act
2006,Chandigarh,False,13.0,Assault & Sexual Harassment,Insult to Modesty of Women
2006,Chandigarh,False,57.0,Kidnapping & Abduction,Kidnapping & Abduction (General)
2006,Chandigarh,False,19.0,Rape & Attempted Rape,Rape (General/Other)
2006,Chhattisgarh,False,1598.0,Assault & Sexual Harassment,Assault to Outrage Modesty
2006,Chhattisgarh,False,717.0,Cruelty & Dowry Offenses,Cruelty by Husband/Relatives
2006,Chhattisgarh,False,103.0,Cruelty & Dowry Offenses,Dowry Death
2006,Chhattisgarh,False,13.0,Human Trafficking,Immoral Traffic (Prevention) Act
2006,Chhattisgarh,False,0.0,Special & Local Laws,Indecent Representation of Women Act
2006,Chhattisgarh,False,143.0,Assault & Sexual Harassment,Insult to Modesty of Women
2006,Chhattisgarh,False,178.0,Kidnapping & Abduction,Kidnapping & Abduction (General)
2006,Chhattisgarh,False,995.0,Rape & Attempted Rape,Rape (General/Other)
2006,"Dadra & Nagar Haveli (pre-2020, separate UT)",False,5.0,Assault & Sexual Harassment,Assault to Outrage Modesty
2006,"Dadra & Nagar Haveli (pre-2020, separate UT)",False,5.0,Cruelty & Dowry Offenses,Cruelty by Husband/Relatives
2006,"Dadra & Nagar Haveli (pre-2020, separate UT)",False,1.0,Cruelty & Dowry Offenses,Dowry Death
2006,"Dadra & Nagar Haveli (pre-2020, separate UT)",False,0.0,Human Trafficking,Immoral Traffic (Prevention) Act
2006,"Dadra & Nagar Haveli (pre-2020, separate UT)",False,0.0,Special & Local Laws,Indecent Representation of Women Act
2006,"Dadra & Nagar Haveli (pre-2020, separate UT)",False,1.0,Assault & Sexual Harassment,Insult to Modesty of Women
2006,"Dadra & Nagar Haveli (pre-2020, separate UT)",False,14.0,Kidnapping & Abduction,Kidnapping & Abduction (General)
2006,"Dadra & Nagar Haveli (pre-2020, separate UT)",False,6.0,Rape & Attempted Rape,Rape (General/Other)
2006,"Daman & Diu (pre-2020, separate UT)",False,2.0,Assault & Sexual Harassment,Assault to Outrage Modesty
2006,"Daman & Diu (pre-2020, separate UT)",False,2.0,Cruelty & Dowry Offenses,Cruelty by Husband/Relatives
2006,"Daman & Diu (pre-2020, separate UT)",False,0.0,Cruelty & Dowry Offenses,Dowry Death
2006,"Daman & Diu (pre-2020, separate UT)",False,1.0,Human Trafficking,Immoral Traffic (Prevention) Act
2006,"Daman & Diu (pre-2020, separate UT)",False,0.0,Special & Local Laws,Indecent Representation of Women Act
2006,"Daman & Diu (pre-2020, separate UT)",False,0.0,Assault & Sexual Harassment,Insult to Modesty of Women
2006,"Daman & Diu (pre-2020, separate UT)",False,1.0,Kidnapping & Abduction,Kidnapping & Abduction (General)
2006,"Daman & Diu (pre-2020, separate UT)",False,3.0,Rape & Attempted Rape,Rape (General/Other)
2006,Delhi,False,718.0,Assault & Sexual Harassment,Assault to Outrage Modesty
2006,Delhi,False,1728.0,Cruelty & Dowry Offenses,Cruelty by Husband/Relatives
2006,Delhi,False,137.0,Cruelty & Dowry Offenses,Dowry Death
2006,Delhi,False,112.0,Human Trafficking,Immoral Traffic (Prevention) Act
2006,Delhi,False,1.0,Special & Local Laws,Indecent Representation of Women Act
2006,Delhi,False,144.0,Assault & Sexual Harassment,Insult to Modesty of Women
2006,Delhi,False,1066.0,Kidnapping & Abduction,Kidnapping & Abduction (General)
2006,Delhi,False,623.0,Rape & Attempted Rape,Rape (General/Other)
2006,Goa,False,18.0,Assault & Sexual Harassment,Assault to Outrage Modesty
2006,Goa,False,14.0,Cruelty & Dowry Offenses,Cruelty by Husband/Relatives
2006,Goa,False,0.0,Cruelty & Dowry Offenses,Dowry Death
2006,Goa,False,26.0,Human Trafficking,Immoral Traffic (Prevention) Act
2006,Goa,False,0.0,Special & Local Laws,Indecent Representation of Women Act
2006,Goa,False,7.0,Assault & Sexual Harassment,Insult to Modesty of Women
2006,Goa,False,10.0,Kidnapping & Abduction,Kidnapping & Abduction (General)
2006,Goa,False,21.0,Rape & Attempted Rape,Rape (General/Other)
2006,Gujarat,False,736.0,Assault & Sexual Harassment,Assault to Outrage Modesty
2006,Gujarat,False,4977.0,Cruelty & Dowry Offenses,Cruelty by Husband/Relatives
2006,Gujarat,False,50.0,Cruelty & Dowry Offenses,Dowry Death
2006,Gujarat,False,78.0,Human Trafficking,Immoral Traffic (Prevention) Act
2006,Gujarat,False,0.0,Special & Local Laws,Indecent Representation of Women Act
2006,Gujarat,False,138.0,Assault & Sexual Harassment,Insult to Modesty of Women
2006,Gujarat,False,945.0,Kidnapping & Abduction,Kidnapping & Abduction (General)
2006,Gujarat,False,354.0,Rape & Attempted Rape,Rape (General/Other)
2006,Haryana,False,486.0,Assault & Sexual Harassment,Assault to Outrage Modesty
2006,Haryana,False,2254.0,Cruelty & Dowry Offenses,Cruelty by Husband/Relatives
2006,Haryana,False,255.0,Cruelty & Dowry Offenses,Dowry Death
2006,Haryana,False,85.0,Human Trafficking,Immoral Traffic (Prevention) Act
2006,Haryana,False,0.0,Special & Local Laws,Indecent Representation of Women Act
2006,Haryana,False,491.0,Assault & Sexual Harassment,Insult to Modesty of Women
2006,Haryana,False,431.0,Kidnapping & Abduction,Kidnapping & Abduction (General)
2006,Haryana,False,608.0,Rape & Attempted Rape,Rape (General/Other)
2006,Himachal Pradesh,False,275.0,Assault & Sexual Harassment,Assault to Outrage Modesty
2006,Himachal Pradesh,False,259.0,Cruelty & Dowry Offenses,Cruelty by Husband/Relatives
2006,Himachal Pradesh,False,3.0,Cruelty & Dowry Offenses,Dowry Death
2006,Himachal Pradesh,False,0.0,Human Trafficking,Immoral Traffic (Prevention) Act
2006,Himachal Pradesh,False,0.0,Special & Local Laws,Indecent Representation of Women Act
2006,Himachal Pradesh,False,31.0,Assault & Sexual Harassment,Insult to Modesty of Women
2006,Himachal Pradesh,False,109.0,Kidnapping & Abduction,Kidnapping & Abduction (General)
2006,Himachal Pradesh,False,113.0,Rape & Attempted Rape,Rape (General/Other)
2006,Jammu & Kashmir,False,960.0,Assault & Sexual Harassment,Assault to Outrage Modesty
2006,Jammu & Kashmir,False,135.0,Cruelty & Dowry Offenses,Cruelty by Husband/Relatives
2006,Jammu & Kashmir,False,10.0,Cruelty & Dowry Offenses,Dowry Death
2006,Jammu & Kashmir,False,5.0,Human Trafficking,Immoral Traffic (Prevention) Act
2006,Jammu & Kashmir,False,0.0,Special & Local Laws,Indecent Representation of Women Act
2006,Jammu & Kashmir,False,347.0,Assault & Sexual Harassment,Insult to Modesty of Women
2006,Jammu & Kashmir,False,723.0,Kidnapping & Abduction,Kidnapping & Abduction (General)
2006,Jammu & Kashmir,False,250.0,Rape & Attempted Rape,Rape (General/Other)
2006,Jharkhand,False,414.0,Assault & Sexual Harassment,Assault to Outrage Modesty
2006,Jharkhand,False,668.0,Cruelty & Dowry Offenses,Cruelty by Husband/Relatives
2006,Jharkhand,False,281.0,Cruelty & Dowry Offenses,Dowry Death
2006,Jharkhand,False,11.0,Human Trafficking,Immoral Traffic (Prevention) Act
2006,Jharkhand,False,2.0,Special & Local Laws,Indecent Representation of Women Act
2006,Jharkhand,False,44.0,Assault & Sexual Harassment,Insult to Modesty of Women
2006,Jharkhand,False,410.0,Kidnapping & Abduction,Kidnapping & Abduction (General)
2006,Jharkhand,False,799.0,Rape & Attempted Rape,Rape (General/Other)
2006,Karnataka,False,1683.0,Assault & Sexual Harassment,Assault to Outrage Modesty
2006,Karnataka,False,2129.0,Cruelty & Dowry Offenses,Cruelty by Husband/Relatives
2006,Karnataka,False,244.0,Cruelty & Dowry Offenses,Dowry Death
2006,Karnataka,False,786.0,Human Trafficking,Immoral Traffic (Prevention) Act
2006,Karnataka,False,0.0,Special & Local Laws,Indecent Representation of Women Act
2006,Karnataka,False,38.0,Assault & Sexual Harassment,Insult to Modesty of Women
2006,Karnataka,False,328.0,Kidnapping & Abduction,Kidnapping & Abduction (General)
2006,Karnataka,False,400.0,Rape & Attempted Rape,Rape (General/Other)
2006,Kerala,False,2543.0,Assault & Sexual Harassment,Assault to Outrage Modesty
2006,Kerala,False,3708.0,Cruelty & Dowry Offenses,Cruelty by Husband/Relatives
2006,Kerala,False,25.0,Cruelty & Dowry Offenses,Dowry Death
2006,Kerala,False,189.0,Human Trafficking,Immoral Traffic (Prevention) Act
2006,Kerala,False,59.0,Special & Local Laws,Indecent Representation of Women Act
2006,Kerala,False,222.0,Assault & Sexual Harassment,Insult to Modesty of Women
2006,Kerala,False,202.0,Kidnapping & Abduction,Kidnapping & Abduction (General)
2006,Kerala,False,601.0,Rape & Attempted Rape,Rape (General/Other)
2006,Lakshadweep,False,0.0,Assault & Sexual Harassment,Assault to Outrage Modesty
2006,Lakshadweep,False,1.0,Cruelty & Dowry Offenses,Cruelty by Husband/Relatives
2006,Lakshadweep,False,0.0,Cruelty & Dowry Offenses,Dowry Death
2006,Lakshadweep,False,0.0,Human Trafficking,Immoral Traffic (Prevention) Act
2006,Lakshadweep,False,0.0,Special & Local Laws,Indecent Representation of Women Act
2006,Lakshadweep,False,0.0,Assault & Sexual Harassment,Insult to Modesty of Women
2006,Lakshadweep,False,0.0,Kidnapping & Abduction,Kidnapping & Abduction (General)
2006,Lakshadweep,False,0.0,Rape & Attempted Rape,Rape (General/Other)
2006,Madhya Pradesh,False,6243.0,Assault & Sexual Harassment,Assault to Outrage Modesty
2006,Madhya Pradesh,False,2989.0,Cruelty & Dowry Offenses,Cruelty by Husband/Relatives
2006,Madhya Pradesh,False,764.0,Cruelty & Dowry Offenses,Dowry Death
2006,Madhya Pradesh,False,12.0,Human Trafficking,Immoral Traffic (Prevention) Act
2006,Madhya Pradesh,False,2.0,Special & Local Laws,Indecent Representation of Women Act
2006,Madhya Pradesh,False,762.0,Assault & Sexual Harassment,Insult to Modesty of Women
2006,Madhya Pradesh,False,617.0,Kidnapping & Abduction,Kidnapping & Abduction (General)
2006,Madhya Pradesh,False,2900.0,Rape & Attempted Rape,Rape (General/Other)
2006,Maharashtra,False,3479.0,Assault & Sexual Harassment,Assault to Outrage Modesty
2006,Maharashtra,False,6738.0,Cruelty & Dowry Offenses,Cruelty by Husband/Relatives
2006,Maharashtra,False,387.0,Cruelty & Dowry Offenses,Dowry Death
2006,Maharashtra,False,378.0,Human Trafficking,Immoral Traffic (Prevention) Act
2006,Maharashtra,False,9.0,Special & Local Laws,Indecent Representation of Women Act
2006,Maharashtra,False,984.0,Assault & Sexual Harassment,Insult to Modesty of Women
2006,Maharashtra,False,921.0,Kidnapping & Abduction,Kidnapping & Abduction (General)
2006,Maharashtra,False,1500.0,Rape & Attempted Rape,Rape (General/Other)
2006,Manipur,False,42.0,Assault & Sexual Harassment,Assault to Outrage Modesty
2006,Manipur,False,10.0,Cruelty & Dowry Offenses,Cruelty by Husband/Relatives
2006,Manipur,False,0.0,Cruelty & Dowry Offenses,Dowry Death
2006,Manipur,False,0.0,Human Trafficking,Immoral Traffic (Prevention) Act
2006,Manipur,False,0.0,Special & Local Laws,Indecent Representation of Women Act
2006,Manipur,False,0.0,Assault & Sexual Harassment,Insult to Modesty of Women
2006,Manipur,False,79.0,Kidnapping & Abduction,Kidnapping & Abduction (General)
2006,Manipur,False,40.0,Rape & Attempted Rape,Rape (General/Other)
2006,Meghalaya,False,57.0,Assault & Sexual Harassment,Assault to Outrage Modesty
2006,Meghalaya,False,13.0,Cruelty & Dowry Offenses,Cruelty by Husband/Relatives
2006,Meghalaya,False,6.0,Cruelty & Dowry Offenses,Dowry Death
2006,Meghalaya,False,1.0,Human Trafficking,Immoral Traffic (Prevention) Act
2006,Meghalaya,False,0.0,Special & Local Laws,Indecent Representation of Women Act
2006,Meghalaya,False,0.0,Assault & Sexual Harassment,Insult to Modesty of Women
2006,Meghalaya,False,25.0,Kidnapping & Abduction,Kidnapping & Abduction (General)
2006,Meghalaya,False,74.0,Rape & Attempted Rape,Rape (General/Other)
2006,Mizoram,False,51.0,Assault & Sexual Harassment,Assault to Outrage Modesty
2006,Mizoram,False,1.0,Cruelty & Dowry Offenses,Cruelty by Husband/Relatives
2006,Mizoram,False,0.0,Cruelty & Dowry Offenses,Dowry Death
2006,Mizoram,False,0.0,Human Trafficking,Immoral Traffic (Prevention) Act
2006,Mizoram,False,0.0,Special & Local Laws,Indecent Representation of Women Act
2006,Mizoram,False,0.0,Assault & Sexual Harassment,Insult to Modesty of Women
2006,Mizoram,False,1.0,Kidnapping & Abduction,Kidnapping & Abduction (General)
2006,Mizoram,False,72.0,Rape & Attempted Rape,Rape (General/Other)
2006,Nagaland,False,3.0,Assault & Sexual Harassment,Assault to Outrage Modesty
2006,Nagaland,False,3.0,Cruelty & Dowry Offenses,Cruelty by Husband/Relatives
2006,Nagaland,False,0.0,Cruelty & Dowry Offenses,Dowry Death
2006,Nagaland,False,9.0,Human Trafficking,Immoral Traffic (Prevention) Act
2006,Nagaland,False,0.0,Special & Local Laws,Indecent Representation of Women Act
2006,Nagaland,False,2.0,Assault & Sexual Harassment,Insult to Modesty of Women
2006,Nagaland,False,3.0,Kidnapping & Abduction,Kidnapping & Abduction (General)
2006,Nagaland,False,23.0,Rape & Attempted Rape,Rape (General/Other)
2006,Odisha,False,2415.0,Assault & Sexual Harassment,Assault to Outrage Modesty
2006,Odisha,False,694.0,Cruelty & Dowry Offenses,Cruelty by Husband/Relatives
2006,Odisha,False,457.0,Cruelty & Dowry Offenses,Dowry Death
2006,Odisha,False,44.0,Human Trafficking,Immoral Traffic (Prevention) Act
2006,Odisha,False,0.0,Special & Local Laws,Indecent Representation of Women Act
2006,Odisha,False,247.0,Assault & Sexual Harassment,Insult to Modesty of Women
2006,Odisha,False,577.0,Kidnapping & Abduction,Kidnapping & Abduction (General)
2006,Odisha,False,985.0,Rape & Attempted Rape,Rape (General/Other)
2006,Puducherry,False,56.0,Assault & Sexual Harassment,Assault to Outrage Modesty
2006,Puducherry,False,19.0,Cruelty & Dowry Offenses,Cruelty by Husband/Relatives
2006,Puducherry,False,3.0,Cruelty & Dowry Offenses,Dowry Death
2006,Puducherry,False,8.0,Human Trafficking,Immoral Traffic (Prevention) Act
2006,Puducherry,False,0.0,Special & Local Laws,Indecent Representation of Women Act
2006,Puducherry,False,39.0,Assault & Sexual Harassment,Insult to Modesty of Women
2006,Puducherry,False,13.0,Kidnapping & Abduction,Kidnapping & Abduction (General)
2006,Puducherry,False,9.0,Rape & Attempted Rape,Rape (General/Other)
2006,Punjab,False,314.0,Assault & Sexual Harassment,Assault to Outrage Modesty
2006,Punjab,False,801.0,Cruelty & Dowry Offenses,Cruelty by Husband/Relatives
2006,Punjab,False,130.0,Cruelty & Dowry Offenses,Dowry Death
2006,Punjab,False,67.0,Human Trafficking,Immoral Traffic (Prevention) Act
2006,Punjab,False,1.0,Special & Local Laws,Indecent Representation of Women Act
2006,Punjab,False,60.0,Assault & Sexual Harassment,Insult to Modesty of Women
2006,Punjab,False,418.0,Kidnapping & Abduction,Kidnapping & Abduction (General)
2006,Punjab,False,442.0,Rape & Attempted Rape,Rape (General/Other)
2006,Rajasthan,False,2582.0,Assault & Sexual Harassment,Assault to Outrage Modesty
2006,Rajasthan,False,7038.0,Cruelty & Dowry Offenses,Cruelty by Husband/Relatives
2006,Rajasthan,False,394.0,Cruelty & Dowry Offenses,Dowry Death
2006,Rajasthan,False,143.0,Human Trafficking,Immoral Traffic (Prevention) Act
2006,Rajasthan,False,102.0,Special & Local Laws,Indecent Representation of Women Act
2006,Rajasthan,False,31.0,Assault & Sexual Harassment,Insult to Modesty of Women
2006,Rajasthan,False,1553.0,Kidnapping & Abduction,Kidnapping & Abduction (General)
2006,Rajasthan,False,1085.0,Rape & Attempted Rape,Rape (General/Other)
2006,Sikkim,False,14.0,Assault & Sexual Harassment,Assault to Outrage Modesty
2006,Sikkim,False,6.0,Cruelty & Dowry Offenses,Cruelty by Husband/Relatives
2006,Sikkim,False,0.0,Cruelty & Dowry Offenses,Dowry Death
2006,Sikkim,False,0.0,Human Trafficking,Immoral Traffic (Prevention) Act
2006,Sikkim,False,0.0,Special & Local Laws,Indecent Representation of Women Act
2006,Sikkim,False,0.0,Assault & Sexual Harassment,Insult to Modesty of Women
2006,Sikkim,False,7.0,Kidnapping & Abduction,Kidnapping & Abduction (General)
2006,Sikkim,False,20.0,Rape & Attempted Rape,Rape (General/Other)
2006,Tamil Nadu,False,1179.0,Assault & Sexual Harassment,Assault to Outrage Modesty
2006,Tamil Nadu,False,1248.0,Cruelty & Dowry Offenses,Cruelty by Husband/Relatives
2006,Tamil Nadu,False,187.0,Cruelty & Dowry Offenses,Dowry Death
2006,Tamil Nadu,False,1732.0,Human Trafficking,Immoral Traffic (Prevention) Act
2006,Tamil Nadu,False,35.0,Special & Local Laws,Indecent Representation of Women Act
2006,Tamil Nadu,False,852.0,Assault & Sexual Harassment,Insult to Modesty of Women
2006,Tamil Nadu,False,718.0,Kidnapping & Abduction,Kidnapping & Abduction (General)
2006,Tamil Nadu,False,457.0,Rape & Attempted Rape,Rape (General/Other)
2006,Tripura,False,207.0,Assault & Sexual Harassment,Assault to Outrage Modesty
2006,Tripura,False,471.0,Cruelty & Dowry Offenses,Cruelty by Husband/Relatives
2006,Tripura,False,35.0,Cruelty & Dowry Offenses,Dowry Death
2006,Tripura,False,0.0,Human Trafficking,Immoral Traffic (Prevention) Act
2006,Tripura,False,0.0,Special & Local Laws,Indecent Representation of Women Act
2006,Tripura,False,0.0,Assault & Sexual Harassment,Insult to Modesty of Women
2006,Tripura,False,62.0,Kidnapping & Abduction,Kidnapping & Abduction (General)
2006,Tripura,False,189.0,Rape & Attempted Rape,Rape (General/Other)
2006,Uttar Pradesh,False,2096.0,Assault & Sexual Harassment,Assault to Outrage Modesty
2006,Uttar Pradesh,False,5204.0,Cruelty & Dowry Offenses,Cruelty by Husband/Relatives
2006,Uttar Pradesh,False,1798.0,Cruelty & Dowry Offenses,Dowry Death
2006,Uttar Pradesh,False,70.0,Human Trafficking,Immoral Traffic (Prevention) Act
2006,Uttar Pradesh,False,0.0,Special & Local Laws,Indecent Representation of Women Act
2006,Uttar Pradesh,False,2714.0,Assault & Sexual Harassment,Insult to Modesty of Women
2006,Uttar Pradesh,False,2551.0,Kidnapping & Abduction,Kidnapping & Abduction (General)
2006,Uttar Pradesh,False,1314.0,Rape & Attempted Rape,Rape (General/Other)
2006,Uttarakhand,False,153.0,Assault & Sexual Harassment,Assault to Outrage Modesty
2006,Uttarakhand,False,358.0,Cruelty & Dowry Offenses,Cruelty by Husband/Relatives
2006,Uttarakhand,False,80.0,Cruelty & Dowry Offenses,Dowry Death
2006,Uttarakhand,False,3.0,Human Trafficking,Immoral Traffic (Prevention) Act
2006,Uttarakhand,False,0.0,Special & Local Laws,Indecent Representation of Women Act
2006,Uttarakhand,False,113.0,Assault & Sexual Harassment,Insult to Modesty of Women
2006,Uttarakhand,False,183.0,Kidnapping & Abduction,Kidnapping & Abduction (General)
2006,Uttarakhand,False,147.0,Rape & Attempted Rape,Rape (General/Other)
2006,West Bengal,False,1837.0,Assault & Sexual Harassment,Assault to Outrage Modesty
2006,West Bengal,False,7414.0,Cruelty & Dowry Offenses,Cruelty by Husband/Relatives
2006,West Bengal,False,445.0,Cruelty & Dowry Offenses,Dowry Death
2006,West Bengal,False,66.0,Human Trafficking,Immoral Traffic (Prevention) Act
2006,West Bengal,False,4.0,Special & Local Laws,Indecent Representation of Women Act
2006,West Bengal,False,63.0,Assault & Sexual Harassment,Insult to Modesty of Women
2006,West Bengal,False,1199.0,Kidnapping & Abduction,Kidnapping & Abduction (General)
2006,West Bengal,False,1731.0,Rape & Attempted Rape,Rape (General/Other)
2007,Andaman & Nicobar Islands,False,21.0,Assault & Sexual Harassment,Assault to Outrage Modesty
2007,Andaman & Nicobar Islands,False,18.0,Cruelty & Dowry Offenses,Cruelty by Husband/Relatives
2007,Andaman & Nicobar Islands,False,1.0,Cruelty & Dowry Offenses,Dowry Death
2007,Andaman & Nicobar Islands,False,1.0,Human Trafficking,Immoral Traffic (Prevention) Act
2007,Andaman & Nicobar Islands,False,0.0,Special & Local Laws,Indecent Representation of Women Act
2007,Andaman & Nicobar Islands,False,2.0,Assault & Sexual Harassment,Insult to Modesty of Women
2007,Andaman & Nicobar Islands,False,9.0,Kidnapping & Abduction,Kidnapping & Abduction (General)
2007,Andaman & Nicobar Islands,False,3.0,Rape & Attempted Rape,Rape (General/Other)
2007,Andhra Pradesh,False,4406.0,Assault & Sexual Harassment,Assault to Outrage Modesty
2007,Andhra Pradesh,False,11335.0,Cruelty & Dowry Offenses,Cruelty by Husband/Relatives
2007,Andhra Pradesh,False,613.0,Cruelty & Dowry Offenses,Dowry Death
2007,Andhra Pradesh,False,612.0,Human Trafficking,Immoral Traffic (Prevention) Act
2007,Andhra Pradesh,False,1005.0,Special & Local Laws,Indecent Representation of Women Act
2007,Andhra Pradesh,False,3316.0,Assault & Sexual Harassment,Insult to Modesty of Women
2007,Andhra Pradesh,False,1564.0,Kidnapping & Abduction,Kidnapping & Abduction (General)
2007,Andhra Pradesh,False,1070.0,Rape & Attempted Rape,Rape (General/Other)
2007,Arunachal Pradesh,False,72.0,Assault & Sexual Harassment,Assault to Outrage Modesty
2007,Arunachal Pradesh,False,20.0,Cruelty & Dowry Offenses,Cruelty by Husband/Relatives
2007,Arunachal Pradesh,False,0.0,Cruelty & Dowry Offenses,Dowry Death
2007,Arunachal Pradesh,False,0.0,Human Trafficking,Immoral Traffic (Prevention) Act
2007,Arunachal Pradesh,False,0.0,Special & Local Laws,Indecent Representation of Women Act
2007,Arunachal Pradesh,False,1.0,Assault & Sexual Harassment,Insult to Modesty of Women
2007,Arunachal Pradesh,False,44.0,Kidnapping & Abduction,Kidnapping & Abduction (General)
2007,Arunachal Pradesh,False,48.0,Rape & Attempted Rape,Rape (General/Other)
2007,Assam,False,789.0,Assault & Sexual Harassment,Assault to Outrage Modesty
2007,Assam,False,3000.0,Cruelty & Dowry Offenses,Cruelty by Husband/Relatives
2007,Assam,False,100.0,Cruelty & Dowry Offenses,Dowry Death
2007,Assam,False,21.0,Human Trafficking,Immoral Traffic (Prevention) Act
2007,Assam,False,0.0,Special & Local Laws,Indecent Representation of Women Act
2007,Assam,False,10.0,Assault & Sexual Harassment,Insult to Modesty of Women
2007,Assam,False,1471.0,Kidnapping & Abduction,Kidnapping & Abduction (General)
2007,Assam,False,1437.0,Rape & Attempted Rape,Rape (General/Other)
2007,Bihar,False,853.0,Assault & Sexual Harassment,Assault to Outrage Modesty
2007,Bihar,False,1635.0,Cruelty & Dowry Offenses,Cruelty by Husband/Relatives
2007,Bihar,False,1172.0,Cruelty & Dowry Offenses,Dowry Death
2007,Bihar,False,27.0,Human Trafficking,Immoral Traffic (Prevention) Act
2007,Bihar,False,0.0,Special & Local Laws,Indecent Representation of Women Act
2007,Bihar,False,12.0,Assault & Sexual Harassment,Insult to Modesty of Women
2007,Bihar,False,1260.0,Kidnapping & Abduction,Kidnapping & Abduction (General)
2007,Bihar,False,1555.0,Rape & Attempted Rape,Rape (General/Other)
2007,Chandigarh,False,32.0,Assault & Sexual Harassment,Assault to Outrage Modesty
2007,Chandigarh,False,112.0,Cruelty & Dowry Offenses,Cruelty by Husband/Relatives
2007,Chandigarh,False,1.0,Cruelty & Dowry Offenses,Dowry Death
2007,Chandigarh,False,5.0,Human Trafficking,Immoral Traffic (Prevention) Act
2007,Chandigarh,False,1.0,Special & Local Laws,Indecent Representation of Women Act
2007,Chandigarh,False,11.0,Assault & Sexual Harassment,Insult to Modesty of Women
2007,Chandigarh,False,46.0,Kidnapping & Abduction,Kidnapping & Abduction (General)
2007,Chandigarh,False,22.0,Rape & Attempted Rape,Rape (General/Other)
2007,Chhattisgarh,False,1549.0,Assault & Sexual Harassment,Assault to Outrage Modesty
2007,Chhattisgarh,False,824.0,Cruelty & Dowry Offenses,Cruelty by Husband/Relatives
2007,Chhattisgarh,False,100.0,Cruelty & Dowry Offenses,Dowry Death
2007,Chhattisgarh,False,14.0,Human Trafficking,Immoral Traffic (Prevention) Act
2007,Chhattisgarh,False,0.0,Special & Local Laws,Indecent Representation of Women Act
2007,Chhattisgarh,False,111.0,Assault & Sexual Harassment,Insult to Modesty of Women
2007,Chhattisgarh,False,181.0,Kidnapping & Abduction,Kidnapping & Abduction (General)
2007,Chhattisgarh,False,982.0,Rape & Attempted Rape,Rape (General/Other)
2007,"Dadra & Nagar Haveli (pre-2020, separate UT)",False,0.0,Assault & Sexual Harassment,Assault to Outrage Modesty
2007,"Dadra & Nagar Haveli (pre-2020, separate UT)",False,3.0,Cruelty & Dowry Offenses,Cruelty by Husband/Relatives
2007,"Dadra & Nagar Haveli (pre-2020, separate UT)",False,0.0,Cruelty & Dowry Offenses,Dowry Death
2007,"Dadra & Nagar Haveli (pre-2020, separate UT)",False,2.0,Human Trafficking,Immoral Traffic (Prevention) Act
2007,"Dadra & Nagar Haveli (pre-2020, separate UT)",False,0.0,Special & Local Laws,Indecent Representation of Women Act
2007,"Dadra & Nagar Haveli (pre-2020, separate UT)",False,0.0,Assault & Sexual Harassment,Insult to Modesty of Women
2007,"Dadra & Nagar Haveli (pre-2020, separate UT)",False,6.0,Kidnapping & Abduction,Kidnapping & Abduction (General)
2007,"Dadra & Nagar Haveli (pre-2020, separate UT)",False,7.0,Rape & Attempted Rape,Rape (General/Other)
2007,"Daman & Diu (pre-2020, separate UT)",False,0.0,Assault & Sexual Harassment,Assault to Outrage Modesty
2007,"Daman & Diu (pre-2020, separate UT)",False,3.0,Cruelty & Dowry Offenses,Cruelty by Husband/Relatives
2007,"Daman & Diu (pre-2020, separate UT)",False,1.0,Cruelty & Dowry Offenses,Dowry Death
2007,"Daman & Diu (pre-2020, separate UT)",False,5.0,Human Trafficking,Immoral Traffic (Prevention) Act
2007,"Daman & Diu (pre-2020, separate UT)",False,0.0,Special & Local Laws,Indecent Representation of Women Act
2007,"Daman & Diu (pre-2020, separate UT)",False,0.0,Assault & Sexual Harassment,Insult to Modesty of Women
2007,"Daman & Diu (pre-2020, separate UT)",False,1.0,Kidnapping & Abduction,Kidnapping & Abduction (General)
2007,"Daman & Diu (pre-2020, separate UT)",False,1.0,Rape & Attempted Rape,Rape (General/Other)
2007,Delhi,False,868.0,Assault & Sexual Harassment,Assault to Outrage Modesty
2007,Delhi,False,1787.0,Cruelty & Dowry Offenses,Cruelty by Husband/Relatives
2007,Delhi,False,138.0,Cruelty & Dowry Offenses,Dowry Death
2007,Delhi,False,63.0,Human Trafficking,Immoral Traffic (Prevention) Act
2007,Delhi,False,0.0,Special & Local Laws,Indecent Representation of Women Act
2007,Delhi,False,167.0,Assault & Sexual Harassment,Insult to Modesty of Women
2007,Delhi,False,1167.0,Kidnapping & Abduction,Kidnapping & Abduction (General)
2007,Delhi,False,598.0,Rape & Attempted Rape,Rape (General/Other)
2007,Goa,False,20.0,Assault & Sexual Harassment,Assault to Outrage Modesty
2007,Goa,False,14.0,Cruelty & Dowry Offenses,Cruelty by Husband/Relatives
2007,Goa,False,2.0,Cruelty & Dowry Offenses,Dowry Death
2007,Goa,False,10.0,Human Trafficking,Immoral Traffic (Prevention) Act
2007,Goa,False,0.0,Special & Local Laws,Indecent Representation of Women Act
2007,Goa,False,7.0,Assault & Sexual Harassment,Insult to Modesty of Women
2007,Goa,False,7.0,Kidnapping & Abduction,Kidnapping & Abduction (General)
2007,Goa,False,20.0,Rape & Attempted Rape,Rape (General/Other)
2007,Gujarat,False,822.0,Assault & Sexual Harassment,Assault to Outrage Modesty
2007,Gujarat,False,5827.0,Cruelty & Dowry Offenses,Cruelty by Husband/Relatives
2007,Gujarat,False,42.0,Cruelty & Dowry Offenses,Dowry Death
2007,Gujarat,False,44.0,Human Trafficking,Immoral Traffic (Prevention) Act
2007,Gujarat,False,0.0,Special & Local Laws,Indecent Representation of Women Act
2007,Gujarat,False,120.0,Assault & Sexual Harassment,Insult to Modesty of Women
2007,Gujarat,False,1089.0,Kidnapping & Abduction,Kidnapping & Abduction (General)
2007,Gujarat,False,316.0,Rape & Attempted Rape,Rape (General/Other)
2007,Haryana,False,417.0,Assault & Sexual Harassment,Assault to Outrage Modesty
2007,Haryana,False,2412.0,Cruelty & Dowry Offenses,Cruelty by Husband/Relatives
2007,Haryana,False,269.0,Cruelty & Dowry Offenses,Dowry Death
2007,Haryana,False,88.0,Human Trafficking,Immoral Traffic (Prevention) Act
2007,Haryana,False,0.0,Special & Local Laws,Indecent Representation of Women Act
2007,Haryana,False,409.0,Assault & Sexual Harassment,Insult to Modesty of Women
2007,Haryana,False,554.0,Kidnapping & Abduction,Kidnapping & Abduction (General)
2007,Haryana,False,488.0,Rape & Attempted Rape,Rape (General/Other)
2007,Himachal Pradesh,False,322.0,Assault & Sexual Harassment,Assault to Outrage Modesty
2007,Himachal Pradesh,False,342.0,Cruelty & Dowry Offenses,Cruelty by Husband/Relatives
2007,Himachal Pradesh,False,8.0,Cruelty & Dowry Offenses,Dowry Death
2007,Himachal Pradesh,False,0.0,Human Trafficking,Immoral Traffic (Prevention) Act
2007,Himachal Pradesh,False,0.0,Special & Local Laws,Indecent Representation of Women Act
2007,Himachal Pradesh,False,33.0,Assault & Sexual Harassment,Insult to Modesty of Women
2007,Himachal Pradesh,False,150.0,Kidnapping & Abduction,Kidnapping & Abduction (General)
2007,Himachal Pradesh,False,159.0,Rape & Attempted Rape,Rape (General/Other)
2007,Jammu & Kashmir,False,986.0,Assault & Sexual Harassment,Assault to Outrage Modesty
2007,Jammu & Kashmir,False,176.0,Cruelty & Dowry Offenses,Cruelty by Husband/Relatives
2007,Jammu & Kashmir,False,9.0,Cruelty & Dowry Offenses,Dowry Death
2007,Jammu & Kashmir,False,1.0,Human Trafficking,Immoral Traffic (Prevention) Act
2007,Jammu & Kashmir,False,0.0,Special & Local Laws,Indecent Representation of Women Act
2007,Jammu & Kashmir,False,353.0,Assault & Sexual Harassment,Insult to Modesty of Women
2007,Jammu & Kashmir,False,707.0,Kidnapping & Abduction,Kidnapping & Abduction (General)
2007,Jammu & Kashmir,False,288.0,Rape & Attempted Rape,Rape (General/Other)
2007,Jharkhand,False,342.0,Assault & Sexual Harassment,Assault to Outrage Modesty
2007,Jharkhand,False,801.0,Cruelty & Dowry Offenses,Cruelty by Husband/Relatives
2007,Jharkhand,False,303.0,Cruelty & Dowry Offenses,Dowry Death
2007,Jharkhand,False,14.0,Human Trafficking,Immoral Traffic (Prevention) Act
2007,Jharkhand,False,0.0,Special & Local Laws,Indecent Representation of Women Act
2007,Jharkhand,False,15.0,Assault & Sexual Harassment,Insult to Modesty of Women
2007,Jharkhand,False,534.0,Kidnapping & Abduction,Kidnapping & Abduction (General)
2007,Jharkhand,False,855.0,Rape & Attempted Rape,Rape (General/Other)
2007,Karnataka,False,1828.0,Assault & Sexual Harassment,Assault to Outrage Modesty
2007,Karnataka,False,2507.0,Cruelty & Dowry Offenses,Cruelty by Husband/Relatives
2007,Karnataka,False,251.0,Cruelty & Dowry Offenses,Dowry Death
2007,Karnataka,False,612.0,Human Trafficking,Immoral Traffic (Prevention) Act
2007,Karnataka,False,0.0,Special & Local Laws,Indecent Representation of Women Act
2007,Karnataka,False,28.0,Assault & Sexual Harassment,Insult to Modesty of Women
2007,Karnataka,False,390.0,Kidnapping & Abduction,Kidnapping & Abduction (General)
2007,Karnataka,False,436.0,Rape & Attempted Rape,Rape (General/Other)
2007,Kerala,False,2624.0,Assault & Sexual Harassment,Assault to Outrage Modesty
2007,Kerala,False,3999.0,Cruelty & Dowry Offenses,Cruelty by Husband/Relatives
2007,Kerala,False,27.0,Cruelty & Dowry Offenses,Dowry Death
2007,Kerala,False,201.0,Human Trafficking,Immoral Traffic (Prevention) Act
2007,Kerala,False,26.0,Special & Local Laws,Indecent Representation of Women Act
2007,Kerala,False,262.0,Assault & Sexual Harassment,Insult to Modesty of Women
2007,Kerala,False,177.0,Kidnapping & Abduction,Kidnapping & Abduction (General)
2007,Kerala,False,512.0,Rape & Attempted Rape,Rape (General/Other)
2007,Lakshadweep,False,2.0,Assault & Sexual Harassment,Assault to Outrage Modesty
2007,Lakshadweep,False,2.0,Cruelty & Dowry Offenses,Cruelty by Husband/Relatives
2007,Lakshadweep,False,0.0,Cruelty & Dowry Offenses,Dowry Death
2007,Lakshadweep,False,0.0,Human Trafficking,Immoral Traffic (Prevention) Act
2007,Lakshadweep,False,0.0,Special & Local Laws,Indecent Representation of Women Act
2007,Lakshadweep,False,0.0,Assault & Sexual Harassment,Insult to Modesty of Women
2007,Lakshadweep,False,0.0,Kidnapping & Abduction,Kidnapping & Abduction (General)
2007,Lakshadweep,False,1.0,Rape & Attempted Rape,Rape (General/Other)
2007,Madhya Pradesh,False,6772.0,Assault & Sexual Harassment,Assault to Outrage Modesty
2007,Madhya Pradesh,False,3294.0,Cruelty & Dowry Offenses,Cruelty by Husband/Relatives
2007,Madhya Pradesh,False,742.0,Cruelty & Dowry Offenses,Dowry Death
2007,Madhya Pradesh,False,19.0,Human Trafficking,Immoral Traffic (Prevention) Act
2007,Madhya Pradesh,False,0.0,Special & Local Laws,Indecent Representation of Women Act
2007,Madhya Pradesh,False,780.0,Assault & Sexual Harassment,Insult to Modesty of Women
2007,Madhya Pradesh,False,701.0,Kidnapping & Abduction,Kidnapping & Abduction (General)
2007,Madhya Pradesh,False,3010.0,Rape & Attempted Rape,Rape (General/Other)
2007,Maharashtra,False,3306.0,Assault & Sexual Harassment,Assault to Outrage Modesty
2007,Maharashtra,False,7356.0,Cruelty & Dowry Offenses,Cruelty by Husband/Relatives
2007,Maharashtra,False,436.0,Cruelty & Dowry Offenses,Dowry Death
2007,Maharashtra,False,322.0,Human Trafficking,Immoral Traffic (Prevention) Act
2007,Maharashtra,False,2.0,Special & Local Laws,Indecent Representation of Women Act
2007,Maharashtra,False,1039.0,Assault & Sexual Harassment,Insult to Modesty of Women
2007,Maharashtra,False,967.0,Kidnapping & Abduction,Kidnapping & Abduction (General)
2007,Maharashtra,False,1451.0,Rape & Attempted Rape,Rape (General/Other)
2007,Manipur,False,70.0,Assault & Sexual Harassment,Assault to Outrage Modesty
2007,Manipur,False,15.0,Cruelty & Dowry Offenses,Cruelty by Husband/Relatives
2007,Manipur,False,0.0,Cruelty & Dowry Offenses,Dowry Death
2007,Manipur,False,0.0,Human Trafficking,Immoral Traffic (Prevention) Act
2007,Manipur,False,0.0,Special & Local Laws,Indecent Representation of Women Act
2007,Manipur,False,0.0,Assault & Sexual Harassment,Insult to Modesty of Women
2007,Manipur,False,83.0,Kidnapping & Abduction,Kidnapping & Abduction (General)
2007,Manipur,False,20.0,Rape & Attempted Rape,Rape (General/Other)
2007,Meghalaya,False,45.0,Assault & Sexual Harassment,Assault to Outrage Modesty
2007,Meghalaya,False,19.0,Cruelty & Dowry Offenses,Cruelty by Husband/Relatives
2007,Meghalaya,False,2.0,Cruelty & Dowry Offenses,Dowry Death
2007,Meghalaya,False,1.0,Human Trafficking,Immoral Traffic (Prevention) Act
2007,Meghalaya,False,0.0,Special & Local Laws,Indecent Representation of Women Act
2007,Meghalaya,False,1.0,Assault & Sexual Harassment,Insult to Modesty of Women
2007,Meghalaya,False,22.0,Kidnapping & Abduction,Kidnapping & Abduction (General)
2007,Meghalaya,False,82.0,Rape & Attempted Rape,Rape (General/Other)
2007,Mizoram,False,66.0,Assault & Sexual Harassment,Assault to Outrage Modesty
2007,Mizoram,False,2.0,Cruelty & Dowry Offenses,Cruelty by Husband/Relatives
2007,Mizoram,False,0.0,Cruelty & Dowry Offenses,Dowry Death
2007,Mizoram,False,0.0,Human Trafficking,Immoral Traffic (Prevention) Act
2007,Mizoram,False,0.0,Special & Local Laws,Indecent Representation of Women Act
2007,Mizoram,False,0.0,Assault & Sexual Harassment,Insult to Modesty of Women
2007,Mizoram,False,0.0,Kidnapping & Abduction,Kidnapping & Abduction (General)
2007,Mizoram,False,83.0,Rape & Attempted Rape,Rape (General/Other)
2007,Nagaland,False,8.0,Assault & Sexual Harassment,Assault to Outrage Modesty
2007,Nagaland,False,0.0,Cruelty & Dowry Offenses,Cruelty by Husband/Relatives
2007,Nagaland,False,0.0,Cruelty & Dowry Offenses,Dowry Death
2007,Nagaland,False,4.0,Human Trafficking,Immoral Traffic (Prevention) Act
2007,Nagaland,False,0.0,Special & Local Laws,Indecent Representation of Women Act
2007,Nagaland,False,1.0,Assault & Sexual Harassment,Insult to Modesty of Women
2007,Nagaland,False,6.0,Kidnapping & Abduction,Kidnapping & Abduction (General)
2007,Nagaland,False,13.0,Rape & Attempted Rape,Rape (General/Other)
2007,Odisha,False,2775.0,Assault & Sexual Harassment,Assault to Outrage Modesty
2007,Odisha,False,728.0,Cruelty & Dowry Offenses,Cruelty by Husband/Relatives
2007,Odisha,False,461.0,Cruelty & Dowry Offenses,Dowry Death
2007,Odisha,False,40.0,Human Trafficking,Immoral Traffic (Prevention) Act
2007,Odisha,False,0.0,Special & Local Laws,Indecent Representation of Women Act
2007,Odisha,False,241.0,Assault & Sexual Harassment,Insult to Modesty of Women
2007,Odisha,False,660.0,Kidnapping & Abduction,Kidnapping & Abduction (General)
2007,Odisha,False,939.0,Rape & Attempted Rape,Rape (General/Other)
2007,Puducherry,False,89.0,Assault & Sexual Harassment,Assault to Outrage Modesty
2007,Puducherry,False,17.0,Cruelty & Dowry Offenses,Cruelty by Husband/Relatives
2007,Puducherry,False,2.0,Cruelty & Dowry Offenses,Dowry Death
2007,Puducherry,False,5.0,Human Trafficking,Immoral Traffic (Prevention) Act
2007,Puducherry,False,0.0,Special & Local Laws,Indecent Representation of Women Act
2007,Puducherry,False,32.0,Assault & Sexual Harassment,Insult to Modesty of Women
2007,Puducherry,False,14.0,Kidnapping & Abduction,Kidnapping & Abduction (General)
2007,Puducherry,False,9.0,Rape & Attempted Rape,Rape (General/Other)
2007,Punjab,False,427.0,Assault & Sexual Harassment,Assault to Outrage Modesty
2007,Punjab,False,971.0,Cruelty & Dowry Offenses,Cruelty by Husband/Relatives
2007,Punjab,False,133.0,Cruelty & Dowry Offenses,Dowry Death
2007,Punjab,False,45.0,Human Trafficking,Immoral Traffic (Prevention) Act
2007,Punjab,False,0.0,Special & Local Laws,Indecent Representation of Women Act
2007,Punjab,False,48.0,Assault & Sexual Harassment,Insult to Modesty of Women
2007,Punjab,False,545.0,Kidnapping & Abduction,Kidnapping & Abduction (General)
2007,Punjab,False,519.0,Rape & Attempted Rape,Rape (General/Other)
2007,Rajasthan,False,2477.0,Assault & Sexual Harassment,Assault to Outrage Modesty
2007,Rajasthan,False,8170.0,Cruelty & Dowry Offenses,Cruelty by Husband/Relatives
2007,Rajasthan,False,439.0,Cruelty & Dowry Offenses,Dowry Death
2007,Rajasthan,False,91.0,Human Trafficking,Immoral Traffic (Prevention) Act
2007,Rajasthan,False,131.0,Special & Local Laws,Indecent Representation of Women Act
2007,Rajasthan,False,28.0,Assault & Sexual Harassment,Insult to Modesty of Women
2007,Rajasthan,False,1694.0,Kidnapping & Abduction,Kidnapping & Abduction (General)
2007,Rajasthan,False,1238.0,Rape & Attempted Rape,Rape (General/Other)
2007,Sikkim,False,13.0,Assault & Sexual Harassment,Assault to Outrage Modesty
2007,Sikkim,False,7.0,Cruelty & Dowry Offenses,Cruelty by Husband/Relatives
2007,Sikkim,False,0.0,Cruelty & Dowry Offenses,Dowry Death
2007,Sikkim,False,2.0,Human Trafficking,Immoral Traffic (Prevention) Act
2007,Sikkim,False,0.0,Special & Local Laws,Indecent Representation of Women Act
2007,Sikkim,False,0.0,Assault & Sexual Harassment,Insult to Modesty of Women
2007,Sikkim,False,9.0,Kidnapping & Abduction,Kidnapping & Abduction (General)
2007,Sikkim,False,24.0,Rape & Attempted Rape,Rape (General/Other)
2007,Tamil Nadu,False,1540.0,Assault & Sexual Harassment,Assault to Outrage Modesty
2007,Tamil Nadu,False,1976.0,Cruelty & Dowry Offenses,Cruelty by Husband/Relatives
2007,Tamil Nadu,False,208.0,Cruelty & Dowry Offenses,Dowry Death
2007,Tamil Nadu,False,1199.0,Human Trafficking,Immoral Traffic (Prevention) Act
2007,Tamil Nadu,False,25.0,Special & Local Laws,Indecent Representation of Women Act
2007,Tamil Nadu,False,875.0,Assault & Sexual Harassment,Insult to Modesty of Women
2007,Tamil Nadu,False,1097.0,Kidnapping & Abduction,Kidnapping & Abduction (General)
2007,Tamil Nadu,False,523.0,Rape & Attempted Rape,Rape (General/Other)
2007,Tripura,False,244.0,Assault & Sexual Harassment,Assault to Outrage Modesty
2007,Tripura,False,545.0,Cruelty & Dowry Offenses,Cruelty by Husband/Relatives
2007,Tripura,False,36.0,Cruelty & Dowry Offenses,Dowry Death
2007,Tripura,False,0.0,Human Trafficking,Immoral Traffic (Prevention) Act
2007,Tripura,False,0.0,Special & Local Laws,Indecent Representation of Women Act
2007,Tripura,False,4.0,Assault & Sexual Harassment,Insult to Modesty of Women
2007,Tripura,False,81.0,Kidnapping & Abduction,Kidnapping & Abduction (General)
2007,Tripura,False,157.0,Rape & Attempted Rape,Rape (General/Other)
2007,Uttar Pradesh,False,2522.0,Assault & Sexual Harassment,Assault to Outrage Modesty
2007,Uttar Pradesh,False,7650.0,Cruelty & Dowry Offenses,Cruelty by Husband/Relatives
2007,Uttar Pradesh,False,2076.0,Cruelty & Dowry Offenses,Dowry Death
2007,Uttar Pradesh,False,49.0,Human Trafficking,Immoral Traffic (Prevention) Act
2007,Uttar Pradesh,False,0.0,Special & Local Laws,Indecent Representation of Women Act
2007,Uttar Pradesh,False,2882.0,Assault & Sexual Harassment,Insult to Modesty of Women
2007,Uttar Pradesh,False,3363.0,Kidnapping & Abduction,Kidnapping & Abduction (General)
2007,Uttar Pradesh,False,1648.0,Rape & Attempted Rape,Rape (General/Other)
2007,Uttarakhand,False,146.0,Assault & Sexual Harassment,Assault to Outrage Modesty
2007,Uttarakhand,False,463.0,Cruelty & Dowry Offenses,Cruelty by Husband/Relatives
2007,Uttarakhand,False,70.0,Cruelty & Dowry Offenses,Dowry Death
2007,Uttarakhand,False,9.0,Human Trafficking,Immoral Traffic (Prevention) Act
2007,Uttarakhand,False,0.0,Special & Local Laws,Indecent Representation of Women Act
2007,Uttarakhand,False,63.0,Assault & Sexual Harassment,Insult to Modesty of Women
2007,Uttarakhand,False,227.0,Kidnapping & Abduction,Kidnapping & Abduction (General)
2007,Uttarakhand,False,117.0,Rape & Attempted Rape,Rape (General/Other)
2007,West Bengal,False,2281.0,Assault & Sexual Harassment,Assault to Outrage Modesty
2007,West Bengal,False,9900.0,Cruelty & Dowry Offenses,Cruelty by Husband/Relatives
2007,West Bengal,False,451.0,Cruelty & Dowry Offenses,Dowry Death
2007,West Bengal,False,62.0,Human Trafficking,Immoral Traffic (Prevention) Act
2007,West Bengal,False,10.0,Special & Local Laws,Indecent Representation of Women Act
2007,West Bengal,False,99.0,Assault & Sexual Harassment,Insult to Modesty of Women
2007,West Bengal,False,1590.0,Kidnapping & Abduction,Kidnapping & Abduction (General)
2007,West Bengal,False,2106.0,Rape & Attempted Rape,Rape (General/Other)
2008,Andaman & Nicobar Islands,False,24.0,Assault & Sexual Harassment,Assault to Outrage Modesty
2008,Andaman & Nicobar Islands,False,26.0,Cruelty & Dowry Offenses,Cruelty by Husband/Relatives
2008,Andaman & Nicobar Islands,False,2.0,Cruelty & Dowry Offenses,Dowry Death
2008,Andaman & Nicobar Islands,False,0.0,Human Trafficking,Immoral Traffic (Prevention) Act
2008,Andaman & Nicobar Islands,False,0.0,Special & Local Laws,Indecent Representation of Women Act
2008,Andaman & Nicobar Islands,False,3.0,Assault & Sexual Harassment,Insult to Modesty of Women
2008,Andaman & Nicobar Islands,False,13.0,Kidnapping & Abduction,Kidnapping & Abduction (General)
2008,Andaman & Nicobar Islands,False,12.0,Rape & Attempted Rape,Rape (General/Other)
2008,Andhra Pradesh,False,4730.0,Assault & Sexual Harassment,Assault to Outrage Modesty
2008,Andhra Pradesh,False,10306.0,Cruelty & Dowry Offenses,Cruelty by Husband/Relatives
2008,Andhra Pradesh,False,556.0,Cruelty & Dowry Offenses,Dowry Death
2008,Andhra Pradesh,False,357.0,Human Trafficking,Immoral Traffic (Prevention) Act
2008,Andhra Pradesh,False,889.0,Special & Local Laws,Indecent Representation of Women Act
2008,Andhra Pradesh,False,3551.0,Assault & Sexual Harassment,Insult to Modesty of Women
2008,Andhra Pradesh,False,1396.0,Kidnapping & Abduction,Kidnapping & Abduction (General)
2008,Andhra Pradesh,False,1257.0,Rape & Attempted Rape,Rape (General/Other)
2008,Arunachal Pradesh,False,72.0,Assault & Sexual Harassment,Assault to Outrage Modesty
2008,Arunachal Pradesh,False,13.0,Cruelty & Dowry Offenses,Cruelty by Husband/Relatives
2008,Arunachal Pradesh,False,0.0,Cruelty & Dowry Offenses,Dowry Death
2008,Arunachal Pradesh,False,0.0,Human Trafficking,Immoral Traffic (Prevention) Act
2008,Arunachal Pradesh,False,0.0,Special & Local Laws,Indecent Representation of Women Act
2008,Arunachal Pradesh,False,1.0,Assault & Sexual Harassment,Insult to Modesty of Women
2008,Arunachal Pradesh,False,47.0,Kidnapping & Abduction,Kidnapping & Abduction (General)
2008,Arunachal Pradesh,False,42.0,Rape & Attempted Rape,Rape (General/Other)
2008,Assam,False,1272.0,Assault & Sexual Harassment,Assault to Outrage Modesty
2008,Assam,False,3478.0,Cruelty & Dowry Offenses,Cruelty by Husband/Relatives
2008,Assam,False,103.0,Cruelty & Dowry Offenses,Dowry Death
2008,Assam,False,27.0,Human Trafficking,Immoral Traffic (Prevention) Act
2008,Assam,False,2.0,Special & Local Laws,Indecent Representation of Women Act
2008,Assam,False,2.0,Assault & Sexual Harassment,Insult to Modesty of Women
2008,Assam,False,1789.0,Kidnapping & Abduction,Kidnapping & Abduction (General)
2008,Assam,False,1438.0,Rape & Attempted Rape,Rape (General/Other)
2008,Bihar,False,999.0,Assault & Sexual Harassment,Assault to Outrage Modesty
2008,Bihar,False,1992.0,Cruelty & Dowry Offenses,Cruelty by Husband/Relatives
2008,Bihar,False,1210.0,Cruelty & Dowry Offenses,Dowry Death
2008,Bihar,False,39.0,Human Trafficking,Immoral Traffic (Prevention) Act
2008,Bihar,False,0.0,Special & Local Laws,Indecent Representation of Women Act
2008,Bihar,False,21.0,Assault & Sexual Harassment,Insult to Modesty of Women
2008,Bihar,False,1789.0,Kidnapping & Abduction,Kidnapping & Abduction (General)
2008,Bihar,False,1302.0,Rape & Attempted Rape,Rape (General/Other)
2008,Chandigarh,False,19.0,Assault & Sexual Harassment,Assault to Outrage Modesty
2008,Chandigarh,False,49.0,Cruelty & Dowry Offenses,Cruelty by Husband/Relatives
2008,Chandigarh,False,3.0,Cruelty & Dowry Offenses,Dowry Death
2008,Chandigarh,False,7.0,Human Trafficking,Immoral Traffic (Prevention) Act
2008,Chandigarh,False,0.0,Special & Local Laws,Indecent Representation of Women Act
2008,Chandigarh,False,2.0,Assault & Sexual Harassment,Insult to Modesty of Women
2008,Chandigarh,False,42.0,Kidnapping & Abduction,Kidnapping & Abduction (General)
2008,Chandigarh,False,20.0,Rape & Attempted Rape,Rape (General/Other)
2008,Chhattisgarh,False,1621.0,Assault & Sexual Harassment,Assault to Outrage Modesty
2008,Chhattisgarh,False,897.0,Cruelty & Dowry Offenses,Cruelty by Husband/Relatives
2008,Chhattisgarh,False,106.0,Cruelty & Dowry Offenses,Dowry Death
2008,Chhattisgarh,False,4.0,Human Trafficking,Immoral Traffic (Prevention) Act
2008,Chhattisgarh,False,0.0,Special & Local Laws,Indecent Representation of Women Act
2008,Chhattisgarh,False,125.0,Assault & Sexual Harassment,Insult to Modesty of Women
2008,Chhattisgarh,False,216.0,Kidnapping & Abduction,Kidnapping & Abduction (General)
2008,Chhattisgarh,False,978.0,Rape & Attempted Rape,Rape (General/Other)
2008,"Dadra & Nagar Haveli (pre-2020, separate UT)",False,4.0,Assault & Sexual Harassment,Assault to Outrage Modesty
2008,"Dadra & Nagar Haveli (pre-2020, separate UT)",False,4.0,Cruelty & Dowry Offenses,Cruelty by Husband/Relatives
2008,"Dadra & Nagar Haveli (pre-2020, separate UT)",False,0.0,Cruelty & Dowry Offenses,Dowry Death
2008,"Dadra & Nagar Haveli (pre-2020, separate UT)",False,3.0,Human Trafficking,Immoral Traffic (Prevention) Act
2008,"Dadra & Nagar Haveli (pre-2020, separate UT)",False,0.0,Special & Local Laws,Indecent Representation of Women Act
2008,"Dadra & Nagar Haveli (pre-2020, separate UT)",False,0.0,Assault & Sexual Harassment,Insult to Modesty of Women
2008,"Dadra & Nagar Haveli (pre-2020, separate UT)",False,11.0,Kidnapping & Abduction,Kidnapping & Abduction (General)
2008,"Dadra & Nagar Haveli (pre-2020, separate UT)",False,6.0,Rape & Attempted Rape,Rape (General/Other)
2008,"Daman & Diu (pre-2020, separate UT)",False,2.0,Assault & Sexual Harassment,Assault to Outrage Modesty
2008,"Daman & Diu (pre-2020, separate UT)",False,5.0,Cruelty & Dowry Offenses,Cruelty by Husband/Relatives
2008,"Daman & Diu (pre-2020, separate UT)",False,0.0,Cruelty & Dowry Offenses,Dowry Death
2008,"Daman & Diu (pre-2020, separate UT)",False,6.0,Human Trafficking,Immoral Traffic (Prevention) Act
2008,"Daman & Diu (pre-2020, separate UT)",False,0.0,Special & Local Laws,Indecent Representation of Women Act
2008,"Daman & Diu (pre-2020, separate UT)",False,1.0,Assault & Sexual Harassment,Insult to Modesty of Women
2008,"Daman & Diu (pre-2020, separate UT)",False,1.0,Kidnapping & Abduction,Kidnapping & Abduction (General)
2008,"Daman & Diu (pre-2020, separate UT)",False,0.0,Rape & Attempted Rape,Rape (General/Other)
2008,Delhi,False,611.0,Assault & Sexual Harassment,Assault to Outrage Modesty
2008,Delhi,False,1387.0,Cruelty & Dowry Offenses,Cruelty by Husband/Relatives
2008,Delhi,False,129.0,Cruelty & Dowry Offenses,Dowry Death
2008,Delhi,False,60.0,Human Trafficking,Immoral Traffic (Prevention) Act
2008,Delhi,False,0.0,Special & Local Laws,Indecent Representation of Women Act
2008,Delhi,False,130.0,Assault & Sexual Harassment,Insult to Modesty of Women
2008,Delhi,False,1136.0,Kidnapping & Abduction,Kidnapping & Abduction (General)
2008,Delhi,False,466.0,Rape & Attempted Rape,Rape (General/Other)
2008,Goa,False,32.0,Assault & Sexual Harassment,Assault to Outrage Modesty
2008,Goa,False,12.0,Cruelty & Dowry Offenses,Cruelty by Husband/Relatives
2008,Goa,False,2.0,Cruelty & Dowry Offenses,Dowry Death
2008,Goa,False,14.0,Human Trafficking,Immoral Traffic (Prevention) Act
2008,Goa,False,0.0,Special & Local Laws,Indecent Representation of Women Act
2008,Goa,False,12.0,Assault & Sexual Harassment,Insult to Modesty of Women
2008,Goa,False,28.0,Kidnapping & Abduction,Kidnapping & Abduction (General)
2008,Goa,False,30.0,Rape & Attempted Rape,Rape (General/Other)
2008,Gujarat,False,828.0,Assault & Sexual Harassment,Assault to Outrage Modesty
2008,Gujarat,False,6094.0,Cruelty & Dowry Offenses,Cruelty by Husband/Relatives
2008,Gujarat,False,27.0,Cruelty & Dowry Offenses,Dowry Death
2008,Gujarat,False,52.0,Human Trafficking,Immoral Traffic (Prevention) Act
2008,Gujarat,False,0.0,Special & Local Laws,Indecent Representation of Women Act
2008,Gujarat,False,122.0,Assault & Sexual Harassment,Insult to Modesty of Women
2008,Gujarat,False,1119.0,Kidnapping & Abduction,Kidnapping & Abduction (General)
2008,Gujarat,False,374.0,Rape & Attempted Rape,Rape (General/Other)
2008,Haryana,False,435.0,Assault & Sexual Harassment,Assault to Outrage Modesty
2008,Haryana,False,2435.0,Cruelty & Dowry Offenses,Cruelty by Husband/Relatives
2008,Haryana,False,302.0,Cruelty & Dowry Offenses,Dowry Death
2008,Haryana,False,77.0,Human Trafficking,Immoral Traffic (Prevention) Act
2008,Haryana,False,0.0,Special & Local Laws,Indecent Representation of Women Act
2008,Haryana,False,605.0,Assault & Sexual Harassment,Insult to Modesty of Women
2008,Haryana,False,644.0,Kidnapping & Abduction,Kidnapping & Abduction (General)
2008,Haryana,False,631.0,Rape & Attempted Rape,Rape (General/Other)
2008,Himachal Pradesh,False,295.0,Assault & Sexual Harassment,Assault to Outrage Modesty
2008,Himachal Pradesh,False,343.0,Cruelty & Dowry Offenses,Cruelty by Husband/Relatives
2008,Himachal Pradesh,False,3.0,Cruelty & Dowry Offenses,Dowry Death
2008,Himachal Pradesh,False,1.0,Human Trafficking,Immoral Traffic (Prevention) Act
2008,Himachal Pradesh,False,0.0,Special & Local Laws,Indecent Representation of Women Act
2008,Himachal Pradesh,False,41.0,Assault & Sexual Harassment,Insult to Modesty of Women
2008,Himachal Pradesh,False,137.0,Kidnapping & Abduction,Kidnapping & Abduction (General)
2008,Himachal Pradesh,False,157.0,Rape & Attempted Rape,Rape (General/Other)
2008,Jammu & Kashmir,False,935.0,Assault & Sexual Harassment,Assault to Outrage Modesty
2008,Jammu & Kashmir,False,162.0,Cruelty & Dowry Offenses,Cruelty by Husband/Relatives
2008,Jammu & Kashmir,False,21.0,Cruelty & Dowry Offenses,Dowry Death
2008,Jammu & Kashmir,False,4.0,Human Trafficking,Immoral Traffic (Prevention) Act
2008,Jammu & Kashmir,False,0.0,Special & Local Laws,Indecent Representation of Women Act
2008,Jammu & Kashmir,False,296.0,Assault & Sexual Harassment,Insult to Modesty of Women
2008,Jammu & Kashmir,False,656.0,Kidnapping & Abduction,Kidnapping & Abduction (General)
2008,Jammu & Kashmir,False,219.0,Rape & Attempted Rape,Rape (General/Other)
2008,Jharkhand,False,271.0,Assault & Sexual Harassment,Assault to Outrage Modesty
2008,Jharkhand,False,851.0,Cruelty & Dowry Offenses,Cruelty by Husband/Relatives
2008,Jharkhand,False,266.0,Cruelty & Dowry Offenses,Dowry Death
2008,Jharkhand,False,8.0,Human Trafficking,Immoral Traffic (Prevention) Act
2008,Jharkhand,False,0.0,Special & Local Laws,Indecent Representation of Women Act
2008,Jharkhand,False,23.0,Assault & Sexual Harassment,Insult to Modesty of Women
2008,Jharkhand,False,499.0,Kidnapping & Abduction,Kidnapping & Abduction (General)
2008,Jharkhand,False,791.0,Rape & Attempted Rape,Rape (General/Other)
2008,Karnataka,False,1954.0,Assault & Sexual Harassment,Assault to Outrage Modesty
2008,Karnataka,False,2638.0,Cruelty & Dowry Offenses,Cruelty by Husband/Relatives
2008,Karnataka,False,259.0,Cruelty & Dowry Offenses,Dowry Death
2008,Karnataka,False,516.0,Human Trafficking,Immoral Traffic (Prevention) Act
2008,Karnataka,False,0.0,Special & Local Laws,Indecent Representation of Women Act
2008,Karnataka,False,44.0,Assault & Sexual Harassment,Insult to Modesty of Women
2008,Karnataka,False,405.0,Kidnapping & Abduction,Kidnapping & Abduction (General)
2008,Karnataka,False,446.0,Rape & Attempted Rape,Rape (General/Other)
2008,Kerala,False,2745.0,Assault & Sexual Harassment,Assault to Outrage Modesty
2008,Kerala,False,4138.0,Cruelty & Dowry Offenses,Cruelty by Husband/Relatives
2008,Kerala,False,31.0,Cruelty & Dowry Offenses,Dowry Death
2008,Kerala,False,187.0,Human Trafficking,Immoral Traffic (Prevention) Act
2008,Kerala,False,19.0,Special & Local Laws,Indecent Representation of Women Act
2008,Kerala,False,258.0,Assault & Sexual Harassment,Insult to Modesty of Women
2008,Kerala,False,166.0,Kidnapping & Abduction,Kidnapping & Abduction (General)
2008,Kerala,False,568.0,Rape & Attempted Rape,Rape (General/Other)
2008,Lakshadweep,False,0.0,Assault & Sexual Harassment,Assault to Outrage Modesty
2008,Lakshadweep,False,1.0,Cruelty & Dowry Offenses,Cruelty by Husband/Relatives
2008,Lakshadweep,False,0.0,Cruelty & Dowry Offenses,Dowry Death
2008,Lakshadweep,False,0.0,Human Trafficking,Immoral Traffic (Prevention) Act
2008,Lakshadweep,False,0.0,Special & Local Laws,Indecent Representation of Women Act
2008,Lakshadweep,False,0.0,Assault & Sexual Harassment,Insult to Modesty of Women
2008,Lakshadweep,False,1.0,Kidnapping & Abduction,Kidnapping & Abduction (General)
2008,Lakshadweep,False,2.0,Rape & Attempted Rape,Rape (General/Other)
2008,Madhya Pradesh,False,6445.0,Assault & Sexual Harassment,Assault to Outrage Modesty
2008,Madhya Pradesh,False,3185.0,Cruelty & Dowry Offenses,Cruelty by Husband/Relatives
2008,Madhya Pradesh,False,805.0,Cruelty & Dowry Offenses,Dowry Death
2008,Madhya Pradesh,False,10.0,Human Trafficking,Immoral Traffic (Prevention) Act
2008,Madhya Pradesh,False,0.0,Special & Local Laws,Indecent Representation of Women Act
2008,Madhya Pradesh,False,758.0,Assault & Sexual Harassment,Insult to Modesty of Women
2008,Madhya Pradesh,False,736.0,Kidnapping & Abduction,Kidnapping & Abduction (General)
2008,Madhya Pradesh,False,2937.0,Rape & Attempted Rape,Rape (General/Other)
2008,Maharashtra,False,3619.0,Assault & Sexual Harassment,Assault to Outrage Modesty
2008,Maharashtra,False,7829.0,Cruelty & Dowry Offenses,Cruelty by Husband/Relatives
2008,Maharashtra,False,390.0,Cruelty & Dowry Offenses,Dowry Death
2008,Maharashtra,False,327.0,Human Trafficking,Immoral Traffic (Prevention) Act
2008,Maharashtra,False,1.0,Special & Local Laws,Indecent Representation of Women Act
2008,Maharashtra,False,1091.0,Assault & Sexual Harassment,Insult to Modesty of Women
2008,Maharashtra,False,998.0,Kidnapping & Abduction,Kidnapping & Abduction (General)
2008,Maharashtra,False,1558.0,Rape & Attempted Rape,Rape (General/Other)
2008,Manipur,False,57.0,Assault & Sexual Harassment,Assault to Outrage Modesty
2008,Manipur,False,28.0,Cruelty & Dowry Offenses,Cruelty by Husband/Relatives
2008,Manipur,False,1.0,Cruelty & Dowry Offenses,Dowry Death
2008,Manipur,False,0.0,Human Trafficking,Immoral Traffic (Prevention) Act
2008,Manipur,False,0.0,Special & Local Laws,Indecent Representation of Women Act
2008,Manipur,False,0.0,Assault & Sexual Harassment,Insult to Modesty of Women
2008,Manipur,False,87.0,Kidnapping & Abduction,Kidnapping & Abduction (General)
2008,Manipur,False,38.0,Rape & Attempted Rape,Rape (General/Other)
2008,Meghalaya,False,54.0,Assault & Sexual Harassment,Assault to Outrage Modesty
2008,Meghalaya,False,32.0,Cruelty & Dowry Offenses,Cruelty by Husband/Relatives
2008,Meghalaya,False,2.0,Cruelty & Dowry Offenses,Dowry Death
2008,Meghalaya,False,3.0,Human Trafficking,Immoral Traffic (Prevention) Act
2008,Meghalaya,False,0.0,Special & Local Laws,Indecent Representation of Women Act
2008,Meghalaya,False,4.0,Assault & Sexual Harassment,Insult to Modesty of Women
2008,Meghalaya,False,25.0,Kidnapping & Abduction,Kidnapping & Abduction (General)
2008,Meghalaya,False,88.0,Rape & Attempted Rape,Rape (General/Other)
2008,Mizoram,False,78.0,Assault & Sexual Harassment,Assault to Outrage Modesty
2008,Mizoram,False,5.0,Cruelty & Dowry Offenses,Cruelty by Husband/Relatives
2008,Mizoram,False,0.0,Cruelty & Dowry Offenses,Dowry Death
2008,Mizoram,False,1.0,Human Trafficking,Immoral Traffic (Prevention) Act
2008,Mizoram,False,0.0,Special & Local Laws,Indecent Representation of Women Act
2008,Mizoram,False,0.0,Assault & Sexual Harassment,Insult to Modesty of Women
2008,Mizoram,False,1.0,Kidnapping & Abduction,Kidnapping & Abduction (General)
2008,Mizoram,False,77.0,Rape & Attempted Rape,Rape (General/Other)
2008,Nagaland,False,15.0,Assault & Sexual Harassment,Assault to Outrage Modesty
2008,Nagaland,False,4.0,Cruelty & Dowry Offenses,Cruelty by Husband/Relatives
2008,Nagaland,False,0.0,Cruelty & Dowry Offenses,Dowry Death
2008,Nagaland,False,1.0,Human Trafficking,Immoral Traffic (Prevention) Act
2008,Nagaland,False,0.0,Special & Local Laws,Indecent Representation of Women Act
2008,Nagaland,False,1.0,Assault & Sexual Harassment,Insult to Modesty of Women
2008,Nagaland,False,7.0,Kidnapping & Abduction,Kidnapping & Abduction (General)
2008,Nagaland,False,19.0,Rape & Attempted Rape,Rape (General/Other)
2008,Odisha,False,2782.0,Assault & Sexual Harassment,Assault to Outrage Modesty
2008,Odisha,False,1618.0,Cruelty & Dowry Offenses,Cruelty by Husband/Relatives
2008,Odisha,False,401.0,Cruelty & Dowry Offenses,Dowry Death
2008,Odisha,False,29.0,Human Trafficking,Immoral Traffic (Prevention) Act
2008,Odisha,False,0.0,Special & Local Laws,Indecent Representation of Women Act
2008,Odisha,False,282.0,Assault & Sexual Harassment,Insult to Modesty of Women
2008,Odisha,False,762.0,Kidnapping & Abduction,Kidnapping & Abduction (General)
2008,Odisha,False,1113.0,Rape & Attempted Rape,Rape (General/Other)
2008,Puducherry,False,65.0,Assault & Sexual Harassment,Assault to Outrage Modesty
2008,Puducherry,False,12.0,Cruelty & Dowry Offenses,Cruelty by Husband/Relatives
2008,Puducherry,False,2.0,Cruelty & Dowry Offenses,Dowry Death
2008,Puducherry,False,3.0,Human Trafficking,Immoral Traffic (Prevention) Act
2008,Puducherry,False,0.0,Special & Local Laws,Indecent Representation of Women Act
2008,Puducherry,False,21.0,Assault & Sexual Harassment,Insult to Modesty of Women
2008,Puducherry,False,9.0,Kidnapping & Abduction,Kidnapping & Abduction (General)
2008,Puducherry,False,8.0,Rape & Attempted Rape,Rape (General/Other)
2008,Punjab,False,388.0,Assault & Sexual Harassment,Assault to Outrage Modesty
2008,Punjab,False,984.0,Cruelty & Dowry Offenses,Cruelty by Husband/Relatives
2008,Punjab,False,128.0,Cruelty & Dowry Offenses,Dowry Death
2008,Punjab,False,43.0,Human Trafficking,Immoral Traffic (Prevention) Act
2008,Punjab,False,0.0,Special & Local Laws,Indecent Representation of Women Act
2008,Punjab,False,49.0,Assault & Sexual Harassment,Insult to Modesty of Women
2008,Punjab,False,514.0,Kidnapping & Abduction,Kidnapping & Abduction (General)
2008,Punjab,False,517.0,Rape & Attempted Rape,Rape (General/Other)
2008,Rajasthan,False,2520.0,Assault & Sexual Harassment,Assault to Outrage Modesty
2008,Rajasthan,False,8113.0,Cruelty & Dowry Offenses,Cruelty by Husband/Relatives
2008,Rajasthan,False,439.0,Cruelty & Dowry Offenses,Dowry Death
2008,Rajasthan,False,72.0,Human Trafficking,Immoral Traffic (Prevention) Act
2008,Rajasthan,False,107.0,Special & Local Laws,Indecent Representation of Women Act
2008,Rajasthan,False,19.0,Assault & Sexual Harassment,Insult to Modesty of Women
2008,Rajasthan,False,1863.0,Kidnapping & Abduction,Kidnapping & Abduction (General)
2008,Rajasthan,False,1355.0,Rape & Attempted Rape,Rape (General/Other)
2008,Sikkim,False,19.0,Assault & Sexual Harassment,Assault to Outrage Modesty
2008,Sikkim,False,5.0,Cruelty & Dowry Offenses,Cruelty by Husband/Relatives
2008,Sikkim,False,0.0,Cruelty & Dowry Offenses,Dowry Death
2008,Sikkim,False,0.0,Human Trafficking,Immoral Traffic (Prevention) Act
2008,Sikkim,False,0.0,Special & Local Laws,Indecent Representation of Women Act
2008,Sikkim,False,0.0,Assault & Sexual Harassment,Insult to Modesty of Women
2008,Sikkim,False,4.0,Kidnapping & Abduction,Kidnapping & Abduction (General)
2008,Sikkim,False,20.0,Rape & Attempted Rape,Rape (General/Other)
2008,Tamil Nadu,False,1705.0,Assault & Sexual Harassment,Assault to Outrage Modesty
2008,Tamil Nadu,False,1648.0,Cruelty & Dowry Offenses,Cruelty by Husband/Relatives
2008,Tamil Nadu,False,207.0,Cruelty & Dowry Offenses,Dowry Death
2008,Tamil Nadu,False,687.0,Human Trafficking,Immoral Traffic (Prevention) Act
2008,Tamil Nadu,False,4.0,Special & Local Laws,Indecent Representation of Women Act
2008,Tamil Nadu,False,974.0,Assault & Sexual Harassment,Insult to Modesty of Women
2008,Tamil Nadu,False,1160.0,Kidnapping & Abduction,Kidnapping & Abduction (General)
2008,Tamil Nadu,False,573.0,Rape & Attempted Rape,Rape (General/Other)
2008,Tripura,False,346.0,Assault & Sexual Harassment,Assault to Outrage Modesty
2008,Tripura,False,735.0,Cruelty & Dowry Offenses,Cruelty by Husband/Relatives
2008,Tripura,False,16.0,Cruelty & Dowry Offenses,Dowry Death
2008,Tripura,False,0.0,Human Trafficking,Immoral Traffic (Prevention) Act
2008,Tripura,False,0.0,Special & Local Laws,Indecent Representation of Women Act
2008,Tripura,False,4.0,Assault & Sexual Harassment,Insult to Modesty of Women
2008,Tripura,False,110.0,Kidnapping & Abduction,Kidnapping & Abduction (General)
2008,Tripura,False,204.0,Rape & Attempted Rape,Rape (General/Other)
2008,Uttar Pradesh,False,2955.0,Assault & Sexual Harassment,Assault to Outrage Modesty
2008,Uttar Pradesh,False,8312.0,Cruelty & Dowry Offenses,Cruelty by Husband/Relatives
2008,Uttar Pradesh,False,2237.0,Cruelty & Dowry Offenses,Dowry Death
2008,Uttar Pradesh,False,57.0,Human Trafficking,Immoral Traffic (Prevention) Act
2008,Uttar Pradesh,False,0.0,Special & Local Laws,Indecent Representation of Women Act
2008,Uttar Pradesh,False,3374.0,Assault & Sexual Harassment,Insult to Modesty of Women
2008,Uttar Pradesh,False,4439.0,Kidnapping & Abduction,Kidnapping & Abduction (General)
2008,Uttar Pradesh,False,1871.0,Rape & Attempted Rape,Rape (General/Other)
2008,Uttarakhand,False,120.0,Assault & Sexual Harassment,Assault to Outrage Modesty
2008,Uttarakhand,False,340.0,Cruelty & Dowry Offenses,Cruelty by Husband/Relatives
2008,Uttarakhand,False,73.0,Cruelty & Dowry Offenses,Dowry Death
2008,Uttarakhand,False,3.0,Human Trafficking,Immoral Traffic (Prevention) Act
2008,Uttarakhand,False,0.0,Special & Local Laws,Indecent Representation of Women Act
2008,Uttarakhand,False,306.0,Assault & Sexual Harassment,Insult to Modesty of Women
2008,Uttarakhand,False,222.0,Kidnapping & Abduction,Kidnapping & Abduction (General)
2008,Uttarakhand,False,87.0,Rape & Attempted Rape,Rape (General/Other)
2008,West Bengal,False,2396.0,Assault & Sexual Harassment,Assault to Outrage Modesty
2008,West Bengal,False,13663.0,Cruelty & Dowry Offenses,Cruelty by Husband/Relatives
2008,West Bengal,False,451.0,Cruelty & Dowry Offenses,Dowry Death
2008,West Bengal,False,62.0,Human Trafficking,Immoral Traffic (Prevention) Act
2008,West Bengal,False,3.0,Special & Local Laws,Indecent Representation of Women Act
2008,West Bengal,False,94.0,Assault & Sexual Harassment,Insult to Modesty of Women
2008,West Bengal,False,1907.0,Kidnapping & Abduction,Kidnapping & Abduction (General)
2008,West Bengal,False,2263.0,Rape & Attempted Rape,Rape (General/Other)
2009,Andaman & Nicobar Islands,False,30.0,Assault & Sexual Harassment,Assault to Outrage Modesty
2009,Andaman & Nicobar Islands,False,21.0,Cruelty & Dowry Offenses,Cruelty by Husband/Relatives
2009,Andaman & Nicobar Islands,False,1.0,Cruelty & Dowry Offenses,Dowry Death
2009,Andaman & Nicobar Islands,False,1.0,Human Trafficking,Immoral Traffic (Prevention) Act
2009,Andaman & Nicobar Islands,False,0.0,Special & Local Laws,Indecent Representation of Women Act
2009,Andaman & Nicobar Islands,False,7.0,Assault & Sexual Harassment,Insult to Modesty of Women
2009,Andaman & Nicobar Islands,False,14.0,Kidnapping & Abduction,Kidnapping & Abduction (General)
2009,Andaman & Nicobar Islands,False,18.0,Rape & Attempted Rape,Rape (General/Other)
2009,Andhra Pradesh,False,5147.0,Assault & Sexual Harassment,Assault to Outrage Modesty
2009,Andhra Pradesh,False,11297.0,Cruelty & Dowry Offenses,Cruelty by Husband/Relatives
2009,Andhra Pradesh,False,546.0,Cruelty & Dowry Offenses,Dowry Death
2009,Andhra Pradesh,False,279.0,Human Trafficking,Immoral Traffic (Prevention) Act
2009,Andhra Pradesh,False,704.0,Special & Local Laws,Indecent Representation of Women Act
2009,Andhra Pradesh,False,3520.0,Assault & Sexual Harassment,Insult to Modesty of Women
2009,Andhra Pradesh,False,1526.0,Kidnapping & Abduction,Kidnapping & Abduction (General)
2009,Andhra Pradesh,False,1188.0,Rape & Attempted Rape,Rape (General/Other)
2009,Arunachal Pradesh,False,58.0,Assault & Sexual Harassment,Assault to Outrage Modesty
2009,Arunachal Pradesh,False,13.0,Cruelty & Dowry Offenses,Cruelty by Husband/Relatives
2009,Arunachal Pradesh,False,0.0,Cruelty & Dowry Offenses,Dowry Death
2009,Arunachal Pradesh,False,0.0,Human Trafficking,Immoral Traffic (Prevention) Act
2009,Arunachal Pradesh,False,0.0,Special & Local Laws,Indecent Representation of Women Act
2009,Arunachal Pradesh,False,6.0,Assault & Sexual Harassment,Insult to Modesty of Women
2009,Arunachal Pradesh,False,28.0,Kidnapping & Abduction,Kidnapping & Abduction (General)
2009,Arunachal Pradesh,False,59.0,Rape & Attempted Rape,Rape (General/Other)
2009,Assam,False,1342.0,Assault & Sexual Harassment,Assault to Outrage Modesty
2009,Assam,False,4398.0,Cruelty & Dowry Offenses,Cruelty by Husband/Relatives
2009,Assam,False,170.0,Cruelty & Dowry Offenses,Dowry Death
2009,Assam,False,37.0,Human Trafficking,Immoral Traffic (Prevention) Act
2009,Assam,False,0.0,Special & Local Laws,Indecent Representation of Women Act
2009,Assam,False,10.0,Assault & Sexual Harassment,Insult to Modesty of Women
2009,Assam,False,2092.0,Kidnapping & Abduction,Kidnapping & Abduction (General)
2009,Assam,False,1631.0,Rape & Attempted Rape,Rape (General/Other)
2009,Bihar,False,726.0,Assault & Sexual Harassment,Assault to Outrage Modesty
2009,Bihar,False,2532.0,Cruelty & Dowry Offenses,Cruelty by Husband/Relatives
2009,Bihar,False,1295.0,Cruelty & Dowry Offenses,Dowry Death
2009,Bihar,False,40.0,Human Trafficking,Immoral Traffic (Prevention) Act
2009,Bihar,False,0.0,Special & Local Laws,Indecent Representation of Women Act
2009,Bihar,False,12.0,Assault & Sexual Harassment,Insult to Modesty of Women
2009,Bihar,False,1986.0,Kidnapping & Abduction,Kidnapping & Abduction (General)
2009,Bihar,False,929.0,Rape & Attempted Rape,Rape (General/Other)
2009,Chandigarh,False,26.0,Assault & Sexual Harassment,Assault to Outrage Modesty
2009,Chandigarh,False,51.0,Cruelty & Dowry Offenses,Cruelty by Husband/Relatives
2009,Chandigarh,False,2.0,Cruelty & Dowry Offenses,Dowry Death
2009,Chandigarh,False,4.0,Human Trafficking,Immoral Traffic (Prevention) Act
2009,Chandigarh,False,0.0,Special & Local Laws,Indecent Representation of Women Act
2009,Chandigarh,False,2.0,Assault & Sexual Harassment,Insult to Modesty of Women
2009,Chandigarh,False,36.0,Kidnapping & Abduction,Kidnapping & Abduction (General)
2009,Chandigarh,False,29.0,Rape & Attempted Rape,Rape (General/Other)
2009,Chhattisgarh,False,1598.0,Assault & Sexual Harassment,Assault to Outrage Modesty
2009,Chhattisgarh,False,893.0,Cruelty & Dowry Offenses,Cruelty by Husband/Relatives
2009,Chhattisgarh,False,128.0,Cruelty & Dowry Offenses,Dowry Death
2009,Chhattisgarh,False,9.0,Human Trafficking,Immoral Traffic (Prevention) Act
2009,Chhattisgarh,False,1.0,Special & Local Laws,Indecent Representation of Women Act
2009,Chhattisgarh,False,152.0,Assault & Sexual Harassment,Insult to Modesty of Women
2009,Chhattisgarh,False,229.0,Kidnapping & Abduction,Kidnapping & Abduction (General)
2009,Chhattisgarh,False,976.0,Rape & Attempted Rape,Rape (General/Other)
2009,"Dadra & Nagar Haveli (pre-2020, separate UT)",False,2.0,Assault & Sexual Harassment,Assault to Outrage Modesty
2009,"Dadra & Nagar Haveli (pre-2020, separate UT)",False,3.0,Cruelty & Dowry Offenses,Cruelty by Husband/Relatives
2009,"Dadra & Nagar Haveli (pre-2020, separate UT)",False,0.0,Cruelty & Dowry Offenses,Dowry Death
2009,"Dadra & Nagar Haveli (pre-2020, separate UT)",False,0.0,Human Trafficking,Immoral Traffic (Prevention) Act
2009,"Dadra & Nagar Haveli (pre-2020, separate UT)",False,0.0,Special & Local Laws,Indecent Representation of Women Act
2009,"Dadra & Nagar Haveli (pre-2020, separate UT)",False,1.0,Assault & Sexual Harassment,Insult to Modesty of Women
2009,"Dadra & Nagar Haveli (pre-2020, separate UT)",False,9.0,Kidnapping & Abduction,Kidnapping & Abduction (General)
2009,"Dadra & Nagar Haveli (pre-2020, separate UT)",False,4.0,Rape & Attempted Rape,Rape (General/Other)
2009,"Daman & Diu (pre-2020, separate UT)",False,4.0,Assault & Sexual Harassment,Assault to Outrage Modesty
2009,"Daman & Diu (pre-2020, separate UT)",False,3.0,Cruelty & Dowry Offenses,Cruelty by Husband/Relatives
2009,"Daman & Diu (pre-2020, separate UT)",False,0.0,Cruelty & Dowry Offenses,Dowry Death
2009,"Daman & Diu (pre-2020, separate UT)",False,4.0,Human Trafficking,Immoral Traffic (Prevention) Act
2009,"Daman & Diu (pre-2020, separate UT)",False,0.0,Special & Local Laws,Indecent Representation of Women Act
2009,"Daman & Diu (pre-2020, separate UT)",False,1.0,Assault & Sexual Harassment,Insult to Modesty of Women
2009,"Daman & Diu (pre-2020, separate UT)",False,0.0,Kidnapping & Abduction,Kidnapping & Abduction (General)
2009,"Daman & Diu (pre-2020, separate UT)",False,1.0,Rape & Attempted Rape,Rape (General/Other)
2009,Delhi,False,552.0,Assault & Sexual Harassment,Assault to Outrage Modesty
2009,Delhi,False,1283.0,Cruelty & Dowry Offenses,Cruelty by Husband/Relatives
2009,Delhi,False,141.0,Cruelty & Dowry Offenses,Dowry Death
2009,Delhi,False,27.0,Human Trafficking,Immoral Traffic (Prevention) Act
2009,Delhi,False,0.0,Special & Local Laws,Indecent Representation of Women Act
2009,Delhi,False,118.0,Assault & Sexual Harassment,Insult to Modesty of Women
2009,Delhi,False,1655.0,Kidnapping & Abduction,Kidnapping & Abduction (General)
2009,Delhi,False,469.0,Rape & Attempted Rape,Rape (General/Other)
2009,Goa,False,37.0,Assault & Sexual Harassment,Assault to Outrage Modesty
2009,Goa,False,21.0,Cruelty & Dowry Offenses,Cruelty by Husband/Relatives
2009,Goa,False,3.0,Cruelty & Dowry Offenses,Dowry Death
2009,Goa,False,23.0,Human Trafficking,Immoral Traffic (Prevention) Act
2009,Goa,False,1.0,Special & Local Laws,Indecent Representation of Women Act
2009,Goa,False,10.0,Assault & Sexual Harassment,Insult to Modesty of Women
2009,Goa,False,22.0,Kidnapping & Abduction,Kidnapping & Abduction (General)
2009,Goa,False,47.0,Rape & Attempted Rape,Rape (General/Other)
2009,Gujarat,False,727.0,Assault & Sexual Harassment,Assault to Outrage Modesty
2009,Gujarat,False,5506.0,Cruelty & Dowry Offenses,Cruelty by Husband/Relatives
2009,Gujarat,False,24.0,Cruelty & Dowry Offenses,Dowry Death
2009,Gujarat,False,41.0,Human Trafficking,Immoral Traffic (Prevention) Act
2009,Gujarat,False,0.0,Special & Local Laws,Indecent Representation of Women Act
2009,Gujarat,False,114.0,Assault & Sexual Harassment,Insult to Modesty of Women
2009,Gujarat,False,1162.0,Kidnapping & Abduction,Kidnapping & Abduction (General)
2009,Gujarat,False,433.0,Rape & Attempted Rape,Rape (General/Other)
2009,Haryana,False,451.0,Assault & Sexual Harassment,Assault to Outrage Modesty
2009,Haryana,False,2617.0,Cruelty & Dowry Offenses,Cruelty by Husband/Relatives
2009,Haryana,False,281.0,Cruelty & Dowry Offenses,Dowry Death
2009,Haryana,False,90.0,Human Trafficking,Immoral Traffic (Prevention) Act
2009,Haryana,False,0.0,Special & Local Laws,Indecent Representation of Women Act
2009,Haryana,False,605.0,Assault & Sexual Harassment,Insult to Modesty of Women
2009,Haryana,False,659.0,Kidnapping & Abduction,Kidnapping & Abduction (General)
2009,Haryana,False,603.0,Rape & Attempted Rape,Rape (General/Other)
2009,Himachal Pradesh,False,318.0,Assault & Sexual Harassment,Assault to Outrage Modesty
2009,Himachal Pradesh,False,284.0,Cruelty & Dowry Offenses,Cruelty by Husband/Relatives
2009,Himachal Pradesh,False,1.0,Cruelty & Dowry Offenses,Dowry Death
2009,Himachal Pradesh,False,5.0,Human Trafficking,Immoral Traffic (Prevention) Act
2009,Himachal Pradesh,False,0.0,Special & Local Laws,Indecent Representation of Women Act
2009,Himachal Pradesh,False,37.0,Assault & Sexual Harassment,Insult to Modesty of Women
2009,Himachal Pradesh,False,122.0,Kidnapping & Abduction,Kidnapping & Abduction (General)
2009,Himachal Pradesh,False,183.0,Rape & Attempted Rape,Rape (General/Other)
2009,Jammu & Kashmir,False,972.0,Assault & Sexual Harassment,Assault to Outrage Modesty
2009,Jammu & Kashmir,False,196.0,Cruelty & Dowry Offenses,Cruelty by Husband/Relatives
2009,Jammu & Kashmir,False,12.0,Cruelty & Dowry Offenses,Dowry Death
2009,Jammu & Kashmir,False,6.0,Human Trafficking,Immoral Traffic (Prevention) Act
2009,Jammu & Kashmir,False,2.0,Special & Local Laws,Indecent Representation of Women Act
2009,Jammu & Kashmir,False,371.0,Assault & Sexual Harassment,Insult to Modesty of Women
2009,Jammu & Kashmir,False,825.0,Kidnapping & Abduction,Kidnapping & Abduction (General)
2009,Jammu & Kashmir,False,237.0,Rape & Attempted Rape,Rape (General/Other)
2009,Jharkhand,False,276.0,Assault & Sexual Harassment,Assault to Outrage Modesty
2009,Jharkhand,False,710.0,Cruelty & Dowry Offenses,Cruelty by Husband/Relatives
2009,Jharkhand,False,295.0,Cruelty & Dowry Offenses,Dowry Death
2009,Jharkhand,False,1.0,Human Trafficking,Immoral Traffic (Prevention) Act
2009,Jharkhand,False,0.0,Special & Local Laws,Indecent Representation of Women Act
2009,Jharkhand,False,83.0,Assault & Sexual Harassment,Insult to Modesty of Women
2009,Jharkhand,False,517.0,Kidnapping & Abduction,Kidnapping & Abduction (General)
2009,Jharkhand,False,719.0,Rape & Attempted Rape,Rape (General/Other)
2009,Karnataka,False,2186.0,Assault & Sexual Harassment,Assault to Outrage Modesty
2009,Karnataka,False,3185.0,Cruelty & Dowry Offenses,Cruelty by Husband/Relatives
2009,Karnataka,False,264.0,Cruelty & Dowry Offenses,Dowry Death
2009,Karnataka,False,329.0,Human Trafficking,Immoral Traffic (Prevention) Act
2009,Karnataka,False,1.0,Special & Local Laws,Indecent Representation of Women Act
2009,Karnataka,False,64.0,Assault & Sexual Harassment,Insult to Modesty of Women
2009,Karnataka,False,408.0,Kidnapping & Abduction,Kidnapping & Abduction (General)
2009,Karnataka,False,509.0,Rape & Attempted Rape,Rape (General/Other)
2009,Kerala,False,2540.0,Assault & Sexual Harassment,Assault to Outrage Modesty
2009,Kerala,False,4007.0,Cruelty & Dowry Offenses,Cruelty by Husband/Relatives
2009,Kerala,False,20.0,Cruelty & Dowry Offenses,Dowry Death
2009,Kerala,False,314.0,Human Trafficking,Immoral Traffic (Prevention) Act
2009,Kerala,False,24.0,Special & Local Laws,Indecent Representation of Women Act
2009,Kerala,False,395.0,Assault & Sexual Harassment,Insult to Modesty of Women
2009,Kerala,False,173.0,Kidnapping & Abduction,Kidnapping & Abduction (General)
2009,Kerala,False,568.0,Rape & Attempted Rape,Rape (General/Other)
2009,Lakshadweep,False,0.0,Assault & Sexual Harassment,Assault to Outrage Modesty
2009,Lakshadweep,False,0.0,Cruelty & Dowry Offenses,Cruelty by Husband/Relatives
2009,Lakshadweep,False,0.0,Cruelty & Dowry Offenses,Dowry Death
2009,Lakshadweep,False,0.0,Human Trafficking,Immoral Traffic (Prevention) Act
2009,Lakshadweep,False,0.0,Special & Local Laws,Indecent Representation of Women Act
2009,Lakshadweep,False,0.0,Assault & Sexual Harassment,Insult to Modesty of Women
2009,Lakshadweep,False,0.0,Kidnapping & Abduction,Kidnapping & Abduction (General)
2009,Lakshadweep,False,1.0,Rape & Attempted Rape,Rape (General/Other)
2009,Madhya Pradesh,False,6307.0,Assault & Sexual Harassment,Assault to Outrage Modesty
2009,Madhya Pradesh,False,3983.0,Cruelty & Dowry Offenses,Cruelty by Husband/Relatives
2009,Madhya Pradesh,False,858.0,Cruelty & Dowry Offenses,Dowry Death
2009,Madhya Pradesh,False,19.0,Human Trafficking,Immoral Traffic (Prevention) Act
2009,Madhya Pradesh,False,1.0,Special & Local Laws,Indecent Representation of Women Act
2009,Madhya Pradesh,False,728.0,Assault & Sexual Harassment,Insult to Modesty of Women
2009,Madhya Pradesh,False,841.0,Kidnapping & Abduction,Kidnapping & Abduction (General)
2009,Madhya Pradesh,False,2998.0,Rape & Attempted Rape,Rape (General/Other)
2009,Maharashtra,False,3196.0,Assault & Sexual Harassment,Assault to Outrage Modesty
2009,Maharashtra,False,7681.0,Cruelty & Dowry Offenses,Cruelty by Husband/Relatives
2009,Maharashtra,False,341.0,Cruelty & Dowry Offenses,Dowry Death
2009,Maharashtra,False,271.0,Human Trafficking,Immoral Traffic (Prevention) Act
2009,Maharashtra,False,1.0,Special & Local Laws,Indecent Representation of Women Act
2009,Maharashtra,False,1099.0,Assault & Sexual Harassment,Insult to Modesty of Women
2009,Maharashtra,False,926.0,Kidnapping & Abduction,Kidnapping & Abduction (General)
2009,Maharashtra,False,1483.0,Rape & Attempted Rape,Rape (General/Other)
2009,Manipur,False,39.0,Assault & Sexual Harassment,Assault to Outrage Modesty
2009,Manipur,False,25.0,Cruelty & Dowry Offenses,Cruelty by Husband/Relatives
2009,Manipur,False,0.0,Cruelty & Dowry Offenses,Dowry Death
2009,Manipur,False,0.0,Human Trafficking,Immoral Traffic (Prevention) Act
2009,Manipur,False,0.0,Special & Local Laws,Indecent Representation of Women Act
2009,Manipur,False,2.0,Assault & Sexual Harassment,Insult to Modesty of Women
2009,Manipur,False,97.0,Kidnapping & Abduction,Kidnapping & Abduction (General)
2009,Manipur,False,31.0,Rape & Attempted Rape,Rape (General/Other)
2009,Meghalaya,False,72.0,Assault & Sexual Harassment,Assault to Outrage Modesty
2009,Meghalaya,False,24.0,Cruelty & Dowry Offenses,Cruelty by Husband/Relatives
2009,Meghalaya,False,0.0,Cruelty & Dowry Offenses,Dowry Death
2009,Meghalaya,False,1.0,Human Trafficking,Immoral Traffic (Prevention) Act
2009,Meghalaya,False,0.0,Special & Local Laws,Indecent Representation of Women Act
2009,Meghalaya,False,1.0,Assault & Sexual Harassment,Insult to Modesty of Women
2009,Meghalaya,False,26.0,Kidnapping & Abduction,Kidnapping & Abduction (General)
2009,Meghalaya,False,112.0,Rape & Attempted Rape,Rape (General/Other)
2009,Mizoram,False,61.0,Assault & Sexual Harassment,Assault to Outrage Modesty
2009,Mizoram,False,4.0,Cruelty & Dowry Offenses,Cruelty by Husband/Relatives
2009,Mizoram,False,0.0,Cruelty & Dowry Offenses,Dowry Death
2009,Mizoram,False,1.0,Human Trafficking,Immoral Traffic (Prevention) Act
2009,Mizoram,False,0.0,Special & Local Laws,Indecent Representation of Women Act
2009,Mizoram,False,1.0,Assault & Sexual Harassment,Insult to Modesty of Women
2009,Mizoram,False,0.0,Kidnapping & Abduction,Kidnapping & Abduction (General)
2009,Mizoram,False,83.0,Rape & Attempted Rape,Rape (General/Other)
2009,Nagaland,False,11.0,Assault & Sexual Harassment,Assault to Outrage Modesty
2009,Nagaland,False,0.0,Cruelty & Dowry Offenses,Cruelty by Husband/Relatives
2009,Nagaland,False,0.0,Cruelty & Dowry Offenses,Dowry Death
2009,Nagaland,False,3.0,Human Trafficking,Immoral Traffic (Prevention) Act
2009,Nagaland,False,0.0,Special & Local Laws,Indecent Representation of Women Act
2009,Nagaland,False,0.0,Assault & Sexual Harassment,Insult to Modesty of Women
2009,Nagaland,False,10.0,Kidnapping & Abduction,Kidnapping & Abduction (General)
2009,Nagaland,False,22.0,Rape & Attempted Rape,Rape (General/Other)
2009,Odisha,False,2697.0,Assault & Sexual Harassment,Assault to Outrage Modesty
2009,Odisha,False,2047.0,Cruelty & Dowry Offenses,Cruelty by Husband/Relatives
2009,Odisha,False,384.0,Cruelty & Dowry Offenses,Dowry Death
2009,Odisha,False,14.0,Human Trafficking,Immoral Traffic (Prevention) Act
2009,Odisha,False,0.0,Special & Local Laws,Indecent Representation of Women Act
2009,Odisha,False,210.0,Assault & Sexual Harassment,Insult to Modesty of Women
2009,Odisha,False,799.0,Kidnapping & Abduction,Kidnapping & Abduction (General)
2009,Odisha,False,1023.0,Rape & Attempted Rape,Rape (General/Other)
2009,Puducherry,False,53.0,Assault & Sexual Harassment,Assault to Outrage Modesty
2009,Puducherry,False,10.0,Cruelty & Dowry Offenses,Cruelty by Husband/Relatives
2009,Puducherry,False,0.0,Cruelty & Dowry Offenses,Dowry Death
2009,Puducherry,False,9.0,Human Trafficking,Immoral Traffic (Prevention) Act
2009,Puducherry,False,0.0,Special & Local Laws,Indecent Representation of Women Act
2009,Puducherry,False,16.0,Assault & Sexual Harassment,Insult to Modesty of Women
2009,Puducherry,False,13.0,Kidnapping & Abduction,Kidnapping & Abduction (General)
2009,Puducherry,False,1.0,Rape & Attempted Rape,Rape (General/Other)
2009,Punjab,False,319.0,Assault & Sexual Harassment,Assault to Outrage Modesty
2009,Punjab,False,1061.0,Cruelty & Dowry Offenses,Cruelty by Husband/Relatives
2009,Punjab,False,126.0,Cruelty & Dowry Offenses,Dowry Death
2009,Punjab,False,59.0,Human Trafficking,Immoral Traffic (Prevention) Act
2009,Punjab,False,0.0,Special & Local Laws,Indecent Representation of Women Act
2009,Punjab,False,33.0,Assault & Sexual Harassment,Insult to Modesty of Women
2009,Punjab,False,513.0,Kidnapping & Abduction,Kidnapping & Abduction (General)
2009,Punjab,False,511.0,Rape & Attempted Rape,Rape (General/Other)
2009,Rajasthan,False,2485.0,Assault & Sexual Harassment,Assault to Outrage Modesty
2009,Rajasthan,False,10371.0,Cruelty & Dowry Offenses,Cruelty by Husband/Relatives
2009,Rajasthan,False,436.0,Cruelty & Dowry Offenses,Dowry Death
2009,Rajasthan,False,62.0,Human Trafficking,Immoral Traffic (Prevention) Act
2009,Rajasthan,False,106.0,Special & Local Laws,Indecent Representation of Women Act
2009,Rajasthan,False,24.0,Assault & Sexual Harassment,Insult to Modesty of Women
2009,Rajasthan,False,2310.0,Kidnapping & Abduction,Kidnapping & Abduction (General)
2009,Rajasthan,False,1519.0,Rape & Attempted Rape,Rape (General/Other)
2009,Sikkim,False,10.0,Assault & Sexual Harassment,Assault to Outrage Modesty
2009,Sikkim,False,6.0,Cruelty & Dowry Offenses,Cruelty by Husband/Relatives
2009,Sikkim,False,0.0,Cruelty & Dowry Offenses,Dowry Death
2009,Sikkim,False,1.0,Human Trafficking,Immoral Traffic (Prevention) Act
2009,Sikkim,False,0.0,Special & Local Laws,Indecent Representation of Women Act
2009,Sikkim,False,0.0,Assault & Sexual Harassment,Insult to Modesty of Women
2009,Sikkim,False,6.0,Kidnapping & Abduction,Kidnapping & Abduction (General)
2009,Sikkim,False,18.0,Rape & Attempted Rape,Rape (General/Other)
2009,Tamil Nadu,False,1242.0,Assault & Sexual Harassment,Assault to Outrage Modesty
2009,Tamil Nadu,False,1460.0,Cruelty & Dowry Offenses,Cruelty by Husband/Relatives
2009,Tamil Nadu,False,194.0,Cruelty & Dowry Offenses,Dowry Death
2009,Tamil Nadu,False,716.0,Human Trafficking,Immoral Traffic (Prevention) Act
2009,Tamil Nadu,False,2.0,Special & Local Laws,Indecent Representation of Women Act
2009,Tamil Nadu,False,501.0,Assault & Sexual Harassment,Insult to Modesty of Women
2009,Tamil Nadu,False,1133.0,Kidnapping & Abduction,Kidnapping & Abduction (General)
2009,Tamil Nadu,False,596.0,Rape & Attempted Rape,Rape (General/Other)
2009,Tripura,False,384.0,Assault & Sexual Harassment,Assault to Outrage Modesty
2009,Tripura,False,815.0,Cruelty & Dowry Offenses,Cruelty by Husband/Relatives
2009,Tripura,False,29.0,Cruelty & Dowry Offenses,Dowry Death
2009,Tripura,False,0.0,Human Trafficking,Immoral Traffic (Prevention) Act
2009,Tripura,False,0.0,Special & Local Laws,Indecent Representation of Women Act
2009,Tripura,False,5.0,Assault & Sexual Harassment,Insult to Modesty of Women
2009,Tripura,False,92.0,Kidnapping & Abduction,Kidnapping & Abduction (General)
2009,Tripura,False,190.0,Rape & Attempted Rape,Rape (General/Other)
2009,Uttar Pradesh,False,2782.0,Assault & Sexual Harassment,Assault to Outrage Modesty
2009,Uttar Pradesh,False,8566.0,Cruelty & Dowry Offenses,Cruelty by Husband/Relatives
2009,Uttar Pradesh,False,2232.0,Cruelty & Dowry Offenses,Dowry Death
2009,Uttar Pradesh,False,39.0,Human Trafficking,Immoral Traffic (Prevention) Act
2009,Uttar Pradesh,False,0.0,Special & Local Laws,Indecent Representation of Women Act
2009,Uttar Pradesh,False,2524.0,Assault & Sexual Harassment,Insult to Modesty of Women
2009,Uttar Pradesh,False,5078.0,Kidnapping & Abduction,Kidnapping & Abduction (General)
2009,Uttar Pradesh,False,1759.0,Rape & Attempted Rape,Rape (General/Other)
2009,Uttarakhand,False,119.0,Assault & Sexual Harassment,Assault to Outrage Modesty
2009,Uttarakhand,False,361.0,Cruelty & Dowry Offenses,Cruelty by Husband/Relatives
2009,Uttarakhand,False,94.0,Cruelty & Dowry Offenses,Dowry Death
2009,Uttarakhand,False,6.0,Human Trafficking,Immoral Traffic (Prevention) Act
2009,Uttarakhand,False,0.0,Special & Local Laws,Indecent Representation of Women Act
2009,Uttarakhand,False,249.0,Assault & Sexual Harassment,Insult to Modesty of Women
2009,Uttarakhand,False,247.0,Kidnapping & Abduction,Kidnapping & Abduction (General)
2009,Uttarakhand,False,111.0,Rape & Attempted Rape,Rape (General/Other)
2009,West Bengal,False,1942.0,Assault & Sexual Harassment,Assault to Outrage Modesty
2009,West Bengal,False,16112.0,Cruelty & Dowry Offenses,Cruelty by Husband/Relatives
2009,West Bengal,False,506.0,Cruelty & Dowry Offenses,Dowry Death
2009,West Bengal,False,63.0,Human Trafficking,Immoral Traffic (Prevention) Act
2009,West Bengal,False,2.0,Special & Local Laws,Indecent Representation of Women Act
2009,West Bengal,False,108.0,Assault & Sexual Harassment,Insult to Modesty of Women
2009,West Bengal,False,2187.0,Kidnapping & Abduction,Kidnapping & Abduction (General)
2009,West Bengal,False,2336.0,Rape & Attempted Rape,Rape (General/Other)
2010,Andaman & Nicobar Islands,False,31.0,Assault & Sexual Harassment,Assault to Outrage Modesty
2010,Andaman & Nicobar Islands,False,9.0,Cruelty & Dowry Offenses,Cruelty by Husband/Relatives
2010,Andaman & Nicobar Islands,False,0.0,Cruelty & Dowry Offenses,Dowry Death
2010,Andaman & Nicobar Islands,False,3.0,Human Trafficking,Immoral Traffic (Prevention) Act
2010,Andaman & Nicobar Islands,False,0.0,Special & Local Laws,Indecent Representation of Women Act
2010,Andaman & Nicobar Islands,False,10.0,Assault & Sexual Harassment,Insult to Modesty of Women
2010,Andaman & Nicobar Islands,False,8.0,Kidnapping & Abduction,Kidnapping & Abduction (General)
2010,Andaman & Nicobar Islands,False,24.0,Rape & Attempted Rape,Rape (General/Other)
2010,Andhra Pradesh,False,4634.0,Assault & Sexual Harassment,Assault to Outrage Modesty
2010,Andhra Pradesh,False,12080.0,Cruelty & Dowry Offenses,Cruelty by Husband/Relatives
2010,Andhra Pradesh,False,588.0,Cruelty & Dowry Offenses,Dowry Death
2010,Andhra Pradesh,False,548.0,Human Trafficking,Immoral Traffic (Prevention) Act
2010,Andhra Pradesh,False,753.0,Special & Local Laws,Indecent Representation of Women Act
2010,Andhra Pradesh,False,4562.0,Assault & Sexual Harassment,Insult to Modesty of Women
2010,Andhra Pradesh,False,1531.0,Kidnapping & Abduction,Kidnapping & Abduction (General)
2010,Andhra Pradesh,False,1362.0,Rape & Attempted Rape,Rape (General/Other)
2010,Arunachal Pradesh,False,84.0,Assault & Sexual Harassment,Assault to Outrage Modesty
2010,Arunachal Pradesh,False,12.0,Cruelty & Dowry Offenses,Cruelty by Husband/Relatives
2010,Arunachal Pradesh,False,0.0,Cruelty & Dowry Offenses,Dowry Death
2010,Arunachal Pradesh,False,0.0,Human Trafficking,Immoral Traffic (Prevention) Act
2010,Arunachal Pradesh,False,0.0,Special & Local Laws,Indecent Representation of Women Act
2010,Arunachal Pradesh,False,1.0,Assault & Sexual Harassment,Insult to Modesty of Women
2010,Arunachal Pradesh,False,46.0,Kidnapping & Abduction,Kidnapping & Abduction (General)
2010,Arunachal Pradesh,False,47.0,Rape & Attempted Rape,Rape (General/Other)
2010,Assam,False,1400.0,Assault & Sexual Harassment,Assault to Outrage Modesty
2010,Assam,False,5410.0,Cruelty & Dowry Offenses,Cruelty by Husband/Relatives
2010,Assam,False,175.0,Cruelty & Dowry Offenses,Dowry Death
2010,Assam,False,25.0,Human Trafficking,Immoral Traffic (Prevention) Act
2010,Assam,False,0.0,Special & Local Laws,Indecent Representation of Women Act
2010,Assam,False,20.0,Assault & Sexual Harassment,Insult to Modesty of Women
2010,Assam,False,2767.0,Kidnapping & Abduction,Kidnapping & Abduction (General)
2010,Assam,False,1721.0,Rape & Attempted Rape,Rape (General/Other)
2010,Bihar,False,534.0,Assault & Sexual Harassment,Assault to Outrage Modesty
2010,Bihar,False,2271.0,Cruelty & Dowry Offenses,Cruelty by Husband/Relatives
2010,Bihar,False,1257.0,Cruelty & Dowry Offenses,Dowry Death
2010,Bihar,False,24.0,Human Trafficking,Immoral Traffic (Prevention) Act
2010,Bihar,False,0.0,Special & Local Laws,Indecent Representation of Women Act
2010,Bihar,False,16.0,Assault & Sexual Harassment,Insult to Modesty of Women
2010,Bihar,False,2569.0,Kidnapping & Abduction,Kidnapping & Abduction (General)
2010,Bihar,False,795.0,Rape & Attempted Rape,Rape (General/Other)
2010,Chandigarh,False,29.0,Assault & Sexual Harassment,Assault to Outrage Modesty
2010,Chandigarh,False,41.0,Cruelty & Dowry Offenses,Cruelty by Husband/Relatives
2010,Chandigarh,False,5.0,Cruelty & Dowry Offenses,Dowry Death
2010,Chandigarh,False,3.0,Human Trafficking,Immoral Traffic (Prevention) Act
2010,Chandigarh,False,0.0,Special & Local Laws,Indecent Representation of Women Act
2010,Chandigarh,False,4.0,Assault & Sexual Harassment,Insult to Modesty of Women
2010,Chandigarh,False,28.0,Kidnapping & Abduction,Kidnapping & Abduction (General)
2010,Chandigarh,False,31.0,Rape & Attempted Rape,Rape (General/Other)
2010,Chhattisgarh,False,1706.0,Assault & Sexual Harassment,Assault to Outrage Modesty
2010,Chhattisgarh,False,861.0,Cruelty & Dowry Offenses,Cruelty by Husband/Relatives
2010,Chhattisgarh,False,115.0,Cruelty & Dowry Offenses,Dowry Death
2010,Chhattisgarh,False,12.0,Human Trafficking,Immoral Traffic (Prevention) Act
2010,Chhattisgarh,False,1.0,Special & Local Laws,Indecent Representation of Women Act
2010,Chhattisgarh,False,182.0,Assault & Sexual Harassment,Insult to Modesty of Women
2010,Chhattisgarh,False,279.0,Kidnapping & Abduction,Kidnapping & Abduction (General)
2010,Chhattisgarh,False,1012.0,Rape & Attempted Rape,Rape (General/Other)
2010,"Dadra & Nagar Haveli (pre-2020, separate UT)",False,11.0,Assault & Sexual Harassment,Assault to Outrage Modesty
2010,"Dadra & Nagar Haveli (pre-2020, separate UT)",False,3.0,Cruelty & Dowry Offenses,Cruelty by Husband/Relatives
2010,"Dadra & Nagar Haveli (pre-2020, separate UT)",False,0.0,Cruelty & Dowry Offenses,Dowry Death
2010,"Dadra & Nagar Haveli (pre-2020, separate UT)",False,1.0,Human Trafficking,Immoral Traffic (Prevention) Act
2010,"Dadra & Nagar Haveli (pre-2020, separate UT)",False,0.0,Special & Local Laws,Indecent Representation of Women Act
2010,"Dadra & Nagar Haveli (pre-2020, separate UT)",False,2.0,Assault & Sexual Harassment,Insult to Modesty of Women
2010,"Dadra & Nagar Haveli (pre-2020, separate UT)",False,10.0,Kidnapping & Abduction,Kidnapping & Abduction (General)
2010,"Dadra & Nagar Haveli (pre-2020, separate UT)",False,3.0,Rape & Attempted Rape,Rape (General/Other)
2010,"Daman & Diu (pre-2020, separate UT)",False,2.0,Assault & Sexual Harassment,Assault to Outrage Modesty
2010,"Daman & Diu (pre-2020, separate UT)",False,3.0,Cruelty & Dowry Offenses,Cruelty by Husband/Relatives
2010,"Daman & Diu (pre-2020, separate UT)",False,0.0,Cruelty & Dowry Offenses,Dowry Death
2010,"Daman & Diu (pre-2020, separate UT)",False,6.0,Human Trafficking,Immoral Traffic (Prevention) Act
2010,"Daman & Diu (pre-2020, separate UT)",False,0.0,Special & Local Laws,Indecent Representation of Women Act
2010,"Daman & Diu (pre-2020, separate UT)",False,0.0,Assault & Sexual Harassment,Insult to Modesty of Women
2010,"Daman & Diu (pre-2020, separate UT)",False,2.0,Kidnapping & Abduction,Kidnapping & Abduction (General)
2010,"Daman & Diu (pre-2020, separate UT)",False,1.0,Rape & Attempted Rape,Rape (General/Other)
2010,Delhi,False,601.0,Assault & Sexual Harassment,Assault to Outrage Modesty
2010,Delhi,False,1404.0,Cruelty & Dowry Offenses,Cruelty by Husband/Relatives
2010,Delhi,False,143.0,Cruelty & Dowry Offenses,Dowry Death
2010,Delhi,False,28.0,Human Trafficking,Immoral Traffic (Prevention) Act
2010,Delhi,False,0.0,Special & Local Laws,Indecent Representation of Women Act
2010,Delhi,False,80.0,Assault & Sexual Harassment,Insult to Modesty of Women
2010,Delhi,False,1740.0,Kidnapping & Abduction,Kidnapping & Abduction (General)
2010,Delhi,False,507.0,Rape & Attempted Rape,Rape (General/Other)
2010,Goa,False,36.0,Assault & Sexual Harassment,Assault to Outrage Modesty
2010,Goa,False,17.0,Cruelty & Dowry Offenses,Cruelty by Husband/Relatives
2010,Goa,False,1.0,Cruelty & Dowry Offenses,Dowry Death
2010,Goa,False,16.0,Human Trafficking,Immoral Traffic (Prevention) Act
2010,Goa,False,0.0,Special & Local Laws,Indecent Representation of Women Act
2010,Goa,False,16.0,Assault & Sexual Harassment,Insult to Modesty of Women
2010,Goa,False,18.0,Kidnapping & Abduction,Kidnapping & Abduction (General)
2010,Goa,False,36.0,Rape & Attempted Rape,Rape (General/Other)
2010,Gujarat,False,668.0,Assault & Sexual Harassment,Assault to Outrage Modesty
2010,Gujarat,False,5600.0,Cruelty & Dowry Offenses,Cruelty by Husband/Relatives
2010,Gujarat,False,19.0,Cruelty & Dowry Offenses,Dowry Death
2010,Gujarat,False,46.0,Human Trafficking,Immoral Traffic (Prevention) Act
2010,Gujarat,False,0.0,Special & Local Laws,Indecent Representation of Women Act
2010,Gujarat,False,110.0,Assault & Sexual Harassment,Insult to Modesty of Women
2010,Gujarat,False,1290.0,Kidnapping & Abduction,Kidnapping & Abduction (General)
2010,Gujarat,False,408.0,Rape & Attempted Rape,Rape (General/Other)
2010,Haryana,False,476.0,Assault & Sexual Harassment,Assault to Outrage Modesty
2010,Haryana,False,2720.0,Cruelty & Dowry Offenses,Cruelty by Husband/Relatives
2010,Haryana,False,284.0,Cruelty & Dowry Offenses,Dowry Death
2010,Haryana,False,57.0,Human Trafficking,Immoral Traffic (Prevention) Act
2010,Haryana,False,0.0,Special & Local Laws,Indecent Representation of Women Act
2010,Haryana,False,580.0,Assault & Sexual Harassment,Insult to Modesty of Women
2010,Haryana,False,714.0,Kidnapping & Abduction,Kidnapping & Abduction (General)
2010,Haryana,False,720.0,Rape & Attempted Rape,Rape (General/Other)
2010,Himachal Pradesh,False,350.0,Assault & Sexual Harassment,Assault to Outrage Modesty
2010,Himachal Pradesh,False,275.0,Cruelty & Dowry Offenses,Cruelty by Husband/Relatives
2010,Himachal Pradesh,False,2.0,Cruelty & Dowry Offenses,Dowry Death
2010,Himachal Pradesh,False,1.0,Human Trafficking,Immoral Traffic (Prevention) Act
2010,Himachal Pradesh,False,0.0,Special & Local Laws,Indecent Representation of Women Act
2010,Himachal Pradesh,False,78.0,Assault & Sexual Harassment,Insult to Modesty of Women
2010,Himachal Pradesh,False,162.0,Kidnapping & Abduction,Kidnapping & Abduction (General)
2010,Himachal Pradesh,False,160.0,Rape & Attempted Rape,Rape (General/Other)
2010,Jammu & Kashmir,False,1038.0,Assault & Sexual Harassment,Assault to Outrage Modesty
2010,Jammu & Kashmir,False,211.0,Cruelty & Dowry Offenses,Cruelty by Husband/Relatives
2010,Jammu & Kashmir,False,9.0,Cruelty & Dowry Offenses,Dowry Death
2010,Jammu & Kashmir,False,4.0,Human Trafficking,Immoral Traffic (Prevention) Act
2010,Jammu & Kashmir,False,0.0,Special & Local Laws,Indecent Representation of Women Act
2010,Jammu & Kashmir,False,262.0,Assault & Sexual Harassment,Insult to Modesty of Women
2010,Jammu & Kashmir,False,840.0,Kidnapping & Abduction,Kidnapping & Abduction (General)
2010,Jammu & Kashmir,False,245.0,Rape & Attempted Rape,Rape (General/Other)
2010,Jharkhand,False,245.0,Assault & Sexual Harassment,Assault to Outrage Modesty
2010,Jharkhand,False,650.0,Cruelty & Dowry Offenses,Cruelty by Husband/Relatives
2010,Jharkhand,False,276.0,Cruelty & Dowry Offenses,Dowry Death
2010,Jharkhand,False,13.0,Human Trafficking,Immoral Traffic (Prevention) Act
2010,Jharkhand,False,6.0,Special & Local Laws,Indecent Representation of Women Act
2010,Jharkhand,False,16.0,Assault & Sexual Harassment,Insult to Modesty of Women
2010,Jharkhand,False,696.0,Kidnapping & Abduction,Kidnapping & Abduction (General)
2010,Jharkhand,False,773.0,Rape & Attempted Rape,Rape (General/Other)
2010,Karnataka,False,2544.0,Assault & Sexual Harassment,Assault to Outrage Modesty
2010,Karnataka,False,3441.0,Cruelty & Dowry Offenses,Cruelty by Husband/Relatives
2010,Karnataka,False,248.0,Cruelty & Dowry Offenses,Dowry Death
2010,Karnataka,False,242.0,Human Trafficking,Immoral Traffic (Prevention) Act
2010,Karnataka,False,0.0,Special & Local Laws,Indecent Representation of Women Act
2010,Karnataka,False,83.0,Assault & Sexual Harassment,Insult to Modesty of Women
2010,Karnataka,False,586.0,Kidnapping & Abduction,Kidnapping & Abduction (General)
2010,Karnataka,False,586.0,Rape & Attempted Rape,Rape (General/Other)
2010,Kerala,False,2936.0,Assault & Sexual Harassment,Assault to Outrage Modesty
2010,Kerala,False,4797.0,Cruelty & Dowry Offenses,Cruelty by Husband/Relatives
2010,Kerala,False,22.0,Cruelty & Dowry Offenses,Dowry Death
2010,Kerala,False,309.0,Human Trafficking,Immoral Traffic (Prevention) Act
2010,Kerala,False,37.0,Special & Local Laws,Indecent Representation of Women Act
2010,Kerala,False,537.0,Assault & Sexual Harassment,Insult to Modesty of Women
2010,Kerala,False,184.0,Kidnapping & Abduction,Kidnapping & Abduction (General)
2010,Kerala,False,634.0,Rape & Attempted Rape,Rape (General/Other)
2010,Lakshadweep,False,0.0,Assault & Sexual Harassment,Assault to Outrage Modesty
2010,Lakshadweep,False,0.0,Cruelty & Dowry Offenses,Cruelty by Husband/Relatives
2010,Lakshadweep,False,0.0,Cruelty & Dowry Offenses,Dowry Death
2010,Lakshadweep,False,0.0,Human Trafficking,Immoral Traffic (Prevention) Act
2010,Lakshadweep,False,1.0,Special & Local Laws,Indecent Representation of Women Act
2010,Lakshadweep,False,0.0,Assault & Sexual Harassment,Insult to Modesty of Women
2010,Lakshadweep,False,0.0,Kidnapping & Abduction,Kidnapping & Abduction (General)
2010,Lakshadweep,False,0.0,Rape & Attempted Rape,Rape (General/Other)
2010,Madhya Pradesh,False,6646.0,Assault & Sexual Harassment,Assault to Outrage Modesty
2010,Madhya Pradesh,False,3756.0,Cruelty & Dowry Offenses,Cruelty by Husband/Relatives
2010,Madhya Pradesh,False,892.0,Cruelty & Dowry Offenses,Dowry Death
2010,Madhya Pradesh,False,19.0,Human Trafficking,Immoral Traffic (Prevention) Act
2010,Madhya Pradesh,False,0.0,Special & Local Laws,Indecent Representation of Women Act
2010,Madhya Pradesh,False,918.0,Assault & Sexual Harassment,Insult to Modesty of Women
2010,Madhya Pradesh,False,1030.0,Kidnapping & Abduction,Kidnapping & Abduction (General)
2010,Madhya Pradesh,False,3135.0,Rape & Attempted Rape,Rape (General/Other)
2010,Maharashtra,False,3661.0,Assault & Sexual Harassment,Assault to Outrage Modesty
2010,Maharashtra,False,7434.0,Cruelty & Dowry Offenses,Cruelty by Husband/Relatives
2010,Maharashtra,False,393.0,Cruelty & Dowry Offenses,Dowry Death
2010,Maharashtra,False,306.0,Human Trafficking,Immoral Traffic (Prevention) Act
2010,Maharashtra,False,0.0,Special & Local Laws,Indecent Representation of Women Act
2010,Maharashtra,False,1180.0,Assault & Sexual Harassment,Insult to Modesty of Women
2010,Maharashtra,False,1124.0,Kidnapping & Abduction,Kidnapping & Abduction (General)
2010,Maharashtra,False,1599.0,Rape & Attempted Rape,Rape (General/Other)
2010,Manipur,False,31.0,Assault & Sexual Harassment,Assault to Outrage Modesty
2010,Manipur,False,18.0,Cruelty & Dowry Offenses,Cruelty by Husband/Relatives
2010,Manipur,False,0.0,Cruelty & Dowry Offenses,Dowry Death
2010,Manipur,False,0.0,Human Trafficking,Immoral Traffic (Prevention) Act
2010,Manipur,False,0.0,Special & Local Laws,Indecent Representation of Women Act
2010,Manipur,False,0.0,Assault & Sexual Harassment,Insult to Modesty of Women
2010,Manipur,False,107.0,Kidnapping & Abduction,Kidnapping & Abduction (General)
2010,Manipur,False,34.0,Rape & Attempted Rape,Rape (General/Other)
2010,Meghalaya,False,48.0,Assault & Sexual Harassment,Assault to Outrage Modesty
2010,Meghalaya,False,24.0,Cruelty & Dowry Offenses,Cruelty by Husband/Relatives
2010,Meghalaya,False,0.0,Cruelty & Dowry Offenses,Dowry Death
2010,Meghalaya,False,3.0,Human Trafficking,Immoral Traffic (Prevention) Act
2010,Meghalaya,False,0.0,Special & Local Laws,Indecent Representation of Women Act
2010,Meghalaya,False,0.0,Assault & Sexual Harassment,Insult to Modesty of Women
2010,Meghalaya,False,37.0,Kidnapping & Abduction,Kidnapping & Abduction (General)
2010,Meghalaya,False,149.0,Rape & Attempted Rape,Rape (General/Other)
2010,Mizoram,False,75.0,Assault & Sexual Harassment,Assault to Outrage Modesty
2010,Mizoram,False,3.0,Cruelty & Dowry Offenses,Cruelty by Husband/Relatives
2010,Mizoram,False,0.0,Cruelty & Dowry Offenses,Dowry Death
2010,Mizoram,False,0.0,Human Trafficking,Immoral Traffic (Prevention) Act
2010,Mizoram,False,0.0,Special & Local Laws,Indecent Representation of Women Act
2010,Mizoram,False,0.0,Assault & Sexual Harassment,Insult to Modesty of Women
2010,Mizoram,False,0.0,Kidnapping & Abduction,Kidnapping & Abduction (General)
2010,Mizoram,False,92.0,Rape & Attempted Rape,Rape (General/Other)
2010,Nagaland,False,13.0,Assault & Sexual Harassment,Assault to Outrage Modesty
2010,Nagaland,False,1.0,Cruelty & Dowry Offenses,Cruelty by Husband/Relatives
2010,Nagaland,False,0.0,Cruelty & Dowry Offenses,Dowry Death
2010,Nagaland,False,2.0,Human Trafficking,Immoral Traffic (Prevention) Act
2010,Nagaland,False,0.0,Special & Local Laws,Indecent Representation of Women Act
2010,Nagaland,False,3.0,Assault & Sexual Harassment,Insult to Modesty of Women
2010,Nagaland,False,6.0,Kidnapping & Abduction,Kidnapping & Abduction (General)
2010,Nagaland,False,16.0,Rape & Attempted Rape,Rape (General/Other)
2010,Odisha,False,2905.0,Assault & Sexual Harassment,Assault to Outrage Modesty
2010,Odisha,False,2067.0,Cruelty & Dowry Offenses,Cruelty by Husband/Relatives
2010,Odisha,False,388.0,Cruelty & Dowry Offenses,Dowry Death
2010,Odisha,False,25.0,Human Trafficking,Immoral Traffic (Prevention) Act
2010,Odisha,False,0.0,Special & Local Laws,Indecent Representation of Women Act
2010,Odisha,False,232.0,Assault & Sexual Harassment,Insult to Modesty of Women
2010,Odisha,False,912.0,Kidnapping & Abduction,Kidnapping & Abduction (General)
2010,Odisha,False,1025.0,Rape & Attempted Rape,Rape (General/Other)
2010,Puducherry,False,46.0,Assault & Sexual Harassment,Assault to Outrage Modesty
2010,Puducherry,False,7.0,Cruelty & Dowry Offenses,Cruelty by Husband/Relatives
2010,Puducherry,False,1.0,Cruelty & Dowry Offenses,Dowry Death
2010,Puducherry,False,11.0,Human Trafficking,Immoral Traffic (Prevention) Act
2010,Puducherry,False,0.0,Special & Local Laws,Indecent Representation of Women Act
2010,Puducherry,False,22.0,Assault & Sexual Harassment,Insult to Modesty of Women
2010,Puducherry,False,14.0,Kidnapping & Abduction,Kidnapping & Abduction (General)
2010,Puducherry,False,3.0,Rape & Attempted Rape,Rape (General/Other)
2010,Punjab,False,349.0,Assault & Sexual Harassment,Assault to Outrage Modesty
2010,Punjab,False,1163.0,Cruelty & Dowry Offenses,Cruelty by Husband/Relatives
2010,Punjab,False,121.0,Cruelty & Dowry Offenses,Dowry Death
2010,Punjab,False,59.0,Human Trafficking,Immoral Traffic (Prevention) Act
2010,Punjab,False,0.0,Special & Local Laws,Indecent Representation of Women Act
2010,Punjab,False,38.0,Assault & Sexual Harassment,Insult to Modesty of Women
2010,Punjab,False,576.0,Kidnapping & Abduction,Kidnapping & Abduction (General)
2010,Punjab,False,546.0,Rape & Attempted Rape,Rape (General/Other)
2010,Rajasthan,False,2339.0,Assault & Sexual Harassment,Assault to Outrage Modesty
2010,Rajasthan,False,11145.0,Cruelty & Dowry Offenses,Cruelty by Husband/Relatives
2010,Rajasthan,False,462.0,Cruelty & Dowry Offenses,Dowry Death
2010,Rajasthan,False,82.0,Human Trafficking,Immoral Traffic (Prevention) Act
2010,Rajasthan,False,80.0,Special & Local Laws,Indecent Representation of Women Act
2010,Rajasthan,False,23.0,Assault & Sexual Harassment,Insult to Modesty of Women
2010,Rajasthan,False,2477.0,Kidnapping & Abduction,Kidnapping & Abduction (General)
2010,Rajasthan,False,1571.0,Rape & Attempted Rape,Rape (General/Other)
2010,Sikkim,False,11.0,Assault & Sexual Harassment,Assault to Outrage Modesty
2010,Sikkim,False,3.0,Cruelty & Dowry Offenses,Cruelty by Husband/Relatives
2010,Sikkim,False,1.0,Cruelty & Dowry Offenses,Dowry Death
2010,Sikkim,False,3.0,Human Trafficking,Immoral Traffic (Prevention) Act
2010,Sikkim,False,0.0,Special & Local Laws,Indecent Representation of Women Act
2010,Sikkim,False,0.0,Assault & Sexual Harassment,Insult to Modesty of Women
2010,Sikkim,False,6.0,Kidnapping & Abduction,Kidnapping & Abduction (General)
2010,Sikkim,False,18.0,Rape & Attempted Rape,Rape (General/Other)
2010,Tamil Nadu,False,1405.0,Assault & Sexual Harassment,Assault to Outrage Modesty
2010,Tamil Nadu,False,1570.0,Cruelty & Dowry Offenses,Cruelty by Husband/Relatives
2010,Tamil Nadu,False,165.0,Cruelty & Dowry Offenses,Dowry Death
2010,Tamil Nadu,False,567.0,Human Trafficking,Immoral Traffic (Prevention) Act
2010,Tamil Nadu,False,14.0,Special & Local Laws,Indecent Representation of Women Act
2010,Tamil Nadu,False,638.0,Assault & Sexual Harassment,Insult to Modesty of Women
2010,Tamil Nadu,False,1464.0,Kidnapping & Abduction,Kidnapping & Abduction (General)
2010,Tamil Nadu,False,686.0,Rape & Attempted Rape,Rape (General/Other)
2010,Tripura,False,376.0,Assault & Sexual Harassment,Assault to Outrage Modesty
2010,Tripura,False,937.0,Cruelty & Dowry Offenses,Cruelty by Husband/Relatives
2010,Tripura,False,25.0,Cruelty & Dowry Offenses,Dowry Death
2010,Tripura,False,1.0,Human Trafficking,Immoral Traffic (Prevention) Act
2010,Tripura,False,0.0,Special & Local Laws,Indecent Representation of Women Act
2010,Tripura,False,9.0,Assault & Sexual Harassment,Insult to Modesty of Women
2010,Tripura,False,91.0,Kidnapping & Abduction,Kidnapping & Abduction (General)
2010,Tripura,False,238.0,Rape & Attempted Rape,Rape (General/Other)
2010,Uttar Pradesh,False,2793.0,Assault & Sexual Harassment,Assault to Outrage Modesty
2010,Uttar Pradesh,False,7978.0,Cruelty & Dowry Offenses,Cruelty by Husband/Relatives
2010,Uttar Pradesh,False,2217.0,Cruelty & Dowry Offenses,Dowry Death
2010,Uttar Pradesh,False,23.0,Human Trafficking,Immoral Traffic (Prevention) Act
2010,Uttar Pradesh,False,1.0,Special & Local Laws,Indecent Representation of Women Act
2010,Uttar Pradesh,False,11.0,Assault & Sexual Harassment,Insult to Modesty of Women
2010,Uttar Pradesh,False,5468.0,Kidnapping & Abduction,Kidnapping & Abduction (General)
2010,Uttar Pradesh,False,1563.0,Rape & Attempted Rape,Rape (General/Other)
2010,Uttarakhand,False,125.0,Assault & Sexual Harassment,Assault to Outrage Modesty
2010,Uttarakhand,False,334.0,Cruelty & Dowry Offenses,Cruelty by Husband/Relatives
2010,Uttarakhand,False,75.0,Cruelty & Dowry Offenses,Dowry Death
2010,Uttarakhand,False,4.0,Human Trafficking,Immoral Traffic (Prevention) Act
2010,Uttarakhand,False,0.0,Special & Local Laws,Indecent Representation of Women Act
2010,Uttarakhand,False,165.0,Assault & Sexual Harassment,Insult to Modesty of Women
2010,Uttarakhand,False,249.0,Kidnapping & Abduction,Kidnapping & Abduction (General)
2010,Uttarakhand,False,121.0,Rape & Attempted Rape,Rape (General/Other)
2010,West Bengal,False,2465.0,Assault & Sexual Harassment,Assault to Outrage Modesty
2010,West Bengal,False,17796.0,Cruelty & Dowry Offenses,Cruelty by Husband/Relatives
2010,West Bengal,False,507.0,Cruelty & Dowry Offenses,Dowry Death
2010,West Bengal,False,56.0,Human Trafficking,Immoral Traffic (Prevention) Act
2010,West Bengal,False,2.0,Special & Local Laws,Indecent Representation of Women Act
2010,West Bengal,False,163.0,Assault & Sexual Harassment,Insult to Modesty of Women
2010,West Bengal,False,2764.0,Kidnapping & Abduction,Kidnapping & Abduction (General)
2010,West Bengal,False,2311.0,Rape & Attempted Rape,Rape (General/Other)
2011,Andaman & Nicobar Islands,False,15.0,Assault & Sexual Harassment,Assault to Outrage Modesty
2011,Andaman & Nicobar Islands,False,5.0,Cruelty & Dowry Offenses,Cruelty by Husband/Relatives
2011,Andaman & Nicobar Islands,False,0.0,Cruelty & Dowry Offenses,Dowry Death
2011,Andaman & Nicobar Islands,False,3.0,Human Trafficking,Immoral Traffic (Prevention) Act
2011,Andaman & Nicobar Islands,False,0.0,Special & Local Laws,Indecent Representation of Women Act
2011,Andaman & Nicobar Islands,False,3.0,Assault & Sexual Harassment,Insult to Modesty of Women
2011,Andaman & Nicobar Islands,False,12.0,Kidnapping & Abduction,Kidnapping & Abduction (General)
2011,Andaman & Nicobar Islands,False,13.0,Rape & Attempted Rape,Rape (General/Other)
2011,Andhra Pradesh,False,4849.0,Assault & Sexual Harassment,Assault to Outrage Modesty
2011,Andhra Pradesh,False,13376.0,Cruelty & Dowry Offenses,Cruelty by Husband/Relatives
2011,Andhra Pradesh,False,599.0,Cruelty & Dowry Offenses,Dowry Death
2011,Andhra Pradesh,False,497.0,Human Trafficking,Immoral Traffic (Prevention) Act
2011,Andhra Pradesh,False,314.0,Special & Local Laws,Indecent Representation of Women Act
2011,Andhra Pradesh,False,3658.0,Assault & Sexual Harassment,Insult to Modesty of Women
2011,Andhra Pradesh,False,1612.0,Kidnapping & Abduction,Kidnapping & Abduction (General)
2011,Andhra Pradesh,False,1442.0,Rape & Attempted Rape,Rape (General/Other)
2011,Arunachal Pradesh,False,51.0,Assault & Sexual Harassment,Assault to Outrage Modesty
2011,Arunachal Pradesh,False,18.0,Cruelty & Dowry Offenses,Cruelty by Husband/Relatives
2011,Arunachal Pradesh,False,0.0,Cruelty & Dowry Offenses,Dowry Death
2011,Arunachal Pradesh,False,0.0,Human Trafficking,Immoral Traffic (Prevention) Act
2011,Arunachal Pradesh,False,0.0,Special & Local Laws,Indecent Representation of Women Act
2011,Arunachal Pradesh,False,0.0,Assault & Sexual Harassment,Insult to Modesty of Women
2011,Arunachal Pradesh,False,60.0,Kidnapping & Abduction,Kidnapping & Abduction (General)
2011,Arunachal Pradesh,False,42.0,Rape & Attempted Rape,Rape (General/Other)
2011,Assam,False,1193.0,Assault & Sexual Harassment,Assault to Outrage Modesty
2011,Assam,False,5246.0,Cruelty & Dowry Offenses,Cruelty by Husband/Relatives
2011,Assam,False,121.0,Cruelty & Dowry Offenses,Dowry Death
2011,Assam,False,21.0,Human Trafficking,Immoral Traffic (Prevention) Act
2011,Assam,False,1.0,Special & Local Laws,Indecent Representation of Women Act
2011,Assam,False,8.0,Assault & Sexual Harassment,Insult to Modesty of Women
2011,Assam,False,3192.0,Kidnapping & Abduction,Kidnapping & Abduction (General)
2011,Assam,False,1700.0,Rape & Attempted Rape,Rape (General/Other)
2011,Bihar,False,790.0,Assault & Sexual Harassment,Assault to Outrage Modesty
2011,Bihar,False,2607.0,Cruelty & Dowry Offenses,Cruelty by Husband/Relatives
2011,Bihar,False,1413.0,Cruelty & Dowry Offenses,Dowry Death
2011,Bihar,False,23.0,Human Trafficking,Immoral Traffic (Prevention) Act
2011,Bihar,False,0.0,Special & Local Laws,Indecent Representation of Women Act
2011,Bihar,False,11.0,Assault & Sexual Harassment,Insult to Modesty of Women
2011,Bihar,False,3050.0,Kidnapping & Abduction,Kidnapping & Abduction (General)
2011,Bihar,False,934.0,Rape & Attempted Rape,Rape (General/Other)
2011,Chandigarh,False,21.0,Assault & Sexual Harassment,Assault to Outrage Modesty
2011,Chandigarh,False,46.0,Cruelty & Dowry Offenses,Cruelty by Husband/Relatives
2011,Chandigarh,False,2.0,Cruelty & Dowry Offenses,Dowry Death
2011,Chandigarh,False,1.0,Human Trafficking,Immoral Traffic (Prevention) Act
2011,Chandigarh,False,0.0,Special & Local Laws,Indecent Representation of Women Act
2011,Chandigarh,False,12.0,Assault & Sexual Harassment,Insult to Modesty of Women
2011,Chandigarh,False,46.0,Kidnapping & Abduction,Kidnapping & Abduction (General)
2011,Chandigarh,False,27.0,Rape & Attempted Rape,Rape (General/Other)
2011,Chhattisgarh,False,1654.0,Assault & Sexual Harassment,Assault to Outrage Modesty
2011,Chhattisgarh,False,834.0,Cruelty & Dowry Offenses,Cruelty by Husband/Relatives
2011,Chhattisgarh,False,104.0,Cruelty & Dowry Offenses,Dowry Death
2011,Chhattisgarh,False,15.0,Human Trafficking,Immoral Traffic (Prevention) Act
2011,Chhattisgarh,False,0.0,Special & Local Laws,Indecent Representation of Women Act
2011,Chhattisgarh,False,174.0,Assault & Sexual Harassment,Insult to Modesty of Women
2011,Chhattisgarh,False,365.0,Kidnapping & Abduction,Kidnapping & Abduction (General)
2011,Chhattisgarh,False,1053.0,Rape & Attempted Rape,Rape (General/Other)
2011,"Dadra & Nagar Haveli (pre-2020, separate UT)",False,2.0,Assault & Sexual Harassment,Assault to Outrage Modesty
2011,"Dadra & Nagar Haveli (pre-2020, separate UT)",False,3.0,Cruelty & Dowry Offenses,Cruelty by Husband/Relatives
2011,"Dadra & Nagar Haveli (pre-2020, separate UT)",False,0.0,Cruelty & Dowry Offenses,Dowry Death
2011,"Dadra & Nagar Haveli (pre-2020, separate UT)",False,1.0,Human Trafficking,Immoral Traffic (Prevention) Act
2011,"Dadra & Nagar Haveli (pre-2020, separate UT)",False,0.0,Special & Local Laws,Indecent Representation of Women Act
2011,"Dadra & Nagar Haveli (pre-2020, separate UT)",False,0.0,Assault & Sexual Harassment,Insult to Modesty of Women
2011,"Dadra & Nagar Haveli (pre-2020, separate UT)",False,8.0,Kidnapping & Abduction,Kidnapping & Abduction (General)
2011,"Dadra & Nagar Haveli (pre-2020, separate UT)",False,4.0,Rape & Attempted Rape,Rape (General/Other)
2011,"Daman & Diu (pre-2020, separate UT)",False,0.0,Assault & Sexual Harassment,Assault to Outrage Modesty
2011,"Daman & Diu (pre-2020, separate UT)",False,2.0,Cruelty & Dowry Offenses,Cruelty by Husband/Relatives
2011,"Daman & Diu (pre-2020, separate UT)",False,0.0,Cruelty & Dowry Offenses,Dowry Death
2011,"Daman & Diu (pre-2020, separate UT)",False,6.0,Human Trafficking,Immoral Traffic (Prevention) Act
2011,"Daman & Diu (pre-2020, separate UT)",False,0.0,Special & Local Laws,Indecent Representation of Women Act
2011,"Daman & Diu (pre-2020, separate UT)",False,0.0,Assault & Sexual Harassment,Insult to Modesty of Women
2011,"Daman & Diu (pre-2020, separate UT)",False,2.0,Kidnapping & Abduction,Kidnapping & Abduction (General)
2011,"Daman & Diu (pre-2020, separate UT)",False,1.0,Rape & Attempted Rape,Rape (General/Other)
2011,Delhi,False,657.0,Assault & Sexual Harassment,Assault to Outrage Modesty
2011,Delhi,False,1575.0,Cruelty & Dowry Offenses,Cruelty by Husband/Relatives
2011,Delhi,False,142.0,Cruelty & Dowry Offenses,Dowry Death
2011,Delhi,False,33.0,Human Trafficking,Immoral Traffic (Prevention) Act
2011,Delhi,False,1.0,Special & Local Laws,Indecent Representation of Women Act
2011,Delhi,False,162.0,Assault & Sexual Harassment,Insult to Modesty of Women
2011,Delhi,False,2085.0,Kidnapping & Abduction,Kidnapping & Abduction (General)
2011,Delhi,False,572.0,Rape & Attempted Rape,Rape (General/Other)
2011,Goa,False,29.0,Assault & Sexual Harassment,Assault to Outrage Modesty
2011,Goa,False,18.0,Cruelty & Dowry Offenses,Cruelty by Husband/Relatives
2011,Goa,False,1.0,Cruelty & Dowry Offenses,Dowry Death
2011,Goa,False,18.0,Human Trafficking,Immoral Traffic (Prevention) Act
2011,Goa,False,3.0,Special & Local Laws,Indecent Representation of Women Act
2011,Goa,False,12.0,Assault & Sexual Harassment,Insult to Modesty of Women
2011,Goa,False,17.0,Kidnapping & Abduction,Kidnapping & Abduction (General)
2011,Goa,False,29.0,Rape & Attempted Rape,Rape (General/Other)
2011,Gujarat,False,685.0,Assault & Sexual Harassment,Assault to Outrage Modesty
2011,Gujarat,False,6052.0,Cruelty & Dowry Offenses,Cruelty by Husband/Relatives
2011,Gujarat,False,30.0,Cruelty & Dowry Offenses,Dowry Death
2011,Gujarat,False,46.0,Human Trafficking,Immoral Traffic (Prevention) Act
2011,Gujarat,False,0.0,Special & Local Laws,Indecent Representation of Women Act
2011,Gujarat,False,93.0,Assault & Sexual Harassment,Insult to Modesty of Women
2011,Gujarat,False,1442.0,Kidnapping & Abduction,Kidnapping & Abduction (General)
2011,Gujarat,False,439.0,Rape & Attempted Rape,Rape (General/Other)
2011,Haryana,False,474.0,Assault & Sexual Harassment,Assault to Outrage Modesty
2011,Haryana,False,2740.0,Cruelty & Dowry Offenses,Cruelty by Husband/Relatives
2011,Haryana,False,255.0,Cruelty & Dowry Offenses,Dowry Death
2011,Haryana,False,57.0,Human Trafficking,Immoral Traffic (Prevention) Act
2011,Haryana,False,0.0,Special & Local Laws,Indecent Representation of Women Act
2011,Haryana,False,490.0,Assault & Sexual Harassment,Insult to Modesty of Women
2011,Haryana,False,733.0,Kidnapping & Abduction,Kidnapping & Abduction (General)
2011,Haryana,False,733.0,Rape & Attempted Rape,Rape (General/Other)
2011,Himachal Pradesh,False,331.0,Assault & Sexual Harassment,Assault to Outrage Modesty
2011,Himachal Pradesh,False,239.0,Cruelty & Dowry Offenses,Cruelty by Husband/Relatives
2011,Himachal Pradesh,False,4.0,Cruelty & Dowry Offenses,Dowry Death
2011,Himachal Pradesh,False,2.0,Human Trafficking,Immoral Traffic (Prevention) Act
2011,Himachal Pradesh,False,0.0,Special & Local Laws,Indecent Representation of Women Act
2011,Himachal Pradesh,False,62.0,Assault & Sexual Harassment,Insult to Modesty of Women
2011,Himachal Pradesh,False,191.0,Kidnapping & Abduction,Kidnapping & Abduction (General)
2011,Himachal Pradesh,False,168.0,Rape & Attempted Rape,Rape (General/Other)
2011,Jammu & Kashmir,False,1194.0,Assault & Sexual Harassment,Assault to Outrage Modesty
2011,Jammu & Kashmir,False,286.0,Cruelty & Dowry Offenses,Cruelty by Husband/Relatives
2011,Jammu & Kashmir,False,11.0,Cruelty & Dowry Offenses,Dowry Death
2011,Jammu & Kashmir,False,2.0,Human Trafficking,Immoral Traffic (Prevention) Act
2011,Jammu & Kashmir,False,0.0,Special & Local Laws,Indecent Representation of Women Act
2011,Jammu & Kashmir,False,350.0,Assault & Sexual Harassment,Insult to Modesty of Women
2011,Jammu & Kashmir,False,1023.0,Kidnapping & Abduction,Kidnapping & Abduction (General)
2011,Jammu & Kashmir,False,277.0,Rape & Attempted Rape,Rape (General/Other)
2011,Jharkhand,False,317.0,Assault & Sexual Harassment,Assault to Outrage Modesty
2011,Jharkhand,False,659.0,Cruelty & Dowry Offenses,Cruelty by Husband/Relatives
2011,Jharkhand,False,282.0,Cruelty & Dowry Offenses,Dowry Death
2011,Jharkhand,False,15.0,Human Trafficking,Immoral Traffic (Prevention) Act
2011,Jharkhand,False,0.0,Special & Local Laws,Indecent Representation of Women Act
2011,Jharkhand,False,7.0,Assault & Sexual Harassment,Insult to Modesty of Women
2011,Jharkhand,False,660.0,Kidnapping & Abduction,Kidnapping & Abduction (General)
2011,Jharkhand,False,784.0,Rape & Attempted Rape,Rape (General/Other)
2011,Karnataka,False,2608.0,Assault & Sexual Harassment,Assault to Outrage Modesty
2011,Karnataka,False,3712.0,Cruelty & Dowry Offenses,Cruelty by Husband/Relatives
2011,Karnataka,False,267.0,Cruelty & Dowry Offenses,Dowry Death
2011,Karnataka,False,351.0,Human Trafficking,Immoral Traffic (Prevention) Act
2011,Karnataka,False,2.0,Special & Local Laws,Indecent Representation of Women Act
2011,Karnataka,False,81.0,Assault & Sexual Harassment,Insult to Modesty of Women
2011,Karnataka,False,715.0,Kidnapping & Abduction,Kidnapping & Abduction (General)
2011,Karnataka,False,636.0,Rape & Attempted Rape,Rape (General/Other)
2011,Kerala,False,3756.0,Assault & Sexual Harassment,Assault to Outrage Modesty
2011,Kerala,False,5377.0,Cruelty & Dowry Offenses,Cruelty by Husband/Relatives
2011,Kerala,False,15.0,Cruelty & Dowry Offenses,Dowry Death
2011,Kerala,False,197.0,Human Trafficking,Immoral Traffic (Prevention) Act
2011,Kerala,False,12.0,Special & Local Laws,Indecent Representation of Women Act
2011,Kerala,False,573.0,Assault & Sexual Harassment,Insult to Modesty of Women
2011,Kerala,False,221.0,Kidnapping & Abduction,Kidnapping & Abduction (General)
2011,Kerala,False,1132.0,Rape & Attempted Rape,Rape (General/Other)
2011,Lakshadweep,False,0.0,Assault & Sexual Harassment,Assault to Outrage Modesty
2011,Lakshadweep,False,0.0,Cruelty & Dowry Offenses,Cruelty by Husband/Relatives
2011,Lakshadweep,False,0.0,Cruelty & Dowry Offenses,Dowry Death
2011,Lakshadweep,False,0.0,Human Trafficking,Immoral Traffic (Prevention) Act
2011,Lakshadweep,False,0.0,Special & Local Laws,Indecent Representation of Women Act
2011,Lakshadweep,False,0.0,Assault & Sexual Harassment,Insult to Modesty of Women
2011,Lakshadweep,False,0.0,Kidnapping & Abduction,Kidnapping & Abduction (General)
2011,Lakshadweep,False,0.0,Rape & Attempted Rape,Rape (General/Other)
2011,Madhya Pradesh,False,6665.0,Assault & Sexual Harassment,Assault to Outrage Modesty
2011,Madhya Pradesh,False,3732.0,Cruelty & Dowry Offenses,Cruelty by Husband/Relatives
2011,Madhya Pradesh,False,811.0,Cruelty & Dowry Offenses,Dowry Death
2011,Madhya Pradesh,False,24.0,Human Trafficking,Immoral Traffic (Prevention) Act
2011,Madhya Pradesh,False,0.0,Special & Local Laws,Indecent Representation of Women Act
2011,Madhya Pradesh,False,762.0,Assault & Sexual Harassment,Insult to Modesty of Women
2011,Madhya Pradesh,False,1088.0,Kidnapping & Abduction,Kidnapping & Abduction (General)
2011,Madhya Pradesh,False,3406.0,Rape & Attempted Rape,Rape (General/Other)
2011,Maharashtra,False,3794.0,Assault & Sexual Harassment,Assault to Outrage Modesty
2011,Maharashtra,False,7136.0,Cruelty & Dowry Offenses,Cruelty by Husband/Relatives
2011,Maharashtra,False,339.0,Cruelty & Dowry Offenses,Dowry Death
2011,Maharashtra,False,390.0,Human Trafficking,Immoral Traffic (Prevention) Act
2011,Maharashtra,False,1.0,Special & Local Laws,Indecent Representation of Women Act
2011,Maharashtra,False,1071.0,Assault & Sexual Harassment,Insult to Modesty of Women
2011,Maharashtra,False,1252.0,Kidnapping & Abduction,Kidnapping & Abduction (General)
2011,Maharashtra,False,1701.0,Rape & Attempted Rape,Rape (General/Other)
2011,Manipur,False,38.0,Assault & Sexual Harassment,Assault to Outrage Modesty
2011,Manipur,False,39.0,Cruelty & Dowry Offenses,Cruelty by Husband/Relatives
2011,Manipur,False,1.0,Cruelty & Dowry Offenses,Dowry Death
2011,Manipur,False,0.0,Human Trafficking,Immoral Traffic (Prevention) Act
2011,Manipur,False,0.0,Special & Local Laws,Indecent Representation of Women Act
2011,Manipur,False,0.0,Assault & Sexual Harassment,Insult to Modesty of Women
2011,Manipur,False,116.0,Kidnapping & Abduction,Kidnapping & Abduction (General)
2011,Manipur,False,53.0,Rape & Attempted Rape,Rape (General/Other)
2011,Meghalaya,False,74.0,Assault & Sexual Harassment,Assault to Outrage Modesty
2011,Meghalaya,False,21.0,Cruelty & Dowry Offenses,Cruelty by Husband/Relatives
2011,Meghalaya,False,1.0,Cruelty & Dowry Offenses,Dowry Death
2011,Meghalaya,False,2.0,Human Trafficking,Immoral Traffic (Prevention) Act
2011,Meghalaya,False,0.0,Special & Local Laws,Indecent Representation of Women Act
2011,Meghalaya,False,1.0,Assault & Sexual Harassment,Insult to Modesty of Women
2011,Meghalaya,False,37.0,Kidnapping & Abduction,Kidnapping & Abduction (General)
2011,Meghalaya,False,130.0,Rape & Attempted Rape,Rape (General/Other)
2011,Mizoram,False,72.0,Assault & Sexual Harassment,Assault to Outrage Modesty
2011,Mizoram,False,9.0,Cruelty & Dowry Offenses,Cruelty by Husband/Relatives
2011,Mizoram,False,0.0,Cruelty & Dowry Offenses,Dowry Death
2011,Mizoram,False,8.0,Human Trafficking,Immoral Traffic (Prevention) Act
2011,Mizoram,False,0.0,Special & Local Laws,Indecent Representation of Women Act
2011,Mizoram,False,1.0,Assault & Sexual Harassment,Insult to Modesty of Women
2011,Mizoram,False,0.0,Kidnapping & Abduction,Kidnapping & Abduction (General)
2011,Mizoram,False,77.0,Rape & Attempted Rape,Rape (General/Other)
2011,Nagaland,False,9.0,Assault & Sexual Harassment,Assault to Outrage Modesty
2011,Nagaland,False,1.0,Cruelty & Dowry Offenses,Cruelty by Husband/Relatives
2011,Nagaland,False,0.0,Cruelty & Dowry Offenses,Dowry Death
2011,Nagaland,False,2.0,Human Trafficking,Immoral Traffic (Prevention) Act
2011,Nagaland,False,0.0,Special & Local Laws,Indecent Representation of Women Act
2011,Nagaland,False,0.0,Assault & Sexual Harassment,Insult to Modesty of Women
2011,Nagaland,False,3.0,Kidnapping & Abduction,Kidnapping & Abduction (General)
2011,Nagaland,False,23.0,Rape & Attempted Rape,Rape (General/Other)
2011,Odisha,False,3207.0,Assault & Sexual Harassment,Assault to Outrage Modesty
2011,Odisha,False,2320.0,Cruelty & Dowry Offenses,Cruelty by Husband/Relatives
2011,Odisha,False,465.0,Cruelty & Dowry Offenses,Dowry Death
2011,Odisha,False,23.0,Human Trafficking,Immoral Traffic (Prevention) Act
2011,Odisha,False,1.0,Special & Local Laws,Indecent Representation of Women Act
2011,Odisha,False,235.0,Assault & Sexual Harassment,Insult to Modesty of Women
2011,Odisha,False,1008.0,Kidnapping & Abduction,Kidnapping & Abduction (General)
2011,Odisha,False,1112.0,Rape & Attempted Rape,Rape (General/Other)
2011,Puducherry,False,35.0,Assault & Sexual Harassment,Assault to Outrage Modesty
2011,Puducherry,False,10.0,Cruelty & Dowry Offenses,Cruelty by Husband/Relatives
2011,Puducherry,False,1.0,Cruelty & Dowry Offenses,Dowry Death
2011,Puducherry,False,3.0,Human Trafficking,Immoral Traffic (Prevention) Act
2011,Puducherry,False,0.0,Special & Local Laws,Indecent Representation of Women Act
2011,Puducherry,False,16.0,Assault & Sexual Harassment,Insult to Modesty of Women
2011,Puducherry,False,9.0,Kidnapping & Abduction,Kidnapping & Abduction (General)
2011,Puducherry,False,7.0,Rape & Attempted Rape,Rape (General/Other)
2011,Punjab,False,282.0,Assault & Sexual Harassment,Assault to Outrage Modesty
2011,Punjab,False,1136.0,Cruelty & Dowry Offenses,Cruelty by Husband/Relatives
2011,Punjab,False,143.0,Cruelty & Dowry Offenses,Dowry Death
2011,Punjab,False,50.0,Human Trafficking,Immoral Traffic (Prevention) Act
2011,Punjab,False,0.0,Special & Local Laws,Indecent Representation of Women Act
2011,Punjab,False,31.0,Assault & Sexual Harassment,Insult to Modesty of Women
2011,Punjab,False,517.0,Kidnapping & Abduction,Kidnapping & Abduction (General)
2011,Punjab,False,479.0,Rape & Attempted Rape,Rape (General/Other)
2011,Rajasthan,False,2447.0,Assault & Sexual Harassment,Assault to Outrage Modesty
2011,Rajasthan,False,12218.0,Cruelty & Dowry Offenses,Cruelty by Husband/Relatives
2011,Rajasthan,False,514.0,Cruelty & Dowry Offenses,Dowry Death
2011,Rajasthan,False,81.0,Human Trafficking,Immoral Traffic (Prevention) Act
2011,Rajasthan,False,102.0,Special & Local Laws,Indecent Representation of Women Act
2011,Rajasthan,False,9.0,Assault & Sexual Harassment,Insult to Modesty of Women
2011,Rajasthan,False,2713.0,Kidnapping & Abduction,Kidnapping & Abduction (General)
2011,Rajasthan,False,1800.0,Rape & Attempted Rape,Rape (General/Other)
2011,Sikkim,False,24.0,Assault & Sexual Harassment,Assault to Outrage Modesty
2011,Sikkim,False,4.0,Cruelty & Dowry Offenses,Cruelty by Husband/Relatives
2011,Sikkim,False,0.0,Cruelty & Dowry Offenses,Dowry Death
2011,Sikkim,False,1.0,Human Trafficking,Immoral Traffic (Prevention) Act
2011,Sikkim,False,0.0,Special & Local Laws,Indecent Representation of Women Act
2011,Sikkim,False,0.0,Assault & Sexual Harassment,Insult to Modesty of Women
2011,Sikkim,False,10.0,Kidnapping & Abduction,Kidnapping & Abduction (General)
2011,Sikkim,False,16.0,Rape & Attempted Rape,Rape (General/Other)
2011,Tamil Nadu,False,1467.0,Assault & Sexual Harassment,Assault to Outrage Modesty
2011,Tamil Nadu,False,1812.0,Cruelty & Dowry Offenses,Cruelty by Husband/Relatives
2011,Tamil Nadu,False,152.0,Cruelty & Dowry Offenses,Dowry Death
2011,Tamil Nadu,False,420.0,Human Trafficking,Immoral Traffic (Prevention) Act
2011,Tamil Nadu,False,10.0,Special & Local Laws,Indecent Representation of Women Act
2011,Tamil Nadu,False,464.0,Assault & Sexual Harassment,Insult to Modesty of Women
2011,Tamil Nadu,False,1743.0,Kidnapping & Abduction,Kidnapping & Abduction (General)
2011,Tamil Nadu,False,677.0,Rape & Attempted Rape,Rape (General/Other)
2011,Tripura,False,294.0,Assault & Sexual Harassment,Assault to Outrage Modesty
2011,Tripura,False,702.0,Cruelty & Dowry Offenses,Cruelty by Husband/Relatives
2011,Tripura,False,30.0,Cruelty & Dowry Offenses,Dowry Death
2011,Tripura,False,2.0,Human Trafficking,Immoral Traffic (Prevention) Act
2011,Tripura,False,0.0,Special & Local Laws,Indecent Representation of Women Act
2011,Tripura,False,9.0,Assault & Sexual Harassment,Insult to Modesty of Women
2011,Tripura,False,116.0,Kidnapping & Abduction,Kidnapping & Abduction (General)
2011,Tripura,False,205.0,Rape & Attempted Rape,Rape (General/Other)
2011,Uttar Pradesh,False,3455.0,Assault & Sexual Harassment,Assault to Outrage Modesty
2011,Uttar Pradesh,False,7121.0,Cruelty & Dowry Offenses,Cruelty by Husband/Relatives
2011,Uttar Pradesh,False,2322.0,Cruelty & Dowry Offenses,Dowry Death
2011,Uttar Pradesh,False,43.0,Human Trafficking,Immoral Traffic (Prevention) Act
2011,Uttar Pradesh,False,4.0,Special & Local Laws,Indecent Representation of Women Act
2011,Uttar Pradesh,False,3.0,Assault & Sexual Harassment,Insult to Modesty of Women
2011,Uttar Pradesh,False,7525.0,Kidnapping & Abduction,Kidnapping & Abduction (General)
2011,Uttar Pradesh,False,2042.0,Rape & Attempted Rape,Rape (General/Other)
2011,Uttarakhand,False,116.0,Assault & Sexual Harassment,Assault to Outrage Modesty
2011,Uttarakhand,False,307.0,Cruelty & Dowry Offenses,Cruelty by Husband/Relatives
2011,Uttarakhand,False,83.0,Cruelty & Dowry Offenses,Dowry Death
2011,Uttarakhand,False,3.0,Human Trafficking,Immoral Traffic (Prevention) Act
2011,Uttarakhand,False,0.0,Special & Local Laws,Indecent Representation of Women Act
2011,Uttarakhand,False,72.0,Assault & Sexual Harassment,Insult to Modesty of Women
2011,Uttarakhand,False,283.0,Kidnapping & Abduction,Kidnapping & Abduction (General)
2011,Uttarakhand,False,129.0,Rape & Attempted Rape,Rape (General/Other)
2011,West Bengal,False,2363.0,Assault & Sexual Harassment,Assault to Outrage Modesty
2011,West Bengal,False,19772.0,Cruelty & Dowry Offenses,Cruelty by Husband/Relatives
2011,West Bengal,False,510.0,Cruelty & Dowry Offenses,Dowry Death
2011,West Bengal,False,96.0,Human Trafficking,Immoral Traffic (Prevention) Act
2011,West Bengal,False,2.0,Special & Local Laws,Indecent Representation of Women Act
2011,West Bengal,False,200.0,Assault & Sexual Harassment,Insult to Modesty of Women
2011,West Bengal,False,3711.0,Kidnapping & Abduction,Kidnapping & Abduction (General)
2011,West Bengal,False,2363.0,Rape & Attempted Rape,Rape (General/Other)
2012,Andaman & Nicobar Islands,False,17.0,Assault & Sexual Harassment,Assault to Outrage Modesty
2012,Andaman & Nicobar Islands,False,5.0,Cruelty & Dowry Offenses,Cruelty by Husband/Relatives
2012,Andaman & Nicobar Islands,False,2.0,Cruelty & Dowry Offenses,Dowry Death
2012,Andaman & Nicobar Islands,False,2.0,Human Trafficking,Immoral Traffic (Prevention) Act
2012,Andaman & Nicobar Islands,False,0.0,Special & Local Laws,Indecent Representation of Women Act
2012,Andaman & Nicobar Islands,False,4.0,Assault & Sexual Harassment,Insult to Modesty of Women
2012,Andaman & Nicobar Islands,False,7.0,Kidnapping & Abduction,Kidnapping & Abduction (General)
2012,Andaman & Nicobar Islands,False,12.0,Rape & Attempted Rape,Rape (General/Other)
2012,Andhra Pradesh,False,4816.0,Assault & Sexual Harassment,Assault to Outrage Modesty
2012,Andhra Pradesh,False,13389.0,Cruelty & Dowry Offenses,Cruelty by Husband/Relatives
2012,Andhra Pradesh,False,504.0,Cruelty & Dowry Offenses,Dowry Death
2012,Andhra Pradesh,False,472.0,Human Trafficking,Immoral Traffic (Prevention) Act
2012,Andhra Pradesh,False,21.0,Special & Local Laws,Indecent Representation of Women Act
2012,Andhra Pradesh,False,3714.0,Assault & Sexual Harassment,Insult to Modesty of Women
2012,Andhra Pradesh,False,1403.0,Kidnapping & Abduction,Kidnapping & Abduction (General)
2012,Andhra Pradesh,False,1341.0,Rape & Attempted Rape,Rape (General/Other)
2012,Arunachal Pradesh,False,67.0,Assault & Sexual Harassment,Assault to Outrage Modesty
2012,Arunachal Pradesh,False,26.0,Cruelty & Dowry Offenses,Cruelty by Husband/Relatives
2012,Arunachal Pradesh,False,1.0,Cruelty & Dowry Offenses,Dowry Death
2012,Arunachal Pradesh,False,1.0,Human Trafficking,Immoral Traffic (Prevention) Act
2012,Arunachal Pradesh,False,0.0,Special & Local Laws,Indecent Representation of Women Act
2012,Arunachal Pradesh,False,2.0,Assault & Sexual Harassment,Insult to Modesty of Women
2012,Arunachal Pradesh,False,58.0,Kidnapping & Abduction,Kidnapping & Abduction (General)
2012,Arunachal Pradesh,False,46.0,Rape & Attempted Rape,Rape (General/Other)
2012,Assam,False,1840.0,Assault & Sexual Harassment,Assault to Outrage Modesty
2012,Assam,False,6407.0,Cruelty & Dowry Offenses,Cruelty by Husband/Relatives
2012,Assam,False,140.0,Cruelty & Dowry Offenses,Dowry Death
2012,Assam,False,30.0,Human Trafficking,Immoral Traffic (Prevention) Act
2012,Assam,False,3.0,Special & Local Laws,Indecent Representation of Women Act
2012,Assam,False,5.0,Assault & Sexual Harassment,Insult to Modesty of Women
2012,Assam,False,3360.0,Kidnapping & Abduction,Kidnapping & Abduction (General)
2012,Assam,False,1716.0,Rape & Attempted Rape,Rape (General/Other)
2012,Bihar,False,118.0,Assault & Sexual Harassment,Assault to Outrage Modesty
2012,Bihar,False,3686.0,Cruelty & Dowry Offenses,Cruelty by Husband/Relatives
2012,Bihar,False,1275.0,Cruelty & Dowry Offenses,Dowry Death
2012,Bihar,False,35.0,Human Trafficking,Immoral Traffic (Prevention) Act
2012,Bihar,False,5.0,Special & Local Laws,Indecent Representation of Women Act
2012,Bihar,False,37.0,Assault & Sexual Harassment,Insult to Modesty of Women
2012,Bihar,False,3789.0,Kidnapping & Abduction,Kidnapping & Abduction (General)
2012,Bihar,False,927.0,Rape & Attempted Rape,Rape (General/Other)
2012,Chandigarh,False,45.0,Assault & Sexual Harassment,Assault to Outrage Modesty
2012,Chandigarh,False,73.0,Cruelty & Dowry Offenses,Cruelty by Husband/Relatives
2012,Chandigarh,False,5.0,Cruelty & Dowry Offenses,Dowry Death
2012,Chandigarh,False,0.0,Human Trafficking,Immoral Traffic (Prevention) Act
2012,Chandigarh,False,0.0,Special & Local Laws,Indecent Representation of Women Act
2012,Chandigarh,False,25.0,Assault & Sexual Harassment,Insult to Modesty of Women
2012,Chandigarh,False,66.0,Kidnapping & Abduction,Kidnapping & Abduction (General)
2012,Chandigarh,False,27.0,Rape & Attempted Rape,Rape (General/Other)
2012,Chhattisgarh,False,1601.0,Assault & Sexual Harassment,Assault to Outrage Modesty
2012,Chhattisgarh,False,980.0,Cruelty & Dowry Offenses,Cruelty by Husband/Relatives
2012,Chhattisgarh,False,81.0,Cruelty & Dowry Offenses,Dowry Death
2012,Chhattisgarh,False,5.0,Human Trafficking,Immoral Traffic (Prevention) Act
2012,Chhattisgarh,False,1.0,Special & Local Laws,Indecent Representation of Women Act
2012,Chhattisgarh,False,162.0,Assault & Sexual Harassment,Insult to Modesty of Women
2012,Chhattisgarh,False,350.0,Kidnapping & Abduction,Kidnapping & Abduction (General)
2012,Chhattisgarh,False,1034.0,Rape & Attempted Rape,Rape (General/Other)
2012,"Dadra & Nagar Haveli (pre-2020, separate UT)",False,2.0,Assault & Sexual Harassment,Assault to Outrage Modesty
2012,"Dadra & Nagar Haveli (pre-2020, separate UT)",False,0.0,Cruelty & Dowry Offenses,Cruelty by Husband/Relatives
2012,"Dadra & Nagar Haveli (pre-2020, separate UT)",False,0.0,Cruelty & Dowry Offenses,Dowry Death
2012,"Dadra & Nagar Haveli (pre-2020, separate UT)",False,2.0,Human Trafficking,Immoral Traffic (Prevention) Act
2012,"Dadra & Nagar Haveli (pre-2020, separate UT)",False,0.0,Special & Local Laws,Indecent Representation of Women Act
2012,"Dadra & Nagar Haveli (pre-2020, separate UT)",False,0.0,Assault & Sexual Harassment,Insult to Modesty of Women
2012,"Dadra & Nagar Haveli (pre-2020, separate UT)",False,9.0,Kidnapping & Abduction,Kidnapping & Abduction (General)
2012,"Dadra & Nagar Haveli (pre-2020, separate UT)",False,3.0,Rape & Attempted Rape,Rape (General/Other)
2012,"Daman & Diu (pre-2020, separate UT)",False,0.0,Assault & Sexual Harassment,Assault to Outrage Modesty
2012,"Daman & Diu (pre-2020, separate UT)",False,3.0,Cruelty & Dowry Offenses,Cruelty by Husband/Relatives
2012,"Daman & Diu (pre-2020, separate UT)",False,0.0,Cruelty & Dowry Offenses,Dowry Death
2012,"Daman & Diu (pre-2020, separate UT)",False,3.0,Human Trafficking,Immoral Traffic (Prevention) Act
2012,"Daman & Diu (pre-2020, separate UT)",False,0.0,Special & Local Laws,Indecent Representation of Women Act
2012,"Daman & Diu (pre-2020, separate UT)",False,0.0,Assault & Sexual Harassment,Insult to Modesty of Women
2012,"Daman & Diu (pre-2020, separate UT)",False,0.0,Kidnapping & Abduction,Kidnapping & Abduction (General)
2012,"Daman & Diu (pre-2020, separate UT)",False,5.0,Rape & Attempted Rape,Rape (General/Other)
2012,Delhi,False,727.0,Assault & Sexual Harassment,Assault to Outrage Modesty
2012,Delhi,False,1985.0,Cruelty & Dowry Offenses,Cruelty by Husband/Relatives
2012,Delhi,False,134.0,Cruelty & Dowry Offenses,Dowry Death
2012,Delhi,False,24.0,Human Trafficking,Immoral Traffic (Prevention) Act
2012,Delhi,False,0.0,Special & Local Laws,Indecent Representation of Women Act
2012,Delhi,False,208.0,Assault & Sexual Harassment,Insult to Modesty of Women
2012,Delhi,False,2160.0,Kidnapping & Abduction,Kidnapping & Abduction (General)
2012,Delhi,False,706.0,Rape & Attempted Rape,Rape (General/Other)
2012,Goa,False,49.0,Assault & Sexual Harassment,Assault to Outrage Modesty
2012,Goa,False,24.0,Cruelty & Dowry Offenses,Cruelty by Husband/Relatives
2012,Goa,False,0.0,Cruelty & Dowry Offenses,Dowry Death
2012,Goa,False,40.0,Human Trafficking,Immoral Traffic (Prevention) Act
2012,Goa,False,0.0,Special & Local Laws,Indecent Representation of Women Act
2012,Goa,False,16.0,Assault & Sexual Harassment,Insult to Modesty of Women
2012,Goa,False,16.0,Kidnapping & Abduction,Kidnapping & Abduction (General)
2012,Goa,False,55.0,Rape & Attempted Rape,Rape (General/Other)
2012,Gujarat,False,745.0,Assault & Sexual Harassment,Assault to Outrage Modesty
2012,Gujarat,False,6658.0,Cruelty & Dowry Offenses,Cruelty by Husband/Relatives
2012,Gujarat,False,21.0,Cruelty & Dowry Offenses,Dowry Death
2012,Gujarat,False,44.0,Human Trafficking,Immoral Traffic (Prevention) Act
2012,Gujarat,False,0.0,Special & Local Laws,Indecent Representation of Women Act
2012,Gujarat,False,93.0,Assault & Sexual Harassment,Insult to Modesty of Women
2012,Gujarat,False,1527.0,Kidnapping & Abduction,Kidnapping & Abduction (General)
2012,Gujarat,False,473.0,Rape & Attempted Rape,Rape (General/Other)
2012,Haryana,False,525.0,Assault & Sexual Harassment,Assault to Outrage Modesty
2012,Haryana,False,3137.0,Cruelty & Dowry Offenses,Cruelty by Husband/Relatives
2012,Haryana,False,258.0,Cruelty & Dowry Offenses,Dowry Death
2012,Haryana,False,69.0,Human Trafficking,Immoral Traffic (Prevention) Act
2012,Haryana,False,2.0,Special & Local Laws,Indecent Representation of Women Act
2012,Haryana,False,434.0,Assault & Sexual Harassment,Insult to Modesty of Women
2012,Haryana,False,900.0,Kidnapping & Abduction,Kidnapping & Abduction (General)
2012,Haryana,False,668.0,Rape & Attempted Rape,Rape (General/Other)
2012,Himachal Pradesh,False,250.0,Assault & Sexual Harassment,Assault to Outrage Modesty
2012,Himachal Pradesh,False,251.0,Cruelty & Dowry Offenses,Cruelty by Husband/Relatives
2012,Himachal Pradesh,False,2.0,Cruelty & Dowry Offenses,Dowry Death
2012,Himachal Pradesh,False,6.0,Human Trafficking,Immoral Traffic (Prevention) Act
2012,Himachal Pradesh,False,0.0,Special & Local Laws,Indecent Representation of Women Act
2012,Himachal Pradesh,False,68.0,Assault & Sexual Harassment,Insult to Modesty of Women
2012,Himachal Pradesh,False,152.0,Kidnapping & Abduction,Kidnapping & Abduction (General)
2012,Himachal Pradesh,False,183.0,Rape & Attempted Rape,Rape (General/Other)
2012,Jammu & Kashmir,False,1322.0,Assault & Sexual Harassment,Assault to Outrage Modesty
2012,Jammu & Kashmir,False,301.0,Cruelty & Dowry Offenses,Cruelty by Husband/Relatives
2012,Jammu & Kashmir,False,8.0,Cruelty & Dowry Offenses,Dowry Death
2012,Jammu & Kashmir,False,3.0,Human Trafficking,Immoral Traffic (Prevention) Act
2012,Jammu & Kashmir,False,0.0,Special & Local Laws,Indecent Representation of Women Act
2012,Jammu & Kashmir,False,347.0,Assault & Sexual Harassment,Insult to Modesty of Women
2012,Jammu & Kashmir,False,1041.0,Kidnapping & Abduction,Kidnapping & Abduction (General)
2012,Jammu & Kashmir,False,303.0,Rape & Attempted Rape,Rape (General/Other)
2012,Jharkhand,False,284.0,Assault & Sexual Harassment,Assault to Outrage Modesty
2012,Jharkhand,False,1261.0,Cruelty & Dowry Offenses,Cruelty by Husband/Relatives
2012,Jharkhand,False,302.0,Cruelty & Dowry Offenses,Dowry Death
2012,Jharkhand,False,12.0,Human Trafficking,Immoral Traffic (Prevention) Act
2012,Jharkhand,False,0.0,Special & Local Laws,Indecent Representation of Women Act
2012,Jharkhand,False,10.0,Assault & Sexual Harassment,Insult to Modesty of Women
2012,Jharkhand,False,786.0,Kidnapping & Abduction,Kidnapping & Abduction (General)
2012,Jharkhand,False,812.0,Rape & Attempted Rape,Rape (General/Other)
2012,Karnataka,False,2978.0,Assault & Sexual Harassment,Assault to Outrage Modesty
2012,Karnataka,False,3684.0,Cruelty & Dowry Offenses,Cruelty by Husband/Relatives
2012,Karnataka,False,218.0,Cruelty & Dowry Offenses,Dowry Death
2012,Karnataka,False,335.0,Human Trafficking,Immoral Traffic (Prevention) Act
2012,Karnataka,False,0.0,Special & Local Laws,Indecent Representation of Women Act
2012,Karnataka,False,100.0,Assault & Sexual Harassment,Insult to Modesty of Women
2012,Karnataka,False,1070.0,Kidnapping & Abduction,Kidnapping & Abduction (General)
2012,Karnataka,False,621.0,Rape & Attempted Rape,Rape (General/Other)
2012,Kerala,False,3735.0,Assault & Sexual Harassment,Assault to Outrage Modesty
2012,Kerala,False,5216.0,Cruelty & Dowry Offenses,Cruelty by Husband/Relatives
2012,Kerala,False,32.0,Cruelty & Dowry Offenses,Dowry Death
2012,Kerala,False,210.0,Human Trafficking,Immoral Traffic (Prevention) Act
2012,Kerala,False,3.0,Special & Local Laws,Indecent Representation of Women Act
2012,Kerala,False,498.0,Assault & Sexual Harassment,Insult to Modesty of Women
2012,Kerala,False,214.0,Kidnapping & Abduction,Kidnapping & Abduction (General)
2012,Kerala,False,1019.0,Rape & Attempted Rape,Rape (General/Other)
2012,Lakshadweep,False,1.0,Assault & Sexual Harassment,Assault to Outrage Modesty
2012,Lakshadweep,False,1.0,Cruelty & Dowry Offenses,Cruelty by Husband/Relatives
2012,Lakshadweep,False,0.0,Cruelty & Dowry Offenses,Dowry Death
2012,Lakshadweep,False,0.0,Human Trafficking,Immoral Traffic (Prevention) Act
2012,Lakshadweep,False,0.0,Special & Local Laws,Indecent Representation of Women Act
2012,Lakshadweep,False,0.0,Assault & Sexual Harassment,Insult to Modesty of Women
2012,Lakshadweep,False,0.0,Kidnapping & Abduction,Kidnapping & Abduction (General)
2012,Lakshadweep,False,0.0,Rape & Attempted Rape,Rape (General/Other)
2012,Madhya Pradesh,False,6655.0,Assault & Sexual Harassment,Assault to Outrage Modesty
2012,Madhya Pradesh,False,3988.0,Cruelty & Dowry Offenses,Cruelty by Husband/Relatives
2012,Madhya Pradesh,False,743.0,Cruelty & Dowry Offenses,Dowry Death
2012,Madhya Pradesh,False,13.0,Human Trafficking,Immoral Traffic (Prevention) Act
2012,Madhya Pradesh,False,0.0,Special & Local Laws,Indecent Representation of Women Act
2012,Madhya Pradesh,False,774.0,Assault & Sexual Harassment,Insult to Modesty of Women
2012,Madhya Pradesh,False,1127.0,Kidnapping & Abduction,Kidnapping & Abduction (General)
2012,Madhya Pradesh,False,3425.0,Rape & Attempted Rape,Rape (General/Other)
2012,Maharashtra,False,3935.0,Assault & Sexual Harassment,Assault to Outrage Modesty
2012,Maharashtra,False,7415.0,Cruelty & Dowry Offenses,Cruelty by Husband/Relatives
2012,Maharashtra,False,329.0,Cruelty & Dowry Offenses,Dowry Death
2012,Maharashtra,False,366.0,Human Trafficking,Immoral Traffic (Prevention) Act
2012,Maharashtra,False,2.0,Special & Local Laws,Indecent Representation of Women Act
2012,Maharashtra,False,1294.0,Assault & Sexual Harassment,Insult to Modesty of Women
2012,Maharashtra,False,1140.0,Kidnapping & Abduction,Kidnapping & Abduction (General)
2012,Maharashtra,False,1839.0,Rape & Attempted Rape,Rape (General/Other)
2012,Manipur,False,49.0,Assault & Sexual Harassment,Assault to Outrage Modesty
2012,Manipur,False,43.0,Cruelty & Dowry Offenses,Cruelty by Husband/Relatives
2012,Manipur,False,0.0,Cruelty & Dowry Offenses,Dowry Death
2012,Manipur,False,15.0,Human Trafficking,Immoral Traffic (Prevention) Act
2012,Manipur,False,0.0,Special & Local Laws,Indecent Representation of Women Act
2012,Manipur,False,1.0,Assault & Sexual Harassment,Insult to Modesty of Women
2012,Manipur,False,133.0,Kidnapping & Abduction,Kidnapping & Abduction (General)
2012,Manipur,False,63.0,Rape & Attempted Rape,Rape (General/Other)
2012,Meghalaya,False,43.0,Assault & Sexual Harassment,Assault to Outrage Modesty
2012,Meghalaya,False,16.0,Cruelty & Dowry Offenses,Cruelty by Husband/Relatives
2012,Meghalaya,False,1.0,Cruelty & Dowry Offenses,Dowry Death
2012,Meghalaya,False,7.0,Human Trafficking,Immoral Traffic (Prevention) Act
2012,Meghalaya,False,0.0,Special & Local Laws,Indecent Representation of Women Act
2012,Meghalaya,False,0.0,Assault & Sexual Harassment,Insult to Modesty of Women
2012,Meghalaya,False,24.0,Kidnapping & Abduction,Kidnapping & Abduction (General)
2012,Meghalaya,False,164.0,Rape & Attempted Rape,Rape (General/Other)
2012,Mizoram,False,85.0,Assault & Sexual Harassment,Assault to Outrage Modesty
2012,Mizoram,False,8.0,Cruelty & Dowry Offenses,Cruelty by Husband/Relatives
2012,Mizoram,False,0.0,Cruelty & Dowry Offenses,Dowry Death
2012,Mizoram,False,0.0,Human Trafficking,Immoral Traffic (Prevention) Act
2012,Mizoram,False,0.0,Special & Local Laws,Indecent Representation of Women Act
2012,Mizoram,False,0.0,Assault & Sexual Harassment,Insult to Modesty of Women
2012,Mizoram,False,3.0,Kidnapping & Abduction,Kidnapping & Abduction (General)
2012,Mizoram,False,103.0,Rape & Attempted Rape,Rape (General/Other)
2012,Nagaland,False,16.0,Assault & Sexual Harassment,Assault to Outrage Modesty
2012,Nagaland,False,0.0,Cruelty & Dowry Offenses,Cruelty by Husband/Relatives
2012,Nagaland,False,0.0,Cruelty & Dowry Offenses,Dowry Death
2012,Nagaland,False,4.0,Human Trafficking,Immoral Traffic (Prevention) Act
2012,Nagaland,False,0.0,Special & Local Laws,Indecent Representation of Women Act
2012,Nagaland,False,0.0,Assault & Sexual Harassment,Insult to Modesty of Women
2012,Nagaland,False,10.0,Kidnapping & Abduction,Kidnapping & Abduction (General)
2012,Nagaland,False,21.0,Rape & Attempted Rape,Rape (General/Other)
2012,Odisha,False,4187.0,Assault & Sexual Harassment,Assault to Outrage Modesty
2012,Odisha,False,2638.0,Cruelty & Dowry Offenses,Cruelty by Husband/Relatives
2012,Odisha,False,525.0,Cruelty & Dowry Offenses,Dowry Death
2012,Odisha,False,24.0,Human Trafficking,Immoral Traffic (Prevention) Act
2012,Odisha,False,1.0,Special & Local Laws,Indecent Representation of Women Act
2012,Odisha,False,304.0,Assault & Sexual Harassment,Insult to Modesty of Women
2012,Odisha,False,1364.0,Kidnapping & Abduction,Kidnapping & Abduction (General)
2012,Odisha,False,1458.0,Rape & Attempted Rape,Rape (General/Other)
2012,Puducherry,False,9.0,Assault & Sexual Harassment,Assault to Outrage Modesty
2012,Puducherry,False,6.0,Cruelty & Dowry Offenses,Cruelty by Husband/Relatives
2012,Puducherry,False,0.0,Cruelty & Dowry Offenses,Dowry Death
2012,Puducherry,False,4.0,Human Trafficking,Immoral Traffic (Prevention) Act
2012,Puducherry,False,0.0,Special & Local Laws,Indecent Representation of Women Act
2012,Puducherry,False,2.0,Assault & Sexual Harassment,Insult to Modesty of Women
2012,Puducherry,False,16.0,Kidnapping & Abduction,Kidnapping & Abduction (General)
2012,Puducherry,False,13.0,Rape & Attempted Rape,Rape (General/Other)
2012,Punjab,False,340.0,Assault & Sexual Harassment,Assault to Outrage Modesty
2012,Punjab,False,1293.0,Cruelty & Dowry Offenses,Cruelty by Husband/Relatives
2012,Punjab,False,118.0,Cruelty & Dowry Offenses,Dowry Death
2012,Punjab,False,86.0,Human Trafficking,Immoral Traffic (Prevention) Act
2012,Punjab,False,0.0,Special & Local Laws,Indecent Representation of Women Act
2012,Punjab,False,31.0,Assault & Sexual Harassment,Insult to Modesty of Women
2012,Punjab,False,689.0,Kidnapping & Abduction,Kidnapping & Abduction (General)
2012,Punjab,False,680.0,Rape & Attempted Rape,Rape (General/Other)
2012,Rajasthan,False,2352.0,Assault & Sexual Harassment,Assault to Outrage Modesty
2012,Rajasthan,False,13312.0,Cruelty & Dowry Offenses,Cruelty by Husband/Relatives
2012,Rajasthan,False,478.0,Cruelty & Dowry Offenses,Dowry Death
2012,Rajasthan,False,99.0,Human Trafficking,Immoral Traffic (Prevention) Act
2012,Rajasthan,False,62.0,Special & Local Laws,Indecent Representation of Women Act
2012,Rajasthan,False,18.0,Assault & Sexual Harassment,Insult to Modesty of Women
2012,Rajasthan,False,2697.0,Kidnapping & Abduction,Kidnapping & Abduction (General)
2012,Rajasthan,False,2049.0,Rape & Attempted Rape,Rape (General/Other)
2012,Sikkim,False,19.0,Assault & Sexual Harassment,Assault to Outrage Modesty
2012,Sikkim,False,4.0,Cruelty & Dowry Offenses,Cruelty by Husband/Relatives
2012,Sikkim,False,1.0,Cruelty & Dowry Offenses,Dowry Death
2012,Sikkim,False,0.0,Human Trafficking,Immoral Traffic (Prevention) Act
2012,Sikkim,False,0.0,Special & Local Laws,Indecent Representation of Women Act
2012,Sikkim,False,0.0,Assault & Sexual Harassment,Insult to Modesty of Women
2012,Sikkim,False,10.0,Kidnapping & Abduction,Kidnapping & Abduction (General)
2012,Sikkim,False,34.0,Rape & Attempted Rape,Rape (General/Other)
2012,Tamil Nadu,False,1494.0,Assault & Sexual Harassment,Assault to Outrage Modesty
2012,Tamil Nadu,False,1965.0,Cruelty & Dowry Offenses,Cruelty by Husband/Relatives
2012,Tamil Nadu,False,110.0,Cruelty & Dowry Offenses,Dowry Death
2012,Tamil Nadu,False,500.0,Human Trafficking,Immoral Traffic (Prevention) Act
2012,Tamil Nadu,False,34.0,Special & Local Laws,Indecent Representation of Women Act
2012,Tamil Nadu,False,382.0,Assault & Sexual Harassment,Insult to Modesty of Women
2012,Tamil Nadu,False,1693.0,Kidnapping & Abduction,Kidnapping & Abduction (General)
2012,Tamil Nadu,False,737.0,Rape & Attempted Rape,Rape (General/Other)
2012,Tripura,False,314.0,Assault & Sexual Harassment,Assault to Outrage Modesty
2012,Tripura,False,858.0,Cruelty & Dowry Offenses,Cruelty by Husband/Relatives
2012,Tripura,False,37.0,Cruelty & Dowry Offenses,Dowry Death
2012,Tripura,False,0.0,Human Trafficking,Immoral Traffic (Prevention) Act
2012,Tripura,False,0.0,Special & Local Laws,Indecent Representation of Women Act
2012,Tripura,False,7.0,Assault & Sexual Harassment,Insult to Modesty of Women
2012,Tripura,False,114.0,Kidnapping & Abduction,Kidnapping & Abduction (General)
2012,Tripura,False,229.0,Rape & Attempted Rape,Rape (General/Other)
2012,Uttar Pradesh,False,3247.0,Assault & Sexual Harassment,Assault to Outrage Modesty
2012,Uttar Pradesh,False,7661.0,Cruelty & Dowry Offenses,Cruelty by Husband/Relatives
2012,Uttar Pradesh,False,2244.0,Cruelty & Dowry Offenses,Dowry Death
2012,Uttar Pradesh,False,31.0,Human Trafficking,Immoral Traffic (Prevention) Act
2012,Uttar Pradesh,False,0.0,Special & Local Laws,Indecent Representation of Women Act
2012,Uttar Pradesh,False,8.0,Assault & Sexual Harassment,Insult to Modesty of Women
2012,Uttar Pradesh,False,7910.0,Kidnapping & Abduction,Kidnapping & Abduction (General)
2012,Uttar Pradesh,False,1963.0,Rape & Attempted Rape,Rape (General/Other)
2012,Uttarakhand,False,139.0,Assault & Sexual Harassment,Assault to Outrage Modesty
2012,Uttarakhand,False,368.0,Cruelty & Dowry Offenses,Cruelty by Husband/Relatives
2012,Uttarakhand,False,71.0,Cruelty & Dowry Offenses,Dowry Death
2012,Uttarakhand,False,12.0,Human Trafficking,Immoral Traffic (Prevention) Act
2012,Uttarakhand,False,0.0,Special & Local Laws,Indecent Representation of Women Act
2012,Uttarakhand,False,73.0,Assault & Sexual Harassment,Insult to Modesty of Women
2012,Uttarakhand,False,256.0,Kidnapping & Abduction,Kidnapping & Abduction (General)
2012,Uttarakhand,False,148.0,Rape & Attempted Rape,Rape (General/Other)
2012,West Bengal,False,3345.0,Assault & Sexual Harassment,Assault to Outrage Modesty
2012,West Bengal,False,19865.0,Cruelty & Dowry Offenses,Cruelty by Husband/Relatives
2012,West Bengal,False,593.0,Cruelty & Dowry Offenses,Dowry Death
2012,West Bengal,False,109.0,Human Trafficking,Immoral Traffic (Prevention) Act
2012,West Bengal,False,7.0,Special & Local Laws,Indecent Representation of Women Act
2012,West Bengal,False,556.0,Assault & Sexual Harassment,Insult to Modesty of Women
2012,West Bengal,False,4168.0,Kidnapping & Abduction,Kidnapping & Abduction (General)
2012,West Bengal,False,2046.0,Rape & Attempted Rape,Rape (General/Other)
2013,Andaman & Nicobar Islands,False,45.0,Assault & Sexual Harassment,Assault to Outrage Modesty
2013,Andaman & Nicobar Islands,False,0.0,Special & Local Laws,Commission of Sati Prevention Act
2013,Andaman & Nicobar Islands,False,9.0,Cruelty & Dowry Offenses,Cruelty by Husband/Relatives
2013,Andaman & Nicobar Islands,False,1.0,Cruelty & Dowry Offenses,Dowry Death
2013,Andaman & Nicobar Islands,False,0.0,Cruelty & Dowry Offenses,Dowry Prohibition Act
2013,Andaman & Nicobar Islands,False,4.0,Human Trafficking,Immoral Traffic (Prevention) Act
2013,Andaman & Nicobar Islands,False,0.0,Human Trafficking,Importation of Girls from Foreign Country
2013,Andaman & Nicobar Islands,False,0.0,Special & Local Laws,Indecent Representation of Women Act
2013,Andaman & Nicobar Islands,False,8.0,Assault & Sexual Harassment,Insult to Modesty of Women
2013,Andaman & Nicobar Islands,False,12.0,Kidnapping & Abduction,Kidnapping & Abduction (General)
2013,Andaman & Nicobar Islands,False,27.0,Rape & Attempted Rape,Rape (General/Other)
2013,Andhra Pradesh,False,6930.0,Assault & Sexual Harassment,Assault to Outrage Modesty
2013,Andhra Pradesh,False,0.0,Special & Local Laws,Commission of Sati Prevention Act
2013,Andhra Pradesh,False,15084.0,Cruelty & Dowry Offenses,Cruelty by Husband/Relatives
2013,Andhra Pradesh,False,492.0,Cruelty & Dowry Offenses,Dowry Death
2013,Andhra Pradesh,False,1631.0,Cruelty & Dowry Offenses,Dowry Prohibition Act
2013,Andhra Pradesh,False,489.0,Human Trafficking,Immoral Traffic (Prevention) Act
2013,Andhra Pradesh,False,0.0,Human Trafficking,Importation of Girls from Foreign Country
2013,Andhra Pradesh,False,251.0,Special & Local Laws,Indecent Representation of Women Act
2013,Andhra Pradesh,False,4702.0,Assault & Sexual Harassment,Insult to Modesty of Women
2013,Andhra Pradesh,False,1595.0,Kidnapping & Abduction,Kidnapping & Abduction (General)
2013,Andhra Pradesh,False,1635.0,Rape & Attempted Rape,Rape (General/Other)
2013,Arunachal Pradesh,False,93.0,Assault & Sexual Harassment,Assault to Outrage Modesty
2013,Arunachal Pradesh,False,0.0,Special & Local Laws,Commission of Sati Prevention Act
2013,Arunachal Pradesh,False,29.0,Cruelty & Dowry Offenses,Cruelty by Husband/Relatives
2013,Arunachal Pradesh,False,0.0,Cruelty & Dowry Offenses,Dowry Death
2013,Arunachal Pradesh,False,0.0,Cruelty & Dowry Offenses,Dowry Prohibition Act
2013,Arunachal Pradesh,False,2.0,Human Trafficking,Immoral Traffic (Prevention) Act
2013,Arunachal Pradesh,False,0.0,Human Trafficking,Importation of Girls from Foreign Country
2013,Arunachal Pradesh,False,0.0,Special & Local Laws,Indecent Representation of Women Act
2013,Arunachal Pradesh,False,3.0,Assault & Sexual Harassment,Insult to Modesty of Women
2013,Arunachal Pradesh,False,86.0,Kidnapping & Abduction,Kidnapping & Abduction (General)
2013,Arunachal Pradesh,False,75.0,Rape & Attempted Rape,Rape (General/Other)
2013,Assam,False,2409.0,Assault & Sexual Harassment,Assault to Outrage Modesty
2013,Assam,False,0.0,Special & Local Laws,Commission of Sati Prevention Act
2013,Assam,False,8636.0,Cruelty & Dowry Offenses,Cruelty by Husband/Relatives
2013,Assam,False,170.0,Cruelty & Dowry Offenses,Dowry Death
2013,Assam,False,40.0,Cruelty & Dowry Offenses,Dowry Prohibition Act
2013,Assam,False,18.0,Human Trafficking,Immoral Traffic (Prevention) Act
2013,Assam,False,2.0,Human Trafficking,Importation of Girls from Foreign Country
2013,Assam,False,1.0,Special & Local Laws,Indecent Representation of Women Act
2013,Assam,False,14.0,Assault & Sexual Harassment,Insult to Modesty of Women
2013,Assam,False,4222.0,Kidnapping & Abduction,Kidnapping & Abduction (General)
2013,Assam,False,1937.0,Rape & Attempted Rape,Rape (General/Other)
2013,Bihar,False,331.0,Assault & Sexual Harassment,Assault to Outrage Modesty
2013,Bihar,False,0.0,Special & Local Laws,Commission of Sati Prevention Act
2013,Bihar,False,4533.0,Cruelty & Dowry Offenses,Cruelty by Husband/Relatives
2013,Bihar,False,1182.0,Cruelty & Dowry Offenses,Dowry Death
2013,Bihar,False,1893.0,Cruelty & Dowry Offenses,Dowry Prohibition Act
2013,Bihar,False,64.0,Human Trafficking,Immoral Traffic (Prevention) Act
2013,Bihar,False,7.0,Human Trafficking,Importation of Girls from Foreign Country
2013,Bihar,False,0.0,Special & Local Laws,Indecent Representation of Women Act
2013,Bihar,False,52.0,Assault & Sexual Harassment,Insult to Modesty of Women
2013,Bihar,False,4419.0,Kidnapping & Abduction,Kidnapping & Abduction (General)
2013,Bihar,False,1128.0,Rape & Attempted Rape,Rape (General/Other)
2013,Chandigarh,False,143.0,Assault & Sexual Harassment,Assault to Outrage Modesty
2013,Chandigarh,False,0.0,Special & Local Laws,Commission of Sati Prevention Act
2013,Chandigarh,False,92.0,Cruelty & Dowry Offenses,Cruelty by Husband/Relatives
2013,Chandigarh,False,1.0,Cruelty & Dowry Offenses,Dowry Death
2013,Chandigarh,False,0.0,Cruelty & Dowry Offenses,Dowry Prohibition Act
2013,Chandigarh,False,6.0,Human Trafficking,Immoral Traffic (Prevention) Act
2013,Chandigarh,False,0.0,Human Trafficking,Importation of Girls from Foreign Country
2013,Chandigarh,False,1.0,Special & Local Laws,Indecent Representation of Women Act
2013,Chandigarh,False,26.0,Assault & Sexual Harassment,Insult to Modesty of Women
2013,Chandigarh,False,174.0,Kidnapping & Abduction,Kidnapping & Abduction (General)
2013,Chandigarh,False,45.0,Rape & Attempted Rape,Rape (General/Other)
2013,Chhattisgarh,False,2261.0,Assault & Sexual Harassment,Assault to Outrage Modesty
2013,Chhattisgarh,False,0.0,Special & Local Laws,Commission of Sati Prevention Act
2013,Chhattisgarh,False,1181.0,Cruelty & Dowry Offenses,Cruelty by Husband/Relatives
2013,Chhattisgarh,False,109.0,Cruelty & Dowry Offenses,Dowry Death
2013,Chhattisgarh,False,11.0,Cruelty & Dowry Offenses,Dowry Prohibition Act
2013,Chhattisgarh,False,8.0,Human Trafficking,Immoral Traffic (Prevention) Act
2013,Chhattisgarh,False,1.0,Human Trafficking,Importation of Girls from Foreign Country
2013,Chhattisgarh,False,0.0,Special & Local Laws,Indecent Representation of Women Act
2013,Chhattisgarh,False,180.0,Assault & Sexual Harassment,Insult to Modesty of Women
2013,Chhattisgarh,False,1881.0,Kidnapping & Abduction,Kidnapping & Abduction (General)
2013,Chhattisgarh,False,1380.0,Rape & Attempted Rape,Rape (General/Other)
2013,"Dadra & Nagar Haveli (pre-2020, separate UT)",False,1.0,Assault & Sexual Harassment,Assault to Outrage Modesty
2013,"Dadra & Nagar Haveli (pre-2020, separate UT)",False,0.0,Special & Local Laws,Commission of Sati Prevention Act
2013,"Dadra & Nagar Haveli (pre-2020, separate UT)",False,1.0,Cruelty & Dowry Offenses,Cruelty by Husband/Relatives
2013,"Dadra & Nagar Haveli (pre-2020, separate UT)",False,0.0,Cruelty & Dowry Offenses,Dowry Death
2013,"Dadra & Nagar Haveli (pre-2020, separate UT)",False,0.0,Cruelty & Dowry Offenses,Dowry Prohibition Act
2013,"Dadra & Nagar Haveli (pre-2020, separate UT)",False,2.0,Human Trafficking,Immoral Traffic (Prevention) Act
2013,"Dadra & Nagar Haveli (pre-2020, separate UT)",False,0.0,Human Trafficking,Importation of Girls from Foreign Country
2013,"Dadra & Nagar Haveli (pre-2020, separate UT)",False,0.0,Special & Local Laws,Indecent Representation of Women Act
2013,"Dadra & Nagar Haveli (pre-2020, separate UT)",False,1.0,Assault & Sexual Harassment,Insult to Modesty of Women
2013,"Dadra & Nagar Haveli (pre-2020, separate UT)",False,11.0,Kidnapping & Abduction,Kidnapping & Abduction (General)
2013,"Dadra & Nagar Haveli (pre-2020, separate UT)",False,5.0,Rape & Attempted Rape,Rape (General/Other)
2013,"Daman & Diu (pre-2020, separate UT)",False,2.0,Assault & Sexual Harassment,Assault to Outrage Modesty
2013,"Daman & Diu (pre-2020, separate UT)",False,0.0,Special & Local Laws,Commission of Sati Prevention Act
2013,"Daman & Diu (pre-2020, separate UT)",False,2.0,Cruelty & Dowry Offenses,Cruelty by Husband/Relatives
2013,"Daman & Diu (pre-2020, separate UT)",False,0.0,Cruelty & Dowry Offenses,Dowry Death
2013,"Daman & Diu (pre-2020, separate UT)",False,0.0,Cruelty & Dowry Offenses,Dowry Prohibition Act
2013,"Daman & Diu (pre-2020, separate UT)",False,6.0,Human Trafficking,Immoral Traffic (Prevention) Act
2013,"Daman & Diu (pre-2020, separate UT)",False,0.0,Human Trafficking,Importation of Girls from Foreign Country
2013,"Daman & Diu (pre-2020, separate UT)",False,0.0,Special & Local Laws,Indecent Representation of Women Act
2013,"Daman & Diu (pre-2020, separate UT)",False,0.0,Assault & Sexual Harassment,Insult to Modesty of Women
2013,"Daman & Diu (pre-2020, separate UT)",False,6.0,Kidnapping & Abduction,Kidnapping & Abduction (General)
2013,"Daman & Diu (pre-2020, separate UT)",False,8.0,Rape & Attempted Rape,Rape (General/Other)
2013,Delhi,False,3515.0,Assault & Sexual Harassment,Assault to Outrage Modesty
2013,Delhi,False,0.0,Special & Local Laws,Commission of Sati Prevention Act
2013,Delhi,False,3033.0,Cruelty & Dowry Offenses,Cruelty by Husband/Relatives
2013,Delhi,False,144.0,Cruelty & Dowry Offenses,Dowry Death
2013,Delhi,False,15.0,Cruelty & Dowry Offenses,Dowry Prohibition Act
2013,Delhi,False,20.0,Human Trafficking,Immoral Traffic (Prevention) Act
2013,Delhi,False,0.0,Human Trafficking,Importation of Girls from Foreign Country
2013,Delhi,False,0.0,Special & Local Laws,Indecent Representation of Women Act
2013,Delhi,False,916.0,Assault & Sexual Harassment,Insult to Modesty of Women
2013,Delhi,False,3609.0,Kidnapping & Abduction,Kidnapping & Abduction (General)
2013,Delhi,False,1636.0,Rape & Attempted Rape,Rape (General/Other)
2013,Goa,False,162.0,Assault & Sexual Harassment,Assault to Outrage Modesty
2013,Goa,False,0.0,Special & Local Laws,Commission of Sati Prevention Act
2013,Goa,False,40.0,Cruelty & Dowry Offenses,Cruelty by Husband/Relatives
2013,Goa,False,0.0,Cruelty & Dowry Offenses,Dowry Death
2013,Goa,False,0.0,Cruelty & Dowry Offenses,Dowry Prohibition Act
2013,Goa,False,28.0,Human Trafficking,Immoral Traffic (Prevention) Act
2013,Goa,False,0.0,Human Trafficking,Importation of Girls from Foreign Country
2013,Goa,False,0.0,Special & Local Laws,Indecent Representation of Women Act
2013,Goa,False,54.0,Assault & Sexual Harassment,Insult to Modesty of Women
2013,Goa,False,70.0,Kidnapping & Abduction,Kidnapping & Abduction (General)
2013,Goa,False,86.0,Rape & Attempted Rape,Rape (General/Other)
2013,Gujarat,False,1243.0,Assault & Sexual Harassment,Assault to Outrage Modesty
2013,Gujarat,False,0.0,Special & Local Laws,Commission of Sati Prevention Act
2013,Gujarat,False,7812.0,Cruelty & Dowry Offenses,Cruelty by Husband/Relatives
2013,Gujarat,False,29.0,Cruelty & Dowry Offenses,Dowry Death
2013,Gujarat,False,84.0,Cruelty & Dowry Offenses,Dowry Prohibition Act
2013,Gujarat,False,76.0,Human Trafficking,Immoral Traffic (Prevention) Act
2013,Gujarat,False,0.0,Human Trafficking,Importation of Girls from Foreign Country
2013,Gujarat,False,0.0,Special & Local Laws,Indecent Representation of Women Act
2013,Gujarat,False,77.0,Assault & Sexual Harassment,Insult to Modesty of Women
2013,Gujarat,False,2230.0,Kidnapping & Abduction,Kidnapping & Abduction (General)
2013,Gujarat,False,732.0,Rape & Attempted Rape,Rape (General/Other)
2013,Haryana,False,1560.0,Assault & Sexual Harassment,Assault to Outrage Modesty
2013,Haryana,False,0.0,Special & Local Laws,Commission of Sati Prevention Act
2013,Haryana,False,3617.0,Cruelty & Dowry Offenses,Cruelty by Husband/Relatives
2013,Haryana,False,263.0,Cruelty & Dowry Offenses,Dowry Death
2013,Haryana,False,13.0,Cruelty & Dowry Offenses,Dowry Prohibition Act
2013,Haryana,False,63.0,Human Trafficking,Immoral Traffic (Prevention) Act
2013,Haryana,False,2.0,Human Trafficking,Importation of Girls from Foreign Country
2013,Haryana,False,0.0,Special & Local Laws,Indecent Representation of Women Act
2013,Haryana,False,643.0,Assault & Sexual Harassment,Insult to Modesty of Women
2013,Haryana,False,1957.0,Kidnapping & Abduction,Kidnapping & Abduction (General)
2013,Haryana,False,971.0,Rape & Attempted Rape,Rape (General/Other)
2013,Himachal Pradesh,False,493.0,Assault & Sexual Harassment,Assault to Outrage Modesty
2013,Himachal Pradesh,False,0.0,Special & Local Laws,Commission of Sati Prevention Act
2013,Himachal Pradesh,False,328.0,Cruelty & Dowry Offenses,Cruelty by Husband/Relatives
2013,Himachal Pradesh,False,0.0,Cruelty & Dowry Offenses,Dowry Death
2013,Himachal Pradesh,False,2.0,Cruelty & Dowry Offenses,Dowry Prohibition Act
2013,Himachal Pradesh,False,4.0,Human Trafficking,Immoral Traffic (Prevention) Act
2013,Himachal Pradesh,False,0.0,Human Trafficking,Importation of Girls from Foreign Country
2013,Himachal Pradesh,False,0.0,Special & Local Laws,Indecent Representation of Women Act
2013,Himachal Pradesh,False,111.0,Assault & Sexual Harassment,Insult to Modesty of Women
2013,Himachal Pradesh,False,290.0,Kidnapping & Abduction,Kidnapping & Abduction (General)
2013,Himachal Pradesh,False,250.0,Rape & Attempted Rape,Rape (General/Other)
2013,Jammu & Kashmir,False,1389.0,Assault & Sexual Harassment,Assault to Outrage Modesty
2013,Jammu & Kashmir,False,0.0,Special & Local Laws,Commission of Sati Prevention Act
2013,Jammu & Kashmir,False,428.0,Cruelty & Dowry Offenses,Cruelty by Husband/Relatives
2013,Jammu & Kashmir,False,7.0,Cruelty & Dowry Offenses,Dowry Death
2013,Jammu & Kashmir,False,3.0,Cruelty & Dowry Offenses,Dowry Prohibition Act
2013,Jammu & Kashmir,False,1.0,Human Trafficking,Immoral Traffic (Prevention) Act
2013,Jammu & Kashmir,False,0.0,Human Trafficking,Importation of Girls from Foreign Country
2013,Jammu & Kashmir,False,0.0,Special & Local Laws,Indecent Representation of Women Act
2013,Jammu & Kashmir,False,354.0,Assault & Sexual Harassment,Insult to Modesty of Women
2013,Jammu & Kashmir,False,949.0,Kidnapping & Abduction,Kidnapping & Abduction (General)
2013,Jammu & Kashmir,False,378.0,Rape & Attempted Rape,Rape (General/Other)
2013,Jharkhand,False,524.0,Assault & Sexual Harassment,Assault to Outrage Modesty
2013,Jharkhand,False,0.0,Special & Local Laws,Commission of Sati Prevention Act
2013,Jharkhand,False,2084.0,Cruelty & Dowry Offenses,Cruelty by Husband/Relatives
2013,Jharkhand,False,307.0,Cruelty & Dowry Offenses,Dowry Death
2013,Jharkhand,False,1428.0,Cruelty & Dowry Offenses,Dowry Prohibition Act
2013,Jharkhand,False,11.0,Human Trafficking,Immoral Traffic (Prevention) Act
2013,Jharkhand,False,2.0,Human Trafficking,Importation of Girls from Foreign Country
2013,Jharkhand,False,2.0,Special & Local Laws,Indecent Representation of Women Act
2013,Jharkhand,False,18.0,Assault & Sexual Harassment,Insult to Modesty of Women
2013,Jharkhand,False,926.0,Kidnapping & Abduction,Kidnapping & Abduction (General)
2013,Jharkhand,False,1204.0,Rape & Attempted Rape,Rape (General/Other)
2013,Karnataka,False,3913.0,Assault & Sexual Harassment,Assault to Outrage Modesty
2013,Karnataka,False,0.0,Special & Local Laws,Commission of Sati Prevention Act
2013,Karnataka,False,3276.0,Cruelty & Dowry Offenses,Cruelty by Husband/Relatives
2013,Karnataka,False,277.0,Cruelty & Dowry Offenses,Dowry Death
2013,Karnataka,False,1693.0,Cruelty & Dowry Offenses,Dowry Prohibition Act
2013,Karnataka,False,340.0,Human Trafficking,Immoral Traffic (Prevention) Act
2013,Karnataka,False,0.0,Human Trafficking,Importation of Girls from Foreign Country
2013,Karnataka,False,2.0,Special & Local Laws,Indecent Representation of Women Act
2013,Karnataka,False,137.0,Assault & Sexual Harassment,Insult to Modesty of Women
2013,Karnataka,False,1359.0,Kidnapping & Abduction,Kidnapping & Abduction (General)
2013,Karnataka,False,1030.0,Rape & Attempted Rape,Rape (General/Other)
2013,Kerala,False,4362.0,Assault & Sexual Harassment,Assault to Outrage Modesty
2013,Kerala,False,0.0,Special & Local Laws,Commission of Sati Prevention Act
2013,Kerala,False,4820.0,Cruelty & Dowry Offenses,Cruelty by Husband/Relatives
2013,Kerala,False,21.0,Cruelty & Dowry Offenses,Dowry Death
2013,Kerala,False,3.0,Cruelty & Dowry Offenses,Dowry Prohibition Act
2013,Kerala,False,180.0,Human Trafficking,Immoral Traffic (Prevention) Act
2013,Kerala,False,0.0,Human Trafficking,Importation of Girls from Foreign Country
2013,Kerala,False,20.0,Special & Local Laws,Indecent Representation of Women Act
2013,Kerala,False,404.0,Assault & Sexual Harassment,Insult to Modesty of Women
2013,Kerala,False,185.0,Kidnapping & Abduction,Kidnapping & Abduction (General)
2013,Kerala,False,1221.0,Rape & Attempted Rape,Rape (General/Other)
2013,Lakshadweep,False,1.0,Assault & Sexual Harassment,Assault to Outrage Modesty
2013,Lakshadweep,False,0.0,Special & Local Laws,Commission of Sati Prevention Act
2013,Lakshadweep,False,0.0,Cruelty & Dowry Offenses,Cruelty by Husband/Relatives
2013,Lakshadweep,False,0.0,Cruelty & Dowry Offenses,Dowry Death
2013,Lakshadweep,False,0.0,Cruelty & Dowry Offenses,Dowry Prohibition Act
2013,Lakshadweep,False,0.0,Human Trafficking,Immoral Traffic (Prevention) Act
2013,Lakshadweep,False,0.0,Human Trafficking,Importation of Girls from Foreign Country
2013,Lakshadweep,False,0.0,Special & Local Laws,Indecent Representation of Women Act
2013,Lakshadweep,False,0.0,Assault & Sexual Harassment,Insult to Modesty of Women
2013,Lakshadweep,False,0.0,Kidnapping & Abduction,Kidnapping & Abduction (General)
2013,Lakshadweep,False,2.0,Rape & Attempted Rape,Rape (General/Other)
2013,Madhya Pradesh,False,8252.0,Assault & Sexual Harassment,Assault to Outrage Modesty
2013,Madhya Pradesh,False,0.0,Special & Local Laws,Commission of Sati Prevention Act
2013,Madhya Pradesh,False,4988.0,Cruelty & Dowry Offenses,Cruelty by Husband/Relatives
2013,Madhya Pradesh,False,776.0,Cruelty & Dowry Offenses,Dowry Death
2013,Madhya Pradesh,False,72.0,Cruelty & Dowry Offenses,Dowry Prohibition Act
2013,Madhya Pradesh,False,22.0,Human Trafficking,Immoral Traffic (Prevention) Act
2013,Madhya Pradesh,False,7.0,Human Trafficking,Importation of Girls from Foreign Country
2013,Madhya Pradesh,False,0.0,Special & Local Laws,Indecent Representation of Women Act
2013,Madhya Pradesh,False,736.0,Assault & Sexual Harassment,Insult to Modesty of Women
2013,Madhya Pradesh,False,2873.0,Kidnapping & Abduction,Kidnapping & Abduction (General)
2013,Madhya Pradesh,False,4335.0,Rape & Attempted Rape,Rape (General/Other)
2013,Maharashtra,False,8132.0,Assault & Sexual Harassment,Assault to Outrage Modesty
2013,Maharashtra,False,0.0,Special & Local Laws,Commission of Sati Prevention Act
2013,Maharashtra,False,8542.0,Cruelty & Dowry Offenses,Cruelty by Husband/Relatives
2013,Maharashtra,False,320.0,Cruelty & Dowry Offenses,Dowry Death
2013,Maharashtra,False,43.0,Cruelty & Dowry Offenses,Dowry Prohibition Act
2013,Maharashtra,False,289.0,Human Trafficking,Immoral Traffic (Prevention) Act
2013,Maharashtra,False,0.0,Human Trafficking,Importation of Girls from Foreign Country
2013,Maharashtra,False,0.0,Special & Local Laws,Indecent Representation of Women Act
2013,Maharashtra,False,2632.0,Assault & Sexual Harassment,Insult to Modesty of Women
2013,Maharashtra,False,1874.0,Kidnapping & Abduction,Kidnapping & Abduction (General)
2013,Maharashtra,False,3063.0,Rape & Attempted Rape,Rape (General/Other)
2013,Manipur,False,59.0,Assault & Sexual Harassment,Assault to Outrage Modesty
2013,Manipur,False,0.0,Special & Local Laws,Commission of Sati Prevention Act
2013,Manipur,False,29.0,Cruelty & Dowry Offenses,Cruelty by Husband/Relatives
2013,Manipur,False,0.0,Cruelty & Dowry Offenses,Dowry Death
2013,Manipur,False,0.0,Cruelty & Dowry Offenses,Dowry Prohibition Act
2013,Manipur,False,0.0,Human Trafficking,Immoral Traffic (Prevention) Act
2013,Manipur,False,0.0,Human Trafficking,Importation of Girls from Foreign Country
2013,Manipur,False,0.0,Special & Local Laws,Indecent Representation of Women Act
2013,Manipur,False,0.0,Assault & Sexual Harassment,Insult to Modesty of Women
2013,Manipur,False,125.0,Kidnapping & Abduction,Kidnapping & Abduction (General)
2013,Manipur,False,72.0,Rape & Attempted Rape,Rape (General/Other)
2013,Meghalaya,False,98.0,Assault & Sexual Harassment,Assault to Outrage Modesty
2013,Meghalaya,False,0.0,Special & Local Laws,Commission of Sati Prevention Act
2013,Meghalaya,False,23.0,Cruelty & Dowry Offenses,Cruelty by Husband/Relatives
2013,Meghalaya,False,2.0,Cruelty & Dowry Offenses,Dowry Death
2013,Meghalaya,False,0.0,Cruelty & Dowry Offenses,Dowry Prohibition Act
2013,Meghalaya,False,4.0,Human Trafficking,Immoral Traffic (Prevention) Act
2013,Meghalaya,False,0.0,Human Trafficking,Importation of Girls from Foreign Country
2013,Meghalaya,False,0.0,Special & Local Laws,Indecent Representation of Women Act
2013,Meghalaya,False,0.0,Assault & Sexual Harassment,Insult to Modesty of Women
2013,Meghalaya,False,33.0,Kidnapping & Abduction,Kidnapping & Abduction (General)
2013,Meghalaya,False,183.0,Rape & Attempted Rape,Rape (General/Other)
2013,Mizoram,False,81.0,Assault & Sexual Harassment,Assault to Outrage Modesty
2013,Mizoram,False,0.0,Special & Local Laws,Commission of Sati Prevention Act
2013,Mizoram,False,5.0,Cruelty & Dowry Offenses,Cruelty by Husband/Relatives
2013,Mizoram,False,0.0,Cruelty & Dowry Offenses,Dowry Death
2013,Mizoram,False,0.0,Cruelty & Dowry Offenses,Dowry Prohibition Act
2013,Mizoram,False,0.0,Human Trafficking,Immoral Traffic (Prevention) Act
2013,Mizoram,False,0.0,Human Trafficking,Importation of Girls from Foreign Country
2013,Mizoram,False,0.0,Special & Local Laws,Indecent Representation of Women Act
2013,Mizoram,False,0.0,Assault & Sexual Harassment,Insult to Modesty of Women
2013,Mizoram,False,2.0,Kidnapping & Abduction,Kidnapping & Abduction (General)
2013,Mizoram,False,89.0,Rape & Attempted Rape,Rape (General/Other)
2013,Nagaland,False,18.0,Assault & Sexual Harassment,Assault to Outrage Modesty
2013,Nagaland,False,0.0,Special & Local Laws,Commission of Sati Prevention Act
2013,Nagaland,False,4.0,Cruelty & Dowry Offenses,Cruelty by Husband/Relatives
2013,Nagaland,False,1.0,Cruelty & Dowry Offenses,Dowry Death
2013,Nagaland,False,0.0,Cruelty & Dowry Offenses,Dowry Prohibition Act
2013,Nagaland,False,1.0,Human Trafficking,Immoral Traffic (Prevention) Act
2013,Nagaland,False,0.0,Human Trafficking,Importation of Girls from Foreign Country
2013,Nagaland,False,0.0,Special & Local Laws,Indecent Representation of Women Act
2013,Nagaland,False,1.0,Assault & Sexual Harassment,Insult to Modesty of Women
2013,Nagaland,False,11.0,Kidnapping & Abduction,Kidnapping & Abduction (General)
2013,Nagaland,False,31.0,Rape & Attempted Rape,Rape (General/Other)
2013,Odisha,False,4618.0,Assault & Sexual Harassment,Assault to Outrage Modesty
2013,Odisha,False,0.0,Special & Local Laws,Commission of Sati Prevention Act
2013,Odisha,False,2792.0,Cruelty & Dowry Offenses,Cruelty by Husband/Relatives
2013,Odisha,False,395.0,Cruelty & Dowry Offenses,Dowry Death
2013,Odisha,False,2014.0,Cruelty & Dowry Offenses,Dowry Prohibition Act
2013,Odisha,False,27.0,Human Trafficking,Immoral Traffic (Prevention) Act
2013,Odisha,False,0.0,Human Trafficking,Importation of Girls from Foreign Country
2013,Odisha,False,2.0,Special & Local Laws,Indecent Representation of Women Act
2013,Odisha,False,426.0,Assault & Sexual Harassment,Insult to Modesty of Women
2013,Odisha,False,2067.0,Kidnapping & Abduction,Kidnapping & Abduction (General)
2013,Odisha,False,1832.0,Rape & Attempted Rape,Rape (General/Other)
2013,Puducherry,False,12.0,Assault & Sexual Harassment,Assault to Outrage Modesty
2013,Puducherry,False,0.0,Special & Local Laws,Commission of Sati Prevention Act
2013,Puducherry,False,8.0,Cruelty & Dowry Offenses,Cruelty by Husband/Relatives
2013,Puducherry,False,1.0,Cruelty & Dowry Offenses,Dowry Death
2013,Puducherry,False,14.0,Cruelty & Dowry Offenses,Dowry Prohibition Act
2013,Puducherry,False,0.0,Human Trafficking,Immoral Traffic (Prevention) Act
2013,Puducherry,False,0.0,Human Trafficking,Importation of Girls from Foreign Country
2013,Puducherry,False,1.0,Special & Local Laws,Indecent Representation of Women Act
2013,Puducherry,False,8.0,Assault & Sexual Harassment,Insult to Modesty of Women
2013,Puducherry,False,25.0,Kidnapping & Abduction,Kidnapping & Abduction (General)
2013,Puducherry,False,17.0,Rape & Attempted Rape,Rape (General/Other)
2013,Punjab,False,1045.0,Assault & Sexual Harassment,Assault to Outrage Modesty
2013,Punjab,False,0.0,Special & Local Laws,Commission of Sati Prevention Act
2013,Punjab,False,1741.0,Cruelty & Dowry Offenses,Cruelty by Husband/Relatives
2013,Punjab,False,126.0,Cruelty & Dowry Offenses,Dowry Death
2013,Punjab,False,3.0,Cruelty & Dowry Offenses,Dowry Prohibition Act
2013,Punjab,False,137.0,Human Trafficking,Immoral Traffic (Prevention) Act
2013,Punjab,False,0.0,Human Trafficking,Importation of Girls from Foreign Country
2013,Punjab,False,0.0,Special & Local Laws,Indecent Representation of Women Act
2013,Punjab,False,67.0,Assault & Sexual Harassment,Insult to Modesty of Women
2013,Punjab,False,987.0,Kidnapping & Abduction,Kidnapping & Abduction (General)
2013,Punjab,False,888.0,Rape & Attempted Rape,Rape (General/Other)
2013,Rajasthan,False,4829.0,Assault & Sexual Harassment,Assault to Outrage Modesty
2013,Rajasthan,False,0.0,Special & Local Laws,Commission of Sati Prevention Act
2013,Rajasthan,False,15094.0,Cruelty & Dowry Offenses,Cruelty by Husband/Relatives
2013,Rajasthan,False,453.0,Cruelty & Dowry Offenses,Dowry Death
2013,Rajasthan,False,57.0,Cruelty & Dowry Offenses,Dowry Prohibition Act
2013,Rajasthan,False,74.0,Human Trafficking,Immoral Traffic (Prevention) Act
2013,Rajasthan,False,1.0,Human Trafficking,Importation of Girls from Foreign Country
2013,Rajasthan,False,68.0,Special & Local Laws,Indecent Representation of Women Act
2013,Rajasthan,False,25.0,Assault & Sexual Harassment,Insult to Modesty of Women
2013,Rajasthan,False,4047.0,Kidnapping & Abduction,Kidnapping & Abduction (General)
2013,Rajasthan,False,3285.0,Rape & Attempted Rape,Rape (General/Other)
2013,Sikkim,False,29.0,Assault & Sexual Harassment,Assault to Outrage Modesty
2013,Sikkim,False,0.0,Special & Local Laws,Commission of Sati Prevention Act
2013,Sikkim,False,5.0,Cruelty & Dowry Offenses,Cruelty by Husband/Relatives
2013,Sikkim,False,0.0,Cruelty & Dowry Offenses,Dowry Death
2013,Sikkim,False,0.0,Cruelty & Dowry Offenses,Dowry Prohibition Act
2013,Sikkim,False,0.0,Human Trafficking,Immoral Traffic (Prevention) Act
2013,Sikkim,False,0.0,Human Trafficking,Importation of Girls from Foreign Country
2013,Sikkim,False,0.0,Special & Local Laws,Indecent Representation of Women Act
2013,Sikkim,False,0.0,Assault & Sexual Harassment,Insult to Modesty of Women
2013,Sikkim,False,16.0,Kidnapping & Abduction,Kidnapping & Abduction (General)
2013,Sikkim,False,43.0,Rape & Attempted Rape,Rape (General/Other)
2013,Tamil Nadu,False,1271.0,Assault & Sexual Harassment,Assault to Outrage Modesty
2013,Tamil Nadu,False,0.0,Special & Local Laws,Commission of Sati Prevention Act
2013,Tamil Nadu,False,2471.0,Cruelty & Dowry Offenses,Cruelty by Husband/Relatives
2013,Tamil Nadu,False,118.0,Cruelty & Dowry Offenses,Dowry Death
2013,Tamil Nadu,False,305.0,Cruelty & Dowry Offenses,Dowry Prohibition Act
2013,Tamil Nadu,False,549.0,Human Trafficking,Immoral Traffic (Prevention) Act
2013,Tamil Nadu,False,0.0,Human Trafficking,Importation of Girls from Foreign Country
2013,Tamil Nadu,False,9.0,Special & Local Laws,Indecent Representation of Women Act
2013,Tamil Nadu,False,313.0,Assault & Sexual Harassment,Insult to Modesty of Women
2013,Tamil Nadu,False,1516.0,Kidnapping & Abduction,Kidnapping & Abduction (General)
2013,Tamil Nadu,False,923.0,Rape & Attempted Rape,Rape (General/Other)
2013,Tripura,False,407.0,Assault & Sexual Harassment,Assault to Outrage Modesty
2013,Tripura,False,0.0,Special & Local Laws,Commission of Sati Prevention Act
2013,Tripura,False,827.0,Cruelty & Dowry Offenses,Cruelty by Husband/Relatives
2013,Tripura,False,29.0,Cruelty & Dowry Offenses,Dowry Death
2013,Tripura,False,1.0,Cruelty & Dowry Offenses,Dowry Prohibition Act
2013,Tripura,False,0.0,Human Trafficking,Immoral Traffic (Prevention) Act
2013,Tripura,False,0.0,Human Trafficking,Importation of Girls from Foreign Country
2013,Tripura,False,0.0,Special & Local Laws,Indecent Representation of Women Act
2013,Tripura,False,7.0,Assault & Sexual Harassment,Insult to Modesty of Women
2013,Tripura,False,124.0,Kidnapping & Abduction,Kidnapping & Abduction (General)
2013,Tripura,False,233.0,Rape & Attempted Rape,Rape (General/Other)
2013,Uttar Pradesh,False,7303.0,Assault & Sexual Harassment,Assault to Outrage Modesty
2013,Uttar Pradesh,False,0.0,Special & Local Laws,Commission of Sati Prevention Act
2013,Uttar Pradesh,False,8781.0,Cruelty & Dowry Offenses,Cruelty by Husband/Relatives
2013,Uttar Pradesh,False,2335.0,Cruelty & Dowry Offenses,Dowry Death
2013,Uttar Pradesh,False,1277.0,Cruelty & Dowry Offenses,Dowry Prohibition Act
2013,Uttar Pradesh,False,37.0,Human Trafficking,Immoral Traffic (Prevention) Act
2013,Uttar Pradesh,False,0.0,Human Trafficking,Importation of Girls from Foreign Country
2013,Uttar Pradesh,False,1.0,Special & Local Laws,Indecent Representation of Women Act
2013,Uttar Pradesh,False,25.0,Assault & Sexual Harassment,Insult to Modesty of Women
2013,Uttar Pradesh,False,9737.0,Kidnapping & Abduction,Kidnapping & Abduction (General)
2013,Uttar Pradesh,False,3050.0,Rape & Attempted Rape,Rape (General/Other)
2013,Uttarakhand,False,295.0,Assault & Sexual Harassment,Assault to Outrage Modesty
2013,Uttarakhand,False,0.0,Special & Local Laws,Commission of Sati Prevention Act
2013,Uttarakhand,False,435.0,Cruelty & Dowry Offenses,Cruelty by Husband/Relatives
2013,Uttarakhand,False,43.0,Cruelty & Dowry Offenses,Dowry Death
2013,Uttarakhand,False,0.0,Cruelty & Dowry Offenses,Dowry Prohibition Act
2013,Uttarakhand,False,13.0,Human Trafficking,Immoral Traffic (Prevention) Act
2013,Uttarakhand,False,0.0,Human Trafficking,Importation of Girls from Foreign Country
2013,Uttarakhand,False,0.0,Special & Local Laws,Indecent Representation of Women Act
2013,Uttarakhand,False,72.0,Assault & Sexual Harassment,Insult to Modesty of Women
2013,Uttarakhand,False,633.0,Kidnapping & Abduction,Kidnapping & Abduction (General)
2013,Uttarakhand,False,228.0,Rape & Attempted Rape,Rape (General/Other)
2013,West Bengal,False,4913.0,Assault & Sexual Harassment,Assault to Outrage Modesty
2013,West Bengal,False,0.0,Special & Local Laws,Commission of Sati Prevention Act
2013,West Bengal,False,18116.0,Cruelty & Dowry Offenses,Cruelty by Husband/Relatives
2013,West Bengal,False,481.0,Cruelty & Dowry Offenses,Dowry Death
2013,West Bengal,False,107.0,Cruelty & Dowry Offenses,Dowry Prohibition Act
2013,West Bengal,False,104.0,Human Trafficking,Immoral Traffic (Prevention) Act
2013,West Bengal,False,9.0,Human Trafficking,Importation of Girls from Foreign Country
2013,West Bengal,False,4.0,Special & Local Laws,Indecent Representation of Women Act
2013,West Bengal,False,577.0,Assault & Sexual Harassment,Insult to Modesty of Women
2013,West Bengal,False,3830.0,Kidnapping & Abduction,Kidnapping & Abduction (General)
2013,West Bengal,False,1685.0,Rape & Attempted Rape,Rape (General/Other)
2014,Andaman & Nicobar Islands,False,32.0,Rape & Attempted Rape,Rape (General/Other)
2014,Andaman & Nicobar Islands,True,0.0,Rape & Attempted Rape,Custodial Rape
2014,Andaman & Nicobar Islands,True,0.0,Rape & Attempted Rape,Custodial Gang Rape
2014,Andaman & Nicobar Islands,True,0.0,Rape & Attempted Rape,Custodial Rape
2014,Andaman & Nicobar Islands,True,32.0,Rape & Attempted Rape,Custodial Rape
2014,Andaman & Nicobar Islands,True,1.0,Rape & Attempted Rape,Gang Rape
2014,Andaman & Nicobar Islands,True,31.0,Rape & Attempted Rape,Rape (General/Other)
2014,Andaman & Nicobar Islands,False,0.0,Cruelty & Dowry Offenses,Dowry Prohibition Act
2014,Andaman & Nicobar Islands,False,0.0,Special & Local Laws,Indecent Representation of Women Act
2014,Andaman & Nicobar Islands,False,0.0,Special & Local Laws,Commission of Sati Prevention Act
2014,Andaman & Nicobar Islands,False,0.0,Cruelty & Dowry Offenses,Domestic Violence Act
2014,Andaman & Nicobar Islands,False,1.0,Human Trafficking,Immoral Traffic (Prevention) Act
2014,Andaman & Nicobar Islands,True,1.0,Human Trafficking,Immoral Traffic (Prevention) Act
2014,Andaman & Nicobar Islands,True,0.0,Human Trafficking,Immoral Traffic (Prevention) Act
2014,Andaman & Nicobar Islands,True,0.0,Human Trafficking,Immoral Traffic (Prevention) Act
2014,Andaman & Nicobar Islands,True,0.0,Human Trafficking,Immoral Traffic (Prevention) Act
2014,Andaman & Nicobar Islands,True,0.0,Human Trafficking,Immoral Traffic (Prevention) Act
2014,Andaman & Nicobar Islands,False,0.0,Rape & Attempted Rape,Attempt to Commit Rape
2014,Andaman & Nicobar Islands,False,17.0,Kidnapping & Abduction,Kidnapping in Order to Murder
2014,Andaman & Nicobar Islands,True,11.0,Kidnapping & Abduction,Kidnapping & Abduction (General)
2014,Andaman & Nicobar Islands,True,0.0,Kidnapping & Abduction,Kidnapping in Order to Murder
2014,Andaman & Nicobar Islands,True,0.0,Kidnapping & Abduction,Kidnapping for Ransom
2014,Andaman & Nicobar Islands,True,0.0,Kidnapping & Abduction,Kidnapping to Compel Marriage
2014,Andaman & Nicobar Islands,True,6.0,Kidnapping & Abduction,Kidnapping & Abduction (General)
2014,Andaman & Nicobar Islands,False,3.0,Cruelty & Dowry Offenses,Dowry Death
2014,Andaman & Nicobar Islands,True,18.0,Assault & Sexual Harassment,Assault to Outrage Modesty
2014,Andaman & Nicobar Islands,True,1.0,Assault & Sexual Harassment,Assault with Intent to Disrobe
2014,Andaman & Nicobar Islands,True,1.0,Assault & Sexual Harassment,Voyeurism
2014,Andaman & Nicobar Islands,True,4.0,Assault & Sexual Harassment,Stalking
2014,Andaman & Nicobar Islands,True,17.0,Assault & Sexual Harassment,Other Assaults / Harassment
2014,Andaman & Nicobar Islands,True,0.0,Assault & Sexual Harassment,Sexual Harassment (Workplace)
2014,Andaman & Nicobar Islands,True,0.0,Assault & Sexual Harassment,Sexual Harassment (Workplace)
2014,Andaman & Nicobar Islands,True,0.0,Assault & Sexual Harassment,Sexual Harassment (Public Transport)
2014,Andaman & Nicobar Islands,True,5.0,Assault & Sexual Harassment,Harassment in Other Places
2014,Andaman & Nicobar Islands,False,14.0,Cruelty & Dowry Offenses,Cruelty by Husband/Relatives
2014,Andaman & Nicobar Islands,False,0.0,Human Trafficking,Importation of Girls from Foreign Country
2014,Andaman & Nicobar Islands,False,2.0,Special & Local Laws,Abetment of Suicide of Women
2014,Andhra Pradesh,False,961.0,Rape & Attempted Rape,Rape (General/Other)
2014,Andhra Pradesh,True,0.0,Rape & Attempted Rape,Custodial Rape
2014,Andhra Pradesh,True,0.0,Rape & Attempted Rape,Custodial Gang Rape
2014,Andhra Pradesh,True,0.0,Rape & Attempted Rape,Custodial Rape
2014,Andhra Pradesh,True,961.0,Rape & Attempted Rape,Custodial Rape
2014,Andhra Pradesh,True,14.0,Rape & Attempted Rape,Gang Rape
2014,Andhra Pradesh,True,947.0,Rape & Attempted Rape,Rape (General/Other)
2014,Andhra Pradesh,False,468.0,Cruelty & Dowry Offenses,Dowry Prohibition Act
2014,Andhra Pradesh,False,3.0,Special & Local Laws,Indecent Representation of Women Act
2014,Andhra Pradesh,False,0.0,Special & Local Laws,Commission of Sati Prevention Act
2014,Andhra Pradesh,False,0.0,Cruelty & Dowry Offenses,Domestic Violence Act
2014,Andhra Pradesh,False,204.0,Human Trafficking,Immoral Traffic (Prevention) Act
2014,Andhra Pradesh,True,23.0,Human Trafficking,Immoral Traffic (Prevention) Act
2014,Andhra Pradesh,True,0.0,Human Trafficking,Immoral Traffic (Prevention) Act
2014,Andhra Pradesh,True,0.0,Human Trafficking,Immoral Traffic (Prevention) Act
2014,Andhra Pradesh,True,2.0,Human Trafficking,Immoral Traffic (Prevention) Act
2014,Andhra Pradesh,True,179.0,Human Trafficking,Immoral Traffic (Prevention) Act
2014,Andhra Pradesh,False,165.0,Rape & Attempted Rape,Attempt to Commit Rape
2014,Andhra Pradesh,False,721.0,Kidnapping & Abduction,Kidnapping in Order to Murder
2014,Andhra Pradesh,True,180.0,Kidnapping & Abduction,Kidnapping & Abduction (General)
2014,Andhra Pradesh,True,1.0,Kidnapping & Abduction,Kidnapping in Order to Murder
2014,Andhra Pradesh,True,3.0,Kidnapping & Abduction,Kidnapping for Ransom
2014,Andhra Pradesh,True,274.0,Kidnapping & Abduction,Kidnapping to Compel Marriage
2014,Andhra Pradesh,True,263.0,Kidnapping & Abduction,Kidnapping & Abduction (General)
2014,Andhra Pradesh,False,215.0,Cruelty & Dowry Offenses,Dowry Death
2014,Andhra Pradesh,True,1072.0,Assault & Sexual Harassment,Assault to Outrage Modesty
2014,Andhra Pradesh,True,334.0,Assault & Sexual Harassment,Assault with Intent to Disrobe
2014,Andhra Pradesh,True,71.0,Assault & Sexual Harassment,Voyeurism
2014,Andhra Pradesh,True,504.0,Assault & Sexual Harassment,Stalking
2014,Andhra Pradesh,True,2566.0,Assault & Sexual Harassment,Other Assaults / Harassment
2014,Andhra Pradesh,True,3.0,Assault & Sexual Harassment,Sexual Harassment (Workplace)
2014,Andhra Pradesh,True,84.0,Assault & Sexual Harassment,Sexual Harassment (Workplace)
2014,Andhra Pradesh,True,65.0,Assault & Sexual Harassment,Sexual Harassment (Public Transport)
2014,Andhra Pradesh,True,2497.0,Assault & Sexual Harassment,Harassment in Other Places
2014,Andhra Pradesh,False,6362.0,Cruelty & Dowry Offenses,Cruelty by Husband/Relatives
2014,Andhra Pradesh,False,0.0,Human Trafficking,Importation of Girls from Foreign Country
2014,Andhra Pradesh,False,217.0,Special & Local Laws,Abetment of Suicide of Women
2014,Arunachal Pradesh,False,83.0,Rape & Attempted Rape,Rape (General/Other)
2014,Arunachal Pradesh,True,4.0,Rape & Attempted Rape,Custodial Rape
2014,Arunachal Pradesh,True,0.0,Rape & Attempted Rape,Custodial Gang Rape
2014,Arunachal Pradesh,True,4.0,Rape & Attempted Rape,Custodial Rape
2014,Arunachal Pradesh,True,79.0,Rape & Attempted Rape,Custodial Rape
2014,Arunachal Pradesh,True,5.0,Rape & Attempted Rape,Gang Rape
2014,Arunachal Pradesh,True,74.0,Rape & Attempted Rape,Rape (General/Other)
2014,Arunachal Pradesh,False,0.0,Cruelty & Dowry Offenses,Dowry Prohibition Act
2014,Arunachal Pradesh,False,0.0,Special & Local Laws,Indecent Representation of Women Act
2014,Arunachal Pradesh,False,0.0,Special & Local Laws,Commission of Sati Prevention Act
2014,Arunachal Pradesh,False,0.0,Cruelty & Dowry Offenses,Domestic Violence Act
2014,Arunachal Pradesh,False,0.0,Human Trafficking,Immoral Traffic (Prevention) Act
2014,Arunachal Pradesh,True,0.0,Human Trafficking,Immoral Traffic (Prevention) Act
2014,Arunachal Pradesh,True,0.0,Human Trafficking,Immoral Traffic (Prevention) Act
2014,Arunachal Pradesh,True,0.0,Human Trafficking,Immoral Traffic (Prevention) Act
2014,Arunachal Pradesh,True,0.0,Human Trafficking,Immoral Traffic (Prevention) Act
2014,Arunachal Pradesh,True,0.0,Human Trafficking,Immoral Traffic (Prevention) Act
2014,Arunachal Pradesh,False,10.0,Rape & Attempted Rape,Attempt to Commit Rape
2014,Arunachal Pradesh,False,91.0,Kidnapping & Abduction,Kidnapping in Order to Murder
2014,Arunachal Pradesh,True,25.0,Kidnapping & Abduction,Kidnapping & Abduction (General)
2014,Arunachal Pradesh,True,1.0,Kidnapping & Abduction,Kidnapping in Order to Murder
2014,Arunachal Pradesh,True,1.0,Kidnapping & Abduction,Kidnapping for Ransom
2014,Arunachal Pradesh,True,20.0,Kidnapping & Abduction,Kidnapping to Compel Marriage
2014,Arunachal Pradesh,True,44.0,Kidnapping & Abduction,Kidnapping & Abduction (General)
2014,Arunachal Pradesh,False,1.0,Cruelty & Dowry Offenses,Dowry Death
2014,Arunachal Pradesh,True,21.0,Assault & Sexual Harassment,Assault to Outrage Modesty
2014,Arunachal Pradesh,True,0.0,Assault & Sexual Harassment,Assault with Intent to Disrobe
2014,Arunachal Pradesh,True,6.0,Assault & Sexual Harassment,Voyeurism
2014,Arunachal Pradesh,True,1.0,Assault & Sexual Harassment,Stalking
2014,Arunachal Pradesh,True,93.0,Assault & Sexual Harassment,Other Assaults / Harassment
2014,Arunachal Pradesh,True,0.0,Assault & Sexual Harassment,Sexual Harassment (Workplace)
2014,Arunachal Pradesh,True,0.0,Assault & Sexual Harassment,Sexual Harassment (Workplace)
2014,Arunachal Pradesh,True,0.0,Assault & Sexual Harassment,Sexual Harassment (Public Transport)
2014,Arunachal Pradesh,True,3.0,Assault & Sexual Harassment,Harassment in Other Places
2014,Arunachal Pradesh,False,42.0,Cruelty & Dowry Offenses,Cruelty by Husband/Relatives
2014,Arunachal Pradesh,False,0.0,Human Trafficking,Importation of Girls from Foreign Country
2014,Arunachal Pradesh,False,0.0,Special & Local Laws,Abetment of Suicide of Women
2014,Assam,False,1980.0,Rape & Attempted Rape,Rape (General/Other)
2014,Assam,True,0.0,Rape & Attempted Rape,Custodial Rape
2014,Assam,True,0.0,Rape & Attempted Rape,Custodial Gang Rape
2014,Assam,True,0.0,Rape & Attempted Rape,Custodial Rape
2014,Assam,True,1980.0,Rape & Attempted Rape,Custodial Rape
2014,Assam,True,23.0,Rape & Attempted Rape,Gang Rape
2014,Assam,True,1957.0,Rape & Attempted Rape,Rape (General/Other)
2014,Assam,False,92.0,Cruelty & Dowry Offenses,Dowry Prohibition Act
2014,Assam,False,0.0,Special & Local Laws,Indecent Representation of Women Act
2014,Assam,False,0.0,Special & Local Laws,Commission of Sati Prevention Act
2014,Assam,False,1.0,Cruelty & Dowry Offenses,Domestic Violence Act
2014,Assam,False,29.0,Human Trafficking,Immoral Traffic (Prevention) Act
2014,Assam,True,6.0,Human Trafficking,Immoral Traffic (Prevention) Act
2014,Assam,True,1.0,Human Trafficking,Immoral Traffic (Prevention) Act
2014,Assam,True,2.0,Human Trafficking,Immoral Traffic (Prevention) Act
2014,Assam,True,0.0,Human Trafficking,Immoral Traffic (Prevention) Act
2014,Assam,True,20.0,Human Trafficking,Immoral Traffic (Prevention) Act
2014,Assam,False,227.0,Rape & Attempted Rape,Attempt to Commit Rape
2014,Assam,False,3895.0,Kidnapping & Abduction,Kidnapping in Order to Murder
2014,Assam,True,0.0,Kidnapping & Abduction,Kidnapping & Abduction (General)
2014,Assam,True,1.0,Kidnapping & Abduction,Kidnapping in Order to Murder
2014,Assam,True,3.0,Kidnapping & Abduction,Kidnapping for Ransom
2014,Assam,True,3883.0,Kidnapping & Abduction,Kidnapping to Compel Marriage
2014,Assam,True,8.0,Kidnapping & Abduction,Kidnapping & Abduction (General)
2014,Assam,False,188.0,Cruelty & Dowry Offenses,Dowry Death
2014,Assam,True,458.0,Assault & Sexual Harassment,Assault to Outrage Modesty
2014,Assam,True,399.0,Assault & Sexual Harassment,Assault with Intent to Disrobe
2014,Assam,True,0.0,Assault & Sexual Harassment,Voyeurism
2014,Assam,True,0.0,Assault & Sexual Harassment,Stalking
2014,Assam,True,2242.0,Assault & Sexual Harassment,Other Assaults / Harassment
2014,Assam,True,0.0,Assault & Sexual Harassment,Sexual Harassment (Workplace)
2014,Assam,True,1.0,Assault & Sexual Harassment,Sexual Harassment (Workplace)
2014,Assam,True,0.0,Assault & Sexual Harassment,Sexual Harassment (Public Transport)
2014,Assam,True,0.0,Assault & Sexual Harassment,Harassment in Other Places
2014,Assam,False,9626.0,Cruelty & Dowry Offenses,Cruelty by Husband/Relatives
2014,Assam,False,1.0,Human Trafficking,Importation of Girls from Foreign Country
2014,Assam,False,0.0,Special & Local Laws,Abetment of Suicide of Women
2014,Bihar,False,1127.0,Rape & Attempted Rape,Rape (General/Other)
2014,Bihar,True,0.0,Rape & Attempted Rape,Custodial Rape
2014,Bihar,True,0.0,Rape & Attempted Rape,Custodial Gang Rape
2014,Bihar,True,0.0,Rape & Attempted Rape,Custodial Rape
2014,Bihar,True,1127.0,Rape & Attempted Rape,Custodial Rape
2014,Bihar,True,24.0,Rape & Attempted Rape,Gang Rape
2014,Bihar,True,1103.0,Rape & Attempted Rape,Rape (General/Other)
2014,Bihar,False,2203.0,Cruelty & Dowry Offenses,Dowry Prohibition Act
2014,Bihar,False,0.0,Special & Local Laws,Indecent Representation of Women Act
2014,Bihar,False,0.0,Special & Local Laws,Commission of Sati Prevention Act
2014,Bihar,False,112.0,Cruelty & Dowry Offenses,Domestic Violence Act
2014,Bihar,False,31.0,Human Trafficking,Immoral Traffic (Prevention) Act
2014,Bihar,True,29.0,Human Trafficking,Immoral Traffic (Prevention) Act
2014,Bihar,True,2.0,Human Trafficking,Immoral Traffic (Prevention) Act
2014,Bihar,True,0.0,Human Trafficking,Immoral Traffic (Prevention) Act
2014,Bihar,True,0.0,Human Trafficking,Immoral Traffic (Prevention) Act
2014,Bihar,True,0.0,Human Trafficking,Immoral Traffic (Prevention) Act
2014,Bihar,False,484.0,Rape & Attempted Rape,Attempt to Commit Rape
2014,Bihar,False,4735.0,Kidnapping & Abduction,Kidnapping in Order to Murder
2014,Bihar,True,55.0,Kidnapping & Abduction,Kidnapping & Abduction (General)
2014,Bihar,True,9.0,Kidnapping & Abduction,Kidnapping in Order to Murder
2014,Bihar,True,2.0,Kidnapping & Abduction,Kidnapping for Ransom
2014,Bihar,True,4641.0,Kidnapping & Abduction,Kidnapping to Compel Marriage
2014,Bihar,True,28.0,Kidnapping & Abduction,Kidnapping & Abduction (General)
2014,Bihar,False,1373.0,Cruelty & Dowry Offenses,Dowry Death
2014,Bihar,True,271.0,Assault & Sexual Harassment,Assault to Outrage Modesty
2014,Bihar,True,61.0,Assault & Sexual Harassment,Assault with Intent to Disrobe
2014,Bihar,True,4.0,Assault & Sexual Harassment,Voyeurism
2014,Bihar,True,7.0,Assault & Sexual Harassment,Stalking
2014,Bihar,True,229.0,Assault & Sexual Harassment,Other Assaults / Harassment
2014,Bihar,True,0.0,Assault & Sexual Harassment,Sexual Harassment (Workplace)
2014,Bihar,True,0.0,Assault & Sexual Harassment,Sexual Harassment (Workplace)
2014,Bihar,True,0.0,Assault & Sexual Harassment,Sexual Harassment (Public Transport)
2014,Bihar,True,69.0,Assault & Sexual Harassment,Harassment in Other Places
2014,Bihar,False,4672.0,Cruelty & Dowry Offenses,Cruelty by Husband/Relatives
2014,Bihar,False,5.0,Human Trafficking,Importation of Girls from Foreign Country
2014,Bihar,False,0.0,Special & Local Laws,Abetment of Suicide of Women
2014,Chandigarh,False,59.0,Rape & Attempted Rape,Rape (General/Other)
2014,Chandigarh,True,0.0,Rape & Attempted Rape,Custodial Rape
2014,Chandigarh,True,0.0,Rape & Attempted Rape,Custodial Gang Rape
2014,Chandigarh,True,0.0,Rape & Attempted Rape,Custodial Rape
2014,Chandigarh,True,59.0,Rape & Attempted Rape,Custodial Rape
2014,Chandigarh,True,0.0,Rape & Attempted Rape,Gang Rape
2014,Chandigarh,True,59.0,Rape & Attempted Rape,Rape (General/Other)
2014,Chandigarh,False,2.0,Cruelty & Dowry Offenses,Dowry Prohibition Act
2014,Chandigarh,False,0.0,Special & Local Laws,Indecent Representation of Women Act
2014,Chandigarh,False,0.0,Special & Local Laws,Commission of Sati Prevention Act
2014,Chandigarh,False,0.0,Cruelty & Dowry Offenses,Domestic Violence Act
2014,Chandigarh,False,0.0,Human Trafficking,Immoral Traffic (Prevention) Act
2014,Chandigarh,True,0.0,Human Trafficking,Immoral Traffic (Prevention) Act
2014,Chandigarh,True,0.0,Human Trafficking,Immoral Traffic (Prevention) Act
2014,Chandigarh,True,0.0,Human Trafficking,Immoral Traffic (Prevention) Act
2014,Chandigarh,True,0.0,Human Trafficking,Immoral Traffic (Prevention) Act
2014,Chandigarh,True,0.0,Human Trafficking,Immoral Traffic (Prevention) Act
2014,Chandigarh,False,6.0,Rape & Attempted Rape,Attempt to Commit Rape
2014,Chandigarh,False,133.0,Kidnapping & Abduction,Kidnapping in Order to Murder
2014,Chandigarh,True,84.0,Kidnapping & Abduction,Kidnapping & Abduction (General)
2014,Chandigarh,True,0.0,Kidnapping & Abduction,Kidnapping in Order to Murder
2014,Chandigarh,True,0.0,Kidnapping & Abduction,Kidnapping for Ransom
2014,Chandigarh,True,43.0,Kidnapping & Abduction,Kidnapping to Compel Marriage
2014,Chandigarh,True,6.0,Kidnapping & Abduction,Kidnapping & Abduction (General)
2014,Chandigarh,False,2.0,Cruelty & Dowry Offenses,Dowry Death
2014,Chandigarh,True,31.0,Assault & Sexual Harassment,Assault to Outrage Modesty
2014,Chandigarh,True,3.0,Assault & Sexual Harassment,Assault with Intent to Disrobe
2014,Chandigarh,True,2.0,Assault & Sexual Harassment,Voyeurism
2014,Chandigarh,True,10.0,Assault & Sexual Harassment,Stalking
2014,Chandigarh,True,41.0,Assault & Sexual Harassment,Other Assaults / Harassment
2014,Chandigarh,True,0.0,Assault & Sexual Harassment,Sexual Harassment (Workplace)
2014,Chandigarh,True,0.0,Assault & Sexual Harassment,Sexual Harassment (Workplace)
2014,Chandigarh,True,0.0,Assault & Sexual Harassment,Sexual Harassment (Public Transport)
2014,Chandigarh,True,2.0,Assault & Sexual Harassment,Harassment in Other Places
2014,Chandigarh,False,141.0,Cruelty & Dowry Offenses,Cruelty by Husband/Relatives
2014,Chandigarh,False,0.0,Human Trafficking,Importation of Girls from Foreign Country
2014,Chandigarh,False,0.0,Special & Local Laws,Abetment of Suicide of Women
2014,Chhattisgarh,False,1436.0,Rape & Attempted Rape,Rape (General/Other)
2014,Chhattisgarh,True,0.0,Rape & Attempted Rape,Custodial Rape
2014,Chhattisgarh,True,0.0,Rape & Attempted Rape,Custodial Gang Rape
2014,Chhattisgarh,True,0.0,Rape & Attempted Rape,Custodial Rape
2014,Chhattisgarh,True,1436.0,Rape & Attempted Rape,Custodial Rape
2014,Chhattisgarh,True,64.0,Rape & Attempted Rape,Gang Rape
2014,Chhattisgarh,True,1372.0,Rape & Attempted Rape,Rape (General/Other)
2014,Chhattisgarh,False,8.0,Cruelty & Dowry Offenses,Dowry Prohibition Act
2014,Chhattisgarh,False,0.0,Special & Local Laws,Indecent Representation of Women Act
2014,Chhattisgarh,False,0.0,Special & Local Laws,Commission of Sati Prevention Act
2014,Chhattisgarh,False,0.0,Cruelty & Dowry Offenses,Domestic Violence Act
2014,Chhattisgarh,False,2.0,Human Trafficking,Immoral Traffic (Prevention) Act
2014,Chhattisgarh,True,2.0,Human Trafficking,Immoral Traffic (Prevention) Act
2014,Chhattisgarh,True,0.0,Human Trafficking,Immoral Traffic (Prevention) Act
2014,Chhattisgarh,True,0.0,Human Trafficking,Immoral Traffic (Prevention) Act
2014,Chhattisgarh,True,0.0,Human Trafficking,Immoral Traffic (Prevention) Act
2014,Chhattisgarh,True,0.0,Human Trafficking,Immoral Traffic (Prevention) Act
2014,Chhattisgarh,False,21.0,Rape & Attempted Rape,Attempt to Commit Rape
2014,Chhattisgarh,False,1393.0,Kidnapping & Abduction,Kidnapping in Order to Murder
2014,Chhattisgarh,True,922.0,Kidnapping & Abduction,Kidnapping & Abduction (General)
2014,Chhattisgarh,True,5.0,Kidnapping & Abduction,Kidnapping in Order to Murder
2014,Chhattisgarh,True,0.0,Kidnapping & Abduction,Kidnapping for Ransom
2014,Chhattisgarh,True,263.0,Kidnapping & Abduction,Kidnapping to Compel Marriage
2014,Chhattisgarh,True,203.0,Kidnapping & Abduction,Kidnapping & Abduction (General)
2014,Chhattisgarh,False,128.0,Cruelty & Dowry Offenses,Dowry Death
2014,Chhattisgarh,True,649.0,Assault & Sexual Harassment,Assault to Outrage Modesty
2014,Chhattisgarh,True,76.0,Assault & Sexual Harassment,Assault with Intent to Disrobe
2014,Chhattisgarh,True,9.0,Assault & Sexual Harassment,Voyeurism
2014,Chhattisgarh,True,72.0,Assault & Sexual Harassment,Stalking
2014,Chhattisgarh,True,1316.0,Assault & Sexual Harassment,Other Assaults / Harassment
2014,Chhattisgarh,True,0.0,Assault & Sexual Harassment,Sexual Harassment (Workplace)
2014,Chhattisgarh,True,13.0,Assault & Sexual Harassment,Sexual Harassment (Workplace)
2014,Chhattisgarh,True,0.0,Assault & Sexual Harassment,Sexual Harassment (Public Transport)
2014,Chhattisgarh,True,66.0,Assault & Sexual Harassment,Harassment in Other Places
2014,Chhattisgarh,False,964.0,Cruelty & Dowry Offenses,Cruelty by Husband/Relatives
2014,Chhattisgarh,False,0.0,Human Trafficking,Importation of Girls from Foreign Country
2014,Chhattisgarh,False,102.0,Special & Local Laws,Abetment of Suicide of Women
2014,"Dadra & Nagar Haveli (pre-2020, separate UT)",False,5.0,Rape & Attempted Rape,Rape (General/Other)
2014,"Dadra & Nagar Haveli (pre-2020, separate UT)",True,0.0,Rape & Attempted Rape,Custodial Rape
2014,"Dadra & Nagar Haveli (pre-2020, separate UT)",True,0.0,Rape & Attempted Rape,Custodial Gang Rape
2014,"Dadra & Nagar Haveli (pre-2020, separate UT)",True,0.0,Rape & Attempted Rape,Custodial Rape
2014,"Dadra & Nagar Haveli (pre-2020, separate UT)",True,5.0,Rape & Attempted Rape,Custodial Rape
2014,"Dadra & Nagar Haveli (pre-2020, separate UT)",True,0.0,Rape & Attempted Rape,Gang Rape
2014,"Dadra & Nagar Haveli (pre-2020, separate UT)",True,5.0,Rape & Attempted Rape,Rape (General/Other)
2014,"Dadra & Nagar Haveli (pre-2020, separate UT)",False,0.0,Cruelty & Dowry Offenses,Dowry Prohibition Act
2014,"Dadra & Nagar Haveli (pre-2020, separate UT)",False,0.0,Special & Local Laws,Indecent Representation of Women Act
2014,"Dadra & Nagar Haveli (pre-2020, separate UT)",False,0.0,Special & Local Laws,Commission of Sati Prevention Act
2014,"Dadra & Nagar Haveli (pre-2020, separate UT)",False,0.0,Cruelty & Dowry Offenses,Domestic Violence Act
2014,"Dadra & Nagar Haveli (pre-2020, separate UT)",False,0.0,Human Trafficking,Immoral Traffic (Prevention) Act
2014,"Dadra & Nagar Haveli (pre-2020, separate UT)",True,0.0,Human Trafficking,Immoral Traffic (Prevention) Act
2014,"Dadra & Nagar Haveli (pre-2020, separate UT)",True,0.0,Human Trafficking,Immoral Traffic (Prevention) Act
2014,"Dadra & Nagar Haveli (pre-2020, separate UT)",True,0.0,Human Trafficking,Immoral Traffic (Prevention) Act
2014,"Dadra & Nagar Haveli (pre-2020, separate UT)",True,0.0,Human Trafficking,Immoral Traffic (Prevention) Act
2014,"Dadra & Nagar Haveli (pre-2020, separate UT)",True,0.0,Human Trafficking,Immoral Traffic (Prevention) Act
2014,"Dadra & Nagar Haveli (pre-2020, separate UT)",False,0.0,Rape & Attempted Rape,Attempt to Commit Rape
2014,"Dadra & Nagar Haveli (pre-2020, separate UT)",False,7.0,Kidnapping & Abduction,Kidnapping in Order to Murder
2014,"Dadra & Nagar Haveli (pre-2020, separate UT)",True,7.0,Kidnapping & Abduction,Kidnapping & Abduction (General)
2014,"Dadra & Nagar Haveli (pre-2020, separate UT)",True,0.0,Kidnapping & Abduction,Kidnapping in Order to Murder
2014,"Dadra & Nagar Haveli (pre-2020, separate UT)",True,0.0,Kidnapping & Abduction,Kidnapping for Ransom
2014,"Dadra & Nagar Haveli (pre-2020, separate UT)",True,0.0,Kidnapping & Abduction,Kidnapping to Compel Marriage
2014,"Dadra & Nagar Haveli (pre-2020, separate UT)",True,0.0,Kidnapping & Abduction,Kidnapping & Abduction (General)
2014,"Dadra & Nagar Haveli (pre-2020, separate UT)",False,0.0,Cruelty & Dowry Offenses,Dowry Death
2014,"Dadra & Nagar Haveli (pre-2020, separate UT)",True,0.0,Assault & Sexual Harassment,Assault to Outrage Modesty
2014,"Dadra & Nagar Haveli (pre-2020, separate UT)",True,0.0,Assault & Sexual Harassment,Assault with Intent to Disrobe
2014,"Dadra & Nagar Haveli (pre-2020, separate UT)",True,0.0,Assault & Sexual Harassment,Voyeurism
2014,"Dadra & Nagar Haveli (pre-2020, separate UT)",True,0.0,Assault & Sexual Harassment,Stalking
2014,"Dadra & Nagar Haveli (pre-2020, separate UT)",True,2.0,Assault & Sexual Harassment,Other Assaults / Harassment
2014,"Dadra & Nagar Haveli (pre-2020, separate UT)",True,0.0,Assault & Sexual Harassment,Sexual Harassment (Workplace)
2014,"Dadra & Nagar Haveli (pre-2020, separate UT)",True,0.0,Assault & Sexual Harassment,Sexual Harassment (Workplace)
2014,"Dadra & Nagar Haveli (pre-2020, separate UT)",True,0.0,Assault & Sexual Harassment,Sexual Harassment (Public Transport)
2014,"Dadra & Nagar Haveli (pre-2020, separate UT)",True,1.0,Assault & Sexual Harassment,Harassment in Other Places
2014,"Dadra & Nagar Haveli (pre-2020, separate UT)",False,6.0,Cruelty & Dowry Offenses,Cruelty by Husband/Relatives
2014,"Dadra & Nagar Haveli (pre-2020, separate UT)",False,0.0,Human Trafficking,Importation of Girls from Foreign Country
2014,"Dadra & Nagar Haveli (pre-2020, separate UT)",False,0.0,Special & Local Laws,Abetment of Suicide of Women
2014,"Daman & Diu (pre-2020, separate UT)",False,2.0,Rape & Attempted Rape,Rape (General/Other)
2014,"Daman & Diu (pre-2020, separate UT)",True,0.0,Rape & Attempted Rape,Custodial Rape
2014,"Daman & Diu (pre-2020, separate UT)",True,0.0,Rape & Attempted Rape,Custodial Gang Rape
2014,"Daman & Diu (pre-2020, separate UT)",True,0.0,Rape & Attempted Rape,Custodial Rape
2014,"Daman & Diu (pre-2020, separate UT)",True,2.0,Rape & Attempted Rape,Custodial Rape
2014,"Daman & Diu (pre-2020, separate UT)",True,0.0,Rape & Attempted Rape,Gang Rape
2014,"Daman & Diu (pre-2020, separate UT)",True,2.0,Rape & Attempted Rape,Rape (General/Other)
2014,"Daman & Diu (pre-2020, separate UT)",False,0.0,Cruelty & Dowry Offenses,Dowry Prohibition Act
2014,"Daman & Diu (pre-2020, separate UT)",False,0.0,Special & Local Laws,Indecent Representation of Women Act
2014,"Daman & Diu (pre-2020, separate UT)",False,0.0,Special & Local Laws,Commission of Sati Prevention Act
2014,"Daman & Diu (pre-2020, separate UT)",False,0.0,Cruelty & Dowry Offenses,Domestic Violence Act
2014,"Daman & Diu (pre-2020, separate UT)",False,8.0,Human Trafficking,Immoral Traffic (Prevention) Act
2014,"Daman & Diu (pre-2020, separate UT)",True,8.0,Human Trafficking,Immoral Traffic (Prevention) Act
2014,"Daman & Diu (pre-2020, separate UT)",True,0.0,Human Trafficking,Immoral Traffic (Prevention) Act
2014,"Daman & Diu (pre-2020, separate UT)",True,0.0,Human Trafficking,Immoral Traffic (Prevention) Act
2014,"Daman & Diu (pre-2020, separate UT)",True,0.0,Human Trafficking,Immoral Traffic (Prevention) Act
2014,"Daman & Diu (pre-2020, separate UT)",True,0.0,Human Trafficking,Immoral Traffic (Prevention) Act
2014,"Daman & Diu (pre-2020, separate UT)",False,0.0,Rape & Attempted Rape,Attempt to Commit Rape
2014,"Daman & Diu (pre-2020, separate UT)",False,1.0,Kidnapping & Abduction,Kidnapping in Order to Murder
2014,"Daman & Diu (pre-2020, separate UT)",True,1.0,Kidnapping & Abduction,Kidnapping & Abduction (General)
2014,"Daman & Diu (pre-2020, separate UT)",True,0.0,Kidnapping & Abduction,Kidnapping in Order to Murder
2014,"Daman & Diu (pre-2020, separate UT)",True,0.0,Kidnapping & Abduction,Kidnapping for Ransom
2014,"Daman & Diu (pre-2020, separate UT)",True,0.0,Kidnapping & Abduction,Kidnapping to Compel Marriage
2014,"Daman & Diu (pre-2020, separate UT)",True,0.0,Kidnapping & Abduction,Kidnapping & Abduction (General)
2014,"Daman & Diu (pre-2020, separate UT)",False,0.0,Cruelty & Dowry Offenses,Dowry Death
2014,"Daman & Diu (pre-2020, separate UT)",True,3.0,Assault & Sexual Harassment,Assault to Outrage Modesty
2014,"Daman & Diu (pre-2020, separate UT)",True,0.0,Assault & Sexual Harassment,Assault with Intent to Disrobe
2014,"Daman & Diu (pre-2020, separate UT)",True,0.0,Assault & Sexual Harassment,Voyeurism
2014,"Daman & Diu (pre-2020, separate UT)",True,0.0,Assault & Sexual Harassment,Stalking
2014,"Daman & Diu (pre-2020, separate UT)",True,0.0,Assault & Sexual Harassment,Other Assaults / Harassment
2014,"Daman & Diu (pre-2020, separate UT)",True,0.0,Assault & Sexual Harassment,Sexual Harassment (Workplace)
2014,"Daman & Diu (pre-2020, separate UT)",True,0.0,Assault & Sexual Harassment,Sexual Harassment (Workplace)
2014,"Daman & Diu (pre-2020, separate UT)",True,0.0,Assault & Sexual Harassment,Sexual Harassment (Public Transport)
2014,"Daman & Diu (pre-2020, separate UT)",True,0.0,Assault & Sexual Harassment,Harassment in Other Places
2014,"Daman & Diu (pre-2020, separate UT)",False,1.0,Cruelty & Dowry Offenses,Cruelty by Husband/Relatives
2014,"Daman & Diu (pre-2020, separate UT)",False,0.0,Human Trafficking,Importation of Girls from Foreign Country
2014,"Daman & Diu (pre-2020, separate UT)",False,0.0,Special & Local Laws,Abetment of Suicide of Women
2014,Delhi,False,2096.0,Rape & Attempted Rape,Rape (General/Other)
2014,Delhi,True,0.0,Rape & Attempted Rape,Custodial Rape
2014,Delhi,True,0.0,Rape & Attempted Rape,Custodial Gang Rape
2014,Delhi,True,0.0,Rape & Attempted Rape,Custodial Rape
2014,Delhi,True,2096.0,Rape & Attempted Rape,Custodial Rape
2014,Delhi,True,147.0,Rape & Attempted Rape,Gang Rape
2014,Delhi,True,1949.0,Rape & Attempted Rape,Rape (General/Other)
2014,Delhi,False,13.0,Cruelty & Dowry Offenses,Dowry Prohibition Act
2014,Delhi,False,0.0,Special & Local Laws,Indecent Representation of Women Act
2014,Delhi,False,0.0,Special & Local Laws,Commission of Sati Prevention Act
2014,Delhi,False,7.0,Cruelty & Dowry Offenses,Domestic Violence Act
2014,Delhi,False,8.0,Human Trafficking,Immoral Traffic (Prevention) Act
2014,Delhi,True,6.0,Human Trafficking,Immoral Traffic (Prevention) Act
2014,Delhi,True,0.0,Human Trafficking,Immoral Traffic (Prevention) Act
2014,Delhi,True,0.0,Human Trafficking,Immoral Traffic (Prevention) Act
2014,Delhi,True,1.0,Human Trafficking,Immoral Traffic (Prevention) Act
2014,Delhi,True,1.0,Human Trafficking,Immoral Traffic (Prevention) Act
2014,Delhi,False,70.0,Rape & Attempted Rape,Attempt to Commit Rape
2014,Delhi,False,4034.0,Kidnapping & Abduction,Kidnapping in Order to Murder
2014,Delhi,True,3731.0,Kidnapping & Abduction,Kidnapping & Abduction (General)
2014,Delhi,True,0.0,Kidnapping & Abduction,Kidnapping in Order to Murder
2014,Delhi,True,7.0,Kidnapping & Abduction,Kidnapping for Ransom
2014,Delhi,True,2.0,Kidnapping & Abduction,Kidnapping to Compel Marriage
2014,Delhi,True,294.0,Kidnapping & Abduction,Kidnapping & Abduction (General)
2014,Delhi,False,153.0,Cruelty & Dowry Offenses,Dowry Death
2014,Delhi,True,1186.0,Assault & Sexual Harassment,Assault to Outrage Modesty
2014,Delhi,True,379.0,Assault & Sexual Harassment,Assault with Intent to Disrobe
2014,Delhi,True,34.0,Assault & Sexual Harassment,Voyeurism
2014,Delhi,True,541.0,Assault & Sexual Harassment,Stalking
2014,Delhi,True,2182.0,Assault & Sexual Harassment,Other Assaults / Harassment
2014,Delhi,True,11.0,Assault & Sexual Harassment,Sexual Harassment (Workplace)
2014,Delhi,True,25.0,Assault & Sexual Harassment,Sexual Harassment (Workplace)
2014,Delhi,True,8.0,Assault & Sexual Harassment,Sexual Harassment (Public Transport)
2014,Delhi,True,1317.0,Assault & Sexual Harassment,Harassment in Other Places
2014,Delhi,False,3173.0,Cruelty & Dowry Offenses,Cruelty by Husband/Relatives
2014,Delhi,False,0.0,Human Trafficking,Importation of Girls from Foreign Country
2014,Delhi,False,28.0,Special & Local Laws,Abetment of Suicide of Women
2014,Goa,False,95.0,Rape & Attempted Rape,Rape (General/Other)
2014,Goa,True,0.0,Rape & Attempted Rape,Custodial Rape
2014,Goa,True,0.0,Rape & Attempted Rape,Custodial Gang Rape
2014,Goa,True,0.0,Rape & Attempted Rape,Custodial Rape
2014,Goa,True,95.0,Rape & Attempted Rape,Custodial Rape
2014,Goa,True,2.0,Rape & Attempted Rape,Gang Rape
2014,Goa,True,93.0,Rape & Attempted Rape,Rape (General/Other)
2014,Goa,False,0.0,Cruelty & Dowry Offenses,Dowry Prohibition Act
2014,Goa,False,0.0,Special & Local Laws,Indecent Representation of Women Act
2014,Goa,False,0.0,Special & Local Laws,Commission of Sati Prevention Act
2014,Goa,False,2.0,Cruelty & Dowry Offenses,Domestic Violence Act
2014,Goa,False,9.0,Human Trafficking,Immoral Traffic (Prevention) Act
2014,Goa,True,5.0,Human Trafficking,Immoral Traffic (Prevention) Act
2014,Goa,True,0.0,Human Trafficking,Immoral Traffic (Prevention) Act
2014,Goa,True,0.0,Human Trafficking,Immoral Traffic (Prevention) Act
2014,Goa,True,0.0,Human Trafficking,Immoral Traffic (Prevention) Act
2014,Goa,True,4.0,Human Trafficking,Immoral Traffic (Prevention) Act
2014,Goa,False,2.0,Rape & Attempted Rape,Attempt to Commit Rape
2014,Goa,False,86.0,Kidnapping & Abduction,Kidnapping in Order to Murder
2014,Goa,True,77.0,Kidnapping & Abduction,Kidnapping & Abduction (General)
2014,Goa,True,0.0,Kidnapping & Abduction,Kidnapping in Order to Murder
2014,Goa,True,0.0,Kidnapping & Abduction,Kidnapping for Ransom
2014,Goa,True,0.0,Kidnapping & Abduction,Kidnapping to Compel Marriage
2014,Goa,True,9.0,Kidnapping & Abduction,Kidnapping & Abduction (General)
2014,Goa,False,0.0,Cruelty & Dowry Offenses,Dowry Death
2014,Goa,True,50.0,Assault & Sexual Harassment,Assault to Outrage Modesty
2014,Goa,True,7.0,Assault & Sexual Harassment,Assault with Intent to Disrobe
2014,Goa,True,11.0,Assault & Sexual Harassment,Voyeurism
2014,Goa,True,25.0,Assault & Sexual Harassment,Stalking
2014,Goa,True,109.0,Assault & Sexual Harassment,Other Assaults / Harassment
2014,Goa,True,1.0,Assault & Sexual Harassment,Sexual Harassment (Workplace)
2014,Goa,True,1.0,Assault & Sexual Harassment,Sexual Harassment (Workplace)
2014,Goa,True,0.0,Assault & Sexual Harassment,Sexual Harassment (Public Transport)
2014,Goa,True,55.0,Assault & Sexual Harassment,Harassment in Other Places
2014,Goa,False,35.0,Cruelty & Dowry Offenses,Cruelty by Husband/Relatives
2014,Goa,False,0.0,Human Trafficking,Importation of Girls from Foreign Country
2014,Goa,False,0.0,Special & Local Laws,Abetment of Suicide of Women
2014,Gujarat,False,841.0,Rape & Attempted Rape,Rape (General/Other)
2014,Gujarat,True,0.0,Rape & Attempted Rape,Custodial Rape
2014,Gujarat,True,0.0,Rape & Attempted Rape,Custodial Gang Rape
2014,Gujarat,True,0.0,Rape & Attempted Rape,Custodial Rape
2014,Gujarat,True,841.0,Rape & Attempted Rape,Custodial Rape
2014,Gujarat,True,16.0,Rape & Attempted Rape,Gang Rape
2014,Gujarat,True,825.0,Rape & Attempted Rape,Rape (General/Other)
2014,Gujarat,False,53.0,Cruelty & Dowry Offenses,Dowry Prohibition Act
2014,Gujarat,False,0.0,Special & Local Laws,Indecent Representation of Women Act
2014,Gujarat,False,0.0,Special & Local Laws,Commission of Sati Prevention Act
2014,Gujarat,False,2.0,Cruelty & Dowry Offenses,Domestic Violence Act
2014,Gujarat,False,45.0,Human Trafficking,Immoral Traffic (Prevention) Act
2014,Gujarat,True,18.0,Human Trafficking,Immoral Traffic (Prevention) Act
2014,Gujarat,True,5.0,Human Trafficking,Immoral Traffic (Prevention) Act
2014,Gujarat,True,1.0,Human Trafficking,Immoral Traffic (Prevention) Act
2014,Gujarat,True,3.0,Human Trafficking,Immoral Traffic (Prevention) Act
2014,Gujarat,True,18.0,Human Trafficking,Immoral Traffic (Prevention) Act
2014,Gujarat,False,6.0,Rape & Attempted Rape,Attempt to Commit Rape
2014,Gujarat,False,2187.0,Kidnapping & Abduction,Kidnapping in Order to Murder
2014,Gujarat,True,617.0,Kidnapping & Abduction,Kidnapping & Abduction (General)
2014,Gujarat,True,0.0,Kidnapping & Abduction,Kidnapping in Order to Murder
2014,Gujarat,True,2.0,Kidnapping & Abduction,Kidnapping for Ransom
2014,Gujarat,True,1378.0,Kidnapping & Abduction,Kidnapping to Compel Marriage
2014,Gujarat,True,190.0,Kidnapping & Abduction,Kidnapping & Abduction (General)
2014,Gujarat,False,23.0,Cruelty & Dowry Offenses,Dowry Death
2014,Gujarat,True,405.0,Assault & Sexual Harassment,Assault to Outrage Modesty
2014,Gujarat,True,51.0,Assault & Sexual Harassment,Assault with Intent to Disrobe
2014,Gujarat,True,7.0,Assault & Sexual Harassment,Voyeurism
2014,Gujarat,True,62.0,Assault & Sexual Harassment,Stalking
2014,Gujarat,True,827.0,Assault & Sexual Harassment,Other Assaults / Harassment
2014,Gujarat,True,1.0,Assault & Sexual Harassment,Sexual Harassment (Workplace)
2014,Gujarat,True,3.0,Assault & Sexual Harassment,Sexual Harassment (Workplace)
2014,Gujarat,True,0.0,Assault & Sexual Harassment,Sexual Harassment (Public Transport)
2014,Gujarat,True,169.0,Assault & Sexual Harassment,Harassment in Other Places
2014,Gujarat,False,5991.0,Cruelty & Dowry Offenses,Cruelty by Husband/Relatives
2014,Gujarat,False,0.0,Human Trafficking,Importation of Girls from Foreign Country
2014,Gujarat,False,164.0,Special & Local Laws,Abetment of Suicide of Women
2014,Haryana,False,1174.0,Rape & Attempted Rape,Rape (General/Other)
2014,Haryana,True,0.0,Rape & Attempted Rape,Custodial Rape
2014,Haryana,True,0.0,Rape & Attempted Rape,Custodial Gang Rape
2014,Haryana,True,0.0,Rape & Attempted Rape,Custodial Rape
2014,Haryana,True,1174.0,Rape & Attempted Rape,Custodial Rape
2014,Haryana,True,230.0,Rape & Attempted Rape,Gang Rape
2014,Haryana,True,944.0,Rape & Attempted Rape,Rape (General/Other)
2014,Haryana,False,13.0,Cruelty & Dowry Offenses,Dowry Prohibition Act
2014,Haryana,False,1.0,Special & Local Laws,Indecent Representation of Women Act
2014,Haryana,False,0.0,Special & Local Laws,Commission of Sati Prevention Act
2014,Haryana,False,4.0,Cruelty & Dowry Offenses,Domestic Violence Act
2014,Haryana,False,43.0,Human Trafficking,Immoral Traffic (Prevention) Act
2014,Haryana,True,17.0,Human Trafficking,Immoral Traffic (Prevention) Act
2014,Haryana,True,9.0,Human Trafficking,Immoral Traffic (Prevention) Act
2014,Haryana,True,1.0,Human Trafficking,Immoral Traffic (Prevention) Act
2014,Haryana,True,0.0,Human Trafficking,Immoral Traffic (Prevention) Act
2014,Haryana,True,16.0,Human Trafficking,Immoral Traffic (Prevention) Act
2014,Haryana,False,136.0,Rape & Attempted Rape,Attempt to Commit Rape
2014,Haryana,False,1922.0,Kidnapping & Abduction,Kidnapping in Order to Murder
2014,Haryana,True,113.0,Kidnapping & Abduction,Kidnapping & Abduction (General)
2014,Haryana,True,5.0,Kidnapping & Abduction,Kidnapping in Order to Murder
2014,Haryana,True,1.0,Kidnapping & Abduction,Kidnapping for Ransom
2014,Haryana,True,886.0,Kidnapping & Abduction,Kidnapping to Compel Marriage
2014,Haryana,True,917.0,Kidnapping & Abduction,Kidnapping & Abduction (General)
2014,Haryana,False,293.0,Cruelty & Dowry Offenses,Dowry Death
2014,Haryana,True,599.0,Assault & Sexual Harassment,Assault to Outrage Modesty
2014,Haryana,True,229.0,Assault & Sexual Harassment,Assault with Intent to Disrobe
2014,Haryana,True,26.0,Assault & Sexual Harassment,Voyeurism
2014,Haryana,True,284.0,Assault & Sexual Harassment,Stalking
2014,Haryana,True,550.0,Assault & Sexual Harassment,Other Assaults / Harassment
2014,Haryana,True,1.0,Assault & Sexual Harassment,Sexual Harassment (Workplace)
2014,Haryana,True,1.0,Assault & Sexual Harassment,Sexual Harassment (Workplace)
2014,Haryana,True,2.0,Assault & Sexual Harassment,Sexual Harassment (Public Transport)
2014,Haryana,True,98.0,Assault & Sexual Harassment,Harassment in Other Places
2014,Haryana,False,3478.0,Cruelty & Dowry Offenses,Cruelty by Husband/Relatives
2014,Haryana,False,0.0,Human Trafficking,Importation of Girls from Foreign Country
2014,Haryana,False,120.0,Special & Local Laws,Abetment of Suicide of Women
2014,Himachal Pradesh,False,283.0,Rape & Attempted Rape,Rape (General/Other)
2014,Himachal Pradesh,True,0.0,Rape & Attempted Rape,Custodial Rape
2014,Himachal Pradesh,True,0.0,Rape & Attempted Rape,Custodial Gang Rape
2014,Himachal Pradesh,True,0.0,Rape & Attempted Rape,Custodial Rape
2014,Himachal Pradesh,True,283.0,Rape & Attempted Rape,Custodial Rape
2014,Himachal Pradesh,True,6.0,Rape & Attempted Rape,Gang Rape
2014,Himachal Pradesh,True,277.0,Rape & Attempted Rape,Rape (General/Other)
2014,Himachal Pradesh,False,2.0,Cruelty & Dowry Offenses,Dowry Prohibition Act
2014,Himachal Pradesh,False,0.0,Special & Local Laws,Indecent Representation of Women Act
2014,Himachal Pradesh,False,0.0,Special & Local Laws,Commission of Sati Prevention Act
2014,Himachal Pradesh,False,5.0,Cruelty & Dowry Offenses,Domestic Violence Act
2014,Himachal Pradesh,False,5.0,Human Trafficking,Immoral Traffic (Prevention) Act
2014,Himachal Pradesh,True,3.0,Human Trafficking,Immoral Traffic (Prevention) Act
2014,Himachal Pradesh,True,1.0,Human Trafficking,Immoral Traffic (Prevention) Act
2014,Himachal Pradesh,True,0.0,Human Trafficking,Immoral Traffic (Prevention) Act
2014,Himachal Pradesh,True,0.0,Human Trafficking,Immoral Traffic (Prevention) Act
2014,Himachal Pradesh,True,1.0,Human Trafficking,Immoral Traffic (Prevention) Act
2014,Himachal Pradesh,False,5.0,Rape & Attempted Rape,Attempt to Commit Rape
2014,Himachal Pradesh,False,227.0,Kidnapping & Abduction,Kidnapping in Order to Murder
2014,Himachal Pradesh,True,32.0,Kidnapping & Abduction,Kidnapping & Abduction (General)
2014,Himachal Pradesh,True,1.0,Kidnapping & Abduction,Kidnapping in Order to Murder
2014,Himachal Pradesh,True,1.0,Kidnapping & Abduction,Kidnapping for Ransom
2014,Himachal Pradesh,True,175.0,Kidnapping & Abduction,Kidnapping to Compel Marriage
2014,Himachal Pradesh,True,18.0,Kidnapping & Abduction,Kidnapping & Abduction (General)
2014,Himachal Pradesh,False,1.0,Cruelty & Dowry Offenses,Dowry Death
2014,Himachal Pradesh,True,159.0,Assault & Sexual Harassment,Assault to Outrage Modesty
2014,Himachal Pradesh,True,18.0,Assault & Sexual Harassment,Assault with Intent to Disrobe
2014,Himachal Pradesh,True,3.0,Assault & Sexual Harassment,Voyeurism
2014,Himachal Pradesh,True,62.0,Assault & Sexual Harassment,Stalking
2014,Himachal Pradesh,True,296.0,Assault & Sexual Harassment,Other Assaults / Harassment
2014,Himachal Pradesh,True,0.0,Assault & Sexual Harassment,Sexual Harassment (Workplace)
2014,Himachal Pradesh,True,0.0,Assault & Sexual Harassment,Sexual Harassment (Workplace)
2014,Himachal Pradesh,True,0.0,Assault & Sexual Harassment,Sexual Harassment (Public Transport)
2014,Himachal Pradesh,True,60.0,Assault & Sexual Harassment,Harassment in Other Places
2014,Himachal Pradesh,False,325.0,Cruelty & Dowry Offenses,Cruelty by Husband/Relatives
2014,Himachal Pradesh,False,0.0,Human Trafficking,Importation of Girls from Foreign Country
2014,Himachal Pradesh,False,66.0,Special & Local Laws,Abetment of Suicide of Women
2014,Jammu & Kashmir,False,331.0,Rape & Attempted Rape,Rape (General/Other)
2014,Jammu & Kashmir,True,0.0,Rape & Attempted Rape,Custodial Rape
2014,Jammu & Kashmir,True,0.0,Rape & Attempted Rape,Custodial Gang Rape
2014,Jammu & Kashmir,True,0.0,Rape & Attempted Rape,Custodial Rape
2014,Jammu & Kashmir,True,331.0,Rape & Attempted Rape,Custodial Rape
2014,Jammu & Kashmir,True,0.0,Rape & Attempted Rape,Gang Rape
2014,Jammu & Kashmir,True,331.0,Rape & Attempted Rape,Rape (General/Other)
2014,Jammu & Kashmir,False,1.0,Cruelty & Dowry Offenses,Dowry Prohibition Act
2014,Jammu & Kashmir,False,0.0,Special & Local Laws,Indecent Representation of Women Act
2014,Jammu & Kashmir,False,0.0,Special & Local Laws,Commission of Sati Prevention Act
2014,Jammu & Kashmir,False,0.0,Cruelty & Dowry Offenses,Domestic Violence Act
2014,Jammu & Kashmir,False,1.0,Human Trafficking,Immoral Traffic (Prevention) Act
2014,Jammu & Kashmir,True,1.0,Human Trafficking,Immoral Traffic (Prevention) Act
2014,Jammu & Kashmir,True,0.0,Human Trafficking,Immoral Traffic (Prevention) Act
2014,Jammu & Kashmir,True,0.0,Human Trafficking,Immoral Traffic (Prevention) Act
2014,Jammu & Kashmir,True,0.0,Human Trafficking,Immoral Traffic (Prevention) Act
2014,Jammu & Kashmir,True,0.0,Human Trafficking,Immoral Traffic (Prevention) Act
2014,Jammu & Kashmir,False,20.0,Rape & Attempted Rape,Attempt to Commit Rape
2014,Jammu & Kashmir,False,813.0,Kidnapping & Abduction,Kidnapping in Order to Murder
2014,Jammu & Kashmir,True,285.0,Kidnapping & Abduction,Kidnapping & Abduction (General)
2014,Jammu & Kashmir,True,1.0,Kidnapping & Abduction,Kidnapping in Order to Murder
2014,Jammu & Kashmir,True,0.0,Kidnapping & Abduction,Kidnapping for Ransom
2014,Jammu & Kashmir,True,236.0,Kidnapping & Abduction,Kidnapping to Compel Marriage
2014,Jammu & Kashmir,True,291.0,Kidnapping & Abduction,Kidnapping & Abduction (General)
2014,Jammu & Kashmir,False,5.0,Cruelty & Dowry Offenses,Dowry Death
2014,Jammu & Kashmir,True,242.0,Assault & Sexual Harassment,Assault to Outrage Modesty
2014,Jammu & Kashmir,True,123.0,Assault & Sexual Harassment,Assault with Intent to Disrobe
2014,Jammu & Kashmir,True,0.0,Assault & Sexual Harassment,Voyeurism
2014,Jammu & Kashmir,True,1.0,Assault & Sexual Harassment,Stalking
2014,Jammu & Kashmir,True,1055.0,Assault & Sexual Harassment,Other Assaults / Harassment
2014,Jammu & Kashmir,True,0.0,Assault & Sexual Harassment,Sexual Harassment (Workplace)
2014,Jammu & Kashmir,True,8.0,Assault & Sexual Harassment,Sexual Harassment (Workplace)
2014,Jammu & Kashmir,True,6.0,Assault & Sexual Harassment,Sexual Harassment (Public Transport)
2014,Jammu & Kashmir,True,223.0,Assault & Sexual Harassment,Harassment in Other Places
2014,Jammu & Kashmir,False,467.0,Cruelty & Dowry Offenses,Cruelty by Husband/Relatives
2014,Jammu & Kashmir,False,0.0,Human Trafficking,Importation of Girls from Foreign Country
2014,Jammu & Kashmir,False,25.0,Special & Local Laws,Abetment of Suicide of Women
2014,Jharkhand,False,1050.0,Rape & Attempted Rape,Rape (General/Other)
2014,Jharkhand,True,0.0,Rape & Attempted Rape,Custodial Rape
2014,Jharkhand,True,0.0,Rape & Attempted Rape,Custodial Gang Rape
2014,Jharkhand,True,0.0,Rape & Attempted Rape,Custodial Rape
2014,Jharkhand,True,1050.0,Rape & Attempted Rape,Custodial Rape
2014,Jharkhand,True,52.0,Rape & Attempted Rape,Gang Rape
2014,Jharkhand,True,998.0,Rape & Attempted Rape,Rape (General/Other)
2014,Jharkhand,False,1538.0,Cruelty & Dowry Offenses,Dowry Prohibition Act
2014,Jharkhand,False,2.0,Special & Local Laws,Indecent Representation of Women Act
2014,Jharkhand,False,0.0,Special & Local Laws,Commission of Sati Prevention Act
2014,Jharkhand,False,5.0,Cruelty & Dowry Offenses,Domestic Violence Act
2014,Jharkhand,False,11.0,Human Trafficking,Immoral Traffic (Prevention) Act
2014,Jharkhand,True,6.0,Human Trafficking,Immoral Traffic (Prevention) Act
2014,Jharkhand,True,1.0,Human Trafficking,Immoral Traffic (Prevention) Act
2014,Jharkhand,True,0.0,Human Trafficking,Immoral Traffic (Prevention) Act
2014,Jharkhand,True,0.0,Human Trafficking,Immoral Traffic (Prevention) Act
2014,Jharkhand,True,4.0,Human Trafficking,Immoral Traffic (Prevention) Act
2014,Jharkhand,False,208.0,Rape & Attempted Rape,Attempt to Commit Rape
2014,Jharkhand,False,885.0,Kidnapping & Abduction,Kidnapping in Order to Murder
2014,Jharkhand,True,26.0,Kidnapping & Abduction,Kidnapping & Abduction (General)
2014,Jharkhand,True,2.0,Kidnapping & Abduction,Kidnapping in Order to Murder
2014,Jharkhand,True,2.0,Kidnapping & Abduction,Kidnapping for Ransom
2014,Jharkhand,True,819.0,Kidnapping & Abduction,Kidnapping to Compel Marriage
2014,Jharkhand,True,36.0,Kidnapping & Abduction,Kidnapping & Abduction (General)
2014,Jharkhand,False,350.0,Cruelty & Dowry Offenses,Dowry Death
2014,Jharkhand,True,114.0,Assault & Sexual Harassment,Assault to Outrage Modesty
2014,Jharkhand,True,65.0,Assault & Sexual Harassment,Assault with Intent to Disrobe
2014,Jharkhand,True,0.0,Assault & Sexual Harassment,Voyeurism
2014,Jharkhand,True,5.0,Assault & Sexual Harassment,Stalking
2014,Jharkhand,True,256.0,Assault & Sexual Harassment,Other Assaults / Harassment
2014,Jharkhand,True,0.0,Assault & Sexual Harassment,Sexual Harassment (Workplace)
2014,Jharkhand,True,1.0,Assault & Sexual Harassment,Sexual Harassment (Workplace)
2014,Jharkhand,True,0.0,Assault & Sexual Harassment,Sexual Harassment (Public Transport)
2014,Jharkhand,True,17.0,Assault & Sexual Harassment,Harassment in Other Places
2014,Jharkhand,False,1462.0,Cruelty & Dowry Offenses,Cruelty by Husband/Relatives
2014,Jharkhand,False,2.0,Human Trafficking,Importation of Girls from Foreign Country
2014,Jharkhand,False,1.0,Special & Local Laws,Abetment of Suicide of Women
2014,Karnataka,False,1324.0,Rape & Attempted Rape,Rape (General/Other)
2014,Karnataka,True,0.0,Rape & Attempted Rape,Custodial Rape
2014,Karnataka,True,0.0,Rape & Attempted Rape,Custodial Gang Rape
2014,Karnataka,True,0.0,Rape & Attempted Rape,Custodial Rape
2014,Karnataka,True,1324.0,Rape & Attempted Rape,Custodial Rape
2014,Karnataka,True,25.0,Rape & Attempted Rape,Gang Rape
2014,Karnataka,True,1299.0,Rape & Attempted Rape,Rape (General/Other)
2014,Karnataka,False,1730.0,Cruelty & Dowry Offenses,Dowry Prohibition Act
2014,Karnataka,False,0.0,Special & Local Laws,Indecent Representation of Women Act
2014,Karnataka,False,0.0,Special & Local Laws,Commission of Sati Prevention Act
2014,Karnataka,False,0.0,Cruelty & Dowry Offenses,Domestic Violence Act
2014,Karnataka,False,388.0,Human Trafficking,Immoral Traffic (Prevention) Act
2014,Karnataka,True,104.0,Human Trafficking,Immoral Traffic (Prevention) Act
2014,Karnataka,True,4.0,Human Trafficking,Immoral Traffic (Prevention) Act
2014,Karnataka,True,39.0,Human Trafficking,Immoral Traffic (Prevention) Act
2014,Karnataka,True,21.0,Human Trafficking,Immoral Traffic (Prevention) Act
2014,Karnataka,True,220.0,Human Trafficking,Immoral Traffic (Prevention) Act
2014,Karnataka,False,22.0,Rape & Attempted Rape,Attempt to Commit Rape
2014,Karnataka,False,1457.0,Kidnapping & Abduction,Kidnapping in Order to Murder
2014,Karnataka,True,769.0,Kidnapping & Abduction,Kidnapping & Abduction (General)
2014,Karnataka,True,0.0,Kidnapping & Abduction,Kidnapping in Order to Murder
2014,Karnataka,True,8.0,Kidnapping & Abduction,Kidnapping for Ransom
2014,Karnataka,True,210.0,Kidnapping & Abduction,Kidnapping to Compel Marriage
2014,Karnataka,True,470.0,Kidnapping & Abduction,Kidnapping & Abduction (General)
2014,Karnataka,False,313.0,Cruelty & Dowry Offenses,Dowry Death
2014,Karnataka,True,253.0,Assault & Sexual Harassment,Assault to Outrage Modesty
2014,Karnataka,True,163.0,Assault & Sexual Harassment,Assault with Intent to Disrobe
2014,Karnataka,True,8.0,Assault & Sexual Harassment,Voyeurism
2014,Karnataka,True,64.0,Assault & Sexual Harassment,Stalking
2014,Karnataka,True,4775.0,Assault & Sexual Harassment,Other Assaults / Harassment
2014,Karnataka,True,3.0,Assault & Sexual Harassment,Sexual Harassment (Workplace)
2014,Karnataka,True,9.0,Assault & Sexual Harassment,Sexual Harassment (Workplace)
2014,Karnataka,True,1.0,Assault & Sexual Harassment,Sexual Harassment (Public Transport)
2014,Karnataka,True,157.0,Assault & Sexual Harassment,Harassment in Other Places
2014,Karnataka,False,3025.0,Cruelty & Dowry Offenses,Cruelty by Husband/Relatives
2014,Karnataka,False,0.0,Human Trafficking,Importation of Girls from Foreign Country
2014,Karnataka,False,222.0,Special & Local Laws,Abetment of Suicide of Women
2014,Kerala,False,1347.0,Rape & Attempted Rape,Rape (General/Other)
2014,Kerala,True,0.0,Rape & Attempted Rape,Custodial Rape
2014,Kerala,True,0.0,Rape & Attempted Rape,Custodial Gang Rape
2014,Kerala,True,0.0,Rape & Attempted Rape,Custodial Rape
2014,Kerala,True,1347.0,Rape & Attempted Rape,Custodial Rape
2014,Kerala,True,8.0,Rape & Attempted Rape,Gang Rape
2014,Kerala,True,1339.0,Rape & Attempted Rape,Rape (General/Other)
2014,Kerala,False,3.0,Cruelty & Dowry Offenses,Dowry Prohibition Act
2014,Kerala,False,11.0,Special & Local Laws,Indecent Representation of Women Act
2014,Kerala,False,0.0,Special & Local Laws,Commission of Sati Prevention Act
2014,Kerala,False,140.0,Cruelty & Dowry Offenses,Domestic Violence Act
2014,Kerala,False,91.0,Human Trafficking,Immoral Traffic (Prevention) Act
2014,Kerala,True,4.0,Human Trafficking,Immoral Traffic (Prevention) Act
2014,Kerala,True,0.0,Human Trafficking,Immoral Traffic (Prevention) Act
2014,Kerala,True,28.0,Human Trafficking,Immoral Traffic (Prevention) Act
2014,Kerala,True,48.0,Human Trafficking,Immoral Traffic (Prevention) Act
2014,Kerala,True,11.0,Human Trafficking,Immoral Traffic (Prevention) Act
2014,Kerala,False,36.0,Rape & Attempted Rape,Attempt to Commit Rape
2014,Kerala,False,143.0,Kidnapping & Abduction,Kidnapping in Order to Murder
2014,Kerala,True,24.0,Kidnapping & Abduction,Kidnapping & Abduction (General)
2014,Kerala,True,0.0,Kidnapping & Abduction,Kidnapping in Order to Murder
2014,Kerala,True,0.0,Kidnapping & Abduction,Kidnapping for Ransom
2014,Kerala,True,89.0,Kidnapping & Abduction,Kidnapping to Compel Marriage
2014,Kerala,True,30.0,Kidnapping & Abduction,Kidnapping & Abduction (General)
2014,Kerala,False,28.0,Cruelty & Dowry Offenses,Dowry Death
2014,Kerala,True,980.0,Assault & Sexual Harassment,Assault to Outrage Modesty
2014,Kerala,True,398.0,Assault & Sexual Harassment,Assault with Intent to Disrobe
2014,Kerala,True,18.0,Assault & Sexual Harassment,Voyeurism
2014,Kerala,True,37.0,Assault & Sexual Harassment,Stalking
2014,Kerala,True,2934.0,Assault & Sexual Harassment,Other Assaults / Harassment
2014,Kerala,True,6.0,Assault & Sexual Harassment,Sexual Harassment (Workplace)
2014,Kerala,True,3.0,Assault & Sexual Harassment,Sexual Harassment (Workplace)
2014,Kerala,True,11.0,Assault & Sexual Harassment,Sexual Harassment (Public Transport)
2014,Kerala,True,237.0,Assault & Sexual Harassment,Harassment in Other Places
2014,Kerala,False,4919.0,Cruelty & Dowry Offenses,Cruelty by Husband/Relatives
2014,Kerala,False,0.0,Human Trafficking,Importation of Girls from Foreign Country
2014,Kerala,False,38.0,Special & Local Laws,Abetment of Suicide of Women
2014,Lakshadweep,False,1.0,Rape & Attempted Rape,Rape (General/Other)
2014,Lakshadweep,True,0.0,Rape & Attempted Rape,Custodial Rape
2014,Lakshadweep,True,0.0,Rape & Attempted Rape,Custodial Gang Rape
2014,Lakshadweep,True,0.0,Rape & Attempted Rape,Custodial Rape
2014,Lakshadweep,True,1.0,Rape & Attempted Rape,Custodial Rape
2014,Lakshadweep,True,0.0,Rape & Attempted Rape,Gang Rape
2014,Lakshadweep,True,1.0,Rape & Attempted Rape,Rape (General/Other)
2014,Lakshadweep,False,0.0,Cruelty & Dowry Offenses,Dowry Prohibition Act
2014,Lakshadweep,False,0.0,Special & Local Laws,Indecent Representation of Women Act
2014,Lakshadweep,False,0.0,Special & Local Laws,Commission of Sati Prevention Act
2014,Lakshadweep,False,0.0,Cruelty & Dowry Offenses,Domestic Violence Act
2014,Lakshadweep,False,0.0,Human Trafficking,Immoral Traffic (Prevention) Act
2014,Lakshadweep,True,0.0,Human Trafficking,Immoral Traffic (Prevention) Act
2014,Lakshadweep,True,0.0,Human Trafficking,Immoral Traffic (Prevention) Act
2014,Lakshadweep,True,0.0,Human Trafficking,Immoral Traffic (Prevention) Act
2014,Lakshadweep,True,0.0,Human Trafficking,Immoral Traffic (Prevention) Act
2014,Lakshadweep,True,0.0,Human Trafficking,Immoral Traffic (Prevention) Act
2014,Lakshadweep,False,0.0,Rape & Attempted Rape,Attempt to Commit Rape
2014,Lakshadweep,False,0.0,Kidnapping & Abduction,Kidnapping in Order to Murder
2014,Lakshadweep,True,0.0,Kidnapping & Abduction,Kidnapping & Abduction (General)
2014,Lakshadweep,True,0.0,Kidnapping & Abduction,Kidnapping in Order to Murder
2014,Lakshadweep,True,0.0,Kidnapping & Abduction,Kidnapping for Ransom
2014,Lakshadweep,True,0.0,Kidnapping & Abduction,Kidnapping to Compel Marriage
2014,Lakshadweep,True,0.0,Kidnapping & Abduction,Kidnapping & Abduction (General)
2014,Lakshadweep,False,0.0,Cruelty & Dowry Offenses,Dowry Death
2014,Lakshadweep,True,0.0,Assault & Sexual Harassment,Assault to Outrage Modesty
2014,Lakshadweep,True,0.0,Assault & Sexual Harassment,Assault with Intent to Disrobe
2014,Lakshadweep,True,0.0,Assault & Sexual Harassment,Voyeurism
2014,Lakshadweep,True,0.0,Assault & Sexual Harassment,Stalking
2014,Lakshadweep,True,1.0,Assault & Sexual Harassment,Other Assaults / Harassment
2014,Lakshadweep,True,0.0,Assault & Sexual Harassment,Sexual Harassment (Workplace)
2014,Lakshadweep,True,0.0,Assault & Sexual Harassment,Sexual Harassment (Workplace)
2014,Lakshadweep,True,0.0,Assault & Sexual Harassment,Sexual Harassment (Public Transport)
2014,Lakshadweep,True,2.0,Assault & Sexual Harassment,Harassment in Other Places
2014,Lakshadweep,False,0.0,Cruelty & Dowry Offenses,Cruelty by Husband/Relatives
2014,Lakshadweep,False,0.0,Human Trafficking,Importation of Girls from Foreign Country
2014,Lakshadweep,False,0.0,Special & Local Laws,Abetment of Suicide of Women
2014,Madhya Pradesh,False,5076.0,Rape & Attempted Rape,Rape (General/Other)
2014,Madhya Pradesh,True,0.0,Rape & Attempted Rape,Custodial Rape
2014,Madhya Pradesh,True,0.0,Rape & Attempted Rape,Custodial Gang Rape
2014,Madhya Pradesh,True,0.0,Rape & Attempted Rape,Custodial Rape
2014,Madhya Pradesh,True,5076.0,Rape & Attempted Rape,Custodial Rape
2014,Madhya Pradesh,True,284.0,Rape & Attempted Rape,Gang Rape
2014,Madhya Pradesh,True,4792.0,Rape & Attempted Rape,Rape (General/Other)
2014,Madhya Pradesh,False,113.0,Cruelty & Dowry Offenses,Dowry Prohibition Act
2014,Madhya Pradesh,False,0.0,Special & Local Laws,Indecent Representation of Women Act
2014,Madhya Pradesh,False,0.0,Special & Local Laws,Commission of Sati Prevention Act
2014,Madhya Pradesh,False,53.0,Cruelty & Dowry Offenses,Domestic Violence Act
2014,Madhya Pradesh,False,15.0,Human Trafficking,Immoral Traffic (Prevention) Act
2014,Madhya Pradesh,True,2.0,Human Trafficking,Immoral Traffic (Prevention) Act
2014,Madhya Pradesh,True,0.0,Human Trafficking,Immoral Traffic (Prevention) Act
2014,Madhya Pradesh,True,2.0,Human Trafficking,Immoral Traffic (Prevention) Act
2014,Madhya Pradesh,True,0.0,Human Trafficking,Immoral Traffic (Prevention) Act
2014,Madhya Pradesh,True,11.0,Human Trafficking,Immoral Traffic (Prevention) Act
2014,Madhya Pradesh,False,56.0,Rape & Attempted Rape,Attempt to Commit Rape
2014,Madhya Pradesh,False,5688.0,Kidnapping & Abduction,Kidnapping in Order to Murder
2014,Madhya Pradesh,True,2233.0,Kidnapping & Abduction,Kidnapping & Abduction (General)
2014,Madhya Pradesh,True,9.0,Kidnapping & Abduction,Kidnapping in Order to Murder
2014,Madhya Pradesh,True,2.0,Kidnapping & Abduction,Kidnapping for Ransom
2014,Madhya Pradesh,True,2364.0,Kidnapping & Abduction,Kidnapping to Compel Marriage
2014,Madhya Pradesh,True,1080.0,Kidnapping & Abduction,Kidnapping & Abduction (General)
2014,Madhya Pradesh,False,733.0,Cruelty & Dowry Offenses,Dowry Death
2014,Madhya Pradesh,True,3163.0,Assault & Sexual Harassment,Assault to Outrage Modesty
2014,Madhya Pradesh,True,132.0,Assault & Sexual Harassment,Assault with Intent to Disrobe
2014,Madhya Pradesh,True,86.0,Assault & Sexual Harassment,Voyeurism
2014,Madhya Pradesh,True,401.0,Assault & Sexual Harassment,Stalking
2014,Madhya Pradesh,True,5827.0,Assault & Sexual Harassment,Other Assaults / Harassment
2014,Madhya Pradesh,True,1.0,Assault & Sexual Harassment,Sexual Harassment (Workplace)
2014,Madhya Pradesh,True,21.0,Assault & Sexual Harassment,Sexual Harassment (Workplace)
2014,Madhya Pradesh,True,3.0,Assault & Sexual Harassment,Sexual Harassment (Public Transport)
2014,Madhya Pradesh,True,404.0,Assault & Sexual Harassment,Harassment in Other Places
2014,Madhya Pradesh,False,6451.0,Cruelty & Dowry Offenses,Cruelty by Husband/Relatives
2014,Madhya Pradesh,False,0.0,Human Trafficking,Importation of Girls from Foreign Country
2014,Madhya Pradesh,False,455.0,Special & Local Laws,Abetment of Suicide of Women
2014,Maharashtra,False,3438.0,Rape & Attempted Rape,Rape (General/Other)
2014,Maharashtra,True,0.0,Rape & Attempted Rape,Custodial Rape
2014,Maharashtra,True,0.0,Rape & Attempted Rape,Custodial Gang Rape
2014,Maharashtra,True,0.0,Rape & Attempted Rape,Custodial Rape
2014,Maharashtra,True,3438.0,Rape & Attempted Rape,Custodial Rape
2014,Maharashtra,True,126.0,Rape & Attempted Rape,Gang Rape
2014,Maharashtra,True,3312.0,Rape & Attempted Rape,Rape (General/Other)
2014,Maharashtra,False,39.0,Cruelty & Dowry Offenses,Dowry Prohibition Act
2014,Maharashtra,False,0.0,Special & Local Laws,Indecent Representation of Women Act
2014,Maharashtra,False,0.0,Special & Local Laws,Commission of Sati Prevention Act
2014,Maharashtra,False,4.0,Cruelty & Dowry Offenses,Domestic Violence Act
2014,Maharashtra,False,202.0,Human Trafficking,Immoral Traffic (Prevention) Act
2014,Maharashtra,True,79.0,Human Trafficking,Immoral Traffic (Prevention) Act
2014,Maharashtra,True,5.0,Human Trafficking,Immoral Traffic (Prevention) Act
2014,Maharashtra,True,33.0,Human Trafficking,Immoral Traffic (Prevention) Act
2014,Maharashtra,True,7.0,Human Trafficking,Immoral Traffic (Prevention) Act
2014,Maharashtra,True,78.0,Human Trafficking,Immoral Traffic (Prevention) Act
2014,Maharashtra,False,15.0,Rape & Attempted Rape,Attempt to Commit Rape
2014,Maharashtra,False,2457.0,Kidnapping & Abduction,Kidnapping in Order to Murder
2014,Maharashtra,True,1042.0,Kidnapping & Abduction,Kidnapping & Abduction (General)
2014,Maharashtra,True,1.0,Kidnapping & Abduction,Kidnapping in Order to Murder
2014,Maharashtra,True,8.0,Kidnapping & Abduction,Kidnapping for Ransom
2014,Maharashtra,True,1046.0,Kidnapping & Abduction,Kidnapping to Compel Marriage
2014,Maharashtra,True,360.0,Kidnapping & Abduction,Kidnapping & Abduction (General)
2014,Maharashtra,False,279.0,Cruelty & Dowry Offenses,Dowry Death
2014,Maharashtra,True,4052.0,Assault & Sexual Harassment,Assault to Outrage Modesty
2014,Maharashtra,True,309.0,Assault & Sexual Harassment,Assault with Intent to Disrobe
2014,Maharashtra,True,105.0,Assault & Sexual Harassment,Voyeurism
2014,Maharashtra,True,797.0,Assault & Sexual Harassment,Stalking
2014,Maharashtra,True,4738.0,Assault & Sexual Harassment,Other Assaults / Harassment
2014,Maharashtra,True,10.0,Assault & Sexual Harassment,Sexual Harassment (Workplace)
2014,Maharashtra,True,48.0,Assault & Sexual Harassment,Sexual Harassment (Workplace)
2014,Maharashtra,True,8.0,Assault & Sexual Harassment,Sexual Harassment (Public Transport)
2014,Maharashtra,True,1509.0,Assault & Sexual Harassment,Harassment in Other Places
2014,Maharashtra,False,7696.0,Cruelty & Dowry Offenses,Cruelty by Husband/Relatives
2014,Maharashtra,False,1.0,Human Trafficking,Importation of Girls from Foreign Country
2014,Maharashtra,False,986.0,Special & Local Laws,Abetment of Suicide of Women
2014,Manipur,False,75.0,Rape & Attempted Rape,Rape (General/Other)
2014,Manipur,True,0.0,Rape & Attempted Rape,Custodial Rape
2014,Manipur,True,0.0,Rape & Attempted Rape,Custodial Gang Rape
2014,Manipur,True,0.0,Rape & Attempted Rape,Custodial Rape
2014,Manipur,True,75.0,Rape & Attempted Rape,Custodial Rape
2014,Manipur,True,0.0,Rape & Attempted Rape,Gang Rape
2014,Manipur,True,75.0,Rape & Attempted Rape,Rape (General/Other)
2014,Manipur,False,0.0,Cruelty & Dowry Offenses,Dowry Prohibition Act
2014,Manipur,False,0.0,Special & Local Laws,Indecent Representation of Women Act
2014,Manipur,False,0.0,Special & Local Laws,Commission of Sati Prevention Act
2014,Manipur,False,0.0,Cruelty & Dowry Offenses,Domestic Violence Act
2014,Manipur,False,0.0,Human Trafficking,Immoral Traffic (Prevention) Act
2014,Manipur,True,0.0,Human Trafficking,Immoral Traffic (Prevention) Act
2014,Manipur,True,0.0,Human Trafficking,Immoral Traffic (Prevention) Act
2014,Manipur,True,0.0,Human Trafficking,Immoral Traffic (Prevention) Act
2014,Manipur,True,0.0,Human Trafficking,Immoral Traffic (Prevention) Act
2014,Manipur,True,0.0,Human Trafficking,Immoral Traffic (Prevention) Act
2014,Manipur,False,1.0,Rape & Attempted Rape,Attempt to Commit Rape
2014,Manipur,False,121.0,Kidnapping & Abduction,Kidnapping in Order to Murder
2014,Manipur,True,2.0,Kidnapping & Abduction,Kidnapping & Abduction (General)
2014,Manipur,True,0.0,Kidnapping & Abduction,Kidnapping in Order to Murder
2014,Manipur,True,5.0,Kidnapping & Abduction,Kidnapping for Ransom
2014,Manipur,True,102.0,Kidnapping & Abduction,Kidnapping to Compel Marriage
2014,Manipur,True,12.0,Kidnapping & Abduction,Kidnapping & Abduction (General)
2014,Manipur,False,1.0,Cruelty & Dowry Offenses,Dowry Death
2014,Manipur,True,5.0,Assault & Sexual Harassment,Assault to Outrage Modesty
2014,Manipur,True,4.0,Assault & Sexual Harassment,Assault with Intent to Disrobe
2014,Manipur,True,0.0,Assault & Sexual Harassment,Voyeurism
2014,Manipur,True,2.0,Assault & Sexual Harassment,Stalking
2014,Manipur,True,87.0,Assault & Sexual Harassment,Other Assaults / Harassment
2014,Manipur,True,0.0,Assault & Sexual Harassment,Sexual Harassment (Workplace)
2014,Manipur,True,0.0,Assault & Sexual Harassment,Sexual Harassment (Workplace)
2014,Manipur,True,0.0,Assault & Sexual Harassment,Sexual Harassment (Public Transport)
2014,Manipur,True,0.0,Assault & Sexual Harassment,Harassment in Other Places
2014,Manipur,False,41.0,Cruelty & Dowry Offenses,Cruelty by Husband/Relatives
2014,Manipur,False,0.0,Human Trafficking,Importation of Girls from Foreign Country
2014,Manipur,False,0.0,Special & Local Laws,Abetment of Suicide of Women
2014,Meghalaya,False,118.0,Rape & Attempted Rape,Rape (General/Other)
2014,Meghalaya,True,0.0,Rape & Attempted Rape,Custodial Rape
2014,Meghalaya,True,0.0,Rape & Attempted Rape,Custodial Gang Rape
2014,Meghalaya,True,0.0,Rape & Attempted Rape,Custodial Rape
2014,Meghalaya,True,118.0,Rape & Attempted Rape,Custodial Rape
2014,Meghalaya,True,3.0,Rape & Attempted Rape,Gang Rape
2014,Meghalaya,True,115.0,Rape & Attempted Rape,Rape (General/Other)
2014,Meghalaya,False,1.0,Cruelty & Dowry Offenses,Dowry Prohibition Act
2014,Meghalaya,False,0.0,Special & Local Laws,Indecent Representation of Women Act
2014,Meghalaya,False,0.0,Special & Local Laws,Commission of Sati Prevention Act
2014,Meghalaya,False,0.0,Cruelty & Dowry Offenses,Domestic Violence Act
2014,Meghalaya,False,3.0,Human Trafficking,Immoral Traffic (Prevention) Act
2014,Meghalaya,True,3.0,Human Trafficking,Immoral Traffic (Prevention) Act
2014,Meghalaya,True,0.0,Human Trafficking,Immoral Traffic (Prevention) Act
2014,Meghalaya,True,0.0,Human Trafficking,Immoral Traffic (Prevention) Act
2014,Meghalaya,True,0.0,Human Trafficking,Immoral Traffic (Prevention) Act
2014,Meghalaya,True,0.0,Human Trafficking,Immoral Traffic (Prevention) Act
2014,Meghalaya,False,26.0,Rape & Attempted Rape,Attempt to Commit Rape
2014,Meghalaya,False,38.0,Kidnapping & Abduction,Kidnapping in Order to Murder
2014,Meghalaya,True,9.0,Kidnapping & Abduction,Kidnapping & Abduction (General)
2014,Meghalaya,True,0.0,Kidnapping & Abduction,Kidnapping in Order to Murder
2014,Meghalaya,True,1.0,Kidnapping & Abduction,Kidnapping for Ransom
2014,Meghalaya,True,9.0,Kidnapping & Abduction,Kidnapping to Compel Marriage
2014,Meghalaya,True,19.0,Kidnapping & Abduction,Kidnapping & Abduction (General)
2014,Meghalaya,False,1.0,Cruelty & Dowry Offenses,Dowry Death
2014,Meghalaya,True,0.0,Assault & Sexual Harassment,Assault to Outrage Modesty
2014,Meghalaya,True,10.0,Assault & Sexual Harassment,Assault with Intent to Disrobe
2014,Meghalaya,True,1.0,Assault & Sexual Harassment,Voyeurism
2014,Meghalaya,True,4.0,Assault & Sexual Harassment,Stalking
2014,Meghalaya,True,90.0,Assault & Sexual Harassment,Other Assaults / Harassment
2014,Meghalaya,True,0.0,Assault & Sexual Harassment,Sexual Harassment (Workplace)
2014,Meghalaya,True,0.0,Assault & Sexual Harassment,Sexual Harassment (Workplace)
2014,Meghalaya,True,0.0,Assault & Sexual Harassment,Sexual Harassment (Public Transport)
2014,Meghalaya,True,54.0,Assault & Sexual Harassment,Harassment in Other Places
2014,Meghalaya,False,42.0,Cruelty & Dowry Offenses,Cruelty by Husband/Relatives
2014,Meghalaya,False,0.0,Human Trafficking,Importation of Girls from Foreign Country
2014,Meghalaya,False,0.0,Special & Local Laws,Abetment of Suicide of Women
2014,Mizoram,False,120.0,Rape & Attempted Rape,Rape (General/Other)
2014,Mizoram,True,0.0,Rape & Attempted Rape,Custodial Rape
2014,Mizoram,True,0.0,Rape & Attempted Rape,Custodial Gang Rape
2014,Mizoram,True,0.0,Rape & Attempted Rape,Custodial Rape
2014,Mizoram,True,120.0,Rape & Attempted Rape,Custodial Rape
2014,Mizoram,True,7.0,Rape & Attempted Rape,Gang Rape
2014,Mizoram,True,113.0,Rape & Attempted Rape,Rape (General/Other)
2014,Mizoram,False,0.0,Cruelty & Dowry Offenses,Dowry Prohibition Act
2014,Mizoram,False,0.0,Special & Local Laws,Indecent Representation of Women Act
2014,Mizoram,False,0.0,Special & Local Laws,Commission of Sati Prevention Act
2014,Mizoram,False,0.0,Cruelty & Dowry Offenses,Domestic Violence Act
2014,Mizoram,False,0.0,Human Trafficking,Immoral Traffic (Prevention) Act
2014,Mizoram,True,0.0,Human Trafficking,Immoral Traffic (Prevention) Act
2014,Mizoram,True,0.0,Human Trafficking,Immoral Traffic (Prevention) Act
2014,Mizoram,True,0.0,Human Trafficking,Immoral Traffic (Prevention) Act
2014,Mizoram,True,0.0,Human Trafficking,Immoral Traffic (Prevention) Act
2014,Mizoram,True,0.0,Human Trafficking,Immoral Traffic (Prevention) Act
2014,Mizoram,False,1.0,Rape & Attempted Rape,Attempt to Commit Rape
2014,Mizoram,False,3.0,Kidnapping & Abduction,Kidnapping in Order to Murder
2014,Mizoram,True,2.0,Kidnapping & Abduction,Kidnapping & Abduction (General)
2014,Mizoram,True,0.0,Kidnapping & Abduction,Kidnapping in Order to Murder
2014,Mizoram,True,0.0,Kidnapping & Abduction,Kidnapping for Ransom
2014,Mizoram,True,0.0,Kidnapping & Abduction,Kidnapping to Compel Marriage
2014,Mizoram,True,1.0,Kidnapping & Abduction,Kidnapping & Abduction (General)
2014,Mizoram,False,0.0,Cruelty & Dowry Offenses,Dowry Death
2014,Mizoram,True,53.0,Assault & Sexual Harassment,Assault to Outrage Modesty
2014,Mizoram,True,12.0,Assault & Sexual Harassment,Assault with Intent to Disrobe
2014,Mizoram,True,2.0,Assault & Sexual Harassment,Voyeurism
2014,Mizoram,True,6.0,Assault & Sexual Harassment,Stalking
2014,Mizoram,True,24.0,Assault & Sexual Harassment,Other Assaults / Harassment
2014,Mizoram,True,0.0,Assault & Sexual Harassment,Sexual Harassment (Workplace)
2014,Mizoram,True,29.0,Assault & Sexual Harassment,Sexual Harassment (Workplace)
2014,Mizoram,True,0.0,Assault & Sexual Harassment,Sexual Harassment (Public Transport)
2014,Mizoram,True,0.0,Assault & Sexual Harassment,Harassment in Other Places
2014,Mizoram,False,8.0,Cruelty & Dowry Offenses,Cruelty by Husband/Relatives
2014,Mizoram,False,0.0,Human Trafficking,Importation of Girls from Foreign Country
2014,Mizoram,False,0.0,Special & Local Laws,Abetment of Suicide of Women
2014,Nagaland,False,30.0,Rape & Attempted Rape,Rape (General/Other)
2014,Nagaland,True,0.0,Rape & Attempted Rape,Custodial Rape
2014,Nagaland,True,0.0,Rape & Attempted Rape,Custodial Gang Rape
2014,Nagaland,True,0.0,Rape & Attempted Rape,Custodial Rape
2014,Nagaland,True,30.0,Rape & Attempted Rape,Custodial Rape
2014,Nagaland,True,4.0,Rape & Attempted Rape,Gang Rape
2014,Nagaland,True,26.0,Rape & Attempted Rape,Rape (General/Other)
2014,Nagaland,False,0.0,Cruelty & Dowry Offenses,Dowry Prohibition Act
2014,Nagaland,False,0.0,Special & Local Laws,Indecent Representation of Women Act
2014,Nagaland,False,0.0,Special & Local Laws,Commission of Sati Prevention Act
2014,Nagaland,False,0.0,Cruelty & Dowry Offenses,Domestic Violence Act
2014,Nagaland,False,1.0,Human Trafficking,Immoral Traffic (Prevention) Act
2014,Nagaland,True,1.0,Human Trafficking,Immoral Traffic (Prevention) Act
2014,Nagaland,True,0.0,Human Trafficking,Immoral Traffic (Prevention) Act
2014,Nagaland,True,0.0,Human Trafficking,Immoral Traffic (Prevention) Act
2014,Nagaland,True,0.0,Human Trafficking,Immoral Traffic (Prevention) Act
2014,Nagaland,True,0.0,Human Trafficking,Immoral Traffic (Prevention) Act
2014,Nagaland,False,3.0,Rape & Attempted Rape,Attempt to Commit Rape
2014,Nagaland,False,13.0,Kidnapping & Abduction,Kidnapping in Order to Murder
2014,Nagaland,True,3.0,Kidnapping & Abduction,Kidnapping & Abduction (General)
2014,Nagaland,True,0.0,Kidnapping & Abduction,Kidnapping in Order to Murder
2014,Nagaland,True,0.0,Kidnapping & Abduction,Kidnapping for Ransom
2014,Nagaland,True,2.0,Kidnapping & Abduction,Kidnapping to Compel Marriage
2014,Nagaland,True,8.0,Kidnapping & Abduction,Kidnapping & Abduction (General)
2014,Nagaland,False,0.0,Cruelty & Dowry Offenses,Dowry Death
2014,Nagaland,True,5.0,Assault & Sexual Harassment,Assault to Outrage Modesty
2014,Nagaland,True,5.0,Assault & Sexual Harassment,Assault with Intent to Disrobe
2014,Nagaland,True,0.0,Assault & Sexual Harassment,Voyeurism
2014,Nagaland,True,1.0,Assault & Sexual Harassment,Stalking
2014,Nagaland,True,5.0,Assault & Sexual Harassment,Other Assaults / Harassment
2014,Nagaland,True,0.0,Assault & Sexual Harassment,Sexual Harassment (Workplace)
2014,Nagaland,True,0.0,Assault & Sexual Harassment,Sexual Harassment (Workplace)
2014,Nagaland,True,0.0,Assault & Sexual Harassment,Sexual Harassment (Public Transport)
2014,Nagaland,True,1.0,Assault & Sexual Harassment,Harassment in Other Places
2014,Nagaland,False,3.0,Cruelty & Dowry Offenses,Cruelty by Husband/Relatives
2014,Nagaland,False,0.0,Human Trafficking,Importation of Girls from Foreign Country
2014,Nagaland,False,0.0,Special & Local Laws,Abetment of Suicide of Women
2014,Odisha,False,1978.0,Rape & Attempted Rape,Rape (General/Other)
2014,Odisha,True,0.0,Rape & Attempted Rape,Custodial Rape
2014,Odisha,True,0.0,Rape & Attempted Rape,Custodial Gang Rape
2014,Odisha,True,0.0,Rape & Attempted Rape,Custodial Rape
2014,Odisha,True,1978.0,Rape & Attempted Rape,Custodial Rape
2014,Odisha,True,82.0,Rape & Attempted Rape,Gang Rape
2014,Odisha,True,1896.0,Rape & Attempted Rape,Rape (General/Other)
2014,Odisha,False,646.0,Cruelty & Dowry Offenses,Dowry Prohibition Act
2014,Odisha,False,0.0,Special & Local Laws,Indecent Representation of Women Act
2014,Odisha,False,0.0,Special & Local Laws,Commission of Sati Prevention Act
2014,Odisha,False,0.0,Cruelty & Dowry Offenses,Domestic Violence Act
2014,Odisha,False,32.0,Human Trafficking,Immoral Traffic (Prevention) Act
2014,Odisha,True,7.0,Human Trafficking,Immoral Traffic (Prevention) Act
2014,Odisha,True,0.0,Human Trafficking,Immoral Traffic (Prevention) Act
2014,Odisha,True,1.0,Human Trafficking,Immoral Traffic (Prevention) Act
2014,Odisha,True,0.0,Human Trafficking,Immoral Traffic (Prevention) Act
2014,Odisha,True,24.0,Human Trafficking,Immoral Traffic (Prevention) Act
2014,Odisha,False,33.0,Rape & Attempted Rape,Attempt to Commit Rape
2014,Odisha,False,2436.0,Kidnapping & Abduction,Kidnapping in Order to Murder
2014,Odisha,True,849.0,Kidnapping & Abduction,Kidnapping & Abduction (General)
2014,Odisha,True,2.0,Kidnapping & Abduction,Kidnapping in Order to Murder
2014,Odisha,True,4.0,Kidnapping & Abduction,Kidnapping for Ransom
2014,Odisha,True,1313.0,Kidnapping & Abduction,Kidnapping to Compel Marriage
2014,Odisha,True,268.0,Kidnapping & Abduction,Kidnapping & Abduction (General)
2014,Odisha,False,441.0,Cruelty & Dowry Offenses,Dowry Death
2014,Odisha,True,802.0,Assault & Sexual Harassment,Assault to Outrage Modesty
2014,Odisha,True,1142.0,Assault & Sexual Harassment,Assault with Intent to Disrobe
2014,Odisha,True,28.0,Assault & Sexual Harassment,Voyeurism
2014,Odisha,True,134.0,Assault & Sexual Harassment,Stalking
2014,Odisha,True,3437.0,Assault & Sexual Harassment,Other Assaults / Harassment
2014,Odisha,True,8.0,Assault & Sexual Harassment,Sexual Harassment (Workplace)
2014,Odisha,True,10.0,Assault & Sexual Harassment,Sexual Harassment (Workplace)
2014,Odisha,True,1.0,Assault & Sexual Harassment,Sexual Harassment (Public Transport)
2014,Odisha,True,360.0,Assault & Sexual Harassment,Harassment in Other Places
2014,Odisha,False,3114.0,Cruelty & Dowry Offenses,Cruelty by Husband/Relatives
2014,Odisha,False,0.0,Human Trafficking,Importation of Girls from Foreign Country
2014,Odisha,False,4.0,Special & Local Laws,Abetment of Suicide of Women
2014,Puducherry,False,10.0,Rape & Attempted Rape,Rape (General/Other)
2014,Puducherry,True,1.0,Rape & Attempted Rape,Custodial Rape
2014,Puducherry,True,0.0,Rape & Attempted Rape,Custodial Gang Rape
2014,Puducherry,True,1.0,Rape & Attempted Rape,Custodial Rape
2014,Puducherry,True,9.0,Rape & Attempted Rape,Custodial Rape
2014,Puducherry,True,1.0,Rape & Attempted Rape,Gang Rape
2014,Puducherry,True,8.0,Rape & Attempted Rape,Rape (General/Other)
2014,Puducherry,False,14.0,Cruelty & Dowry Offenses,Dowry Prohibition Act
2014,Puducherry,False,0.0,Special & Local Laws,Indecent Representation of Women Act
2014,Puducherry,False,0.0,Special & Local Laws,Commission of Sati Prevention Act
2014,Puducherry,False,0.0,Cruelty & Dowry Offenses,Domestic Violence Act
2014,Puducherry,False,1.0,Human Trafficking,Immoral Traffic (Prevention) Act
2014,Puducherry,True,0.0,Human Trafficking,Immoral Traffic (Prevention) Act
2014,Puducherry,True,1.0,Human Trafficking,Immoral Traffic (Prevention) Act
2014,Puducherry,True,0.0,Human Trafficking,Immoral Traffic (Prevention) Act
2014,Puducherry,True,0.0,Human Trafficking,Immoral Traffic (Prevention) Act
2014,Puducherry,True,0.0,Human Trafficking,Immoral Traffic (Prevention) Act
2014,Puducherry,False,0.0,Rape & Attempted Rape,Attempt to Commit Rape
2014,Puducherry,False,7.0,Kidnapping & Abduction,Kidnapping in Order to Murder
2014,Puducherry,True,4.0,Kidnapping & Abduction,Kidnapping & Abduction (General)
2014,Puducherry,True,0.0,Kidnapping & Abduction,Kidnapping in Order to Murder
2014,Puducherry,True,0.0,Kidnapping & Abduction,Kidnapping for Ransom
2014,Puducherry,True,1.0,Kidnapping & Abduction,Kidnapping to Compel Marriage
2014,Puducherry,True,2.0,Kidnapping & Abduction,Kidnapping & Abduction (General)
2014,Puducherry,False,1.0,Cruelty & Dowry Offenses,Dowry Death
2014,Puducherry,True,12.0,Assault & Sexual Harassment,Assault to Outrage Modesty
2014,Puducherry,True,6.0,Assault & Sexual Harassment,Assault with Intent to Disrobe
2014,Puducherry,True,1.0,Assault & Sexual Harassment,Voyeurism
2014,Puducherry,True,1.0,Assault & Sexual Harassment,Stalking
2014,Puducherry,True,12.0,Assault & Sexual Harassment,Other Assaults / Harassment
2014,Puducherry,True,1.0,Assault & Sexual Harassment,Sexual Harassment (Workplace)
2014,Puducherry,True,2.0,Assault & Sexual Harassment,Sexual Harassment (Workplace)
2014,Puducherry,True,0.0,Assault & Sexual Harassment,Sexual Harassment (Public Transport)
2014,Puducherry,True,5.0,Assault & Sexual Harassment,Harassment in Other Places
2014,Puducherry,False,4.0,Cruelty & Dowry Offenses,Cruelty by Husband/Relatives
2014,Puducherry,False,0.0,Human Trafficking,Importation of Girls from Foreign Country
2014,Puducherry,False,0.0,Special & Local Laws,Abetment of Suicide of Women
2014,Punjab,False,981.0,Rape & Attempted Rape,Rape (General/Other)
2014,Punjab,True,0.0,Rape & Attempted Rape,Custodial Rape
2014,Punjab,True,0.0,Rape & Attempted Rape,Custodial Gang Rape
2014,Punjab,True,0.0,Rape & Attempted Rape,Custodial Rape
2014,Punjab,True,981.0,Rape & Attempted Rape,Custodial Rape
2014,Punjab,True,24.0,Rape & Attempted Rape,Gang Rape
2014,Punjab,True,957.0,Rape & Attempted Rape,Rape (General/Other)
2014,Punjab,False,5.0,Cruelty & Dowry Offenses,Dowry Prohibition Act
2014,Punjab,False,1.0,Special & Local Laws,Indecent Representation of Women Act
2014,Punjab,False,0.0,Special & Local Laws,Commission of Sati Prevention Act
2014,Punjab,False,2.0,Cruelty & Dowry Offenses,Domestic Violence Act
2014,Punjab,False,63.0,Human Trafficking,Immoral Traffic (Prevention) Act
2014,Punjab,True,33.0,Human Trafficking,Immoral Traffic (Prevention) Act
2014,Punjab,True,0.0,Human Trafficking,Immoral Traffic (Prevention) Act
2014,Punjab,True,0.0,Human Trafficking,Immoral Traffic (Prevention) Act
2014,Punjab,True,1.0,Human Trafficking,Immoral Traffic (Prevention) Act
2014,Punjab,True,29.0,Human Trafficking,Immoral Traffic (Prevention) Act
2014,Punjab,False,154.0,Rape & Attempted Rape,Attempt to Commit Rape
2014,Punjab,False,1176.0,Kidnapping & Abduction,Kidnapping in Order to Murder
2014,Punjab,True,86.0,Kidnapping & Abduction,Kidnapping & Abduction (General)
2014,Punjab,True,0.0,Kidnapping & Abduction,Kidnapping in Order to Murder
2014,Punjab,True,1.0,Kidnapping & Abduction,Kidnapping for Ransom
2014,Punjab,True,806.0,Kidnapping & Abduction,Kidnapping to Compel Marriage
2014,Punjab,True,283.0,Kidnapping & Abduction,Kidnapping & Abduction (General)
2014,Punjab,False,90.0,Cruelty & Dowry Offenses,Dowry Death
2014,Punjab,True,344.0,Assault & Sexual Harassment,Assault to Outrage Modesty
2014,Punjab,True,41.0,Assault & Sexual Harassment,Assault with Intent to Disrobe
2014,Punjab,True,48.0,Assault & Sexual Harassment,Voyeurism
2014,Punjab,True,48.0,Assault & Sexual Harassment,Stalking
2014,Punjab,True,632.0,Assault & Sexual Harassment,Other Assaults / Harassment
2014,Punjab,True,0.0,Assault & Sexual Harassment,Sexual Harassment (Workplace)
2014,Punjab,True,3.0,Assault & Sexual Harassment,Sexual Harassment (Workplace)
2014,Punjab,True,0.0,Assault & Sexual Harassment,Sexual Harassment (Public Transport)
2014,Punjab,True,32.0,Assault & Sexual Harassment,Harassment in Other Places
2014,Punjab,False,1681.0,Cruelty & Dowry Offenses,Cruelty by Husband/Relatives
2014,Punjab,False,0.0,Human Trafficking,Importation of Girls from Foreign Country
2014,Punjab,False,124.0,Special & Local Laws,Abetment of Suicide of Women
2014,Rajasthan,False,3759.0,Rape & Attempted Rape,Rape (General/Other)
2014,Rajasthan,True,3.0,Rape & Attempted Rape,Custodial Rape
2014,Rajasthan,True,2.0,Rape & Attempted Rape,Custodial Gang Rape
2014,Rajasthan,True,1.0,Rape & Attempted Rape,Custodial Rape
2014,Rajasthan,True,3756.0,Rape & Attempted Rape,Custodial Rape
2014,Rajasthan,True,414.0,Rape & Attempted Rape,Gang Rape
2014,Rajasthan,True,3342.0,Rape & Attempted Rape,Rape (General/Other)
2014,Rajasthan,False,12.0,Cruelty & Dowry Offenses,Dowry Prohibition Act
2014,Rajasthan,False,18.0,Special & Local Laws,Indecent Representation of Women Act
2014,Rajasthan,False,0.0,Special & Local Laws,Commission of Sati Prevention Act
2014,Rajasthan,False,17.0,Cruelty & Dowry Offenses,Domestic Violence Act
2014,Rajasthan,False,78.0,Human Trafficking,Immoral Traffic (Prevention) Act
2014,Rajasthan,True,18.0,Human Trafficking,Immoral Traffic (Prevention) Act
2014,Rajasthan,True,8.0,Human Trafficking,Immoral Traffic (Prevention) Act
2014,Rajasthan,True,0.0,Human Trafficking,Immoral Traffic (Prevention) Act
2014,Rajasthan,True,1.0,Human Trafficking,Immoral Traffic (Prevention) Act
2014,Rajasthan,True,51.0,Human Trafficking,Immoral Traffic (Prevention) Act
2014,Rajasthan,False,373.0,Rape & Attempted Rape,Attempt to Commit Rape
2014,Rajasthan,False,4421.0,Kidnapping & Abduction,Kidnapping in Order to Murder
2014,Rajasthan,True,1057.0,Kidnapping & Abduction,Kidnapping & Abduction (General)
2014,Rajasthan,True,88.0,Kidnapping & Abduction,Kidnapping in Order to Murder
2014,Rajasthan,True,0.0,Kidnapping & Abduction,Kidnapping for Ransom
2014,Rajasthan,True,2360.0,Kidnapping & Abduction,Kidnapping to Compel Marriage
2014,Rajasthan,True,916.0,Kidnapping & Abduction,Kidnapping & Abduction (General)
2014,Rajasthan,False,408.0,Cruelty & Dowry Offenses,Dowry Death
2014,Rajasthan,True,727.0,Assault & Sexual Harassment,Assault to Outrage Modesty
2014,Rajasthan,True,235.0,Assault & Sexual Harassment,Assault with Intent to Disrobe
2014,Rajasthan,True,23.0,Assault & Sexual Harassment,Voyeurism
2014,Rajasthan,True,88.0,Assault & Sexual Harassment,Stalking
2014,Rajasthan,True,4926.0,Assault & Sexual Harassment,Other Assaults / Harassment
2014,Rajasthan,True,0.0,Assault & Sexual Harassment,Sexual Harassment (Workplace)
2014,Rajasthan,True,0.0,Assault & Sexual Harassment,Sexual Harassment (Workplace)
2014,Rajasthan,True,2.0,Assault & Sexual Harassment,Sexual Harassment (Public Transport)
2014,Rajasthan,True,16.0,Assault & Sexual Harassment,Harassment in Other Places
2014,Rajasthan,False,15905.0,Cruelty & Dowry Offenses,Cruelty by Husband/Relatives
2014,Rajasthan,False,0.0,Human Trafficking,Importation of Girls from Foreign Country
2014,Rajasthan,False,143.0,Special & Local Laws,Abetment of Suicide of Women
2014,Sikkim,False,47.0,Rape & Attempted Rape,Rape (General/Other)
2014,Sikkim,True,1.0,Rape & Attempted Rape,Custodial Rape
2014,Sikkim,True,0.0,Rape & Attempted Rape,Custodial Gang Rape
2014,Sikkim,True,1.0,Rape & Attempted Rape,Custodial Rape
2014,Sikkim,True,46.0,Rape & Attempted Rape,Custodial Rape
2014,Sikkim,True,1.0,Rape & Attempted Rape,Gang Rape
2014,Sikkim,True,45.0,Rape & Attempted Rape,Rape (General/Other)
2014,Sikkim,False,0.0,Cruelty & Dowry Offenses,Dowry Prohibition Act
2014,Sikkim,False,0.0,Special & Local Laws,Indecent Representation of Women Act
2014,Sikkim,False,0.0,Special & Local Laws,Commission of Sati Prevention Act
2014,Sikkim,False,0.0,Cruelty & Dowry Offenses,Domestic Violence Act
2014,Sikkim,False,0.0,Human Trafficking,Immoral Traffic (Prevention) Act
2014,Sikkim,True,0.0,Human Trafficking,Immoral Traffic (Prevention) Act
2014,Sikkim,True,0.0,Human Trafficking,Immoral Traffic (Prevention) Act
2014,Sikkim,True,0.0,Human Trafficking,Immoral Traffic (Prevention) Act
2014,Sikkim,True,0.0,Human Trafficking,Immoral Traffic (Prevention) Act
2014,Sikkim,True,0.0,Human Trafficking,Immoral Traffic (Prevention) Act
2014,Sikkim,False,9.0,Rape & Attempted Rape,Attempt to Commit Rape
2014,Sikkim,False,12.0,Kidnapping & Abduction,Kidnapping in Order to Murder
2014,Sikkim,True,9.0,Kidnapping & Abduction,Kidnapping & Abduction (General)
2014,Sikkim,True,0.0,Kidnapping & Abduction,Kidnapping in Order to Murder
2014,Sikkim,True,0.0,Kidnapping & Abduction,Kidnapping for Ransom
2014,Sikkim,True,0.0,Kidnapping & Abduction,Kidnapping to Compel Marriage
2014,Sikkim,True,3.0,Kidnapping & Abduction,Kidnapping & Abduction (General)
2014,Sikkim,False,0.0,Cruelty & Dowry Offenses,Dowry Death
2014,Sikkim,True,14.0,Assault & Sexual Harassment,Assault to Outrage Modesty
2014,Sikkim,True,1.0,Assault & Sexual Harassment,Assault with Intent to Disrobe
2014,Sikkim,True,0.0,Assault & Sexual Harassment,Voyeurism
2014,Sikkim,True,2.0,Assault & Sexual Harassment,Stalking
2014,Sikkim,True,17.0,Assault & Sexual Harassment,Other Assaults / Harassment
2014,Sikkim,True,0.0,Assault & Sexual Harassment,Sexual Harassment (Workplace)
2014,Sikkim,True,0.0,Assault & Sexual Harassment,Sexual Harassment (Workplace)
2014,Sikkim,True,0.0,Assault & Sexual Harassment,Sexual Harassment (Public Transport)
2014,Sikkim,True,3.0,Assault & Sexual Harassment,Harassment in Other Places
2014,Sikkim,False,5.0,Cruelty & Dowry Offenses,Cruelty by Husband/Relatives
2014,Sikkim,False,0.0,Human Trafficking,Importation of Girls from Foreign Country
2014,Sikkim,False,0.0,Special & Local Laws,Abetment of Suicide of Women
2014,Tamil Nadu,False,455.0,Rape & Attempted Rape,Rape (General/Other)
2014,Tamil Nadu,True,0.0,Rape & Attempted Rape,Custodial Rape
2014,Tamil Nadu,True,0.0,Rape & Attempted Rape,Custodial Gang Rape
2014,Tamil Nadu,True,0.0,Rape & Attempted Rape,Custodial Rape
2014,Tamil Nadu,True,455.0,Rape & Attempted Rape,Custodial Rape
2014,Tamil Nadu,True,2.0,Rape & Attempted Rape,Gang Rape
2014,Tamil Nadu,True,453.0,Rape & Attempted Rape,Rape (General/Other)
2014,Tamil Nadu,False,292.0,Cruelty & Dowry Offenses,Dowry Prohibition Act
2014,Tamil Nadu,False,4.0,Special & Local Laws,Indecent Representation of Women Act
2014,Tamil Nadu,False,0.0,Special & Local Laws,Commission of Sati Prevention Act
2014,Tamil Nadu,False,4.0,Cruelty & Dowry Offenses,Domestic Violence Act
2014,Tamil Nadu,False,471.0,Human Trafficking,Immoral Traffic (Prevention) Act
2014,Tamil Nadu,True,94.0,Human Trafficking,Immoral Traffic (Prevention) Act
2014,Tamil Nadu,True,2.0,Human Trafficking,Immoral Traffic (Prevention) Act
2014,Tamil Nadu,True,0.0,Human Trafficking,Immoral Traffic (Prevention) Act
2014,Tamil Nadu,True,19.0,Human Trafficking,Immoral Traffic (Prevention) Act
2014,Tamil Nadu,True,356.0,Human Trafficking,Immoral Traffic (Prevention) Act
2014,Tamil Nadu,False,16.0,Rape & Attempted Rape,Attempt to Commit Rape
2014,Tamil Nadu,False,1502.0,Kidnapping & Abduction,Kidnapping in Order to Murder
2014,Tamil Nadu,True,231.0,Kidnapping & Abduction,Kidnapping & Abduction (General)
2014,Tamil Nadu,True,0.0,Kidnapping & Abduction,Kidnapping in Order to Murder
2014,Tamil Nadu,True,1.0,Kidnapping & Abduction,Kidnapping for Ransom
2014,Tamil Nadu,True,1080.0,Kidnapping & Abduction,Kidnapping to Compel Marriage
2014,Tamil Nadu,True,190.0,Kidnapping & Abduction,Kidnapping & Abduction (General)
2014,Tamil Nadu,False,95.0,Cruelty & Dowry Offenses,Dowry Death
2014,Tamil Nadu,True,46.0,Assault & Sexual Harassment,Assault to Outrage Modesty
2014,Tamil Nadu,True,71.0,Assault & Sexual Harassment,Assault with Intent to Disrobe
2014,Tamil Nadu,True,1.0,Assault & Sexual Harassment,Voyeurism
2014,Tamil Nadu,True,1.0,Assault & Sexual Harassment,Stalking
2014,Tamil Nadu,True,983.0,Assault & Sexual Harassment,Other Assaults / Harassment
2014,Tamil Nadu,True,2.0,Assault & Sexual Harassment,Sexual Harassment (Workplace)
2014,Tamil Nadu,True,157.0,Assault & Sexual Harassment,Sexual Harassment (Workplace)
2014,Tamil Nadu,True,0.0,Assault & Sexual Harassment,Sexual Harassment (Public Transport)
2014,Tamil Nadu,True,70.0,Assault & Sexual Harassment,Harassment in Other Places
2014,Tamil Nadu,False,2103.0,Cruelty & Dowry Offenses,Cruelty by Husband/Relatives
2014,Tamil Nadu,False,0.0,Human Trafficking,Importation of Girls from Foreign Country
2014,Tamil Nadu,False,52.0,Special & Local Laws,Abetment of Suicide of Women
2014,Telangana,False,979.0,Rape & Attempted Rape,Rape (General/Other)
2014,Telangana,True,0.0,Rape & Attempted Rape,Custodial Rape
2014,Telangana,True,0.0,Rape & Attempted Rape,Custodial Gang Rape
2014,Telangana,True,0.0,Rape & Attempted Rape,Custodial Rape
2014,Telangana,True,979.0,Rape & Attempted Rape,Custodial Rape
2014,Telangana,True,14.0,Rape & Attempted Rape,Gang Rape
2014,Telangana,True,965.0,Rape & Attempted Rape,Rape (General/Other)
2014,Telangana,False,563.0,Cruelty & Dowry Offenses,Dowry Prohibition Act
2014,Telangana,False,2.0,Special & Local Laws,Indecent Representation of Women Act
2014,Telangana,False,0.0,Special & Local Laws,Commission of Sati Prevention Act
2014,Telangana,False,1.0,Cruelty & Dowry Offenses,Domestic Violence Act
2014,Telangana,False,192.0,Human Trafficking,Immoral Traffic (Prevention) Act
2014,Telangana,True,82.0,Human Trafficking,Immoral Traffic (Prevention) Act
2014,Telangana,True,29.0,Human Trafficking,Immoral Traffic (Prevention) Act
2014,Telangana,True,8.0,Human Trafficking,Immoral Traffic (Prevention) Act
2014,Telangana,True,0.0,Human Trafficking,Immoral Traffic (Prevention) Act
2014,Telangana,True,73.0,Human Trafficking,Immoral Traffic (Prevention) Act
2014,Telangana,False,73.0,Rape & Attempted Rape,Attempt to Commit Rape
2014,Telangana,False,711.0,Kidnapping & Abduction,Kidnapping in Order to Murder
2014,Telangana,True,243.0,Kidnapping & Abduction,Kidnapping & Abduction (General)
2014,Telangana,True,0.0,Kidnapping & Abduction,Kidnapping in Order to Murder
2014,Telangana,True,2.0,Kidnapping & Abduction,Kidnapping for Ransom
2014,Telangana,True,247.0,Kidnapping & Abduction,Kidnapping to Compel Marriage
2014,Telangana,True,219.0,Kidnapping & Abduction,Kidnapping & Abduction (General)
2014,Telangana,False,289.0,Cruelty & Dowry Offenses,Dowry Death
2014,Telangana,True,620.0,Assault & Sexual Harassment,Assault to Outrage Modesty
2014,Telangana,True,176.0,Assault & Sexual Harassment,Assault with Intent to Disrobe
2014,Telangana,True,45.0,Assault & Sexual Harassment,Voyeurism
2014,Telangana,True,426.0,Assault & Sexual Harassment,Stalking
2014,Telangana,True,1921.0,Assault & Sexual Harassment,Other Assaults / Harassment
2014,Telangana,True,5.0,Assault & Sexual Harassment,Sexual Harassment (Workplace)
2014,Telangana,True,43.0,Assault & Sexual Harassment,Sexual Harassment (Workplace)
2014,Telangana,True,3.0,Assault & Sexual Harassment,Sexual Harassment (Public Transport)
2014,Telangana,True,1091.0,Assault & Sexual Harassment,Harassment in Other Places
2014,Telangana,False,6369.0,Cruelty & Dowry Offenses,Cruelty by Husband/Relatives
2014,Telangana,False,0.0,Human Trafficking,Importation of Girls from Foreign Country
2014,Telangana,False,627.0,Special & Local Laws,Abetment of Suicide of Women
2014,Tripura,False,239.0,Rape & Attempted Rape,Rape (General/Other)
2014,Tripura,True,0.0,Rape & Attempted Rape,Custodial Rape
2014,Tripura,True,0.0,Rape & Attempted Rape,Custodial Gang Rape
2014,Tripura,True,0.0,Rape & Attempted Rape,Custodial Rape
2014,Tripura,True,239.0,Rape & Attempted Rape,Custodial Rape
2014,Tripura,True,15.0,Rape & Attempted Rape,Gang Rape
2014,Tripura,True,224.0,Rape & Attempted Rape,Rape (General/Other)
2014,Tripura,False,1.0,Cruelty & Dowry Offenses,Dowry Prohibition Act
2014,Tripura,False,0.0,Special & Local Laws,Indecent Representation of Women Act
2014,Tripura,False,0.0,Special & Local Laws,Commission of Sati Prevention Act
2014,Tripura,False,0.0,Cruelty & Dowry Offenses,Domestic Violence Act
2014,Tripura,False,0.0,Human Trafficking,Immoral Traffic (Prevention) Act
2014,Tripura,True,0.0,Human Trafficking,Immoral Traffic (Prevention) Act
2014,Tripura,True,0.0,Human Trafficking,Immoral Traffic (Prevention) Act
2014,Tripura,True,0.0,Human Trafficking,Immoral Traffic (Prevention) Act
2014,Tripura,True,0.0,Human Trafficking,Immoral Traffic (Prevention) Act
2014,Tripura,True,0.0,Human Trafficking,Immoral Traffic (Prevention) Act
2014,Tripura,False,35.0,Rape & Attempted Rape,Attempt to Commit Rape
2014,Tripura,False,102.0,Kidnapping & Abduction,Kidnapping in Order to Murder
2014,Tripura,True,0.0,Kidnapping & Abduction,Kidnapping & Abduction (General)
2014,Tripura,True,0.0,Kidnapping & Abduction,Kidnapping in Order to Murder
2014,Tripura,True,0.0,Kidnapping & Abduction,Kidnapping for Ransom
2014,Tripura,True,79.0,Kidnapping & Abduction,Kidnapping to Compel Marriage
2014,Tripura,True,23.0,Kidnapping & Abduction,Kidnapping & Abduction (General)
2014,Tripura,False,33.0,Cruelty & Dowry Offenses,Dowry Death
2014,Tripura,True,82.0,Assault & Sexual Harassment,Assault to Outrage Modesty
2014,Tripura,True,184.0,Assault & Sexual Harassment,Assault with Intent to Disrobe
2014,Tripura,True,1.0,Assault & Sexual Harassment,Voyeurism
2014,Tripura,True,8.0,Assault & Sexual Harassment,Stalking
2014,Tripura,True,217.0,Assault & Sexual Harassment,Other Assaults / Harassment
2014,Tripura,True,0.0,Assault & Sexual Harassment,Sexual Harassment (Workplace)
2014,Tripura,True,0.0,Assault & Sexual Harassment,Sexual Harassment (Workplace)
2014,Tripura,True,0.0,Assault & Sexual Harassment,Sexual Harassment (Public Transport)
2014,Tripura,True,11.0,Assault & Sexual Harassment,Harassment in Other Places
2014,Tripura,False,702.0,Cruelty & Dowry Offenses,Cruelty by Husband/Relatives
2014,Tripura,False,0.0,Human Trafficking,Importation of Girls from Foreign Country
2014,Tripura,False,0.0,Special & Local Laws,Abetment of Suicide of Women
2014,Uttar Pradesh,False,3467.0,Rape & Attempted Rape,Rape (General/Other)
2014,Uttar Pradesh,True,189.0,Rape & Attempted Rape,Custodial Rape
2014,Uttar Pradesh,True,5.0,Rape & Attempted Rape,Custodial Gang Rape
2014,Uttar Pradesh,True,184.0,Rape & Attempted Rape,Custodial Rape
2014,Uttar Pradesh,True,3278.0,Rape & Attempted Rape,Custodial Rape
2014,Uttar Pradesh,True,573.0,Rape & Attempted Rape,Gang Rape
2014,Uttar Pradesh,True,2705.0,Rape & Attempted Rape,Rape (General/Other)
2014,Uttar Pradesh,False,2133.0,Cruelty & Dowry Offenses,Dowry Prohibition Act
2014,Uttar Pradesh,False,1.0,Special & Local Laws,Indecent Representation of Women Act
2014,Uttar Pradesh,False,0.0,Special & Local Laws,Commission of Sati Prevention Act
2014,Uttar Pradesh,False,66.0,Cruelty & Dowry Offenses,Domestic Violence Act
2014,Uttar Pradesh,False,37.0,Human Trafficking,Immoral Traffic (Prevention) Act
2014,Uttar Pradesh,True,21.0,Human Trafficking,Immoral Traffic (Prevention) Act
2014,Uttar Pradesh,True,10.0,Human Trafficking,Immoral Traffic (Prevention) Act
2014,Uttar Pradesh,True,0.0,Human Trafficking,Immoral Traffic (Prevention) Act
2014,Uttar Pradesh,True,0.0,Human Trafficking,Immoral Traffic (Prevention) Act
2014,Uttar Pradesh,True,6.0,Human Trafficking,Immoral Traffic (Prevention) Act
2014,Uttar Pradesh,False,324.0,Rape & Attempted Rape,Attempt to Commit Rape
2014,Uttar Pradesh,False,10626.0,Kidnapping & Abduction,Kidnapping in Order to Murder
2014,Uttar Pradesh,True,2621.0,Kidnapping & Abduction,Kidnapping & Abduction (General)
2014,Uttar Pradesh,True,68.0,Kidnapping & Abduction,Kidnapping in Order to Murder
2014,Uttar Pradesh,True,1.0,Kidnapping & Abduction,Kidnapping for Ransom
2014,Uttar Pradesh,True,7338.0,Kidnapping & Abduction,Kidnapping to Compel Marriage
2014,Uttar Pradesh,True,598.0,Kidnapping & Abduction,Kidnapping & Abduction (General)
2014,Uttar Pradesh,False,2469.0,Cruelty & Dowry Offenses,Dowry Death
2014,Uttar Pradesh,True,4435.0,Assault & Sexual Harassment,Assault to Outrage Modesty
2014,Uttar Pradesh,True,1066.0,Assault & Sexual Harassment,Assault with Intent to Disrobe
2014,Uttar Pradesh,True,75.0,Assault & Sexual Harassment,Voyeurism
2014,Uttar Pradesh,True,835.0,Assault & Sexual Harassment,Stalking
2014,Uttar Pradesh,True,2194.0,Assault & Sexual Harassment,Other Assaults / Harassment
2014,Uttar Pradesh,True,0.0,Assault & Sexual Harassment,Sexual Harassment (Workplace)
2014,Uttar Pradesh,True,2.0,Assault & Sexual Harassment,Sexual Harassment (Workplace)
2014,Uttar Pradesh,True,3.0,Assault & Sexual Harassment,Sexual Harassment (Public Transport)
2014,Uttar Pradesh,True,24.0,Assault & Sexual Harassment,Harassment in Other Places
2014,Uttar Pradesh,False,10471.0,Cruelty & Dowry Offenses,Cruelty by Husband/Relatives
2014,Uttar Pradesh,False,0.0,Human Trafficking,Importation of Girls from Foreign Country
2014,Uttar Pradesh,False,239.0,Special & Local Laws,Abetment of Suicide of Women
2014,Uttarakhand,False,270.0,Rape & Attempted Rape,Rape (General/Other)
2014,Uttarakhand,True,0.0,Rape & Attempted Rape,Custodial Rape
2014,Uttarakhand,True,0.0,Rape & Attempted Rape,Custodial Gang Rape
2014,Uttarakhand,True,0.0,Rape & Attempted Rape,Custodial Rape
2014,Uttarakhand,True,270.0,Rape & Attempted Rape,Custodial Rape
2014,Uttarakhand,True,1.0,Rape & Attempted Rape,Gang Rape
2014,Uttarakhand,True,269.0,Rape & Attempted Rape,Rape (General/Other)
2014,Uttarakhand,False,104.0,Cruelty & Dowry Offenses,Dowry Prohibition Act
2014,Uttarakhand,False,0.0,Special & Local Laws,Indecent Representation of Women Act
2014,Uttarakhand,False,0.0,Special & Local Laws,Commission of Sati Prevention Act
2014,Uttarakhand,False,0.0,Cruelty & Dowry Offenses,Domestic Violence Act
2014,Uttarakhand,False,19.0,Human Trafficking,Immoral Traffic (Prevention) Act
2014,Uttarakhand,True,12.0,Human Trafficking,Immoral Traffic (Prevention) Act
2014,Uttarakhand,True,0.0,Human Trafficking,Immoral Traffic (Prevention) Act
2014,Uttarakhand,True,0.0,Human Trafficking,Immoral Traffic (Prevention) Act
2014,Uttarakhand,True,0.0,Human Trafficking,Immoral Traffic (Prevention) Act
2014,Uttarakhand,True,7.0,Human Trafficking,Immoral Traffic (Prevention) Act
2014,Uttarakhand,False,41.0,Rape & Attempted Rape,Attempt to Commit Rape
2014,Uttarakhand,False,275.0,Kidnapping & Abduction,Kidnapping in Order to Murder
2014,Uttarakhand,True,62.0,Kidnapping & Abduction,Kidnapping & Abduction (General)
2014,Uttarakhand,True,1.0,Kidnapping & Abduction,Kidnapping in Order to Murder
2014,Uttarakhand,True,0.0,Kidnapping & Abduction,Kidnapping for Ransom
2014,Uttarakhand,True,10.0,Kidnapping & Abduction,Kidnapping to Compel Marriage
2014,Uttarakhand,True,202.0,Kidnapping & Abduction,Kidnapping & Abduction (General)
2014,Uttarakhand,False,38.0,Cruelty & Dowry Offenses,Dowry Death
2014,Uttarakhand,True,22.0,Assault & Sexual Harassment,Assault to Outrage Modesty
2014,Uttarakhand,True,24.0,Assault & Sexual Harassment,Assault with Intent to Disrobe
2014,Uttarakhand,True,1.0,Assault & Sexual Harassment,Voyeurism
2014,Uttarakhand,True,7.0,Assault & Sexual Harassment,Stalking
2014,Uttarakhand,True,289.0,Assault & Sexual Harassment,Other Assaults / Harassment
2014,Uttarakhand,True,0.0,Assault & Sexual Harassment,Sexual Harassment (Workplace)
2014,Uttarakhand,True,0.0,Assault & Sexual Harassment,Sexual Harassment (Workplace)
2014,Uttarakhand,True,0.0,Assault & Sexual Harassment,Sexual Harassment (Public Transport)
2014,Uttarakhand,True,4.0,Assault & Sexual Harassment,Harassment in Other Places
2014,Uttarakhand,False,301.0,Cruelty & Dowry Offenses,Cruelty by Husband/Relatives
2014,Uttarakhand,False,0.0,Human Trafficking,Importation of Girls from Foreign Country
2014,Uttarakhand,False,0.0,Special & Local Laws,Abetment of Suicide of Women
2014,West Bengal,False,1466.0,Rape & Attempted Rape,Rape (General/Other)
2014,West Bengal,True,0.0,Rape & Attempted Rape,Custodial Rape
2014,West Bengal,True,0.0,Rape & Attempted Rape,Custodial Gang Rape
2014,West Bengal,True,0.0,Rape & Attempted Rape,Custodial Rape
2014,West Bengal,True,1466.0,Rape & Attempted Rape,Custodial Rape
2014,West Bengal,True,178.0,Rape & Attempted Rape,Gang Rape
2014,West Bengal,True,1288.0,Rape & Attempted Rape,Rape (General/Other)
2014,West Bengal,False,1.0,Cruelty & Dowry Offenses,Dowry Prohibition Act
2014,West Bengal,False,4.0,Special & Local Laws,Indecent Representation of Women Act
2014,West Bengal,False,0.0,Special & Local Laws,Commission of Sati Prevention Act
2014,West Bengal,False,1.0,Cruelty & Dowry Offenses,Domestic Violence Act
2014,West Bengal,False,80.0,Human Trafficking,Immoral Traffic (Prevention) Act
2014,West Bengal,True,20.0,Human Trafficking,Immoral Traffic (Prevention) Act
2014,West Bengal,True,3.0,Human Trafficking,Immoral Traffic (Prevention) Act
2014,West Bengal,True,5.0,Human Trafficking,Immoral Traffic (Prevention) Act
2014,West Bengal,True,1.0,Human Trafficking,Immoral Traffic (Prevention) Act
2014,West Bengal,True,51.0,Human Trafficking,Immoral Traffic (Prevention) Act
2014,West Bengal,False,1656.0,Rape & Attempted Rape,Attempt to Commit Rape
2014,West Bengal,False,4976.0,Kidnapping & Abduction,Kidnapping in Order to Murder
2014,West Bengal,True,1604.0,Kidnapping & Abduction,Kidnapping & Abduction (General)
2014,West Bengal,True,11.0,Kidnapping & Abduction,Kidnapping in Order to Murder
2014,West Bengal,True,36.0,Kidnapping & Abduction,Kidnapping for Ransom
2014,West Bengal,True,1198.0,Kidnapping & Abduction,Kidnapping to Compel Marriage
2014,West Bengal,True,2127.0,Kidnapping & Abduction,Kidnapping & Abduction (General)
2014,West Bengal,False,501.0,Cruelty & Dowry Offenses,Dowry Death
2014,West Bengal,True,1045.0,Assault & Sexual Harassment,Assault to Outrage Modesty
2014,West Bengal,True,687.0,Assault & Sexual Harassment,Assault with Intent to Disrobe
2014,West Bengal,True,57.0,Assault & Sexual Harassment,Voyeurism
2014,West Bengal,True,259.0,Assault & Sexual Harassment,Stalking
2014,West Bengal,True,3622.0,Assault & Sexual Harassment,Other Assaults / Harassment
2014,West Bengal,True,4.0,Assault & Sexual Harassment,Sexual Harassment (Workplace)
2014,West Bengal,True,5.0,Assault & Sexual Harassment,Sexual Harassment (Workplace)
2014,West Bengal,True,8.0,Assault & Sexual Harassment,Sexual Harassment (Public Transport)
2014,West Bengal,True,526.0,Assault & Sexual Harassment,Harassment in Other Places
2014,West Bengal,False,23278.0,Cruelty & Dowry Offenses,Cruelty by Husband/Relatives
2014,West Bengal,False,4.0,Human Trafficking,Importation of Girls from Foreign Country
2014,West Bengal,False,119.0,Special & Local Laws,Abetment of Suicide of Women
2015,Andaman & Nicobar Islands,False,136.0,Others / Unclassified,total crimes against women after 2014
2015,Andhra Pradesh,False,15967.0,Others / Unclassified,total crimes against women after 2014
2015,Arunachal Pradesh,False,384.0,Others / Unclassified,total crimes against women after 2014
2015,Assam,False,23365.0,Others / Unclassified,total crimes against women after 2014
2015,Bihar,False,13904.0,Others / Unclassified,total crimes against women after 2014
2015,Chandigarh,False,468.0,Others / Unclassified,total crimes against women after 2014
2015,Chhattisgarh,False,5783.0,Others / Unclassified,total crimes against women after 2014
2015,Dadra & Nagar Haveli and Daman & Diu,False,54.0,Others / Unclassified,total crimes against women after 2014
2015,Delhi,False,17222.0,Others / Unclassified,total crimes against women after 2014
2015,Goa,False,392.0,Others / Unclassified,total crimes against women after 2014
2015,Gujarat,False,7777.0,Others / Unclassified,total crimes against women after 2014
2015,Haryana,False,9511.0,Others / Unclassified,total crimes against women after 2014
2015,Himachal Pradesh,False,1295.0,Others / Unclassified,total crimes against women after 2014
2015,Jammu & Kashmir,False,3366.0,Others / Unclassified,total crimes against women after 2014
2015,Jharkhand,False,6568.0,Others / Unclassified,total crimes against women after 2014
2015,Karnataka,False,12775.0,Others / Unclassified,total crimes against women after 2014
2015,Kerala,False,9767.0,Others / Unclassified,total crimes against women after 2014
2015,Ladakh,False,,Others / Unclassified,total crimes against women after 2014
2015,Lakshadweep,False,9.0,Others / Unclassified,total crimes against women after 2014
2015,Madhya Pradesh,False,24231.0,Others / Unclassified,total crimes against women after 2014
2015,Maharashtra,False,31216.0,Others / Unclassified,total crimes against women after 2014
2015,Manipur,False,266.0,Others / Unclassified,total crimes against women after 2014
2015,Meghalaya,False,337.0,Others / Unclassified,total crimes against women after 2014
2015,Mizoram,False,158.0,Others / Unclassified,total crimes against women after 2014
2015,Nagaland,False,91.0,Others / Unclassified,total crimes against women after 2014
2015,Odisha,False,17200.0,Others / Unclassified,total crimes against women after 2014
2015,Puducherry,False,82.0,Others / Unclassified,total crimes against women after 2014
2015,Punjab,False,5340.0,Others / Unclassified,total crimes against women after 2014
2015,Rajasthan,False,28224.0,Others / Unclassified,total crimes against women after 2014
2015,Sikkim,False,53.0,Others / Unclassified,total crimes against women after 2014
2015,Tamil Nadu,False,5919.0,Others / Unclassified,total crimes against women after 2014
2015,Telangana,False,15425.0,Others / Unclassified,total crimes against women after 2014
2015,Tripura,False,1267.0,Others / Unclassified,total crimes against women after 2014
2015,Uttar Pradesh,False,35908.0,Others / Unclassified,total crimes against women after 2014
2015,Uttarakhand,False,1465.0,Others / Unclassified,total crimes against women after 2014
2015,West Bengal,False,33318.0,Others / Unclassified,total crimes against women after 2014
2016,Andaman & Nicobar Islands,False,108.0,Others / Unclassified,total crimes against women after 2014
2016,Andhra Pradesh,False,16362.0,Others / Unclassified,total crimes against women after 2014
2016,Arunachal Pradesh,False,367.0,Others / Unclassified,total crimes against women after 2014
2016,Assam,False,20869.0,Others / Unclassified,total crimes against women after 2014
2016,Bihar,False,13400.0,Others / Unclassified,total crimes against women after 2014
2016,Chandigarh,False,414.0,Others / Unclassified,total crimes against women after 2014
2016,Chhattisgarh,False,5947.0,Others / Unclassified,total crimes against women after 2014
2016,Dadra & Nagar Haveli and Daman & Diu,False,69.0,Others / Unclassified,total crimes against women after 2014
2016,Delhi,False,15310.0,Others / Unclassified,total crimes against women after 2014
2016,Goa,False,371.0,Others / Unclassified,total crimes against women after 2014
2016,Gujarat,False,8532.0,Others / Unclassified,total crimes against women after 2014
2016,Haryana,False,9839.0,Others / Unclassified,total crimes against women after 2014
2016,Himachal Pradesh,False,1222.0,Others / Unclassified,total crimes against women after 2014
2016,Jammu & Kashmir,False,2850.0,Others / Unclassified,total crimes against women after 2014
2016,Jharkhand,False,5453.0,Others / Unclassified,total crimes against women after 2014
2016,Karnataka,False,14131.0,Others / Unclassified,total crimes against women after 2014
2016,Kerala,False,10034.0,Others / Unclassified,total crimes against women after 2014
2016,Ladakh,False,,Others / Unclassified,total crimes against women after 2014
2016,Lakshadweep,False,9.0,Others / Unclassified,total crimes against women after 2014
2016,Madhya Pradesh,False,26604.0,Others / Unclassified,total crimes against women after 2014
2016,Maharashtra,False,31388.0,Others / Unclassified,total crimes against women after 2014
2016,Manipur,False,253.0,Others / Unclassified,total crimes against women after 2014
2016,Meghalaya,False,372.0,Others / Unclassified,total crimes against women after 2014
2016,Mizoram,False,120.0,Others / Unclassified,total crimes against women after 2014
2016,Nagaland,False,105.0,Others / Unclassified,total crimes against women after 2014
2016,Odisha,False,17837.0,Others / Unclassified,total crimes against women after 2014
2016,Puducherry,False,95.0,Others / Unclassified,total crimes against women after 2014
2016,Punjab,False,5105.0,Others / Unclassified,total crimes against women after 2014
2016,Rajasthan,False,27422.0,Others / Unclassified,total crimes against women after 2014
2016,Sikkim,False,153.0,Others / Unclassified,total crimes against women after 2014
2016,Tamil Nadu,False,4463.0,Others / Unclassified,total crimes against women after 2014
2016,Telangana,False,15374.0,Others / Unclassified,total crimes against women after 2014
2016,Tripura,False,1013.0,Others / Unclassified,total crimes against women after 2014
2016,Uttar Pradesh,False,49262.0,Others / Unclassified,total crimes against women after 2014
2016,Uttarakhand,False,1588.0,Others / Unclassified,total crimes against women after 2014
2016,West Bengal,False,32513.0,Others / Unclassified,total crimes against women after 2014
2017,Andaman & Nicobar Islands,False,132.0,Others / Unclassified,total crimes against women after 2014
2017,Andhra Pradesh,False,17909.0,Others / Unclassified,total crimes against women after 2014
2017,Arunachal Pradesh,False,337.0,Others / Unclassified,total crimes against women after 2014
2017,Assam,False,23082.0,Others / Unclassified,total crimes against women after 2014
2017,Bihar,False,14711.0,Others / Unclassified,total crimes against women after 2014
2017,Chandigarh,False,453.0,Others / Unclassified,total crimes against women after 2014
2017,Chhattisgarh,False,7996.0,Others / Unclassified,total crimes against women after 2014
2017,Dadra & Nagar Haveli and Daman & Diu,False,46.0,Others / Unclassified,total crimes against women after 2014
2017,Delhi,False,13076.0,Others / Unclassified,total crimes against women after 2014
2017,Goa,False,369.0,Others / Unclassified,total crimes against women after 2014
2017,Gujarat,False,8133.0,Others / Unclassified,total crimes against women after 2014
2017,Haryana,False,11370.0,Others / Unclassified,total crimes against women after 2014
2017,Himachal Pradesh,False,1246.0,Others / Unclassified,total crimes against women after 2014
2017,Jammu & Kashmir,False,3129.0,Others / Unclassified,total crimes against women after 2014
2017,Jharkhand,False,5911.0,Others / Unclassified,total crimes against women after 2014
2017,Karnataka,False,14078.0,Others / Unclassified,total crimes against women after 2014
2017,Kerala,False,11057.0,Others / Unclassified,total crimes against women after 2014
2017,Ladakh,False,,Others / Unclassified,total crimes against women after 2014
2017,Lakshadweep,False,6.0,Others / Unclassified,total crimes against women after 2014
2017,Madhya Pradesh,False,29788.0,Others / Unclassified,total crimes against women after 2014
2017,Maharashtra,False,31979.0,Others / Unclassified,total crimes against women after 2014
2017,Manipur,False,236.0,Others / Unclassified,total crimes against women after 2014
2017,Meghalaya,False,567.0,Others / Unclassified,total crimes against women after 2014
2017,Mizoram,False,301.0,Others / Unclassified,total crimes against women after 2014
2017,Nagaland,False,79.0,Others / Unclassified,total crimes against women after 2014
2017,Odisha,False,20098.0,Others / Unclassified,total crimes against women after 2014
2017,Puducherry,False,147.0,Others / Unclassified,total crimes against women after 2014
2017,Punjab,False,4620.0,Others / Unclassified,total crimes against women after 2014
2017,Rajasthan,False,25993.0,Others / Unclassified,total crimes against women after 2014
2017,Sikkim,False,163.0,Others / Unclassified,total crimes against women after 2014
2017,Tamil Nadu,False,5397.0,Others / Unclassified,total crimes against women after 2014
2017,Telangana,False,17521.0,Others / Unclassified,total crimes against women after 2014
2017,Tripura,False,972.0,Others / Unclassified,total crimes against women after 2014
2017,Uttar Pradesh,False,56011.0,Others / Unclassified,total crimes against women after 2014
2017,Uttarakhand,False,1944.0,Others / Unclassified,total crimes against women after 2014
2017,West Bengal,False,30992.0,Others / Unclassified,total crimes against women after 2014
2018,Andaman & Nicobar Islands,False,147.0,Others / Unclassified,total crimes against women after 2014
2018,Andhra Pradesh,False,16438.0,Others / Unclassified,total crimes against women after 2014
2018,Arunachal Pradesh,False,368.0,Others / Unclassified,total crimes against women after 2014
2018,Assam,False,27687.0,Others / Unclassified,total crimes against women after 2014
2018,Bihar,False,16920.0,Others / Unclassified,total crimes against women after 2014
2018,Chandigarh,False,442.0,Others / Unclassified,total crimes against women after 2014
2018,Chhattisgarh,False,8587.0,Others / Unclassified,total crimes against women after 2014
2018,Dadra & Nagar Haveli and Daman & Diu,False,54.0,Others / Unclassified,total crimes against women after 2014
2018,Delhi,False,13640.0,Others / Unclassified,total crimes against women after 2014
2018,Goa,False,362.0,Others / Unclassified,total crimes against women after 2014
2018,Gujarat,False,8329.0,Others / Unclassified,total crimes against women after 2014
2018,Haryana,False,14326.0,Others / Unclassified,total crimes against women after 2014
2018,Himachal Pradesh,False,1633.0,Others / Unclassified,total crimes against women after 2014
2018,Jammu & Kashmir,False,3437.0,Others / Unclassified,total crimes against women after 2014
2018,Jharkhand,False,7083.0,Others / Unclassified,total crimes against women after 2014
2018,Karnataka,False,13514.0,Others / Unclassified,total crimes against women after 2014
2018,Kerala,False,10461.0,Others / Unclassified,total crimes against women after 2014
2018,Ladakh,False,,Others / Unclassified,total crimes against women after 2014
2018,Lakshadweep,False,11.0,Others / Unclassified,total crimes against women after 2014
2018,Madhya Pradesh,False,28942.0,Others / Unclassified,total crimes against women after 2014
2018,Maharashtra,False,35497.0,Others / Unclassified,total crimes against women after 2014
2018,Manipur,False,271.0,Others / Unclassified,total crimes against women after 2014
2018,Meghalaya,False,571.0,Others / Unclassified,total crimes against women after 2014
2018,Mizoram,False,249.0,Others / Unclassified,total crimes against women after 2014
2018,Nagaland,False,75.0,Others / Unclassified,total crimes against women after 2014
2018,Odisha,False,20274.0,Others / Unclassified,total crimes against women after 2014
2018,Puducherry,False,166.0,Others / Unclassified,total crimes against women after 2014
2018,Punjab,False,5302.0,Others / Unclassified,total crimes against women after 2014
2018,Rajasthan,False,27866.0,Others / Unclassified,total crimes against women after 2014
2018,Sikkim,False,172.0,Others / Unclassified,total crimes against women after 2014
2018,Tamil Nadu,False,5822.0,Others / Unclassified,total crimes against women after 2014
2018,Telangana,False,16027.0,Others / Unclassified,total crimes against women after 2014
2018,Tripura,False,907.0,Others / Unclassified,total crimes against women after 2014
2018,Uttar Pradesh,False,59445.0,Others / Unclassified,total crimes against women after 2014
2018,Uttarakhand,False,2817.0,Others / Unclassified,total crimes against women after 2014
2018,West Bengal,False,30394.0,Others / Unclassified,total crimes against women after 2014
2019,Andaman & Nicobar Islands,False,135.0,Others / Unclassified,total crimes against women after 2014
2019,Andhra Pradesh,False,17746.0,Others / Unclassified,total crimes against women after 2014
2019,Arunachal Pradesh,False,317.0,Others / Unclassified,total crimes against women after 2014
2019,Assam,False,30025.0,Others / Unclassified,total crimes against women after 2014
2019,Bihar,False,18587.0,Others / Unclassified,total crimes against women after 2014
2019,Chandigarh,False,515.0,Others / Unclassified,total crimes against women after 2014
2019,Chhattisgarh,False,7689.0,Others / Unclassified,total crimes against women after 2014
2019,Dadra & Nagar Haveli and Daman & Diu,False,82.0,Others / Unclassified,total crimes against women after 2014
2019,Delhi,False,13395.0,Others / Unclassified,total crimes against women after 2014
2019,Goa,False,329.0,Others / Unclassified,total crimes against women after 2014
2019,Gujarat,False,8799.0,Others / Unclassified,total crimes against women after 2014
2019,Haryana,False,14683.0,Others / Unclassified,total crimes against women after 2014
2019,Himachal Pradesh,False,1636.0,Others / Unclassified,total crimes against women after 2014
2019,Jammu & Kashmir,False,3069.0,Others / Unclassified,total crimes against women after 2014
2019,Jharkhand,False,8760.0,Others / Unclassified,total crimes against women after 2014
2019,Karnataka,False,13828.0,Others / Unclassified,total crimes against women after 2014
2019,Kerala,False,11462.0,Others / Unclassified,total crimes against women after 2014
2019,Ladakh,False,,Others / Unclassified,total crimes against women after 2014
2019,Lakshadweep,False,38.0,Others / Unclassified,total crimes against women after 2014
2019,Madhya Pradesh,False,27560.0,Others / Unclassified,total crimes against women after 2014
2019,Maharashtra,False,37144.0,Others / Unclassified,total crimes against women after 2014
2019,Manipur,False,266.0,Others / Unclassified,total crimes against women after 2014
2019,Meghalaya,False,558.0,Others / Unclassified,total crimes against women after 2014
2019,Mizoram,False,170.0,Others / Unclassified,total crimes against women after 2014
2019,Nagaland,False,43.0,Others / Unclassified,total crimes against women after 2014
2019,Odisha,False,23183.0,Others / Unclassified,total crimes against women after 2014
2019,Puducherry,False,95.0,Others / Unclassified,total crimes against women after 2014
2019,Punjab,False,5886.0,Others / Unclassified,total crimes against women after 2014
2019,Rajasthan,False,41550.0,Others / Unclassified,total crimes against women after 2014
2019,Sikkim,False,125.0,Others / Unclassified,total crimes against women after 2014
2019,Tamil Nadu,False,5934.0,Others / Unclassified,total crimes against women after 2014
2019,Telangana,False,18394.0,Others / Unclassified,total crimes against women after 2014
2019,Tripura,False,1070.0,Others / Unclassified,total crimes against women after 2014
2019,Uttar Pradesh,False,59853.0,Others / Unclassified,total crimes against women after 2014
2019,Uttarakhand,False,2541.0,Others / Unclassified,total crimes against women after 2014
2019,West Bengal,False,29859.0,Others / Unclassified,total crimes against women after 2014
2020,Andaman & Nicobar Islands,False,143.0,Others / Unclassified,total crimes against women after 2014
2020,Andhra Pradesh,False,17089.0,Others / Unclassified,total crimes against women after 2014
2020,Arunachal Pradesh,False,281.0,Others / Unclassified,total crimes against women after 2014
2020,Assam,False,26352.0,Others / Unclassified,total crimes against women after 2014
2020,Bihar,False,15359.0,Others / Unclassified,total crimes against women after 2014
2020,Chandigarh,False,301.0,Others / Unclassified,total crimes against women after 2014
2020,Chhattisgarh,False,7385.0,Others / Unclassified,total crimes against women after 2014
2020,Dadra & Nagar Haveli and Daman & Diu,False,61.0,Others / Unclassified,total crimes against women after 2014
2020,Delhi,False,10093.0,Others / Unclassified,total crimes against women after 2014
2020,Goa,False,219.0,Others / Unclassified,total crimes against women after 2014
2020,Gujarat,False,8028.0,Others / Unclassified,total crimes against women after 2014
2020,Haryana,False,13000.0,Others / Unclassified,total crimes against women after 2014
2020,Himachal Pradesh,False,1614.0,Others / Unclassified,total crimes against women after 2014
2020,Jammu & Kashmir,False,3405.0,Others / Unclassified,total crimes against women after 2014
2020,Jharkhand,False,7630.0,Others / Unclassified,total crimes against women after 2014
2020,Karnataka,False,12680.0,Others / Unclassified,total crimes against women after 2014
2020,Kerala,False,10139.0,Others / Unclassified,total crimes against women after 2014
2020,Ladakh,False,9.0,Others / Unclassified,total crimes against women after 2014
2020,Lakshadweep,False,15.0,Others / Unclassified,total crimes against women after 2014
2020,Madhya Pradesh,False,25640.0,Others / Unclassified,total crimes against women after 2014
2020,Maharashtra,False,31954.0,Others / Unclassified,total crimes against women after 2014
2020,Manipur,False,247.0,Others / Unclassified,total crimes against women after 2014
2020,Meghalaya,False,568.0,Others / Unclassified,total crimes against women after 2014
2020,Mizoram,False,172.0,Others / Unclassified,total crimes against women after 2014
2020,Nagaland,False,39.0,Others / Unclassified,total crimes against women after 2014
2020,Odisha,False,25489.0,Others / Unclassified,total crimes against women after 2014
2020,Puducherry,False,113.0,Others / Unclassified,total crimes against women after 2014
2020,Punjab,False,4838.0,Others / Unclassified,total crimes against women after 2014
2020,Rajasthan,False,34535.0,Others / Unclassified,total crimes against women after 2014
2020,Sikkim,False,140.0,Others / Unclassified,total crimes against women after 2014
2020,Tamil Nadu,False,6630.0,Others / Unclassified,total crimes against women after 2014
2020,Telangana,False,17791.0,Others / Unclassified,total crimes against women after 2014
2020,Tripura,False,874.0,Others / Unclassified,total crimes against women after 2014
2020,Uttar Pradesh,False,49385.0,Others / Unclassified,total crimes against women after 2014
2020,Uttarakhand,False,2846.0,Others / Unclassified,total crimes against women after 2014
2020,West Bengal,False,36439.0,Others / Unclassified,total crimes against women after 2014
2021,Andaman & Nicobar Islands,False,169.0,Others / Unclassified,total crimes against women after 2014
2021,Andhra Pradesh,False,17752.0,Others / Unclassified,total crimes against women after 2014
2021,Arunachal Pradesh,False,366.0,Others / Unclassified,total crimes against women after 2014
2021,Assam,False,29046.0,Others / Unclassified,total crimes against women after 2014
2021,Bihar,False,17950.0,Others / Unclassified,total crimes against women after 2014
2021,Chandigarh,False,343.0,Others / Unclassified,total crimes against women after 2014
2021,Chhattisgarh,False,7344.0,Others / Unclassified,total crimes against women after 2014
2021,Dadra & Nagar Haveli and Daman & Diu,False,99.0,Others / Unclassified,total crimes against women after 2014
2021,Delhi,False,14277.0,Others / Unclassified,total crimes against women after 2014
2021,Goa,False,224.0,Others / Unclassified,total crimes against women after 2014
2021,Gujarat,False,7348.0,Others / Unclassified,total crimes against women after 2014
2021,Haryana,False,16658.0,Others / Unclassified,total crimes against women after 2014
2021,Himachal Pradesh,False,1599.0,Others / Unclassified,total crimes against women after 2014
2021,Jammu & Kashmir,False,3937.0,Others / Unclassified,total crimes against women after 2014
2021,Jharkhand,False,8110.0,Others / Unclassified,total crimes against women after 2014
2021,Karnataka,False,14468.0,Others / Unclassified,total crimes against women after 2014
2021,Kerala,False,13539.0,Others / Unclassified,total crimes against women after 2014
2021,Ladakh,False,18.0,Others / Unclassified,total crimes against women after 2014
2021,Lakshadweep,False,9.0,Others / Unclassified,total crimes against women after 2014
2021,Madhya Pradesh,False,30673.0,Others / Unclassified,total crimes against women after 2014
2021,Maharashtra,False,39526.0,Others / Unclassified,total crimes against women after 2014
2021,Manipur,False,302.0,Others / Unclassified,total crimes against women after 2014
2021,Meghalaya,False,685.0,Others / Unclassified,total crimes against women after 2014
2021,Mizoram,False,176.0,Others / Unclassified,total crimes against women after 2014
2021,Nagaland,False,54.0,Others / Unclassified,total crimes against women after 2014
2021,Odisha,False,31352.0,Others / Unclassified,total crimes against women after 2014
2021,Puducherry,False,153.0,Others / Unclassified,total crimes against women after 2014
2021,Punjab,False,5662.0,Others / Unclassified,total crimes against women after 2014
2021,Rajasthan,False,40738.0,Others / Unclassified,total crimes against women after 2014
2021,Sikkim,False,130.0,Others / Unclassified,total crimes against women after 2014
2021,Tamil Nadu,False,8501.0,Others / Unclassified,total crimes against women after 2014
2021,Telangana,False,20865.0,Others / Unclassified,total crimes against women after 2014
2021,Tripura,False,807.0,Others / Unclassified,total crimes against women after 2014
2021,Uttar Pradesh,False,56083.0,Others / Unclassified,total crimes against women after 2014
2021,Uttarakhand,False,3431.0,Others / Unclassified,total crimes against women after 2014
2021,West Bengal,False,35884.0,Others / Unclassified,total crimes against women after 2014
2022,Andaman & Nicobar Islands,False,178.0,Others / Unclassified,total crimes against women after 2014
2022,Andhra Pradesh,False,25503.0,Others / Unclassified,total crimes against women after 2014
2022,Arunachal Pradesh,False,335.0,Others / Unclassified,total crimes against women after 2014
2022,Assam,False,14148.0,Others / Unclassified,total crimes against women after 2014
2022,Bihar,False,20222.0,Others / Unclassified,total crimes against women after 2014
2022,Chandigarh,False,325.0,Others / Unclassified,total crimes against women after 2014
2022,Chhattisgarh,False,8693.0,Others / Unclassified,total crimes against women after 2014
2022,Dadra & Nagar Haveli and Daman & Diu,False,126.0,Others / Unclassified,total crimes against women after 2014
2022,Delhi,False,14247.0,Others / Unclassified,total crimes against women after 2014
2022,Goa,False,273.0,Others / Unclassified,total crimes against women after 2014
2022,Gujarat,False,7731.0,Others / Unclassified,total crimes against women after 2014
2022,Haryana,False,16743.0,Others / Unclassified,total crimes against women after 2014
2022,Himachal Pradesh,False,1551.0,Others / Unclassified,total crimes against women after 2014
2022,Jammu & Kashmir,False,3716.0,Others / Unclassified,total crimes against women after 2014
2022,Jharkhand,False,7678.0,Others / Unclassified,total crimes against women after 2014
2022,Karnataka,False,17813.0,Others / Unclassified,total crimes against women after 2014
2022,Kerala,False,15213.0,Others / Unclassified,total crimes against women after 2014
2022,Ladakh,False,15.0,Others / Unclassified,total crimes against women after 2014
2022,Lakshadweep,False,16.0,Others / Unclassified,total crimes against women after 2014
2022,Madhya Pradesh,False,32765.0,Others / Unclassified,total crimes against women after 2014
2022,Maharashtra,False,45331.0,Others / Unclassified,total crimes against women after 2014
2022,Manipur,False,248.0,Others / Unclassified,total crimes against women after 2014
2022,Meghalaya,False,690.0,Others / Unclassified,total crimes against women after 2014
2022,Mizoram,False,147.0,Others / Unclassified,total crimes against women after 2014
2022,Nagaland,False,49.0,Others / Unclassified,total crimes against women after 2014
2022,Odisha,False,23648.0,Others / Unclassified,total crimes against women after 2014
2022,Puducherry,False,200.0,Others / Unclassified,total crimes against women after 2014
2022,Punjab,False,5572.0,Others / Unclassified,total crimes against women after 2014
2022,Rajasthan,False,45058.0,Others / Unclassified,total crimes against women after 2014
2022,Sikkim,False,179.0,Others / Unclassified,total crimes against women after 2014
2022,Tamil Nadu,False,9207.0,Others / Unclassified,total crimes against women after 2014
2022,Telangana,False,22066.0,Others / Unclassified,total crimes against women after 2014
2022,Tripura,False,752.0,Others / Unclassified,total crimes against women after 2014
2022,Uttar Pradesh,False,65743.0,Others / Unclassified,total crimes against women after 2014
2022,Uttarakhand,False,4337.0,Others / Unclassified,total crimes against women after 2014
2022,West Bengal,False,34738.0,Others / Unclassified,total crimes against women after 2014
2023,Andaman & Nicobar Islands,False,,Others / Unclassified,total crimes against women after 2014
2023,Andhra Pradesh,False,,Others / Unclassified,total crimes against women after 2014
2023,Arunachal Pradesh,False,,Others / Unclassified,total crimes against women after 2014
2023,Assam,False,,Others / Unclassified,total crimes against women after 2014
2023,Bihar,False,,Others / Unclassified,total crimes against women after 2014
2023,Chandigarh,False,,Others / Unclassified,total crimes against women after 2014
2023,Chhattisgarh,False,,Others / Unclassified,total crimes against women after 2014
2023,Dadra & Nagar Haveli and Daman & Diu,False,,Others / Unclassified,total crimes against women after 2014
2023,Delhi,False,,Others / Unclassified,total crimes against women after 2014
2023,Goa,False,,Others / Unclassified,total crimes against women after 2014
2023,Gujarat,False,,Others / Unclassified,total crimes against women after 2014
2023,Haryana,False,,Others / Unclassified,total crimes against women after 2014
2023,Himachal Pradesh,False,,Others / Unclassified,total crimes against women after 2014
2023,Jammu & Kashmir,False,,Others / Unclassified,total crimes against women after 2014
2023,Jharkhand,False,,Others / Unclassified,total crimes against women after 2014
2023,Karnataka,False,,Others / Unclassified,total crimes against women after 2014
2023,Kerala,False,,Others / Unclassified,total crimes against women after 2014
2023,Ladakh,False,,Others / Unclassified,total crimes against women after 2014
2023,Lakshadweep,False,,Others / Unclassified,total crimes against women after 2014
2023,Madhya Pradesh,False,32342.0,Others / Unclassified,total crimes against women after 2014
2023,Maharashtra,False,47101.0,Others / Unclassified,total crimes against women after 2014
2023,Manipur,False,,Others / Unclassified,total crimes against women after 2014
2023,Meghalaya,False,,Others / Unclassified,total crimes against women after 2014
2023,Mizoram,False,,Others / Unclassified,total crimes against women after 2014
2023,Nagaland,False,,Others / Unclassified,total crimes against women after 2014
2023,Odisha,False,,Others / Unclassified,total crimes against women after 2014
2023,Puducherry,False,,Others / Unclassified,total crimes against women after 2014
2023,Punjab,False,,Others / Unclassified,total crimes against women after 2014
2023,Rajasthan,False,45450.0,Others / Unclassified,total crimes against women after 2014
2023,Sikkim,False,,Others / Unclassified,total crimes against women after 2014
2023,Tamil Nadu,False,,Others / Unclassified,total crimes against women after 2014
2023,Telangana,False,,Others / Unclassified,total crimes against women after 2014
2023,Tripura,False,,Others / Unclassified,total crimes against women after 2014
2023,Uttar Pradesh,False,66381.0,Others / Unclassified,total crimes against women after 2014
2023,Uttarakhand,False,,Others / Unclassified,total crimes against women after 2014
2023,West Bengal,False,34691.0,Others / Unclassified,total crimes against women after 2014
2024,Andaman & Nicobar Islands,False,,Others / Unclassified,total crimes against women after 2014
2024,Andhra Pradesh,False,,Others / Unclassified,total crimes against women after 2014
2024,Arunachal Pradesh,False,,Others / Unclassified,total crimes against women after 2014
2024,Assam,False,,Others / Unclassified,total crimes against women after 2014
2024,Bihar,False,,Others / Unclassified,total crimes against women after 2014
2024,Chandigarh,False,,Others / Unclassified,total crimes against women after 2014
2024,Chhattisgarh,False,,Others / Unclassified,total crimes against women after 2014
2024,Dadra & Nagar Haveli and Daman & Diu,False,,Others / Unclassified,total crimes against women after 2014
2024,Delhi,False,,Others / Unclassified,total crimes against women after 2014
2024,Goa,False,,Others / Unclassified,total crimes against women after 2014
2024,Gujarat,False,,Others / Unclassified,total crimes against women after 2014
2024,Haryana,False,,Others / Unclassified,total crimes against women after 2014
2024,Himachal Pradesh,False,,Others / Unclassified,total crimes against women after 2014
2024,Jammu & Kashmir,False,,Others / Unclassified,total crimes against women after 2014
2024,Jharkhand,False,,Others / Unclassified,total crimes against women after 2014
2024,Karnataka,False,,Others / Unclassified,total crimes against women after 2014
2024,Kerala,False,,Others / Unclassified,total crimes against women after 2014
2024,Ladakh,False,,Others / Unclassified,total crimes against women after 2014
2024,Lakshadweep,False,,Others / Unclassified,total crimes against women after 2014
2024,Madhya Pradesh,False,,Others / Unclassified,total crimes against women after 2014
2024,Maharashtra,False,,Others / Unclassified,total crimes against women after 2014
2024,Manipur,False,,Others / Unclassified,total crimes against women after 2014
2024,Meghalaya,False,,Others / Unclassified,total crimes against women after 2014
2024,Mizoram,False,,Others / Unclassified,total crimes against women after 2014
2024,Nagaland,False,,Others / Unclassified,total crimes against women after 2014
2024,Odisha,False,,Others / Unclassified,total crimes against women after 2014
2024,Puducherry,False,,Others / Unclassified,total crimes against women after 2014
2024,Punjab,False,,Others / Unclassified,total crimes against women after 2014
2024,Rajasthan,False,,Others / Unclassified,total crimes against women after 2014
2024,Sikkim,False,,Others / Unclassified,total crimes against women after 2014
2024,Tamil Nadu,False,,Others / Unclassified,total crimes against women after 2014
2024,Telangana,False,,Others / Unclassified,total crimes against women after 2014
2024,Tripura,False,,Others / Unclassified,total crimes against women after 2014
2024,Uttar Pradesh,False,,Others / Unclassified,total crimes against women after 2014
2024,Uttarakhand,False,,Others / Unclassified,total crimes against women after 2014
2024,West Bengal,False,,Others / Unclassified,total crimes against women after 2014
2025,Andaman & Nicobar Islands,False,,Others / Unclassified,total crimes against women after 2014
2025,Andhra Pradesh,False,,Others / Unclassified,total crimes against women after 2014
2025,Arunachal Pradesh,False,,Others / Unclassified,total crimes against women after 2014
2025,Assam,False,,Others / Unclassified,total crimes against women after 2014
2025,Bihar,False,,Others / Unclassified,total crimes against women after 2014
2025,Chandigarh,False,,Others / Unclassified,total crimes against women after 2014
2025,Chhattisgarh,False,,Others / Unclassified,total crimes against women after 2014
2025,Dadra & Nagar Haveli and Daman & Diu,False,,Others / Unclassified,total crimes against women after 2014
2025,Delhi,False,,Others / Unclassified,total crimes against women after 2014
2025,Goa,False,,Others / Unclassified,total crimes against women after 2014
2025,Gujarat,False,,Others / Unclassified,total crimes against women after 2014
2025,Haryana,False,,Others / Unclassified,total crimes against women after 2014
2025,Himachal Pradesh,False,,Others / Unclassified,total crimes against women after 2014
2025,Jammu & Kashmir,False,,Others / Unclassified,total crimes against women after 2014
2025,Jharkhand,False,,Others / Unclassified,total crimes against women after 2014
2025,Karnataka,False,,Others / Unclassified,total crimes against women after 2014
2025,Kerala,False,,Others / Unclassified,total crimes against women after 2014
2025,Ladakh,False,,Others / Unclassified,total crimes against women after 2014
2025,Lakshadweep,False,,Others / Unclassified,total crimes against women after 2014
2025,Madhya Pradesh,False,,Others / Unclassified,total crimes against women after 2014
2025,Maharashtra,False,,Others / Unclassified,total crimes against women after 2014
2025,Manipur,False,,Others / Unclassified,total crimes against women after 2014
2025,Meghalaya,False,,Others / Unclassified,total crimes against women after 2014
2025,Mizoram,False,,Others / Unclassified,total crimes against women after 2014
2025,Nagaland,False,,Others / Unclassified,total crimes against women after 2014
2025,Odisha,False,,Others / Unclassified,total crimes against women after 2014
2025,Puducherry,False,,Others / Unclassified,total crimes against women after 2014
2025,Punjab,False,,Others / Unclassified,total crimes against women after 2014
2025,Rajasthan,False,,Others / Unclassified,total crimes against women after 2014
2025,Sikkim,False,,Others / Unclassified,total crimes against women after 2014
2025,Tamil Nadu,False,,Others / Unclassified,total crimes against women after 2014
2025,Telangana,False,,Others / Unclassified,total crimes against women after 2014
2025,Tripura,False,,Others / Unclassified,total crimes against women after 2014
2025,Uttar Pradesh,False,,Others / Unclassified,total crimes against women after 2014
2025,Uttarakhand,False,,Others / Unclassified,total crimes against women after 2014
2025,West Bengal,False,,Others / Unclassified,total crimes against women after 2014
