CIN/LLPIN,Legal_Name,Purchaser_Entries,Donor_Type,TotalNumberBonds,TotalDonorAmount,PayBranchCodes,PayTellers
U51901TZ1991PTC003583,FUTURE GAMING AND HOTEL SERVICES PRIVATE LIMITED,FUTURE GAMING AND HOTEL SERVICES PRIVATE LIMITED;FUTURE GAMING AND HOTEL SERVICES PVT LTD;FUTURE GAMING AND HOTEL SERVICES PR,FUTURE GAMING AND HOTEL SERVICES PRIVATE LIMITED,3,13680000000,800;800;300;691,7910576;5972302;7905165;7273126;4004833;7310854;7310854;7273126
U45202TG2006PLC050271,MEGHA ENGINEERING & INFRASTRUCTURES LIMITED,MEGHA ENGINEERING & INFRASTRUCTURES LIMITED;MEGHA ENGINEERING AND INFRASTRUCTURES LTD;MEGHA ENGINEERING AND INFRASTRUCTURES LI MITED,MEGHA ENGINEERING & INFRASTRUCTURES LIMITED,3,9660000000,847,8424020;6458726;6417329;6422705;6390129;7445512;6371213;7450648;3394387;3898296;3878309
U51100MH2000PTC129528,QWIK SUPPLY CHAIN PRIVATE LIMITED,QWIKSUPPLYCHAINPRIVATELIMITED,QWIK SUPPLY CHAIN PRIVATE LIMITED,1,4100000000,300,7905165;4180496;1022034
L13209MH1965PLC291394,VEDANTA LIMITED,VEDANTA LTD;VEDANTA LIMITED,VEDANTA LIMITED,2,4006500000,300;691;691,3300196;2039265;8212066;5972302;7905165;7516991;3428540
U74210WB1994PLC066154,HALDIA ENERGY LIMITED,HALDIA ENERGY LIMITED,HALDIA ENERGY LIMITED,1,3770000000,1;691,5898161;5054982;6405134;5899230;7516991
U51109WB1950PLC018728,ESSEL MINING & INDUSTRIES LTD.,ESSEL MINING AND INDS LTD,ESSEL MINING & INDUSTRIES LTD.,1,2245000000,1,6405134;5899230
U40105UP2009PLC038219,WESTERN U. P. POWER TRANSMISSION COMPANY LIMITED,WESTERN UP POWER TRANSMISSION COMPANY LI MITED,WESTERN U. P. POWER TRANSMISSION COMPANY LIMITED,1,2200000000,847,6458726
L74899HR1995PLC095967,BHARTI AIRTEL LIMITED,BHARTI AIRTEL LIMITEDAIRTEL CURRE NT AC-GCO;BHARTI AIRTEL LIMITED,BHARTI AIRTEL LIMITED,2,1980000000,691,3300196;3428540;8212066;5972302;7516991
U74999WB2010PLC150527,KEVENTER FOODPARK INFRA LIMITED,KEVENTER FOODPARK INFRA LIMITED,KEVENTER FOODPARK INFRA LIMITED,1,1950000000,1,5899230
L51909WB1982PLC035468,MKJ ENTERPRISES LTD,MKJ ENTERPRISES LTD;MKJ ENTERPRISES LIMITED,MKJ ENTERPRISES LTD,2,1924200000,1,5898161;6563457;5054982;6405134;6405134;5897386;5899230
L51909WB1983PLC036288,MADANLAL LTD,MADANLAL LTD.,MADANLAL LTD,1,1855000000,1,5899230
U13203OR1993PLC003416,UTKAL ALUMINA INTERNATIONAL LIMITED.,UTKAL ALUMINA INTERNATIONAL LTD;UTKAL ALUMINA INTERNATIONAL LIMITED,UTKAL ALUMINA INTERNATIONAL LIMITED.,2,1453000000,300,4180496;7905165;4180496;1022034
U70101DL2002PLC113636,DLF COMMERCIAL DEVELOPERS LIMITED,DLF COMMERCIAL DEVELOPERS LIMITED,DLF COMMERCIAL DEVELOPERS LIMITED,1,1300000000,691,3428540;2039265;3723135;7516991
L27105HR1979PLC009913,JINDAL STEEL AND POWER LIMITED,JINDAL STEEL AND POWER LIMITED,JINDAL STEEL AND POWER LIMITED,1,1230000000,691,8212066;5972302
U45201PN1994PTC077340,B. G. SHIRKE CONSTRUCTION TECHNOLOGY PRIVATE LIMITED,BG SHIRKE CONSTRUCTION TECHNOLOGY PVT LTD;B G SHIRKE CONSTRUCTION TECHNOLOGY PVT L TD,B. G. SHIRKE CONSTRUCTION TECHNOLOGY PRIVATE LIMITED,2,1185000000,300,7905165;1022034;4180496
U70109WB2006PLC111457,DHARIWAL INFRASTRUCTURE LIMITED,DHARIWAL INFRASTRUCTURE LIMITED,DHARIWAL INFRASTRUCTURE LIMITED,1,1150000000,1,5898161;5054982;6405134
U51420WB1988PTC045422,AVEES TRADING & FINANCE PVT LTD.,AVEES TRADING & FINANCE PVT LTD;AVEES TRADING AND FINANCE PVT LTD;AVEES TRADING FINANCE PVT LTD,AVEES TRADING & FINANCE PVT LTD.,3,1125000000,1,5899230;5898161;6563457;5054982;6405134;6405134
L31200GJ2004PLC044068,TORRENT POWER LIMITED,TORRENT POWER LTD;TORRENT POWER LIMITED,TORRENT POWER LIMITED,2,1065000000,1355,5137969;5140277;5132819;1023671;5137969
U23201MH2013PTC241741,BIRLA CARBON INDIA PRIVATE LIMITED,BIRLACARBONINDIAPRIVATELIMITED,BIRLA CARBON INDIA PRIVATE LIMITED,1,1050000000,300,4180496;1022034
U45202KA2006PTC038465,CHENNAI GREEN WOODS PRIVATE LIMITED,CHENNAI GREEN WOODS PRIVATE LIMITED,CHENNAI GREEN WOODS PRIVATE LIMITED,1,1050000000,847,3394387;3898296;6458726
U02005WB1943PTC011231,RUNGTA SONS PVT LTD,RUNGTA SONS P LTD,RUNGTA SONS PVT LTD,1,1000000000,1,5898161;6405134
L01409WB1982PLC034590,IFB AGRO INDUSTRIES LTD.,IFB AGRO INDUSTRIES LIMITED,IFB AGRO INDUSTRIES LTD.,1,923000000,1,5898161;5054982;6405134
L85195TG1984PLC004507,DR.REDDYS LABORATORIES LTD,DR.REDDY'S LABORATORIES LTD;DR REDDYS LABORATORIES LIMITED,DR.REDDYS LABORATORIES LTD,2,840000000,847,8424020;6458726;6422705;7441010;7445512;3394387
L23109WB1960PLC024602,PHILLIPS CARBON BLACK LTD,PHILIPS CARBON BLACK LTD;PHILLIPS CARBON BLACK LIMITED;PCBL LIMITED,PHILLIPS CARBON BLACK LTD,3,800000000,1,5899230;6405134;5899230;5898161;5054982;6405134
U74992GJ2010PTC125116,PRARAMBH SECURITIES PRIVATE LIMITED,PRARAMBH SECURITIES PVT LTDOWN A/C;PRARAMBH SECURITIES PVT LTDPROPRIET,PRARAMBH SECURITIES PRIVATE LIMITED,2,787500000,300,7905165;1022034;7905165
L24230GJ1972PLC002126,TORRENT PHARMACEUTICALS LTD,TORRENT PHARMACEUTICALS LTD;TORRENT PHARMACEUTICALS LIMITED,TORRENT PHARMACEUTICALS LTD,2,775000000,1355,5137969;1023671;5137969;5140277;5132819;1023671
L24230TG1981PLC003201,NATCO PHARMA LIMITED,NATCO PHARMA LIMITED;NATCO PHARMA LTD,NATCO PHARMA LIMITED,2,692500000,847,7445512;6390129;6371213;6458726;3394387
U14107WB1991PLC053043,RASHMI CEMENT LIMITED,RASHMI CEMENT LTD,RASHMI CEMENT LIMITED,1,635000000,1,5898161;5054982;6405134
U67120MH1996PTC098584,INFINA FINANCE PRIVATE LIMITED,INFINA FINANCE PRIVATE LIMITED,INFINA FINANCE PRIVATE LIMITED,1,600000000,300,7905165;6830668
L72200AP1990PLC011146,NCC LIMITED,NCC LIMITED,NCC LIMITED,1,600000000,847,6390129;6422705
U45203AP1986PLC006925,NAVAYUGA ENGINEERING COMPANY LIMITED,NAVAYUGA ENGINEERING CO LTD;NAVAYUGA ENGINEERING COMPANY LIMITED,NAVAYUGA ENGINEERING COMPANY LIMITED,2,550000000,847,8424020;6390129;6422705
L24110TG1990PLC011854,DIVI'S LABORATORIES LIMITED,DIVI S LABORATORIES LIMITED,DIVI'S LABORATORIES LIMITED,1,550000000,847,7445512;6458726
L26941TN1957PLC003566,THE RAMCO CEMENTS LIMITED,THE RAMCO CEMENTS LIMITED,THE RAMCO CEMENTS LIMITED,1,540000000,800,7273126;7910576;1019582
U45203MH1994PTC077075,MODERN ROAD MAKERS P LTD,MODERN ROAD MAKERS PVT. LTD.;MODERN ROAD MAKERS PVT LTD,MODERN ROAD MAKERS P LTD,2,530000000,300,7905165;4180496;7905165
L24239TG1986PLC015190,AUROBINDO PHARMA LTD,AUROBINDO PHARMA LIMITED;AUROBINDO PHARMA LTD,AUROBINDO PHARMA LTD,2,520000000,847,6458726;3394387;7445512;3898296;6371213;3394387
AAA-4124,UNITED PHOSPHORUS (INDIA) LLP,UNITED PHOSPHORUS INDIA LLP,UNITED PHOSPHORUS (INDIA) LLP,1,500000000,300,7905165
U11520WB1996PTC081784,TRANSWAYS EXIM PRIVATE LIMITED,TRANSWAYS EXIM PRIVATE LTD;TRANSWAYS EXIM PVT LTD;TRANSWAYS EXIM PRIVATE LIMITED,TRANSWAYS EXIM PRIVATE LIMITED,3,470000000,1,5898161;6563457;5054982;6405134;6405134;5899230;6405134
U45200TG1999PTC031431,RITHWIK PROJECTS PRIVATE LIMITED,RITHWIK PROJECTS PRIVATE LIMITED,RITHWIK PROJECTS PRIVATE LIMITED,1,450000000,847,7445512
U74999WB2012PTC174637,SASMAL INFRASTRUCTURE PRIVATE LIMITED,SASMAL INFRASTRUCTURE PRIVATE LIMITED,SASMAL INFRASTRUCTURE PRIVATE LIMITED,1,440000000,1,5898161;6563457
U67120MH1994PTC078840,PHL FININVEST PRIVATE LIMITED,PHL FINIVEST PVT LTD,PHL FININVEST PRIVATE LIMITED,1,400000000,300,4180496
U31401TG2010PLC069777,SHIRDI SAI ELECTRICALS LIMITED,SHIRDI SAI ELECTRICALS LTD,SHIRDI SAI ELECTRICALS LIMITED,1,400000000,847,6458726
U74210PN2000PTC014696,LAXMI CIVIL ENGINEERING SERVICES PRIVATE LIMITED,LAXMI CIVIL ENGINEERING SERVICES PR,LAXMI CIVIL ENGINEERING SERVICES PRIVATE LIMITED,1,400000000,300,7905165
U93090TN1995PTC030660,SEPC POWER PRIVATE LIMITED,SEPC POWER PVT LTD OPERATION RETEN,SEPC POWER PRIVATE LIMITED,1,400000000,847,6458726
L24239MH1935PLC002380,CIPLA LIMITED,CIPLA LTD;CIPLA LIMITED,CIPLA LIMITED,2,392000000,300,7905165;2836831;4180496
U92200DL2006PLC156075,BHARTI TELEMEDIA LIMITED,BHARTI TELEMEDIA LIMITED,BHARTI TELEMEDIA LIMITED,1,370000000,691,8212066;7516991
U32300DL2011PTC215856,NEXG DEVICES PRIVATE LIMITED,NEXG DEVICES PVT LTD,NEXG DEVICES PRIVATE LIMITED,1,350000000,691,5972302;3300196
AAB-5357,SAFAL GOYAL REALTY LLP,SAFAL GOYAL REALTY LLP,SAFAL GOYAL REALTY LLP,1,350000000,1355,1023671
L26940MH2000PLC128420,ULTRATECH CEMENT LIMITED,ULTRATECHCEMENTSLTD;ULTRA TECH CEMENT LIMITED,ULTRATECH CEMENT LIMITED,2,350000000,300,7905165;4180496;1022034;2836831
U24110MH1979PLC136661,SWAL CORPORATION LIMITED,SWAL CORPORATION LIMITED,SWAL CORPORATION LIMITED,1,350000000,300,7905165;4180496
U70101WB2004PLC099945,CRESCENT POWER LIMITED,CRESCENT POWER LTD,CRESCENT POWER LIMITED,1,340000000,1,6405134;5054982;5899230
L51909UP1992PLC051997,GENUS POWER INFRASTRUCTURES LIMITED,GENUS POWER INFRASTRUCTURES LIMITED;GENUS POWER INFRASTRUCTURES LTD,GENUS POWER INFRASTRUCTURES LIMITED,2,335000000,656,6987052;6936652;7515103;6987052
L17124MP1947PLC000410,GRASIM INDUSTRIES LTD,GRASIM INDUSTRIES LTD,GRASIM INDUSTRIES LTD,1,330000000,300,6830668;4180496
U45500GJ2017PTC100301,LCC PROJECTS PRIVATE LIMITED,LCCPROJECTSPRIVATELIMITED,LCC PROJECTS PRIVATE LIMITED,1,315000000,1355,1023671
U51909WB1981PLC034036,PENGUIN TRADING & AGENCIES LIMITED,PENGUIN TRADING & AGENCIES LIMITED;PENGUIN TRADING AND AGENCIES LTD,PENGUIN TRADING & AGENCIES LIMITED,2,305000000,1;1;41,6405134;4455428;5899230;6405134
U65921WB1993PTC126787,KAMNA CREDITS AND PROMOTERS PRIVATE LIMITED,KAMNA CREDITS AND PROMOTORS PVT LTD,KAMNA CREDITS AND PROMOTERS PRIVATE LIMITED,1,305000000,1,5898161;6563457;6405134
U24230TG1993PLC015582,HETERO DRUGS LIMITED,HETERO DRUGS LIMITED,HETERO DRUGS LIMITED,1,300000000,847,3898296;8233225
AAT-4307,APARNA FARMS AND ESTATES LLP,APARNA FARMS AND ESTATES LLP,APARNA FARMS AND ESTATES LLP,1,300000000,847,6458726
L26922HR1980PLC010901,JINDAL STAINLESS LIMITED,JINDAL STAINLESS LTD,JINDAL STAINLESS LIMITED,1,300000000,691,8212066;5972302
U51432UP1992PTC013969,APCO INFRATECH PRIVATE LIMITED,APCO INFRATECH PRIVATE LTD;APCO INFRATECH PVT LTD FORMERLY AP;APCO INFRATECH PRIVATE LIMITED,APCO INFRATECH PRIVATE LIMITED,3,300000000,125,6596169;5918359;2526611
U45201MH2006PTC163785,HONEYWELL PROPERTIES PRIVATE LIMITED,HONEYWELL PROPERTIES PVT LTD,HONEYWELL PROPERTIES PRIVATE LIMITED,1,300000000,300,4180496
U51900GJ1989PLC079501,ZYDUS HEALTHCARE LIMITED,ZYDUS HEALTHCARE LIMITED,ZYDUS HEALTHCARE LIMITED,1,290000000,1355,1023671
L27104UP1984PLC023979,JINDAL SAW LIMITED,JINDAL SAW LIMITED,JINDAL SAW LIMITED,1,290000000,691,3428540;8212066;3723135
U15100WB2013PTC193253,WESTWELL GASES PRIVATE LIMITED,WESTWELL GASES PRIVATE LIMITED,WESTWELL GASES PRIVATE LIMITED,1,285000000,1,5898161;5054982;6405134
L27100GJ1995PLC025609,WELSPUN CORP LIMITED,WELSPUN CORP LIMITED;WELSPUN CORP LTD,WELSPUN CORP LIMITED,2,270000000,300,7905165;7905165;6830668;4180496
U27109WB2004PLC097737,RASHMI METALIKS LIMITED,RASHMI METALIKS LTD,RASHMI METALIKS LIMITED,1,270000000,1,6405134
U24239TG2004PTC044631,MSN PHARMACHEM PRIVATE LIMITED,MSN PHARMACHEM PVT LTD,MSN PHARMACHEM PRIVATE LIMITED,1,260000000,847,3898296;6458726
L40100GJ1981PLC004281,KALPATARU POWER TRANSMISSION LIMITED,KALPATARU PROJECTS INTERNATIONAL LIMITED,KALPATARU POWER TRANSMISSION LIMITED,1,255000000,1355,5120497;1023671
U45202MH2000PTC130112,NKT ROAD AND TOLL PRIVATE LIMITED,IRB MP EXPRESSWAY PRIVATE LIMITED,NKT ROAD AND TOLL PRIVATE LIMITED,1,250000000,300,7905165
U45200MH1999PTC117748,INORBIT MALLS (INDIA) PRIVATE LIMITED,INORBIT MALLS INDIA PRIVATE LIMIT;INORBIT MALLS INDIA PRIVATE LIMITED,INORBIT MALLS (INDIA) PRIVATE LIMITED,2,250000000,300,7905165;1022034;7905165
AAC-8699,MAATHA PROJECTS LLP,MAATHA PROJECTS LLP,MAATHA PROJECTS LLP,1,250000000,847,7445512;6458726
U70109DL2013PLC258889,DLF LUXURY HOMES LIMITED,DLF LUXURY HOMES LIMITED,DLF LUXURY HOMES LIMITED,1,250000000,691,2039265;5972302;7516991
L24110MH1947PLC005719,PIRAMAL ENTERPRISES LIMITED,PIRAMAL ENTERPRISES LIMITED,PIRAMAL ENTERPRISES LIMITED,1,250000000,300,7905165
U24110TG1989PLC009723,HETERO LABS LIMITED,HETERO LABS LIMITED,HETERO LABS LIMITED,1,250000000,847,3898296;6458726
U24233TG2011PLC077561,HONOUR LAB LIMITED,HONOUR LAB LTD;HONOUR LAB LIMITED,HONOUR LAB LIMITED,2,250000000,847,3898296;8233225;7445512
L51109WB1982PLC035088,AUTHUM INVESTMENT & INFRASTRUCTURE LIMITED,AUTHUM INVESTMENT AND INFRASTRUCTURE LTD,AUTHUM INVESTMENT & INFRASTRUCTURE LIMITED,1,250000000,300,7905165
L65990MH1945PLC004558,MAHINDRA AND MAHINDRA LIMITED,MAHINDRA & MAHINDRA LTD,MAHINDRA AND MAHINDRA LIMITED,1,250000000,691,5972302
U45200TG2007PTC055439,MY HOME INFRASTRUCTURES PRIVATE LIMITED,MY HOME INFRASTRUCTURES PRIVATE LI;MY HOME INFRASTRUCTURES PVT LTD MY,MY HOME INFRASTRUCTURES PRIVATE LIMITED,2,245000000,847,6458726;7445512
U45200TG2005PTC048066,NSL SEZ (HYDERABAD) PRIVATE LIMITED,NSL SEZ(HYDERABAD) PRIVATE LIMITED;NSL SEZ HYDERABAD PRIVATE LIMITED,NSL SEZ (HYDERABAD) PRIVATE LIMITED,2,245000000,847,6422705;7445512
U74899DL1991PLC044843,MANKIND PHARMA LIMITED,MANKIND PHARMA LIMITED,MANKIND PHARMA LIMITED,1,240000000,691,5972302
L17111PB1973PLC003345,VARDHMAN TEXTILES LIMITED,VARDHMAN TEXTILES LIMITED;VARDHMAN TEXTILES LTD,VARDHMAN TEXTILES LIMITED,2,222500000,1308;628,5809436;7512201;7631030;8492239
U45400MH2014PTC256277,L7 HITECH PRIVATE LIMITED,L7 HITECH PRIVATE LIMITED,L7 HITECH PRIVATE LIMITED,1,220000000,300,1022034
L36900WB1952PLC020274,WPIL LIMITED,WPIL LIMITED,WPIL LIMITED,1,220000000,1,5898161;5054982
U51909WB2021PTC249859,ASKUS LOGISTICS PRIVATE LIMITED,ASKUS LOGISTICS PVT LTD;ASKUS LOGISTICS PRIV;ASKUS LOGISTICS PRIVATE LIMITED,ASKUS LOGISTICS PRIVATE LIMITED,3,220000000,1,5054982;5898161
U45400AP2007PTC054641,HES INFRA PRIVATE LIMITED,HES INFRA PVT LTD,HES INFRA PRIVATE LIMITED,1,220000000,847,3898296;6458726
U55100MH1979PTC021866,K RAHEJA CORP PRIVATE LIMITED,K RAHEJA CORP PVT LTD,K RAHEJA CORP PRIVATE LIMITED,1,210000000,300,7905165;4180496
L34103DL1981PLC011375,MARUTI SUZUKI INDIA LIMITED,MARUTI SUZUKI INDIA LTD,MARUTI SUZUKI INDIA LIMITED,1,200000000,691,5972302
U52609TZ2018PTC030302,HH IRON AND STEEL PRIVATE LIMITED,HH IRON AND STEEL PRIVATE LIMITED,HH IRON AND STEEL PRIVATE LIMITED,1,200000000,800,7273126;7910576;7310854
U45200MH2003PTC142869,BKC PROPERTIES PRIVATE LIMITED,BKC PROPERTIES PVT LTD,BKC PROPERTIES PRIVATE LIMITED,1,200000000,300,4180496;1022034
U26943RJ2005PLC021205,WONDER CEMENT LIMITED,WONDER CEMENT LTD,WONDER CEMENT LIMITED,1,200000000,656,6953433;7024452
U27109TG2002PLC038726,KOYA AND COMPANY CONSTRUCTION LIMITED,KOYA AND COMPANY CONSTRUCTION LTD,KOYA AND COMPANY CONSTRUCTION LIMITED,1,200000000,847,3898296
U24231GJ1985PLC007866,INTAS PHARMACEUTICALS LIMITED,INTAS PHARMACEUTICALS LIMITED,INTAS PHARMACEUTICALS LIMITED,1,200000000,1355,1023671
U70101RJ2016PTC049304,INTERGLOBE REAL ESTATE VENTURES PRIVATE LIMITED,INTERGLOBE REAL ESTATE VENTURES PVT LTD,INTERGLOBE REAL ESTATE VENTURES PRIVATE LIMITED,1,200000000,691,3300196
U25200GJ1997PLC133846,SUN PHARMA LABORATORIES LIMITED,SUN PHARMA LABORATORIES LIMTED,SUN PHARMA LABORATORIES LIMITED,1,200000000,300,4180496
L35911DL1984PLC017354,HERO MOTOCORP LIMITED,HERO MOTOCORP LIMITED,HERO MOTOCORP LIMITED,1,200000000,691,5972302
L65910MH1987PLC042961,BAJAJ FINANCE LIMITED,BAJAJ FINANCE LTD,BAJAJ FINANCE LIMITED,1,200000000,300,4180496
L31300MH1967PLC016531,FINOLEX CABLES LIMITED,FINOLEX CABLES LTD,FINOLEX CABLES LIMITED,1,200000000,300,4180496
U45400MH2011PTC216545,PRL DEVELOPERS PRIVATE LIMITED,PRL DEVELOPERS PRIVATE LIMITED,PRL DEVELOPERS PRIVATE LIMITED,1,200000000,300,4180496
U45400TG2007PTC053720,TELLAPUR TECHNOCITY PRIVATE LIMITED,TELLAPUR TECHNOCITY PRIVATE LIMI,TELLAPUR TECHNOCITY PRIVATE LIMITED,1,200000000,847,7445512
U51109MH2007PTC176711,CHANDER COMMERCIALS PRIVATE LIMITED,CHANDER COMMERCIALS PVT LTD,CHANDER COMMERCIALS PRIVATE LIMITED,1,200000000,300,4180496
U70109DL2006PLC151260,LUCINA LAND DEVELOPMENT LIMITED,LUCINA LAND DEVELOPMENT LIMITED,LUCINA LAND DEVELOPMENT LIMITED,1,200000000,300,4180496
U45206TG2009PTC065888,RAJAPUSHPA PROPERTIES PRIVATE LIMITED,RAJAPUSHPA PROPERTIES PVT LTD,RAJAPUSHPA PROPERTIES PRIVATE LIMITED,1,200000000,847,3898296
U40108TG2009PLC065804,MYTRAH ENERGY (INDIA) LIMITED,MYTRAH ENERGY INDIA PRIVATE LIMITED;MYTRAH ENERGY(INDIA) PRIVATE LIMITED,MYTRAH ENERGY (INDIA) LIMITED,2,190000000,847,8424020;7445512;6398456
U45202GJ2003PTC043160,DINESHCHANDRA R AGARWAL INFRACON PRIVATE LIMITED,DINESHCHANDRA R AGRAWAL INFRACON PVT LTD,DINESHCHANDRA R AGARWAL INFRACON PRIVATE LIMITED,1,185000000,1355,5121647;1023671
L24100MH1983PLC029442,LUPIN LIMITED,LUPIN LIMITED,LUPIN LIMITED,1,180000000,300,7905165
U27109WB2006PTC111146,ORISSA METALIKS PRIVATE LIMITED,ORISSA METALIKS PVT LIMITED;ORRISA METALIKS PVT LTD,ORISSA METALIKS PRIVATE LIMITED,2,180000000,1,6405134
L65993PN2007PLC130076,BAJAJ AUTO LIMITED.,BAJAJ AUTO LTD,BAJAJ AUTO LIMITED.,1,180000000,300,7905165;4180496
U45200MH1986PLC041047,RAY CONSTRUCTIONS LIMITED,RAY CONSTRUCTIONS LTD,RAY CONSTRUCTIONS LIMITED,1,175001000,300,7905165;4180496;1022034
U24100TG2007PTC055636,HINDYS LAB PRIVATE LIMITED,HINDYS LAB PRIVATE LTD;HINDYS LAB PVT. LTD. (PREVIOUSLY HIND LI FE SCIENCES PVT LTD),HINDYS LAB PRIVATE LIMITED,2,175000000,847,6458726;7450648;7445512
U40106DL2014PTC274642,OSTRO MADHYA WIND PRIVATE LIMITED,OSTRO MADHYA WIND PRIVATE LIMITED,OSTRO MADHYA WIND PRIVATE LIMITED,1,170000000,691,8212066
U40300DL2013PTC248984,OSTRO JAISALMER PRIVATE LIMITED,OSTRO JAISALMER PRIVATE LIMITED,OSTRO JAISALMER PRIVATE LIMITED,1,170000000,691,8212066
U70109MH1998PTC116091,S D CORPORATION PRIVATE LIMITED,S D CORPORATION PVT LTD,S D CORPORATION PRIVATE LIMITED,1,170000000,300,6830668;4180496
U24240GJ1980PLC003670,NIRMA LIMITED,NIRMA LIMITED,NIRMA LIMITED,1,160000000,1355,5121647;1023671
U50400TN2018PTC121056,TVS MOBILITY PRIVATE LIMITED,TVS MOBILITY PRIVATE LIMITED,TVS MOBILITY PRIVATE LIMITED,1,160000000,800,7310854
U74900MH2010PTC199989,ISHAN TECHNICAL PLANT SERVICES PRIVATE LIMITED,ISHAN TECHNICAL PLANT SERVICES PVT LTD,ISHAN TECHNICAL PLANT SERVICES PRIVATE LIMITED,1,160000000,300,4180496
L18101KL1992PLC006528,KITEX GARMENTS LIMITED,KITEX GARMENTS LIMITED,KITEX GARMENTS LIMITED,1,160000000,941,7270860;6554695
U24232KA1973PLC002401,MICRO LABS LIMITED,MICRO LABS LTD;MICRO LABS LIMITED,MICRO LABS LIMITED,2,160000000,813,6188222
L74899DL1986PLC050910,GOODLUCK INDIA LIMITED,GOODLUCK INDIA LTD;GOODLUCK INDIA LIMITED,GOODLUCK INDIA LIMITED,2,150000000,691,3428540;7516991;8212066;5972302
U24297TG2013PLC087048,EUGIA PHARMA SPECIALITIES LIMITED,EUGIA PHARMA SPECIALITIES LIMITED,EUGIA PHARMA SPECIALITIES LIMITED,1,150000000,847,6458726
U74899DL2000PLC106823,INFOTEL BUSINESS SOLUTIONS LIMITED.,INFOTELBUSINESSSOLUTIONSLTDBR,INFOTEL BUSINESS SOLUTIONS LIMITED.,1,150000000,691,3300196
AAF-4511,TERACON BUILDTECH LLP,TERACON BUILDTECH LLP,TERACON BUILDTECH LLP,1,150000000,1355,1023671
U70101WB1969PTC027441,MISRILALL MINES PRIVATE LIMITED,MISRILALL MINES PVT LTD,MISRILALL MINES PRIVATE LIMITED,1,150000000,1,6405134
U70101DL2005PTC143585,DLF GARDEN CITY INDORE PRIVATE LIMITED,DLF GARDEN CITY INDORE PVT LTD,DLF GARDEN CITY INDORE PRIVATE LIMITED,1,150000000,691,5972302
U45400TG2007PTC096447,AQUA SPACE DEVELOPERS PRIVATE LIMITED,AQUA SPACE DEVELOPERS PRIVATE LIMIT,AQUA SPACE DEVELOPERS PRIVATE LIMITED,1,150000000,847,7445512
L17110GJ1985PLC033271,WELSPUN INDIA LIMITED,WELSPUN LIVING LIMITED;WELSPUN INDIA LIMITED,WELSPUN INDIA LIMITED,2,150000000,300,7905165;1022034
U64200MH2007PLC176804,AKSENTT TECH SERVICES LIMITED,AKSENTT TECH SERVICES LIMITED (UNITY TEL ECOM INFRASTRUCTURE),AKSENTT TECH SERVICES LIMITED,1,150000000,300,7905165
U24100TG2013PTC089489,SELMA LABORATORIES PRIVATE LIMITED,SELMAR LAB PRIVATE LTD;SELMAR LAB PRIVATE LIMITED,SELMA LABORATORIES PRIVATE LIMITED,2,150000000,847,7450648;6458726
L00305MH1973PLC174201,ALKEM LABORATORIES LIMITED,ALKEM LABORATORIES LIMITED,ALKEM LABORATORIES LIMITED,1,150000000,300,7905165
U65100WB2010PTC153196,ABHINANDAN STOCK BROKING PRIVATE LIMITED,ABHINANDANSTOCKBROKINGPVTLTD,ABHINANDAN STOCK BROKING PRIVATE LIMITED,1,147000000,1,5898161;6563457;5054982;6405134
U51909WB1992PLC054881,SHRI JAGANNATH STEELS & POWER LIMITED,SHRI JAGANNATH STEELS & POWER LTD,SHRI JAGANNATH STEELS & POWER LIMITED,1,145000000,41;691,3428540;7409060;7516991
L74999RJ1938PLC019511,JK LAKSHMI CEMENT LIMITED,JK LAKSHMI CEMENT LIMITED,JK LAKSHMI CEMENT LIMITED,1,140000000,691,8212066;5972302;7516991
L24239MH1949PLC007837,IPCA LABORATORIES LIMITED,IPCA LABORATORIES LIMITED,IPCA LABORATORIES LIMITED,1,135000000,300,7905165;1022034
U45200TG1984PTC004425,SANDHYA CONSTRUCTIONS PVT LTD,SANDHYA CONSTRUCTIONS & ESTATES PRIVATE LIMITED,SANDHYA CONSTRUCTIONS PVT LTD,1,130000000,847,6417329
L51101GJ2012PLC072578,WELSPUN ENTERPRISES LIMITED,WELSPUN ENTERPRISES LTD,WELSPUN ENTERPRISES LIMITED,1,130000000,300,7905165;4180496
U15132WB1977PTC030939,HIMALAYAN ENDEAVOUR PVT LTD,HIMALAYAN ENDEAVOUR PVT LTD,HIMALAYAN ENDEAVOUR PVT LTD,1,129000000,1,5898161;6405134;5054982;5899230
U24110TG2015PTC098450,HAZELO LAB PRIVATE LIMITED,HAZELO LAB PRIVATE LTD,HAZELO LAB PRIVATE LIMITED,1,125000000,847,7445512;3394387
U27100TN2008PTC068037,M K K METAL SECTIONS PRIVATE LIMITED,MKK METAL SECTIONS P LTD;MKK METAL SECTIONS PVT LTD,M K K METAL SECTIONS PRIVATE LIMITED,2,125000000,800,7273126;7910576;1019582;7273126
U29197MH1991PTC064661,SATEC ENVIR ENGINEERING (INDIA) PRIVATE LIMITED,SATEC ENVIR ENGINEERING (I) PVT LTD,SATEC ENVIR ENGINEERING (INDIA) PRIVATE LIMITED,1,120000000,300,7905165
U14292DL2004PTC127951,MOHIT MINERALS PRIVATE LIMITED,MOHIT MINERALS LTD;MOHIT MINERALS LIMITED,MOHIT MINERALS PRIVATE LIMITED,2,120000000,691,5972302
U74990MH2010PTC200061,TALENTO TECHNICAL PLANT SERVICES PRIVATE LIMITED,TALENTO TECHNICAL PLANT SERVICES PVT LTD,TALENTO TECHNICAL PLANT SERVICES PRIVATE LIMITED,1,120000000,300,4180496
U64201DL2006PLC156038,BHARTI INFRATEL LIMITED,BHARTI INFRATEL LIMITED,BHARTI INFRATEL LIMITED,1,120000000,691,3300196
L24110GJ1987PLC009362,GUJARAT FLUOROCHEMICALS LIMITED,GUJARAT FLUORO CHEMICALS LIMITED,GUJARAT FLUOROCHEMICALS LIMITED,1,120000000,1355,5137969
U25200MH1997PLC240268,SUN PHARMA LABORATORIES LIMITED,SUN PHARMA LABORATORIES LTD,SUN PHARMA LABORATORIES LIMITED,1,115000000,300;691,4180496;3300196
U73100WB2000PTC091705,RIPLEY & COMPANY (STEVEDORING & HANDLING) PVT LTD,RIPLEY & CO STEVDORING & HANDLING PVT LT D;RIPLEY AND CO. STEVEDORING & HANDLING PVT LTD,RIPLEY & COMPANY (STEVEDORING & HANDLING) PVT LTD,2,115000000,1,5898161;5054982;6405134;6405134
AAM-6165,BESSEGGEN INFOTECH LLP,BESSEGGENINFOTECHLLP;BESSEGGEN INFOTECH LLP,BESSEGGEN INFOTECH LLP,2,115000000,691,3428540;7516991;8212066;5972302
U15511WB2008PTC129576,HERALD BEVERAGES PRIVATE LIMITED,HERALD BEVERAGES PRIVATE LIMITED,HERALD BEVERAGES PRIVATE LIMITED,1,115000000,1,5898161;5054982;6563457
U23109WB2003PLC096813,BENGAL COKE COMPANY LIMITED,BENGAL COKE COMPANY LIMITED,BENGAL COKE COMPANY LIMITED,1,113210000,1,6405134
U74900MH2008PTC180911,REAL TECHNICAL SOLUTIONS PRIVATE LIMITED,REAL TECHNICAL SOLUTIONS PVT LTD,REAL TECHNICAL SOLUTIONS PRIVATE LIMITED,1,110000000,300,4180496
L45200MH2005PLC152061,KEC INTERNATIONAL LIMITED,KEC INTERNATIONAL LIMITED,KEC INTERNATIONAL LIMITED,1,110000000,300,4180496
U62200DL2009PLC196031,INTERGLOBE AIR TRANSPORT LIMITED,INTERGLOBE AIR TRANSPORT LIMITED,INTERGLOBE AIR TRANSPORT LIMITED,1,110000000,691,3300196
U15520WB1979PTC032178,SENGUPTA & SENGUPTA PVT LTD,SENGUPTA AND SENGUPTA PVT LTD;SENGUPTA AND SENGUPTA PRIVATE LIMIT,SENGUPTA & SENGUPTA PVT LTD,2,107000000,1,5898161;5898161;6405134;5054982;5899230
U41000UP2006PLC069631,JWIL INFRA LIMITED,JWIL INFRA LTD. (FORM. JITF WATER,JWIL INFRA LIMITED,1,105000000,691,5972302
U93000MH2008PTC178009,JAI BHARAT TECHNICAL SERVICES PRIVATE LIMITED,JAI BHARAT TECHNICAL SERVICES PVT LTD,JAI BHARAT TECHNICAL SERVICES PRIVATE LIMITED,1,105000000,300,4180496
U50400DL2012PTC236431,COMFORT TRIMS PRIVATE LIMITED,COMFORT TRIMS PRIVATE LIMITED DIVIS;COMFORT TRIMS PRIVATE LIMITED,COMFORT TRIMS PRIVATE LIMITED,2,105000000,691,5972302;3300196
L24230GJ2010PLC061123,ALEMBIC PHARMACEUTICALS LIMITED,ALEMBICPHARMACEUTICALSLINCLRTGS,ALEMBIC PHARMACEUTICALS LIMITED,1,102000000,1355,1023671
U28129WB1992PTC054966,MONALISA BOTTLING INDUSTRIES PVT LTD,MONALISA BOTTLING INDUSTRIES PVT LTD,MONALISA BOTTLING INDUSTRIES PVT LTD,1,101500000,1,5898161;6405134;5054982;5899230
U45209AP2015PTC096147,ACE URBAN DEVELOPERS PRIVATE LIMITED,ACE URBAN DEVELOPERS PVT LTD,ACE URBAN DEVELOPERS PRIVATE LIMITED,1,100000000,847,6458726
U72200TG2004PTC044073,SUPER CYBERTECH PARK PRIVATE LIMITED,SUPER CYBERTECH PARK PRIVATE LIMITE,SUPER CYBERTECH PARK PRIVATE LIMITED,1,100000000,847,7445512
U70109DL2006PLC151538,ATHENA INFRASTRUCTURE LIMITED,ATHENA INFRASTRUCTURE LIMITED,ATHENA INFRASTRUCTURE LIMITED,1,100000000,300,4180496
U70109DL2006PLC151147,SELENE CONSTRUCTIONS LIMITED,SELENE CONSTRUCTIONS LIMITED,SELENE CONSTRUCTIONS LIMITED,1,100000000,300,4180496
U70109DL2006PLC150229,SYLVANUS PROPERTIES LIMITED,SYLVANUS PROPERTIES LIMITED,SYLVANUS PROPERTIES LIMITED,1,100000000,300,4180496
U70102PN2007FTC129540,PEGASUS PROPERTIES PRIVATE LIMITED,PEGASUS PROPERTIES PVT LTD,PEGASUS PROPERTIES PRIVATE LIMITED,1,100000000,300,4180496
U70102KA1996PTC020293,PRESTIGE GARDEN ESTATES PRIVATE LIMITED,PRESTIGE GARDEN ESTATES PRIVATE LIM,PRESTIGE GARDEN ESTATES PRIVATE LIMITED,1,100000000,813,6188222
U67910GJ1994PLC022685,ABNL INVESTMENT LIMITED,ABNLINVESTMENTLIMITED,ABNL INVESTMENT LIMITED,1,100000000,300,4180496
U67120MH2007PTC170650,ENAM HOLDINGS PRIVATE LIMITED,ENAM HOLDINGS PRIVATE LIMITED,ENAM HOLDINGS PRIVATE LIMITED,1,100000000,300,4180496
U65999MH2017PLC291071,PIRAMAL CAPITAL & HOUSING FINANCE LIMITED,PIRAMAL CAPITAL AND HOUSING FINANCE LTD,PIRAMAL CAPITAL & HOUSING FINANCE LIMITED,1,100000000,300,4180496
U52609TG2016PTC109598,SHRI SHAMLAJI SALES PRIVATE LIMITED,SHRI SHAMLAJI SALES PRIVATE LIMITED,SHRI SHAMLAJI SALES PRIVATE LIMITED,1,100000000,847,6458726
U24239TG2006PLC052053,APL HEALTHCARE LIMITED,APL HEALTHCARE LIMITED,APL HEALTHCARE LIMITED,1,100000000,847,6458726
U26941GJ1981PTC004569,J K CEMENT PVT LTD,J K CEMENT LTD.;J K CEMENT LIMITED,J K CEMENT PVT LTD,2,100000000,125,5918359;7626436
U45202GJ2001PTC039311,ENVIRO CONTROL PRIVATE LIMITED,ENVIRO CONTROL PRIVATE LIMITED FORM,ENVIRO CONTROL PRIVATE LIMITED,1,100000000,1355,1023671
U45201TG1997PLC028680,GVPR ENGINEERS LIMITED,GVPR ENGINEERS LTD,GVPR ENGINEERS LIMITED,1,100000000,847,6458726
U74120DL2008PTC174321,INFOTEL TECHNOLOGIES PRIVATE LIMITED,INFOTELTECHNOLOGIESPRIVATELIMITE,INFOTEL TECHNOLOGIES PRIVATE LIMITED,1,100000000,691,3300196
U24230TG1996PLC023232,BHARAT BIOTECH INTERNATIONAL LIMITED,BHARAT BIOTECH INTERNATIONAL LIMITED,BHARAT BIOTECH INTERNATIONAL LIMITED,1,100000000,847,6458726
U45201KA2008PTC046784,PRESTIGE PROJECTS PRIVATE LIMITED,PRESTIGE PROJECTS PVT LTD,PRESTIGE PROJECTS PRIVATE LIMITED,1,100000000,813,6188222
U45201DL2006PTC147359,CHANDRAJYOTI ESTATE DEVELOPERS PRIVATE LIMITED,CHANDRAJYOTI ESTATE DEVELOPERS PVT.,CHANDRAJYOTI ESTATE DEVELOPERS PRIVATE LIMITED,1,100000000,691,7516991
U74999KA2016PTC096670,BIOXGREEN TECHNOLOGY PRIVATE LIMITED,BIOXGREEN TECHNOLOGY PRIVATE LIMITE,BIOXGREEN TECHNOLOGY PRIVATE LIMITED,1,100000000,800,7273126
U40109DL2000PTC231172,SNEHA KINETIC POWER PROJECTS PRIVATE LIMITED,SNEHA KINETIC POWER PROJECTS PVT LTD,SNEHA KINETIC POWER PROJECTS PRIVATE LIMITED,1,100000000,847,6458726
U24239MH1961PTC012098,USV PRIVATE LIMITED,USV PRIVATE LTD ( FORMERLY USV LTD),USV PRIVATE LIMITED,1,100000000,300,7905165
U24239TG2003PTC041583,MSN LABORATORIES PRIVATE LIMITED,MSN LABORATORIES PVT LTD,MSN LABORATORIES PRIVATE LIMITED,1,100000000,847,6458726
U74120MH2015PTC265318,SRICHAITANYA STUDENTS FACILITY MANAGEMENT PRIVATE LIMITED,SRICHAITANYA STUDENTS FACILITY MANAGEMENT PVT LTD,SRICHAITANYA STUDENTS FACILITY MANAGEMENT PRIVATE LIMITED,1,100000000,847,3898296
U99999MH1989PTC053566,BRIGHT STAR INVESTMENTS PRIVATE LIMITED,BRIGHT STAR INVESTMENTS PVT.LTD,BRIGHT STAR INVESTMENTS PRIVATE LIMITED,1,100000000,300,4180496
AAF-6576,PPR M SAND LLP,PPR M SAND LLP,PPR M SAND LLP,1,100000000,847,3898296
L26940MH1999PLC118229,NUVOCO VISTAS CORPORATION LIMITED,NUVOCO VISTAS CORP. LTD;NUVOCO VISTAS CORPORATION LTD,NUVOCO VISTAS CORPORATION LIMITED,2,100000000,300,7905165;1022034
L74100MH1991PLC063332,PIRAMAL ENTERPRISES LTD,PIRAMAL ENTERPRISES LTD,PIRAMAL ENTERPRISES LTD,1,100000000,300,4180496
L74110DL1992PLC116773,BEST AGROLIFE LIMITED,BEST AGROLIFE LIMITED,BEST AGROLIFE LIMITED,1,100000000,691,5972302
L74210DL1995PLC238364,KNR CONSTRUCTIONS LIMITED,KNR CONSTRUCTIONS LTD,KNR CONSTRUCTIONS LIMITED,1,100000000,847,7445512
L74899DL1989PLC034923,DCM SHRIRAM LIMITED,DCM SHRIRAM LTD;DCM SHRIRAM LIMITED,DCM SHRIRAM LIMITED,2,100000000,691,8212066;5972302
L35911PN1945PLC004656,BAJAJ HOLDINGS & INVESTMENT LIMITED.,BAJAJ HOLDINGS & INVESTMENT LIMITED,BAJAJ HOLDINGS & INVESTMENT LIMITED.,1,100000000,300,4180496
L17229UP1994PLC017199,J. K. CEMENT LIMITED.,J.K.CEMENT LTD.,J. K. CEMENT LIMITED.,1,100000000,691,3428540
AAM-6353,D S ENGINEERING WORKS LLP,D S ENGINEERING WORKSHOP LLP;D S ENGINEERING WORKS LLP,D S ENGINEERING WORKS LLP,2,100000000,300;847,4180496;7445512
L24219GJ1985PLC025132,UPL LIMITED,UPL LIMITED,UPL LIMITED,1,100000000,300,6830668
L35921TN1992PLC022845,TVS MOTOR COMPANY LIMITED,TVS MOTOR COMPANY LIMITED,TVS MOTOR COMPANY LIMITED,1,100000000,800,7910576
L72200TG1991PLC013134,CYIENT LIMITED,CYIENT LIMITED,CYIENT LIMITED,1,100000000,847,6458726
L24299MH1977PLC019982,GLENMARK PHARMACEUTICALS LIMITED,GLENMARK PHARMACEUTICALS LTD,GLENMARK PHARMACEUTICALS LIMITED,1,97500000,300,7905165
U45206GJ2006PLC049570,RANJIT BUILDCON LIMITED,RANJIT BUILDCON LIMITED,RANJIT BUILDCON LIMITED,1,90000000,1355,1023671
U45300MH1973PTC016515,MICHIGAN ENGINEERS PVT LTD,MICHIGAN ENGINEERS PVT LTD,MICHIGAN ENGINEERS PVT LTD,1,90000000,300,7905165
L17119GJ1931PLC000093,ARVIND LIMITED,ARVIND LIMITED,ARVIND LIMITED,1,90000000,1355,8413274;1023671
U74910MH2007PTC168935,INDUSTRIAL TECHNO MAN POWER SUPPLY & SERVICES PRIVATE LIMITED,INDUSTRIAL TECHNO MAN POWER SUPPLY AND SERVICES PVT LTD,INDUSTRIAL TECHNO MAN POWER SUPPLY & SERVICES PRIVATE LIMITED,1,90000000,300,4180496
U18101KL1991PLC006048,KITEX CHILDRENSWEAR LIMITED,KITEX CHILDRENSWEAR LTD,KITEX CHILDRENSWEAR LIMITED,1,90000000,941,7270860;6554695
U14299GA1971PTC000110,HARDESH ORES PRIVATE LIMITED,HARDESH ORES PVT LTD,HARDESH ORES PRIVATE LIMITED,1,90000000,509,7315678
U93000WB2011PTC166220,PROCURE ADVISORY SERVICES PRIVATE LIMITED,PROCURE ADVISORY SERVICES PRIVATE LTD;PROCURE ADVISORY SERVICES PRIVATE L,PROCURE ADVISORY SERVICES PRIVATE LIMITED,2,90000000,41,7409060
U74899UP1993PLC034039,VACMET INDIA LIMITED,VACMETINDIALIMITED,VACMET INDIA LIMITED,1,90000000,691,3428540
U45201MH2006PTC162833,OM METALS DEVELOPRS PRIVATE LIMITED,OM METALS DEVELOPERS (P) LTD.,OM METALS DEVELOPRS PRIVATE LIMITED,1,90000000,691,2039265;3300196
U45201KA1993PTC014334,YOGA BUILDERS PRIVATE LIMITED,YOGA BUILDERS PVT LTD,YOGA BUILDERS PRIVATE LIMITED,1,85000000,300,7905165;4180496
U13100KA2010PTC053902,SRI KUMARASWAMY MINERAL EXPORTS PRIVATE LIMITED,SRI KUMARASWAMY MINERAL EXPORTS PR,SRI KUMARASWAMY MINERAL EXPORTS PRIVATE LIMITED,1,83300000,813,6188222
U40102AP2015PTC096125,GREENKO ENERGY PROJECT SERVICES PRIVATE LIMITED,GREENKO ENERGY PROJECTS PRIVATE LTD,GREENKO ENERGY PROJECT SERVICES PRIVATE LIMITED,1,80000000,847,3394387
U45209CH2010PTC032152,UNIPRO TECHNO INFRASTRUCTURE PRIVATE LIMITED,UNIPRO TECHNO INFRASTRUCTURE PVT LTD,UNIPRO TECHNO INFRASTRUCTURE PRIVATE LIMITED,1,80000000,628,5809436
AAG-1340,SKP MERCHANTS LLP,SKP MERCHANTS LLP,SKP MERCHANTS LLP,1,80000000,1,6405134;5899230
U24219GJ1995PTC028519,SUN PETROCHEMICALS PRIVATE LIMITED,SUN OILNATURAL GAS DIV SUN PETRO P.,SUN PETROCHEMICALS PRIVATE LIMITED,1,80000000,300,7905165
U60231TZ1999PTC008876,THRIVENI EARTHMOVERS PRIVATE LIMITED,THRIVENI EARTHMOVERS PVT LTD;THRIVENI EARTH MOVERS PVT LTD,THRIVENI EARTHMOVERS PRIVATE LIMITED,2,80000000,300;800,7273126;1022034
U45309TG2016PTC113719,AQ SQUARE REALTORS PRIVATE LIMITED,AQ SQUARE REALTORS PRIVATE LIMITED,AQ SQUARE REALTORS PRIVATE LIMITED,1,80000000,847,7443242
U74999HR1942PTC000447,THE PUNJAB BUSINESS & SUPPLY COMPANY PRIVATE LIMITED,THE PUNJAB BUSINESS SUPPLY COMPANY,THE PUNJAB BUSINESS & SUPPLY COMPANY PRIVATE LIMITED,1,78000000,1,5898161
U55101MH2007PTC167149,DERIVE TRADING AND RESORTS PRIVATE LIMITED,DERIVE TRADING AND RESORTS PRIVATE LIMIT;DERIVE TRADING AND RESORTS PRIVATE LIMITED,DERIVE TRADING AND RESORTS PRIVATE LIMITED,2,75000000,300,4180496
U27209DL2007PTC159768,AJAY METALLOYS PRIVATE LIMITED,AJAY METALLOYS PVT LTD,AJAY METALLOYS PRIVATE LIMITED,1,75000000,691,3428540;5972302
U24240TG2015PTC099918,DASAMI LAB PRIVATE LIMITED,DASAMI LAB PRIVATE LIMITED (FORMERLY HEL IUS LAB PVT LTD);DASAMI LAB PRIVATE LTD,DASAMI LAB PRIVATE LIMITED,2,75000000,847,7450648;6458726
L26943RJ1979PLC001935,SHREE CEMENT LIMITED,SHREE CEMENT LTD;SHREE CEMENT LIMITED,SHREE CEMENT LIMITED,2,75000000,656;656;691,3428540;6987052;6971520;6088503
U51229WB2003PTC096227,CASTLE LIQUORS PRIVATE LIMITED,CASTLE LIQUORS PRIVATE LIMITED,CASTLE LIQUORS PRIVATE LIMITED,1,75000000,1,5898161;5054982
U45203MH2009PLC196776,WARORA-CHANDRAPUR-BALLARPUR TOLLROAD LIMITED,WARORA CHANDRAPUR BALLARPUR TOLLROA;WARORA CHANDRAPUR BALLARPUR TOLLRO,WARORA-CHANDRAPUR-BALLARPUR TOLLROAD LIMITED,2,70010000,300,1022034
U40102TG2015PLC098594,SOMASILA SOLAR POWER LIMITED,SOMASILA SOLAR POWER LIMITED,SOMASILA SOLAR POWER LIMITED,1,70000000,847,7445512;6458726
U40106GJ2016PLC092783,SKEIRON RENEWABLE ENERGY AMIDYALA LIMITED,SKEIRON RENEWABLE ENERGY AMIDYALA PRIVATE LIMITED;SKEIRON RENEWABLE ENERGY AMIDYALA P,SKEIRON RENEWABLE ENERGY AMIDYALA LIMITED,2,70000000,847,6458726;7445512
U67120WB1995PTC071335,ASISH FINANCE PRIVATE LIMITED,ASISH FINANCE PRIVATE LIMITED,ASISH FINANCE PRIVATE LIMITED,1,70000000,1,5898161
L99999PB1990PLC010307,TRIDENT LIMITED,TRIDENT LIMITED;TRIDENT LIMITED {FORMERLY ABHISHEK INDUS TRIES LIMITED},TRIDENT LIMITED,2,70000000,628,5809436
U15118WB1970PTC027754,TIVOLI PARK APARTMENTS PVT LTD,TIVOLI PARK APARTMENTS PVT LTD,TIVOLI PARK APARTMENTS PVT LTD,1,70000000,1,6405134
U45400MH2012PLC234318,CAPACIT'E INFRAPROJECTS LIMITED,CAPACITE INFRAPROJECTS LTD,CAPACIT'E INFRAPROJECTS LIMITED,1,70000000,300,7905165
U70102MH2001PTC133564,SCAFFOLD PROPERTIES PRIVATE LIMITED,SCAFFOLD PROPERTIES PVT LTD,SCAFFOLD PROPERTIES PRIVATE LIMITED,1,70000000,300,7905165
L16005WB1910PLC001985,ITC LIMITED,ITC LIMITED,ITC LIMITED,1,65575000,1,5899230
U45202WB2001PTC093327,CAMELIA GRIHA NIRMAN PRIVATE LIMITED,CAMELIA GRIHA NIRMAN PRIVATE LIMITED,CAMELIA GRIHA NIRMAN PRIVATE LIMITED,1,65000000,300,7905165
L34102PN1958PLC011172,FORCE MOTORS LIMITED,FORCE MOTORS LTD,FORCE MOTORS LIMITED,1,63500000,300,4180496;1022034
U64990TG2010PTC071973,MADHYA PRADESH WASTE MANAGEMENT PRIVATE LIMITED,MADHYA PRADESH WASTE MANAGEMENT PRI;MADHYA PRADESH WASTE MANAGEMENT PR,MADHYA PRADESH WASTE MANAGEMENT PRIVATE LIMITED,2,62500000,847,8424020;3394387
U51909MH2018PTC313332,GANDHAR COALS & MINES PRIVATE LIMITED,GANDHAR COALS AND MINES PVT LTD,GANDHAR COALS & MINES PRIVATE LIMITED,1,60000000,300,7905165;1022034
U52590WB2011PTC159385,ROSHNI DEALMARK PRIVATE LIMITED,ROSHNI DEALMARK PRIVATE LIMITED;ROSHNI DEALMARK PRIVATE LTD,ROSHNI DEALMARK PRIVATE LIMITED,2,60000000,41,7409060
L99999MH1949PLC007039,PATEL ENGINEERING LIMITED,PATEL ENGINEERING LTD.,PATEL ENGINEERING LIMITED,1,60000000,300,7905165;1022034
U40108PN2004PTC019322,MAHALAXMI VIDYUT PRIVATE LIMITED,MAHALAXMI VIDYUT PVT.LTD.,MAHALAXMI VIDYUT PRIVATE LIMITED,1,60000000,300,6830668
U74900PN2008PTC132926,GK ENERGY MARKETERS PRIVATE LIMITED,GK ENERGY MARKETERS PRIVATE LIMITED,GK ENERGY MARKETERS PRIVATE LIMITED,1,60000000,300,1022034
U70101MH1977PTC019903,IDEAL ROAD BUILDERS PRIVATE LIMITED,IDEAL ROAD BUILDERS PVT.LTD.,IDEAL ROAD BUILDERS PRIVATE LIMITED,1,60000000,300,1022034
U51909WB1992PTC055344,BENGAL VIPANAPAN PVT LTD,BENGAL VIPANAPAN PRIVATE LIMITED,BENGAL VIPANAPAN PVT LTD,1,60000000,1,5054982
U55101MH2015PTC265318,SRICHAITANYA STUDENTS FACILITY MANAGEMENT PRIVATE LIMITED,SRI CHAITANYA STUDENTS FACILITY MANAGEME,SRICHAITANYA STUDENTS FACILITY MANAGEMENT PRIVATE LIMITED,1,60000000,847,6458726
L25100MH1958PLC011041,CEAT LIMITED,CEAT LTD,CEAT LIMITED,1,60000000,300,4180496
U45201MP2004PTC016380,VIJAY KUMAR MISHRA CONSTRUCTION PRIVATE LIMITED,VIJAYKUMARMISHRACONSTRUCTIONPVT,VIJAY KUMAR MISHRA CONSTRUCTION PRIVATE LIMITED,1,60000000,1308,8492239
U74999TG2018PTC126843,EVEY TRANS PRIVATE LIMITED,EVEY TRANS PVT LTD,EVEY TRANS PRIVATE LIMITED,1,60000000,847,3898296
U60231RJ2006PTC022841,TANUSHREE LOGISTICS PRIVATE LIMITED,TANUSHREE LOGISTICS PRIVATE LIMITED,TANUSHREE LOGISTICS PRIVATE LIMITED,1,56000000,656,6957021;6971520
L85110KA1954PLC000759,THE SANDUR MANGANESE AND IRON ORES LIMITED,THE SANDUR MANGANESE &AMP;AMP; IRON ORES LI,THE SANDUR MANGANESE AND IRON ORES LIMITED,1,56000000,813,6188222
U74900TG2013FTC085435,CYGNUS POWER INFRA SERVICES PRIVATE LIMITED,CYGNUS POWER INFRA SERVICES PRIVATE,CYGNUS POWER INFRA SERVICES PRIVATE LIMITED,1,55000000,847,6458726
U45400WB2007PTC116326,RITESH PROJECTS PRIVATE LIMITED,RITESH PROJECTS PVT LTD,RITESH PROJECTS PRIVATE LIMITED,1,53500000,1,5054982;6405134
AAF-9693,CAPSTAN TRADING LLP,CAPSTAN TRADING LLP,CAPSTAN TRADING LLP,1,52500000,300,7905165
AAF-9705,PALM SHELTER ESTATE DEVELOPMENT LLP,PALM SHELTER ESTATE DEVELOPMENT LL;PALM SHELTER ESTATE DEVELOPMENT LLP,PALM SHELTER ESTATE DEVELOPMENT LLP,2,52500000,300,7905165
AAC-2905,STOCK PATH ADVISORS LLP,STOCKPATHADVISORSLLP,STOCK PATH ADVISORS LLP,1,52000000,1,5898161
U45200MH1995PTC094208,KEYSTONE REALTORS PRIVATE LIMITED,KEYSTONE REALTORS PVT LTD,KEYSTONE REALTORS PRIVATE LIMITED,1,50000000,300,4180496
L27100MH1973PLC016617,SARDA ENERGY & MINERALS LIMITED,SARDA ENERGY AND MINERALS LTD,SARDA ENERGY & MINERALS LIMITED,1,50000000,461,7613660
U51432MH2000PTC130107,BLUEBERRY TRADING COMPANY PRIVATE LIMITED,BLUEBERRY TRADING COMPANY PRIVATE L,BLUEBERRY TRADING COMPANY PRIVATE LIMITED,1,50000000,300,4180496
U45200MH2001PLC171661,VIVA HIGHWAYS LIMITED,VIVA HIGHWAYS LTD,VIVA HIGHWAYS LIMITED,1,50000000,300,7905165
U45209KL2007PTC020743,AISHWARYA BUSINESS CORPORATION PRIVATE LIMITED,"AISHWARYA BUSINESS CORPORATION PVT, LTD",AISHWARYA BUSINESS CORPORATION PRIVATE LIMITED,1,50000000,300,4180496
U51900MH2006PTC159467,K. AMISHKUMAR TRADING PRIVATE LIMITED,K AMISH KUMAR TRADING PVT LTD,K. AMISHKUMAR TRADING PRIVATE LIMITED,1,50000000,300,7905165
AAF-4892,KCR ENTERPRISE LLP,KCR ENTERPRISE LLP,KCR ENTERPRISE LLP,1,50000000,847,7445512
U74120MH2012PTC237346,RSBL SPOT TRADING PRIVATE LIMITED,AUGMONT ENTERPRISES PRIVATE LIMITED,RSBL SPOT TRADING PRIVATE LIMITED,1,50000000,300,7905165
ACA-4770,VASAVI AVENUES LLP,VASAVI AVENUES LLP,VASAVI AVENUES LLP,1,50000000,847,6458726
L26941UP1983PLC027278,RADICO KHAITAN LIMITED,RADICO KHAITAN LIMITED,RADICO KHAITAN LIMITED,1,50000000,691,3300196
U51909DL2010PTC258607,INFOTEL ACCESS ENTERPRISES PRIVATE LIMITED,INFOTELACCESSENTERPRISESPL00108,INFOTEL ACCESS ENTERPRISES PRIVATE LIMITED,1,50000000,691,3300196
U74110HR2017PTC084806 ,MN MEDIA VENTURES PRIVATE LIMITED,MNMEDIAVENTURESPVTL108,MN MEDIA VENTURES PRIVATE LIMITED,1,50000000,691,5972302
U45203DL2014PLC265735,ASHOKA GVR MUDHOL NIPANI ROADS LIMITED,ASHOKA MUDHOL NIPANI ROADS LIMITED,ASHOKA GVR MUDHOL NIPANI ROADS LIMITED,1,50000000,300,7905165
U73100TG2007PLC052813,AXIS CLINICALS LIMITED,AXIS CLINICALS LIMITED,AXIS CLINICALS LIMITED,1,50000000,847,3898296
L62100DL2004PLC129768,INTERGLOBE AVIATION LIMITED,INTERGLOBE AVIATION LIMITED,INTERGLOBE AVIATION LIMITED,1,50000000,691,8212066
AAS-4401,YUVAN TRADING & CONSULTANCY LLP,YUVAN TRADING CONSULTANCY LLP,YUVAN TRADING & CONSULTANCY LLP,1,50000000,300,1022034
U74140DL2015PTC280110,ORANGE ANANTAPUR WIND POWER PRIVATE LIMITED,GREENKO ANANTAPUR WIND POWER PRIVATE LIMITED,ORANGE ANANTAPUR WIND POWER PRIVATE LIMITED,1,50000000,847,7445512;6458726
U74899DL1995PTC064057,ORIENTAL SOUTH DELHI HOTELS PRIVATE LIMITED,ORIENTAL SOUTH DELHI HOTELS PVT LTD,ORIENTAL SOUTH DELHI HOTELS PRIVATE LIMITED,1,50000000,691,2039265
U40401KA2006PTC038820,SHANKARANARAYANA CONSTRUCTIONS PRIVATE LIMITED,SHANKARANARAYANA CONSTRUCTIONS PVT,SHANKARANARAYANA CONSTRUCTIONS PRIVATE LIMITED,1,50000000,813,5144485
AAF-9701,CASA MARIA PROPERTIES LLP,CASA MARIA PROPERTIES LLP,CASA MARIA PROPERTIES LLP,1,50000000,300,7905165
L07010KA1997PLC022322,PRESTIGE ESTATES PROJECTS LIMITED,PRESTIGE ESTATES PROJECTS LTD PREST,PRESTIGE ESTATES PROJECTS LIMITED,1,50000000,813,6188222
U40108UP2009PLC038148,LALITPUR POWER GENERATION COMPANY LIMITED,LALITPUR POWER GENERATION COMPANY LIMITED,LALITPUR POWER GENERATION COMPANY LIMITED,1,50000000,691,3428540
U45400TN2011PTC079207,EVERSHINE INTERIORS (CHENNAI) PRIVATE LIMITED,EVERSHINE INTERIORS CHENNAI PVT LTD,EVERSHINE INTERIORS (CHENNAI) PRIVATE LIMITED,1,50000000,800,7273126
L45200GJ1986PLC008717,JMC PROJECTS (INDIA) LIMITED,JMC PROJECTS INDIA LTD,JMC PROJECTS (INDIA) LIMITED,1,50000000,300,4180496
L45201GJ1995PLC098652,G R INFRAPROJECTS LIMITED,G R INFRAPROJECTS L,G R INFRAPROJECTS LIMITED,1,50000000,691,7516991
U40109DL1985PTC114839,NSL RENEWABLE POWER PRIVATE LIMITED,NSL RENEWABLE POWER PRIVATE LIMITED,NSL RENEWABLE POWER PRIVATE LIMITED,1,50000000,847,7445512
U40109MH2008PTC187793,FAMY ENERGY PRIVATE LIMITED,FAMY ENERGY PRIVATE LIMITED,FAMY ENERGY PRIVATE LIMITED,1,50000000,300,4180496
ACB-3663,BAIN GLOBAL RESOURCES LLP,BAIN GLOBAL RESOURCES LLP,BAIN GLOBAL RESOURCES LLP,1,50000000,847,6458726
U45209TG2010PTC066556,N A R INFRA PRIVATE LIMITED,N A R INFRA PRIVATE LIMITED,N A R INFRA PRIVATE LIMITED,1,50000000,847,7445512
U40109TG2020PTC139888,GREENKO MP01 IREP PRIVATE LIMITED,GREENKO MP01 IREP PRIVATE LIMITED,GREENKO MP01 IREP PRIVATE LIMITED,1,50000000,847,7445512
U40101MP2008PLC022066,MB POWER (MADHYA PRADESH) LIMITED,MB POWER (MADHYA PRADESH) LTD,MB POWER (MADHYA PRADESH) LIMITED,1,50000000,691,8212066
U37200WB2010PTC154999,PURULIA BOTTLING PRIVATE LIMITED,PURULIA BOTTLING PVT LTD,PURULIA BOTTLING PRIVATE LIMITED,1,50000000,1,5898161;6405134
U37109GJ1995PTC026235,AKSHAT GRANITES PVT LTD,AKSHAT GREENTECH PRIVATE LIMITED,AKSHAT GRANITES PVT LTD,1,50000000,847,6458726
U33309KA2018PTC109329,RCC NUTRA FILL PRIVATE LIMITED,RCC NUTRA FILL PRIVATE LIMITED,RCC NUTRA FILL PRIVATE LIMITED,1,50000000,813,6230164
U40108TG2010PTC071897,GREENKO RAYALA WIND POWER PRIVATE LIMITED,GREENKO RAYALA WIND POWER PRIVATE LIMITE D;GREENKO RAYALA WIND POWER PVT LTD,GREENKO RAYALA WIND POWER PRIVATE LIMITED,2,50000000,847,6458726;3898296
U45209TG2011PTC074883,GAJA ENGINEERING PRIVATE LIMITED,GAJA ENGINEERING PVT LTD,GAJA ENGINEERING PRIVATE LIMITED,1,50000000,847,7445512
U72100MH2006PTC160261,GENEXT HARDWARE & PARKS PRIVATE LIMITED,GENEXT HARDWARE PARKS PVT. LTD,GENEXT HARDWARE & PARKS PRIVATE LIMITED,1,50000000,300,6830668
U72900TG2002PTC039627,ILABS HYDERABAD TECHNOLOGY CENTRE PRIVATE LIMITED,ILABS HYD TECHNOLOGY CENTRE PVT LTD,ILABS HYDERABAD TECHNOLOGY CENTRE PRIVATE LIMITED,1,50000000,847,7445512
U67120KA1992PTC032470,SHANKAR RESOURCES PRIVATE LIMITED,SHANKARRESOURCESPVTLTD,SHANKAR RESOURCES PRIVATE LIMITED,1,50000000,300,4180496
U67120WB1995PTC074707,MANU VYAPAAR PRIVATE LIMITED,MANU VYAPAR (P) LTD.,MANU VYAPAAR PRIVATE LIMITED,1,50000000,1,5898161;5054982
AAQ-4352,RAJAPUSHPA ASSET MANAGEMENT LLP,RAJAPUSHPA ASSET MANAGEMENT LLP,RAJAPUSHPA ASSET MANAGEMENT LLP,1,50000000,847,3898296
U65910UP1994PLC017080,RENUKESHWAR INVESTMENTS AND FINANCE LIMITED,RENUKESHWAR INVESTMENTS PVT LTD,RENUKESHWAR INVESTMENTS AND FINANCE LIMITED,1,50000000,300,4180496
U24232TG2007PLC052901,TRIDENT CHEMPHAR LIMITED,TRIDENTCHEMPHARLIMITED,TRIDENT CHEMPHAR LIMITED,1,50000000,847,7450648
U23101MH2010PTC207754,SWAMI FUELS PRIVATE LIMITED,SWAMI FUELS PRIVATE LIMITED,SWAMI FUELS PRIVATE LIMITED,1,50000000,461,6756670
U55101KA1994PTC016245,VILLAGE DE NANDI PRIVATE LIMITED,VILLAGE DE NANDI PVT LTD RERA DESIG,VILLAGE DE NANDI PRIVATE LIMITED,1,50000000,813,6188222
AAI-8414,HEENA STEEL LLP,HEENA STEEL LLP,HEENA STEEL LLP,1,50000000,300,7905165
U24235KA2005PTC035491,BIOVET PRIVATE LIMITED,BIOVET PVT LTD,BIOVET PRIVATE LIMITED,1,50000000,813,6230164
AAH-6498,BRICKS INFRATECH LLP,BRICKS INFRATECH LLP,BRICKS INFRATECH LLP,1,50000000,847,3898296
U51909WB2007PTC117570,VEDIKA VANIJYA PRIVATE LIMITED,VEDIKA VANIJYA PVT LTD-SELF A/C,VEDIKA VANIJYA PRIVATE LIMITED,1,50000000,1,5898161
U24290TG2016PLC111946,HETERO BIOPHARMA LIMITED,HETERO BIOPHARMA LIMITED,HETERO BIOPHARMA LIMITED,1,50000000,847,6458726
U24230MH1997PTC111122,CHIRON BEHRING VACCINES PRIVATE LIMITED,CHIRON BEHRING VACCINES PVT LTD,CHIRON BEHRING VACCINES PRIVATE LIMITED,1,50000000,847,6458726
U15500TN2011PTC079223,FERTILELAND FOODS PRIVATE LIMITED,FERTILELAND FOODS PRIVATE LIMITED,FERTILELAND FOODS PRIVATE LIMITED,1,50000000,800,7273126
U64200DL2011PTC213734,ARIZONA GLOBALSERVICES PRIVATE LIMITED,ARIZONAGLOBALSERVICESPVTLTDBR,ARIZONA GLOBALSERVICES PRIVATE LIMITED,1,50000000,691,5972302
U63090ML2005PLC008011,STAR CEMENT MEGHALAYA LIMITED,STAR CEMENT MEGHALAYA LIMITED,STAR CEMENT MEGHALAYA LIMITED,1,50000000,1,5899230
U64202CH2007PTC030966,FASTWAY TRANSMISSIONS PRIVATE LIMITED,FASTWAY TRANSMISSIONS PVT LTD,FASTWAY TRANSMISSIONS PRIVATE LIMITED,1,50000000,628,7631030
U74999TG2016PLC110644,ACHINTYA SOLAR POWER LIMITED,ACHINTYA SOLAR POWER PRIVATE LIMITED;ACHINTYA SOLAR POWER PVT LTD,ACHINTYA SOLAR POWER LIMITED,2,50000000,847,6422705;3898296
U01120TG1953PLC001095,BIOLOGICAL E. LIMITED,BIOLOGICAL E LIMITED,BIOLOGICAL E. LIMITED,1,50000000,847,6458726
U63030TN2010PTC077406,FUTURISTIC HANDLING SERVICES PRIVATE LIMITED,FUTURISTIC HANDLING SERVICES PVT LTD,FUTURISTIC HANDLING SERVICES PRIVATE LIMITED,1,50000000,800,7910576
U67120WB1994PLC067002,SALASAR STOCK BROKING LIMITED,SALASAR STOCK BROKING LTD-PROPRIETARY,SALASAR STOCK BROKING LIMITED,1,50000000,1,6405134
U17100PB2005PLC028371,ASIAN TRADING CORPORATION LIMITED,ASIAN TRADING CORPORATION LIMITED,ASIAN TRADING CORPORATION LIMITED,1,50000000,628,5809436
U65910UP1994PLC017081,RENUKA INVESTMENTS AND FINANCE LIMITED,RENUKA INVESTMENTS AND FINANCE LTD,RENUKA INVESTMENTS AND FINANCE LIMITED,1,50000000,300,4180496
U10200WB1986PTC041629,THAKUR PRASAD SAO & SONS PVT LTD,THAKUR PRASAD SAO & SONS PVT LT,THAKUR PRASAD SAO & SONS PVT LTD,1,50000000,1,5899230
U51228WB1980PTC032966,VARAS INTERNATIONAL PVT LTD,VARAS INTERNATIONAL PVT LTD;M S VARAS INTERNATIONAL PVT LTD;VARAS INTERNATIONAL PRIVATE LIMITED,VARAS INTERNATIONAL PVT LTD,3,49500000,1,6405134;5899230;5898161;5054982;6405134;6405134
U67120WB1995PTC067709,LAUREL SECURITIES PVT. LTD.,LAURELSECURITIESPVTLTD,LAUREL SECURITIES PVT. LTD.,1,45000000,1,5898161;6405134
U45400DL2015PLC285970,ASHOKA HUNGUND TALIKOT ROAD LIMITED,ASHOKA HUNGUND TALIKOT ROAD LTD,ASHOKA HUNGUND TALIKOT ROAD LIMITED,1,45000000,300,1022034
U73200TG2004PLC042560,ASIAN AGRI GENETICS LIMITED,ASIAN AGRI GENETICS LIMITED,ASIAN AGRI GENETICS LIMITED,1,45000000,847,7445512
AAF-9676,CAPE TRADING LLP,CAPE TRADING LLP,CAPE TRADING LLP,1,45000000,300,7905165
U70102WB2009PTC132477,ARROW PROJECTS PRIVATE LIMITED,ARROW PROJECTS PVT LTD,ARROW PROJECTS PRIVATE LIMITED,1,45000000,1,5898161;5054982
AAF-9712,ANBEE CONSTRUCTIONS LLP,ANBEE CONSTRUCTIONS LLP,ANBEE CONSTRUCTIONS LLP,1,45000000,300,7905165
U74999PB2006PLC030716,LOTUS TEXPARK LIMITED,LOTUS TEXPARK LIMITED FORMERLY LOTUS INT EGRATED TEXPARK LTD,LOTUS TEXPARK LIMITED,1,45000000,628,5809207
U26932WB1987PLC091221,U M CABLES LIMITED,UM CABLES LIMITED,U M CABLES LIMITED,1,45000000,1,5899230
AAF-9753,RAGHUKOOL ESTATE DEVELOPEMENT LLP,RAGHUKOOL ESTATE DEVELOPMENT LLP,RAGHUKOOL ESTATE DEVELOPEMENT LLP,1,45000000,300,7905165
U70102MH2014PTC256093,OMKAR REALTORS PROJECTS PRIVATE LIMITED,OMKAR REALTORS PROJECTS PVT LTD,OMKAR REALTORS PROJECTS PRIVATE LIMITED,1,45000000,300,4180496
U26921GA1991PTC001168,VMSALGAOCAR CORPORATION PRIVATE LIMITED,V M SALGAOCAR CORPORATION PVT LTD,VMSALGAOCAR CORPORATION PRIVATE LIMITED,1,41500000,509,7315678
AAC-1446,ARVIND INFRACON LLP,ARVINDINFRACONLLP,ARVIND INFRACON LLP,1,40000000,1355,1023671
U15512BR1995PTC006667,K.D.LIQUOR & FERTILIZER PRIVATE LIMITED,M/S. K.D. LIQUOR FERTILIZER PRIVATE L;K D LIQUOR AND FERTILIZER PVT LTD,K.D.LIQUOR & FERTILIZER PRIVATE LIMITED,2,40000000,1,5054982;6405134
U40108TG2010PTC066976,TANOT WIND POWER VENTURES PRIVATE LIMITED,TANOT WIND POWER VENTURES PVT LTD,TANOT WIND POWER VENTURES PRIVATE LIMITED,1,40000000,847,3898296
AAL-1436,VERTEX VEGA DEVELOPERS LLP,VERTEX VEGA DEVELOPERS LLP,VERTEX VEGA DEVELOPERS LLP,1,40000000,847,7445512
U04540WB1984PTC037667,OM CREDIT PVT LTD,OM CREDIT PVT LTD,OM CREDIT PVT LTD,1,40000000,1,6405134;5899230
L26942TN1946PLC000931,THE INDIA CEMENTS LIMITED,THE INDIA CEMENTS LTD,THE INDIA CEMENTS LIMITED,1,40000000,800,7273126
U45203DL2015PLC285944,ASHOKA BAGEWADI SAUNDATTI ROAD LIMITED,ASHOKA BAGEWADI SAUNDATTI ROAD LIMITED,ASHOKA BAGEWADI SAUNDATTI ROAD LIMITED,1,40000000,300,1022034
U70103MH2012PTC231662,TAQUITO LEASE OPERATORS PRIVATE LIMITED,TAQUITO LEASE OPERATORS PVT. LTD,TAQUITO LEASE OPERATORS PRIVATE LIMITED,1,40000000,300,4180496
L24230MH1979PLC022059,AJANTA PHARMA LIMITED,AJANTA PHARMA LTD,AJANTA PHARMA LIMITED,1,40000000,300,7905165
U27108GA2004PTC003685,JAI GANESH ISPAT AND FERRO ALLOYS PRIVATE LIMITED,JAI GANESH ISPAT AND FERRO ALLOYS PVT LTD,JAI GANESH ISPAT AND FERRO ALLOYS PRIVATE LIMITED,1,40000000,509,7315678
U70102MH2013PTC239568,OMKAR VENTURES PRIVATE LIMITED,OMKAR VENTURES PVT LTD,OMKAR VENTURES PRIVATE LIMITED,1,40000000,300,4180496
U27310MH2007PLC194166,ARDENT STEEL LIMITED,ARDENT STEEL LIMITED,ARDENT STEEL LIMITED,1,40000000,41,4455428
U65999GJ2016PTC094758,PRB SECURITIES (IFSC) PRIVATE LIMITED,PRB SECURITIES PVT LTD,PRB SECURITIES (IFSC) PRIVATE LIMITED,1,40000000,1,6405134
U13100MH1961PLC012160,MSPL LIMITED,MSPL LTD,MSPL LIMITED,1,40000000,813,6188222;5144485
U45202MH2011PLC218236,EAGLE INFRA INDIA LIMITED,EAGLE INFRA INDIA LTD,EAGLE INFRA INDIA LIMITED,1,40000000,300,7905165
U24999MH1963PLC012625,INOX AIR PRODUCTS LIMITED,INOX AIR PRODUCTS LTD,INOX AIR PRODUCTS LIMITED,1,40000000,300,4180496
U85500TS2023PTC173477,TSHARKS OVERSEAS EDUCATION CONSULTANCY PRIVATE LIMITED,TSHARKS OVERSEAS EDUCATION CONSULTA,TSHARKS OVERSEAS EDUCATION CONSULTANCY PRIVATE LIMITED,1,40000000,847,6458726
U63090GA2001PTC002988,INFRASTRUCTURE LOGISTICS PRIVATE LIMITED,INFRASTRUCTURE LOGISTICS PVT LTD,INFRASTRUCTURE LOGISTICS PRIVATE LIMITED,1,40000000,509,7315678
U34300DL2012PTC236305,HANSVAHINI AUTO INTERIOR PRIVATE LIMITED,HANSVAHINI AUTO INTERIOR PVT LTD,HANSVAHINI AUTO INTERIOR PRIVATE LIMITED,1,40000000,691,5972302
U74910TG2011PTC072572,KVR BASELINE RESOURCES PRIVATE LIMITED,KVR BASELINE RESOURCES PRIVATE LIMI,KVR BASELINE RESOURCES PRIVATE LIMITED,1,40000000,847,3394387
U51109WB1997PTC083370,KEJRIWAL MIINIING PRIVATE LIMITED,KEJRIWAL MIINIING PRIVATE LIMITED,KEJRIWAL MIINIING PRIVATE LIMITED,1,40000000,1,5899230
L24111UR1983PLC009097,INDIA GLYCOLS LIMITED,INDIA GLYCOLS LTD,INDIA GLYCOLS LIMITED,1,39900000,691,3428540;3300196
U70101WB1995PTC074168,SILVERTONE SECURITIES PRIVATE LIMITED,SILVERTONE SECURITIES PVT LTD;SILVERTONE SECURITIES PRIVATE LIMIT,SILVERTONE SECURITIES PRIVATE LIMITED,2,35000000,1,5898161;6405134
U45203GJ2009PTC056560,RANJIT TOLL ROAD PRIVATE LIMITED,RANJIT TOLL ROAD PRIVATE LIMITED,RANJIT TOLL ROAD PRIVATE LIMITED,1,35000000,1355,1023671
L17111UP1974PLC003979,JINDAL POLY FILMS LIMITED,JINDAL POLY FILMS LIMITED,JINDAL POLY FILMS LIMITED,1,35000000,691,2039265;3300196
U68200TS2023PTC171381,TSHARKS INFRA DEVELOPERS PRIVATE LIMITED,TSHARKS INFRA DEVELOPERS PRIVATE LI,TSHARKS INFRA DEVELOPERS PRIVATE LIMITED,1,35000000,847,6458726
U92131TN2005PLC057987,SOUTH ASIA FM LIMITED,SOUTH ASIA FM LIMITED,SOUTH ASIA FM LIMITED,1,35000000,800,7273126
U47510TG2008PTC058454,R S BROTHERS RETAIL INDIA PRIVATE LIMITED,R.S.BROTHERS RETIAL INDIA PVT LTD;R.S.BROTHERS RETAIL INDIA PRIVATE LIMITE D,R S BROTHERS RETAIL INDIA PRIVATE LIMITED,2,35000000,847,3898296;6417329
U65923WB1986PTC040438,CROCHET TRADE AND INVESTMENT PVT LTD,CROCHET TRADE AND INVESTMENT PVT LT;CROCHET TRADE AND INVESTMENT PVT L,CROCHET TRADE AND INVESTMENT PVT LTD,2,35000000,1,5898161;6405134
U92131TN2005PLC057755,KAL RADIO LIMITED,KAL RADIO LIMITED,KAL RADIO LIMITED,1,35000000,800,7273126
U45200HR2008PTC037964,ST. PATRICKS REALTY PRIVATE LIMITED,ST PATRICKS REALTY PVT LTD,ST. PATRICKS REALTY PRIVATE LIMITED,1,30000000,691,3300196
U74140WB2004PTC100919,S.P.P.L. PROPERTY MANAGEMENT PRIVATE LIMITED,SPPL PROPERTY MANAGEMENT PVT LTD,S.P.P.L. PROPERTY MANAGEMENT PRIVATE LIMITED,1,30000000,813,3122247
U45201MH1994PLC082257,MAGARPATTA TOWNSHIP DEVELOPMENT AND CONSTRUCTION COMPANY LIMITED,MAGARPATTA TOWNSHIP DEV AND CONST C,MAGARPATTA TOWNSHIP DEVELOPMENT AND CONSTRUCTION COMPANY LIMITED,1,30000000,300,6830668
L24110TG1991PLC012471,GRANULES INDIA LIMITED,GRANULES INDIA LIMITED,GRANULES INDIA LIMITED,1,30000000,847,6458726
AAB-1965,VAMSIRAM DEVELOPERS LLP,VAMSIRAM DEVELOPERS LLP,VAMSIRAM DEVELOPERS LLP,1,30000000,847,7445512
U92100TN2010PTC076775,SUN DISTRIBUTION SERVICES PRIVATE LIMITED,SUN DISTRIBUTION SERVICES PVT LTD,SUN DISTRIBUTION SERVICES PRIVATE LIMITED,1,30000000,800,7273126
L25111KL1972PLC002449,APOLLO TYRES LIMITED.,APOLLO TYRES LIMITED,APOLLO TYRES LIMITED.,1,30000000,691,3300196
U65990MH1986PTC041752,LOUISIANA INVESTMENT & FINANCE PRIVATE LIMITED,LOUISIANA INVESTMENT FINANCE PVT,LOUISIANA INVESTMENT & FINANCE PRIVATE LIMITED,1,30000000,300,7905165
U67120DL1995PTC068088,PRASAD AND CO. PRIVATE LIMITED,PRASAD AND COMPANY PRIVATE LIMITED,PRASAD AND CO. PRIVATE LIMITED,1,30000000,847,6458726
U15520WB1988PLC045554,CHHATTISGARH DISTILLERIES LIMITED,CHHATTISGARH DISTILLERIES LIMITED,CHHATTISGARH DISTILLERIES LIMITED,1,30000000,461,5037964;5578876
U14101RJ2004PTC019798,WONDER MINERALS PRIVATE LIMITED,WONDER MINERALS PVT LTD.,WONDER MINERALS PRIVATE LIMITED,1,30000000,656,7024452
U74140WB1985PTC039548,RIGHT AID CONSULTANTS PVT LTD,RIGHT AID CONSULTANTS PVT LTD,RIGHT AID CONSULTANTS PVT LTD,1,30000000,1,5898161;6405134
U27100MH1995PTC087327,KRISHNA SHEET PROCESSORS PRIVATE LIMITED,KRISHNA SHEET PROCESSORS PVT LTD,KRISHNA SHEET PROCESSORS PRIVATE LIMITED,1,30000000,1355,5137969
U72200TG1996PTC023096,SIGMA ADVANCED SYSTEMS PRIVATE LIMITED,SIGMA ADVANCED SYSTEMS PRIVATE LIMI,SIGMA ADVANCED SYSTEMS PRIVATE LIMITED,1,30000000,847,7445512
U74999DL2013PTC253408,RSLH AUTO SEAT TRIMS PRIVATE LIMITED,RSLH AUTO SEAT TRIMS PVT LTD,RSLH AUTO SEAT TRIMS PRIVATE LIMITED,1,30000000,691,5972302
U40102TN2015PTC102849,SHREYAS RENEWABLE ENERGY PRIVATE LIMITED,SHREYAS RENEWABLE ENERGY PRIVATE LTD;SHREYAS RENEWABLE ENERGY PVT LTD,SHREYAS RENEWABLE ENERGY PRIVATE LIMITED,2,30000000,847,3898296;7445512
U24132DL1996PTC079867,D R INTERNATIONAL PRIVATE LIMITED,D R INTERNATIONAL PRIVATE LIMITED,D R INTERNATIONAL PRIVATE LIMITED,1,30000000,691,7516991
L74999WB2017PLC219318,RPSG VENTURES LIMITED,RPSG VENTURES LIMITED,RPSG VENTURES LIMITED,1,30000000,1,5898161
AAD-6352,VAMSIRAM BUILDERS LLP,VAMSIRAM BUILDERS LLP,VAMSIRAM BUILDERS LLP,1,30000000,847,7445512
U51109WB2000PTC092105,NETINCON MARKETING PRIVATE LIMITED,NETINCON MARKETING PVT LTD,NETINCON MARKETING PRIVATE LIMITED,1,30000000,1,6405134
U51109WB2007PTC114716,SYNERGY DEALCOM PRIVATE LIMITED,SYNERGY DEALCOM PVT LTD-SELF A/C,SYNERGY DEALCOM PRIVATE LIMITED,1,30000000,1,5898161
U51990MH1973PTC016285,ALLANASONS PRIVATE LIMITED,ALLANASONS PRIVATE L,ALLANASONS PRIVATE LIMITED,1,30000000,300,6830668;4180496
U74899DL1991PTC043773,D R POLYMERS PRIVATE LIMITED,D R POLYMERS PVT LTD,D R POLYMERS PRIVATE LIMITED,1,30000000,691,7516991
U74899DL1995PLC074884,SMR AUTOMOTIVE SYSTEMS INDIA LIMITED,SMR AUTOMOTIVE SYSTEMS INDIA LTD,SMR AUTOMOTIVE SYSTEMS INDIA LIMITED,1,30000000,691,3300196
U24297MH2020PLC338592,PIRAMAL PHARMA LIMITED,PIRAMAL PHARMA LIMITED,PIRAMAL PHARMA LIMITED,1,30000000,300,7905165
U51909WB2005PTC101516,RAJDHANI DEALERS PRIVATE LIMITED,RAJDHANI DEALERS PRIVATE LIMITED,RAJDHANI DEALERS PRIVATE LIMITED,1,30000000,1,5054982
L72200PN1963PLC012621,ZENSAR TECHNOLOGIES LIMITED,ZENSAR TECHNOLOGIES LTD,ZENSAR TECHNOLOGIES LIMITED,1,30000000,300,4180496
U28999WB1991PLC051823,SHYAM STEEL MANUFACTURING LIMITED,SHYAM STEEL MANUFACTURING LTD. (FLY SOVA ISPAT LTD.),SHYAM STEEL MANUFACTURING LIMITED,1,30000000,1,6405134;5899230
U74900HR2015PTC057396,THRIVENI SAINIK MINING PRIVATE LIMITED,THRIVENI SAINIK MINING PRIVATE LIMI,THRIVENI SAINIK MINING PRIVATE LIMITED,1,30000000,167,6481663
AAE-6260,SOHINI DEVELOPERS LLP,SOHINI DEVELOPERS LLP,SOHINI DEVELOPERS LLP,1,30000000,847,7445512
U52100GJ2015PTC082996,ARVIND BEAUTY BRANDS RETAIL PRIVATE LIMITED,ARVINDBEAUTYBRANDSRETAILPVTLTD,ARVIND BEAUTY BRANDS RETAIL PRIVATE LIMITED,1,30000000,1355,1023671
U40102TN2015PTC102835,AASHMAN ENERGY PRIVATE LIMITED,AASHMAN ENERGY PVT LTD;AASHMAN ENERGY PRIVATE LIMITED,AASHMAN ENERGY PRIVATE LIMITED,2,30000000,847,3898296;7445512
U40106DL2015PTC283214,GREENKO URAVAKONDA WIND POWER PRIVATE LIMITED,GREENKO URAVAKONDA WIND POWER PRIVA,GREENKO URAVAKONDA WIND POWER PRIVATE LIMITED,1,30000000,847,7445512
U40108TN2015PTC102827,ZUVAN ENERGY PRIVATE LIMITED,ZUVAN ENERGY PRIVATE LIMITED;ZUVAN ENERGY PVT LTD,ZUVAN ENERGY PRIVATE LIMITED,2,30000000,847,3898296;7445512
U63010DL1989PLC034816,MARAL OVERSEAS LTD.,MARAL OVERSEAS LTD.,MARAL OVERSEAS LTD.,1,30000000,691,5972302
U40109TG2002PTC038683,GREENKO BUDHIL HYDRO POWER PRIVATE LIMITED,GREENKO BUDHIL HYDRO POWER PVT LTD,GREENKO BUDHIL HYDRO POWER PRIVATE LIMITED,1,30000000,847,3898296
U74999WB2005PTC104318,MVM SECURITIES PRIVATE LIMITED,MVM SECURITIES PVT LTD-SELF A/C,MVM SECURITIES PRIVATE LIMITED,1,30000000,1,5898161
U74999MH2015PTC263029,ARAVALI TECHNICAL SERVICES PRIVATE LIMITED,ARAVALI TECHNICAL SERVICES PVT LTD,ARAVALI TECHNICAL SERVICES PRIVATE LIMITED,1,30000000,300,7905165
L65910KL1997PLC011300,MUTHOOT FINANCE LIMITED,MUTHOOT FINANCE LTD,MUTHOOT FINANCE LIMITED,1,30000000,691,3300196
U40108TN2015PTC102831,ELENA RENEWABLE ENERGY PRIVATE LIMITED,ELENA RENEWABLE ENERGY PVT LTD;ELENA RENEWABLE ENERGY PRIVATE LIMITED,ELENA RENEWABLE ENERGY PRIVATE LIMITED,2,30000000,847,3898296;7445512
U40108TN2015PTC102833,DIVYESH POWER PRIVATE LIMITED,DIVYESH POWER PVT LTD;DIVYESH POWER PRIVATE LIMITED,DIVYESH POWER PRIVATE LIMITED,2,30000000,847,3898296;7445512
U40108TG2011PTC075928,AXIS WIND FARMS (MPR DAM ) PRIVATE LIMITED,AXIS WIND FARMS (MPR DAM) PRIVATE L,AXIS WIND FARMS (MPR DAM ) PRIVATE LIMITED,1,30000000,847,7445512
U18101DL2005PTC138730,SHAHI EXPORTS PRIVATE LIMITED,SHAHIEXP,SHAHI EXPORTS PRIVATE LIMITED,1,30000000,691,3300196
L35920MH1942PLC003554,THE SUPREME INDUSTRIES LIMITED,THE SUPREME INDUSTRIES LTD,THE SUPREME INDUSTRIES LIMITED,1,27500000,300,6830668;4180496
U27209RJ2008PTC027868,CASTAMET WORKS PRIVATE LIMITED,CASTAMET WORKS;CASTAMET WORKS PRIVATE LIMITED,CASTAMET WORKS PRIVATE LIMITED,2,26500000,656;1,5899230;6971520
U15520WB1971PTC028012,PRAKASH DISTILLERY & CHEMICAL CO PRIVATE LIMITED,PRAKASH DISTILLERY & CHEMICAL CO (P) LT D,PRAKASH DISTILLERY & CHEMICAL CO PRIVATE LIMITED,1,26080000,1,5898161;6405134;5054982;5899230
AAF-2018,BMW INFRASTRUCTURE LLP,BMW INFRASTRUCTURE LLP,BMW INFRASTRUCTURE LLP,1,26000000,1,6405134
AAO-5370,DESCENT BUILDWELL LLP,DESCENT BUILDWELL LLP,DESCENT BUILDWELL LLP,1,25000000,78,5523982;5523842
U55101OR2008PTC009726,K K RESOURCES PRIVATE LIMITED,K K RESOURCES PRIVATE LIMITED,K K RESOURCES PRIVATE LIMITED,1,25000000,41,5800420
U64203TG2006PTC049883,BIGC MOBILES PRIVATE LIMITED,BIGC MOBILES PVT LTD,BIGC MOBILES PRIVATE LIMITED,1,25000000,847,6417329
U65921WB1994PTC066791,AMAR SECURITIES PVT.LTD.,AMAR SECURITIES PVT LTD,AMAR SECURITIES PVT.LTD.,1,25000000,1,5898161
U45203GJ2001PTC040126,RANJIT PROJECTS PRIVATE LIMITED,RANJIT PROJECTS PRIVATE LIMITED,RANJIT PROJECTS PRIVATE LIMITED,1,25000000,1355,1023671
U45400AP2008PTC059974,R&R INFRATECH (INDIA) PRIVATE LIMITED,R R INFRATECH INDIA PRIVATE LIM,R&R INFRATECH (INDIA) PRIVATE LIMITED,1,25000000,952,8487561
U51909HR2021PTC094206,MTC ISPAT PRIVATE LIMITED,MTC ISPAT PVT LTD,MTC ISPAT PRIVATE LIMITED,1,25000000,691,5972302
U45400TG2008PTC057781,PRUDHVI CONSTRUCTIONS PRIVATE LIMITED,PRUDHVI CONSTRUCTIONS PRIVATE LIMIT,PRUDHVI CONSTRUCTIONS PRIVATE LIMITED,1,25000000,952,8487561
U51909TG2021PTC150183,DANIKA TRADERS PRIVATE LIMITED,DANIKA TRADERS PRIVATE LTD,DANIKA TRADERS PRIVATE LIMITED,1,25000000,847,7450648
U67120WB2011PTC168767,SILVERTOSS SECURITIES PRIVATE LIMITED,SILVERTOSS SECURITIES PVT LTD,SILVERTOSS SECURITIES PRIVATE LIMITED,1,25000000,1,6405134
U65993TG1993PTC015407,KALPTARU INVESTMENTS PRIVATE LIMITED,KALPTARU INVESTMENTS PVT.LTD. PROP,KALPTARU INVESTMENTS PRIVATE LIMITED,1,25000000,1,5898161
L26942TG1981PLC002887,SAGAR CEMENTS LTD,SAGAR CEMENTS LIMITED,SAGAR CEMENTS LTD,1,25000000,847,7445512
U10101WB2009PTC132132,JMS MINING SERVICES PRIVATE LIMITED,JMS MINING PRIVATE LIMITED,JMS MINING SERVICES PRIVATE LIMITED,1,25000000,1,6405134
L70109GJ1983PLC006460,RATNAMANI METALS AND TUBES LIMITED,RATNAMANI METALS AND TUBES LTD,RATNAMANI METALS AND TUBES LIMITED,1,25000000,1355,5137969
U55100MH2007PTC174884,MARDI GRAS HOTELS PRIVATE LIMITED,MARDI GRAS LIQUOR DIV OF MARDI GRAS,MARDI GRAS HOTELS PRIVATE LIMITED,1,23000000,300,7905165;1022034
U74899RJ1993PTC024161,SERVEALL LAND DEVELOPERS PRIVATE LIMITED,SERVEALL LAND DEVELOPERS PVT LTD,SERVEALL LAND DEVELOPERS PRIVATE LIMITED,1,22500000,656,7594437
U17119WB1913PLC002369,THE ANGUS COMPANY LIMITED,THE ANGUS COMPANY LIMITED,THE ANGUS COMPANY LIMITED,1,20000000,1,5898161
L15421WB1975PLC030118,BALRAMPUR CHINI MILLS LTD,BALRAMPUR CHINI MILLS LTD,BALRAMPUR CHINI MILLS LTD,1,20000000,1,6405134
L15520MP1989PLC049380,ASSOCIATED ALCOHOLS & BREWERIES LTD.,ASSOCIATED ALCOHOLS BREWERIES LIMI,ASSOCIATED ALCOHOLS & BREWERIES LTD.,1,20000000,1308,8492239
U40108TG2010PTC071664,ANIMALA WIND POWER PRIVATE LIMITED,ANIMALA WIND POWER PRIVATE LIMITED,ANIMALA WIND POWER PRIVATE LIMITED,1,20000000,847,7445512
U70100WB2007PLC120053,QUALITY MAINTENANCE VENTURE LIMITED,QUALITY MAINTENANCE VENTURE LTD,QUALITY MAINTENANCE VENTURE LIMITED,1,20000000,1,5899230
U24110TG2006PTC051858,MSN ORGANICS PRIVATE LIMITED,MSN ORGANICS PVT LTD,MSN ORGANICS PRIVATE LIMITED,1,20000000,847,6458726
U40108TN2015PTC102832,PRATYASH RENEWABLE PRIVATE LIMITED,PRATYASH RENEWABLE PRIVATE LIMITED,PRATYASH RENEWABLE PRIVATE LIMITED,1,20000000,847,3898296
U10100JH2019PTC013036,PUJA COAL PRIVATE LIMITED,PUJA COAL PRIVATE LIMITED,PUJA COAL PRIVATE LIMITED,1,20000000,167,6481663
U40109AP2008PTC061586,SUNBORNE ENERGY ANDHRA PRIVATE LIMITED,SUNBORNE ENERGY ANDHRA PVT LTD,SUNBORNE ENERGY ANDHRA PRIVATE LIMITED,1,20000000,847,3898296
U80903MH2010PTC211466,VARSITY EDUCATION MANAGEMENT PRIVATE LIMITED,VARSITY EDUCATION MANAGEMENT PVT LIMITED,VARSITY EDUCATION MANAGEMENT PRIVATE LIMITED,1,20000000,847,3898296
U63031GA1965PTC000041,CHOWGULE AND COMPANY PRIVATE LIMITED.,CHOWGLE AND COMPANY PVT LTD;CHOWGULE AND COMPANY PVT LTD,CHOWGULE AND COMPANY PRIVATE LIMITED.,2,20000000,509,7315678
U72900TG2021PTC156787,EFICENS SOFTWARE SERVICES PRIVATE LIMITED,EFICENS SOFTWARE SERVICES PVT LTD,EFICENS SOFTWARE SERVICES PRIVATE LIMITED,1,20000000,847,7445512
U23101AS1988PLC002915,GUWAHATI CARBON LIMITED,GUWAHATI CARBON LIMITED,GUWAHATI CARBON LIMITED,1,20000000,1,5899230
U40108GJ2017PLC096148,SAROJA RENEWABLES LIMITED,SAROJA RENEWABLES PRIVATE LIMITED,SAROJA RENEWABLES LIMITED,1,20000000,847,3898296
U70101WB1981PTC034275,SWETA ESTATES PVT LTD,SWETA ESTATES PVT LTD,SWETA ESTATES PVT LTD,1,20000000,691,3300196
U17115KA2004PTC034457,SNS CLOTHING PRIVATE LIMITED,SNS CLOTHING PVT LTD,SNS CLOTHING PRIVATE LIMITED,1,20000000,813,5144485
U62200DL2008PTC184155,BIRD WORLDWIDE FLIGHT SERVICES (INDIA) PRIVATE LIMITED,BIRD WORLDWIDE FLIGHT SERVICES INDI,BIRD WORLDWIDE FLIGHT SERVICES (INDIA) PRIVATE LIMITED,1,20000000,691,5972302
U51909WB1917PTC002830,GREAT EASTERN STORES PVT LTD,GREAT EASTERN STORES PVT LTD,GREAT EASTERN STORES PVT LTD,1,20000000,1,6405134
U40104KA2014PTC076968,DEVARAHIPPARIGI WIND POWER PRIVATE LIMITED,DEVARAHIPPARIGI WIND POWER PVT LTD,DEVARAHIPPARIGI WIND POWER PRIVATE LIMITED,1,20000000,847,6458726
U40102TN2015FTC098910,SEI ENERSTAR RENEWABLE ENERGY PRIVATE LIMITED,SEI ENERSTAR RENEWABLE ENRGY PVT LTD,SEI ENERSTAR RENEWABLE ENERGY PRIVATE LIMITED,1,20000000,847,3898296
AAZ-1945,BLUESTONE COMMODITIES LLP,BLUESTONE COMMODITIES LLP,BLUESTONE COMMODITIES LLP,1,20000000,691,8212066
U70100MH2017PTC303291,BIRLA ESTATES PRIVATE LIMITED,BIRLAESTATESPRIVATELIMITED,BIRLA ESTATES PRIVATE LIMITED,1,20000000,300,7905165
U40100TG2013PTC160929,SANDLA WIND PROJECT PRIVATE LIMITED,SANOLA WIND PROJECT PVT LTD,SANDLA WIND PROJECT PRIVATE LIMITED,1,20000000,847,3898296
U40100TG2007PTC056794,GREENKO SUMEZ HYDRO ENERGIES PRIVATE LIMITED,GREENKO SUMEZ HYDRO ENERGIES PVT LTD,GREENKO SUMEZ HYDRO ENERGIES PRIVATE LIMITED,1,20000000,847,3898296
U74999TG2016PLC110573,VISHVARUPA SOLAR POWER LIMITED,VISHVARUPA SOLAR POWER PRIVATE LIMITED,VISHVARUPA SOLAR POWER LIMITED,1,20000000,847,6422705
U70109KA2022PTC161516,KIRITI VENTURES PRIVATE LIMITED,KIRITI VENTURES PRIVATE LIMITED,KIRITI VENTURES PRIVATE LIMITED,1,20000000,813,6188222
AAZ-6473,SLRV HOMES LLP,SLRV HOMES LLP,SLRV HOMES LLP,1,20000000,847,6458726
U55205DL2018PTC335850,VIHAAN VENTURES INTERNATIONAL PRIVATE LIMITED,VIHAAN AUTO VENTURES PRIVATE LIMITED,VIHAAN VENTURES INTERNATIONAL PRIVATE LIMITED,1,20000000,847,6458726
U51494WB1992PTC057290,LIFELINE MARKETING PVT LTD,LIFELINE MARKETING PRIVATE LIMITED,LIFELINE MARKETING PVT LTD,1,20000000,1,6405134
U52399KL2016PTC067914,LULU INDIA SHOPPING MALL PRIVATE LIMITED,LULU INDIA SHOPPING MALL PRIVATE LI,LULU INDIA SHOPPING MALL PRIVATE LIMITED,1,20000000,125,7486251
U01220MH1986PTC040835,FRIGORIFICO ALLANA PRIVATE LIMITED,FRIGORIFICO ALLANA P,FRIGORIFICO ALLANA PRIVATE LIMITED,1,20000000,300,4180496
U27101KA1978PLC003360,RAMGAD MINERALS AND MINING LIMITED,RAMGAD MINERALS AND MINING LTD,RAMGAD MINERALS AND MINING LIMITED,1,20000000,813,6188222
U45209PN2006PLC022073,NANDED CITY DEVELOPMENT AND CONSTRUCTION COMPANY LIMITED,NANDED CITY DEVELOPMENT AND CONSTRU,NANDED CITY DEVELOPMENT AND CONSTRUCTION COMPANY LIMITED,1,20000000,300,6830668
U65990MH2005PLC154854,ECL FINANCE LIMITED,ECL FINANCE LTD,ECL FINANCE LIMITED,1,20000000,300,4180496
L74899DL1981PLC012804,LUMAX INDUSTRIES LIMITED,LUMAX INDUSTRIES LIMITED,LUMAX INDUSTRIES LIMITED,1,20000000,691,3300196
U24239TG2002PTC038674,MAITHRI LABORATORIES PRIVATE LIMITED,MAITHRI LABORATORIES (PVT) LTD,MAITHRI LABORATORIES PRIVATE LIMITED,1,20000000,847,6458726
U45200TG2016PTC111945,AIC VMR PROJECTS PRIVATE LIMITED,AIC VMR PROJECTS PVT LTD,AIC VMR PROJECTS PRIVATE LIMITED,1,20000000,847,6458726
U14101RJ2004PTC019797,WONDER MARMOSTONES PRIVATE LIMITED,WONDER MARMOSTONES PVT LTD,WONDER MARMOSTONES PRIVATE LIMITED,1,20000000,656,6936652
U26940ML2007PLC008298,GOLDSTONE CEMENTS LIMITED,GOLDSTONE CEMENTS LTD,GOLDSTONE CEMENTS LIMITED,1,20000000,1,6405134
U45200TG2004PTC044075,PRABHAT HOMES PRIVATE LIMITED,PRABHAT HOMES PRIVATE LIMITED,PRABHAT HOMES PRIVATE LIMITED,1,20000000,847,7445512
AAI-9585,ANANT UDYOG LLP,ANANT UDYOG LLP,ANANT UDYOG LLP,1,20000000,1,6405134
U40109TN2014FTC097920,SEI DIAMOND PRIVATE LIMITED,SEI DIAMOND PVT LTD,SEI DIAMOND PRIVATE LIMITED,1,20000000,847,3898296
U72900AP2016PTC103468,AMARAVATI TEKSYSTEMS PRIVATE LIMITED,AMARAVATI TEKSYSTEMS PRIVATE LIMITE,AMARAVATI TEKSYSTEMS PRIVATE LIMITED,1,20000000,847,7445512
L26942TN1951PLC000640,DALMIA BHARAT SUGAR AND INDUSTRIES LIMITED,DALMIA BHARAT SUGAR AND INDUSTRIES LTD,DALMIA BHARAT SUGAR AND INDUSTRIES LIMITED,1,20000000,125,6596169
U72900AP2019PTC113229,TEKREANT INDIA PRIVATE LIMITED,TEKREANT INDIA PRIVATE LIMITED,TEKREANT INDIA PRIVATE LIMITED,1,20000000,847,7445512
U40300TN2015FTC099018,SEI BASKARA POWER PRIVATE LIMITED,SEI BASKARA POWER PVT LTD,SEI BASKARA POWER PRIVATE LIMITED,1,20000000,847,3898296
U40300TG2015PTC101851,NVNR POWER &AMP; INFRA PRIVATE LIMITED,NVNR POWER INFRA PRIVATE LIMITED,NVNR POWER &AMP; INFRA PRIVATE LIMITED,1,20000000,847,7445512
U40109TN2015PTC102834,AARISH SOLAR POWER PRIVATE LIMITED,AARISH SOLAR POWER PRIVATE LIMITED,AARISH SOLAR POWER PRIVATE LIMITED,1,20000000,847,7445512
U15500MH1986PTC124248,SOM DISTILLERIES PRIVATE LIMITED,SOM DISTILLERIES PVT LTD;SOM DISTILERIES PRIVATE LTD,SOM DISTILLERIES PRIVATE LIMITED,2,20000000,1308,6073492;8492239
U40300MH2012PTC234746,KHANDKE WIND ENERGY PRIVATE LIMITED,KHANDKE WIND ENERGY PRIVATE LIMITED,KHANDKE WIND ENERGY PRIVATE LIMITED,1,20000000,847,6458726
U40300TN2014FTC097864,SEI VENUS PRIVATE LIMITED,SEI VENUS PVT LTD,SEI VENUS PRIVATE LIMITED,1,20000000,847,3898296
L74899DL1995PLC067827,PVR LIMITED,PVR LTD,PVR LIMITED,1,20000000,691,3300196
U01111TG2000PTC033328,NIMBHA BIOTECH PRIVATE LIMITED,NIMBHA BIOTECH PRIVATE LIMITED,NIMBHA BIOTECH PRIVATE LIMITED,1,20000000,847,7445512
U40300TN2013PTC090372,RT RENEWABLE ENERGY INDIA PRIVATE LIMITED,RT RENEWABLE ENERGY PVT LTD,RT RENEWABLE ENERGY INDIA PRIVATE LIMITED,1,20000000,847,3898296
U40300TN2013PTC092045,SEI MIHIR ENERGY PRIVATE LIMITED,SEI MIHIR ENERGY PVT LTD,SEI MIHIR ENERGY PRIVATE LIMITED,1,20000000,847,3898296
U15549MP1999PLC049379,MOUNT EVEREST BREWERIES LIMITED,MOUNT EVEREST BREWERIES LIMITED,MOUNT EVEREST BREWERIES LIMITED,1,19900000,1308,6073492
U65990MH2000PTC127040,MEGA EQUITIES PRIVATE LIMITED,MEGA EQUITAS PRIVATE LIMITED,MEGA EQUITIES PRIVATE LIMITED,1,18000000,691,3428540
U35111GA1965PTC000048,V.M.SALGAOCAR AND BROTHER PRIVATE LIMITED,VM SALGAOCAR CORPORATION PVT LTD;V M SALGAOCAR BROTHER PVT LTD,V.M.SALGAOCAR AND BROTHER PRIVATE LIMITED,2,18000000,509,7315678
U31500DL2010PTC205426,VEDANTA ELECTRICALS PRIVATE LIMITED,VEDANTA ELECTRICALS PRIVATE LIMITED,VEDANTA ELECTRICALS PRIVATE LIMITED,1,17500000,691,5972302
U51909WB1982PTC035190,AUSTIN PLYWOOD PRIVATE LIMITED,AUSTIN PLYWOOD PRIVATE LIMITED FORMERLY B S PROGRESSIVE PVT,AUSTIN PLYWOOD PRIVATE LIMITED,1,17000000,1,6405134
L74899DL1989PLC036849,PEARL GLOBAL INDUSTRIES LIMITED,MS PEARL GLOBAL INDUSTRIES LTD FORM,PEARL GLOBAL INDUSTRIES LIMITED,1,16000000,691,3300196
U74900WB2009PTC135012,SALASAR FINANCIAL ADVISORY SERVICES PRIVATE LIMITED,SSALASAR FINANCIAL ADVISORY SERVICE PVT LTD;SALASAR FINANCIAL ADVISORY SERVICES,SALASAR FINANCIAL ADVISORY SERVICES PRIVATE LIMITED,2,15000000,1,5054982;6405134
U45203AP1998PLC029154,BSCPL INFRASTRUCTURE LIMITED,BSCPL INFRASTRUCTURE LIMITED,BSCPL INFRASTRUCTURE LIMITED,1,15000000,847,8233225;6458726
U51109MH1924PLC001107,GANNON DUNKERLEY AND COMPANY LIMITED,GANNON DUNKERLEY AND CO LIMITED,GANNON DUNKERLEY AND COMPANY LIMITED,1,15000000,300,4180496
U29299TN2008PTC065920,SI AIR SPRINGS PRIVATE LIMITED,SI AIR SPRINGS PRIVATE LTD,SI AIR SPRINGS PRIVATE LIMITED,1,15000000,800,7310854
U92490WB2008PLC121507,AMBUJA REALTY EVENTS MANAGEMENT LIMITED,AMBUJA REALTY EVENTS MANAGMENT LTD,AMBUJA REALTY EVENTS MANAGEMENT LIMITED,1,15000000,1,5899230
U45309TG2020PLC143618,SRIVAY INDUSTRIES LIMITED,SRIVAY INDUSTRIES LIMITED,SRIVAY INDUSTRIES LIMITED,1,14900000,847,6458726
U35921PB1951PLC001699,AVON CYCLES LTD,AVON CYCLES LTD,AVON CYCLES LTD,1,14000000,628,5809436
U74899DL1998PLC095482,SHIVALIK PRINTS LIMITED,SHIVALIK PRINTS LIMITED,SHIVALIK PRINTS LIMITED,1,13500000,691,3300196
U70101WB1990PTC050204,SUMAN ESTATES P LTD,SUMAN ESTATES PRIVATE LIMITED,SUMAN ESTATES P LTD,1,13500000,1,5898161;6405134
U27109DL1982PLC084678,JBM INDUSTRIES LIMITED,JBM INDUSTRIES LIMITED,JBM INDUSTRIES LIMITED,1,12500000,691,3300196
U51109WB2005PTC102262,SWARNAPUSHPA VANIJYA PRIVATE LIMITED,SWARNAPUSHPA VANIJYA PRIVATE LIMITE,SWARNAPUSHPA VANIJYA PRIVATE LIMITED,1,12500000,1,6405134
U51909WB2002PTC094895,R.B DEALERS PRIVATE LIMITED,R B DEALERS PVT LTD,R.B DEALERS PRIVATE LIMITED,1,12500000,1,5898161;6405134
U15491WB1981PTC033851,CRYSTAL TEA (INDIA) PRIVATE LIMITED,CRYSTAL TEA INDIA PVT LTD,CRYSTAL TEA (INDIA) PRIVATE LIMITED,1,12500000,1,6405134
U15500WB2012PTC185821,NORTHERN SPIRITS PRIVATE LIMITED,NORTHERN SPIRITS LTD,NORTHERN SPIRITS PRIVATE LIMITED,1,12000000,1,5898161
U51909WB2009PTC132745,CHAKRADHARI TRADE-LINK PRIVATE LIMITED,CHAKRADHARI TRADELINK PRIVATE LIMIT,CHAKRADHARI TRADE-LINK PRIVATE LIMITED,1,12000000,1,5899230
U51909WB2010PTC154529,APOLLO VINTRADE PRIVATE LIMITED,APOLLO VINTRADE PVT LTD,APOLLO VINTRADE PRIVATE LIMITED,1,10000000,1,6405134
U15209DL2005PLC135838,DAAWAT FOODS LIMITED,DAAWAT FOODS LTD,DAAWAT FOODS LIMITED,1,10000000,1308,3346005
U07010KA1995PTC019457,DIVYASREE HOLDINGS PRIVATE LIMITED,DIVYASREE HOLDINGS PVT LTD,DIVYASREE HOLDINGS PRIVATE LIMITED,1,10000000,813,6188222
U14107PN2002PTC017227,S R C CHEMICALS PRIVATE LIMITED,S R C CHEMICALS PVT LTD,S R C CHEMICALS PRIVATE LIMITED,1,10000000,300,4180496
U14101WB1992PLC195097,UTKARSH SFATIK LIMITED,UTKARSH SFATIK LIMITED,UTKARSH SFATIK LIMITED,1,10000000,1,5899230
L74899DL1993PLC052787,SOM DISTILLERIES AND BREWERIES LIMITED,SOM DISTILLERIES BREWERIES LIMITED,SOM DISTILLERIES AND BREWERIES LIMITED,1,10000000,1308,8492239
U51909WB2010PTC153139,TARGET VINCOM PRIVATE LIMITED,TARGET VINCOM PVT LTD,TARGET VINCOM PRIVATE LIMITED,1,10000000,1,6405134
U65922MH2008PLC182906,EDELWEISS HOUSING FINANCE LIMITED,EDELWEISS HOUSING FINANCE LTD.,EDELWEISS HOUSING FINANCE LIMITED,1,10000000,300,4180496
U07010KA2003PTC032602,CHAYA REAL ESTATE PRIVATE LIMITED,CHAYA REAL ESTATE PVT LIMITED,CHAYA REAL ESTATE PRIVATE LIMITED,1,10000000,813,6188222
U67110WB2006PTC110124,VAIBHAV LAXMI CAPITAL MARKET PVT LTD,VAIBHAV LAXMI CAPITAL MARKET PRIVATE LIM,VAIBHAV LAXMI CAPITAL MARKET PVT LTD,1,10000000,1,5898161
U07010TN2003PTC072059,BHAGYASREE REALTORS PRIVATE LIMITED,BHAGYASREE REALTORS PRIVATE LIMITED,BHAGYASREE REALTORS PRIVATE LIMITED,1,10000000,800,7273126
L92199MH1999PLC353754,INOX LEISURE LIMITED,INOX LEISURE LTD,INOX LEISURE LIMITED,1,10000000,300,4180496
U55101KA2019PTC124593,CURATED LIVING SOLUTIONS PRIVATE LIMITED,CURATED LIVING SOLUTIONS PRIVATE LI,CURATED LIVING SOLUTIONS PRIVATE LIMITED,1,10000000,813,6188222
AAK-7873,14 REELS PLUS LLP,14 REELS PLUS LLP,14 REELS PLUS LLP,1,10000000,847,3898296
U74999MH1989PTC051140,FRIGERIO CONSERVA ALLANA PRIVATE LIMITED,FRIGERIO CONSERVA AL,FRIGERIO CONSERVA ALLANA PRIVATE LIMITED,1,10000000,300,6830668
U52334OR1994PTC003529,HITECH SYSTEMS PVT LTD,HITECH SYSTEMS & SERVICES LTD,HITECH SYSTEMS PVT LTD,1,10000000,1,5899230
U15510MH2005PTC150702,CANDY SPIRITS PRIVATE LIMITED,CANDY SPIRITS PVT LTD,CANDY SPIRITS PRIVATE LIMITED,1,10000000,300,7905165
U15543TG1994PTC016971,SRIVILAS HYDROTECH PRIVATE LIMITED,SRIVILAS HYDROTECH PVT LTD,SRIVILAS HYDROTECH PRIVATE LIMITED,1,10000000,847,6458726
U63030MH2003PTC141927,HIND TERMINALS PRIVATE LIMITED,HIND TERMINALS PVT LTD,HIND TERMINALS PRIVATE LIMITED,1,10000000,300,4180496
U63023TG1997PTC026722,LPF SYSTEMS PRIVATE LIMITED,LPF SYSTEMS PRIVATE LIMITED,LPF SYSTEMS PRIVATE LIMITED,1,10000000,847,7445512
U63020MH1973PTC016807,ALLANA COLD STORAGE PRIVATE LIMITED,ALLANA COLD STORAGE,ALLANA COLD STORAGE PRIVATE LIMITED,1,10000000,300,4180496
U00265DL2005PTC137669,RICHA GLOBAL EXPORTS PRIVATE LIMITED,RICHA GLOBAL EXPORTS PRIVATE LIMITED,RICHA GLOBAL EXPORTS PRIVATE LIMITED,1,10000000,691,3300196
U17119WB2002PTC094325,GANGES JUTE PRIVATE LIMITED,GANGES JUTE PRIVATE LTD,GANGES JUTE PRIVATE LIMITED,1,10000000,1,5898161
U60231DL2004PTC129501,SHAURYA VIR CARRIERS PRIVATE LIMITED,SHAURYAVIR CARRIERS PRIVATE LIMITED,SHAURYA VIR CARRIERS PRIVATE LIMITED,1,10000000,691,3300196
U74999TG2016PLC110612,GRINIBHRIT SOLAR POWER LIMITED,GRINIBHRIT SOLAR POWER PVT LTD,GRINIBHRIT SOLAR POWER LIMITED,1,10000000,847,6422705
U55205KA2019PTC127721,BISHOPS WEED FOOD CRAFTS PRIVATE LIMITED,BISHOPS WEED FOOD CRAFTS PRIVATE LI,BISHOPS WEED FOOD CRAFTS PRIVATE LIMITED,1,10000000,813,6188222
U74999TG2016PLC110571,SUVARCHAS SOLAR POWER LIMITED,SUVARCHAS SOLAR POWER PRIVATE LIMITED,SUVARCHAS SOLAR POWER LIMITED,1,10000000,847,6422705
U74999MH2016PTC281703,DOYEN ENGINEERING SERVICES PRIVATE LIMITED,DOYEN ENGINEERING SERVICES PRIVATE,DOYEN ENGINEERING SERVICES PRIVATE LIMITED,1,10000000,300,7905165
U45201TG2006PLC078157,EDELWEISS RURAL & CORPORATE SERVICES LIMITED,EDELWEISS RURAL CORPORATE SERVICE,EDELWEISS RURAL & CORPORATE SERVICES LIMITED,1,10000000,300,4180496
L51909WB1988PLC044765,CHITRAKUT HOLDINGS LTD,CHITRAKUT HOLDINGS LTD,CHITRAKUT HOLDINGS LTD,1,10000000,1,5899230
U70101WB1988PTC045347,IDEAL REAL ESTATES PRIVATE LIMITED,IDEAL REAL ESTATES PRIVATE LIMITED,IDEAL REAL ESTATES PRIVATE LIMITED,1,10000000,1,5899230
U70109TG2020PTC138876,SIDDHARTH DEVELOPERS PRIVATE LIMITED,SIDDHARTH DEVELOPERS,SIDDHARTH DEVELOPERS PRIVATE LIMITED,1,10000000,847,7445512
U51109AS1999PTC005921,ANTIQUE INDIA PRIVATE LIMITED,ANTIQUE INDIA PRIVATE LIMITED,ANTIQUE INDIA PRIVATE LIMITED,1,10000000,78,5523982
U70200WB2010PTC151686,BAGDOGRA REALTORS PRIVATE LIMITED,BAGDOGRA REALTORS PVT LTD,BAGDOGRA REALTORS PRIVATE LIMITED,1,10000000,1,5899230
U40108TG2003PTC041917,SRI SAI KRISHNA HYDRO ENERGIES PRIVATE LIMITED,GREENKO SRI SAI KRISHNA HYDRO ENERGIES PVT LTD,SRI SAI KRISHNA HYDRO ENERGIES PRIVATE LIMITED,1,10000000,847,3898296
U45400WB2013PTC193346,B. DAS & ASSOCIATES PRIVATE LIMITED,B.DAS AND ASSOCIATES PVT. LTD.,B. DAS & ASSOCIATES PRIVATE LIMITED,1,10000000,1,5898161
U40108TG2013PTC089133,PENNAR RENEWABLES PRIVATE LIMITED,PENNAR RENEWABLES PVT LTD( NEW ERA,PENNAR RENEWABLES PRIVATE LIMITED,1,10000000,847,6422705
U72200AP2013PTC091293,SLICK SOFTWARE SOLUTIONS PRIVATE LIMITED,SLICK SOFTWARE SOLUTIONS PRIVATE LI,SLICK SOFTWARE SOLUTIONS PRIVATE LIMITED,1,10000000,847,7445512
U45400TN2009PTC071293,BALAJI REAL ESTATE VENTURES PRIVATE LIMITED,BALAJI REAL ESTATE VENTURES PVT LT,BALAJI REAL ESTATE VENTURES PRIVATE LIMITED,1,10000000,800,7273126
U40109TG2002PTC039580,HIM KAILASH HYDRO POWER PRIVATE LIMITED,GREENKO HIM KAILASH HYDRO POWER PVT LTD,HIM KAILASH HYDRO POWER PRIVATE LIMITED,1,10000000,847,3898296
U40109TG2013PTC089165,PREMIER PHOTOVOLTAIC MEDAK PRIVATE LIMITED,PREMIER PHOTOVOLTAIC MEDAK (P)LTD,PREMIER PHOTOVOLTAIC MEDAK PRIVATE LIMITED,1,10000000,847,6422705
U45400TG2007PTC054512,VENKATA PRANEETH DEVELOPERS PRIVATE LIMITED,VENKAT PRANEETH DEVELOPRS (P) LTD,VENKATA PRANEETH DEVELOPERS PRIVATE LIMITED,1,10000000,847,7445512
U45400TG2007PTC054254,MIDAS PROJECTS PRIVATE LIMITED,MIDAS PROJECTS PRIVATE LIMITED,MIDAS PROJECTS PRIVATE LIMITED,1,10000000,847,7445512
U40109TN2013FTC094154,SEI ARUSHI PRIVATE LIMITED,SEI ARUSHI PVT LTD,SEI ARUSHI PRIVATE LIMITED,1,10000000,847,7445512
L17120MH1897PLC000163,CENTURY TEXTILES AND INDUSTRIES LIMITED,CENTURY TEXTILES AND INDUSTRIES LTD,CENTURY TEXTILES AND INDUSTRIES LIMITED,1,10000000,300,2836831
U40300MH2011PTC220233,TADAS WIND ENERGY PRIVATE LIMITED,TADAS WIND ENERGY PVT LTD,TADAS WIND ENERGY PRIVATE LIMITED,1,10000000,847,7445512
U40300TG2011PTC077572,ANANTPURA WIND ENERGIES PRIVATE LIMITED,ANANTPURA WIND ENERGIES PVT LTD,ANANTPURA WIND ENERGIES PRIVATE LIMITED,1,10000000,847,3898296
U45309TG2021PTC158054,HAPPYTAT VILLAS PRIVATE LIMITED,HAPPYTAT VILLAS PRIVATE LIMITED,HAPPYTAT VILLAS PRIVATE LIMITED,1,10000000,847,6458726
U45200TG1989PTC047103,GREENKO ASTHA PROJECTS (INDIA) PRIVATE LIMITED,GREENKO ASTHA PROJECTS (INDIA) PVT LTD,GREENKO ASTHA PROJECTS (INDIA) PRIVATE LIMITED,1,10000000,847,3898296
L24110AP2005PLC045726,SREE RAYALASEEMA HI-STRENGTH HYPO LIMITED,SREE RAYALASEEMA HI STRENGTH HYPO LTD,SREE RAYALASEEMA HI-STRENGTH HYPO LIMITED,1,10000000,847,7445512
U45203GJ2009PTC058178,PATEL HIGHWAY MANAGEMENT PRIVATE LIMITED,PATEL HIGHWAY MANAGEMENT PVT LTD,PATEL HIGHWAY MANAGEMENT PRIVATE LIMITED,1,10000000,1355,5137969
U45200TN2008PTC069189,FORTUNE ESTATE DEVELOPERS PRIVATE LIMITED,FORTUNE ESTATE DEVELOPERS PVT LTD,FORTUNE ESTATE DEVELOPERS PRIVATE LIMITED,1,10000000,813,6188222
U45201DL1971PTC005522,PURI CONSTRUCTION PRIVATE LTD,PURI CONSTRUCTION PVT LTD,PURI CONSTRUCTION PRIVATE LTD,1,10000000,691,2039265
U45201DL2001PTC111698,ADIT BUILDWELL PRIVATE LIMITED,ADIT BUILD WELL PVT LTD,ADIT BUILDWELL PRIVATE LIMITED,1,10000000,691,3300196
U45201KA2007PTC044092,KMK DEVELOPERS PRIVATE LIMITED,KMK DEVELOPERS PVT LTD ASHISH BHAS,KMK DEVELOPERS PRIVATE LIMITED,1,10000000,813,6188222
L25199WB1976PLC030532,TEGA INDUSTRIES LIMITED,TEGA INDUSTRIES LIMI,TEGA INDUSTRIES LIMITED,1,10000000,1,5898161
L24116UP1978PLC004624,JUBILANT PHARMOVA LIMITED,JUBILANT LIFE SCIENCES LIMITED,JUBILANT PHARMOVA LIMITED,1,10000000,691,3300196
U70101WB1991PTC052415,SHREE SALASAR PROPERTIES & FINANCE PVT. LTD.,SHREE SALASAR PROPERTIES & FINANCE PVT LTD,SHREE SALASAR PROPERTIES & FINANCE PVT. LTD.,1,10000000,1,6405134
U70200KA2004PTC033896,DIVYASREE SOFT TECH REALTORS PRIVATE LIMITED,DIVYASREE SOFTTECH REALTORS PVT LTD,DIVYASREE SOFT TECH REALTORS PRIVATE LIMITED,1,10000000,813,6188222
U40102TG2008PTC062366,RAYALASEEMA WIND ENERGY COMPANY PRIVATE LIMITED,RAYALA SEEMA WIND ENERGY PVT LTD,RAYALASEEMA WIND ENERGY COMPANY PRIVATE LIMITED,1,10000000,847,3898296
U74899DL1995PTC073692,MINDARIKA PRIVATE LIMITED,MINDARIKA PRIVATE LTD,MINDARIKA PRIVATE LIMITED,1,10000000,691,2039265
U24299DL2019PLC347566,PANACEA BIOTEC PHARMA LIMITED,PANACEA BIOTEC PHARMA LTD PHARMACEU,PANACEA BIOTEC PHARMA LIMITED,1,10000000,691,5972302
U70101WB2005PLC101398,AMBUJA HOUSING AND URBAN INFRASTRUCTURE COMPANY LIMITED,AMBUJA HOUSING AND URBAN INFRASTRUCTURE CO. LTD.,AMBUJA HOUSING AND URBAN INFRASTRUCTURE COMPANY LIMITED,1,10000000,1,5899230
U25203WB2015PTC207942,IVL DHUNSERI PETROCHEM INDUSTRIES PRIVATE LIMITED,IVL DHUNSERI PETROCHEM INDUSTRIES PRIVAT E LIMITED,IVL DHUNSERI PETROCHEM INDUSTRIES PRIVATE LIMITED,1,10000000,1,5899230
L64200MH1986PLC041370,TECH MAHINDRA LIMITED,TECH MAHINDRA LTD,TECH MAHINDRA LIMITED,1,10000000,691,7516991
U70102TG2004PTC044588,DIVYASREE NSL INFRASTRUCTURE PRIVATE LIMITED,DIVYASREE NSL INFRASTRUCTURE PRIVATE LIM ITED,DIVYASREE NSL INFRASTRUCTURE PRIVATE LIMITED,1,10000000,847,7445512
U70102TG2008PTC061278,TRIREME INFRASTRUCTURRE PRIVATE LIMITED,TRIREME INFRASTRUCTURRE PVT LTD,TRIREME INFRASTRUCTURRE PRIVATE LIMITED,1,10000000,847,3898296
U74900TG2012PLC079823,GREENKO SOLAR POWER (DHARMAVARAM) LIMITED,GREENKO SOLAR POWER (DHARAMAVARAM) LTD,GREENKO SOLAR POWER (DHARMAVARAM) LIMITED,1,10000000,847,3898296
L51909WB1916PLC002713,THE GANGES MANUFACTURING COMPANY,THE GANGES MANUFACTURING CO LTD,THE GANGES MANUFACTURING COMPANY,1,10000000,1,5898161
U51909DL2005PTC135000,A S BAJAJ SALES AND MARKETING PRIVATE LIMITED,SNB MINERALS PRIVATE LIMITED,A S BAJAJ SALES AND MARKETING PRIVATE LIMITED,1,10000000,691,5972302
U51901TN2018PTC121156,SUNDARAM INDUSTRIES PRIVATE LIMITED,SUNDARAM INDUSTRIES PVT LIMITED,SUNDARAM INDUSTRIES PRIVATE LIMITED,1,10000000,800,1019582
U74899DL1998PLC094894,JNS INSTRUMENTS LIMITED,JNS INSTRUMENTS LTD,JNS INSTRUMENTS LIMITED,1,10000000,691,3723135
U51909AS1998PTC005570,SURENDRA STEELS PRIVATE LIMITED,SURENDRA STEELS PRIVATE LIMITED,SURENDRA STEELS PRIVATE LIMITED,1,10000000,78,7430841
U51220MH1944PLC004124,THE ASSOCIATED AUTO PARTS LIMITED,THE ASSOCIATED AUTO PARTS PRIVATE LIMITED,THE ASSOCIATED AUTO PARTS LIMITED,1,10000000,800,7310854
AAG-1241,B2C CONSULTING LLP,B2C CONSULTING LLP,B2C CONSULTING LLP,1,10000000,300,4180496
U51311MH1992PTC065623,DESAI TRADING AND CONSULTANTS PVT LTD,DESAI TRADING CONSULTANTS PVT LTD,DESAI TRADING AND CONSULTANTS PVT LTD,1,10000000,300,1022034
U40100HP2004PTC026831,GANGDARI HYDRO POWER PRIVATE LIMITED,GANGDARI HYDRO POWER PVT LTD,GANGDARI HYDRO POWER PRIVATE LIMITED,1,10000000,847,3898296
U31901WB2000PTC090914,REGENT ELECTRO-MECH PRIVATE LIMITED,REGENT ELECTRO MECH PRIVATE LIMITED,REGENT ELECTRO-MECH PRIVATE LIMITED,1,10000000,1,5899230
U51109WB2008PTC127650,KANHA VINCOM PRIVATE LIMITED,KANHA VINCOM PRIVATE LIMITED,KANHA VINCOM PRIVATE LIMITED,1,10000000,1,5897386
U31401TG2015PTC099818,DYNERE ENGINEERING PRIVATE LIMITED,DYNERE ENGINEERING PRIVATE LIMITED,DYNERE ENGINEERING PRIVATE LIMITED,1,10000000,847,6458726
AAP-2524,JIT INDUSTRIAL PARK LLP,JIT INDUSTRIAL PARK LLP,JIT INDUSTRIAL PARK LLP,1,9990000,1,6405134
U67120WB1989PTC046729,PLUTO FINANCE PVT LTD.,PLUTO FINANCE PRIVATE LTD.;PLUTO FINANCE PRIVATE LTD,PLUTO FINANCE PVT LTD.,2,9900000,1,5898161;6405134
AAC-0546,CREATIVE INVESTMENT AND STOCK BROKING LLP,CREATIVE LLP,CREATIVE INVESTMENT AND STOCK BROKING LLP,1,9600000,691,8212066
ABA-1671,BUILDOX DEVELOPERS LLP,BUILDOX DEVELOPERS LLP,BUILDOX DEVELOPERS LLP,1,9500000,847,7445512;8233225
U10101WB1997PLC085100,COALSALE COMPANY LIMITED,COALSALE COMPANY LTD,COALSALE COMPANY LIMITED,1,9500000,1,6405134
U70109WB1999PTC089618,ARCHANA PROPERTIES PRIVATE LIMITED,ARCHANA PROPERTIES P LTD,ARCHANA PROPERTIES PRIVATE LIMITED,1,9000000,1,6405134
U45203TG2009PTC066327,SRI SIDDHARTH INFRATECH & SERVICES (I) PRIVATE LIMITED,SRI SIDDHARTH INFRATECH & SERVICES(I) PVT LTD,SRI SIDDHARTH INFRATECH & SERVICES (I) PRIVATE LIMITED,1,9000000,847,6458726
AAA-2552,JAI SUSPENSION SYSTEMS LLP,JAI SUSPENSION SYSTEMS LLP;JAI SUSPENSION SYSTEMS L L P,JAI SUSPENSION SYSTEMS LLP,2,9000000,691,3300196;2039265;3300196
U45200TG2008PTC163193,R.K. INFRACORP PRIVATE LIMITED,R K INFRACORP PRIVATE LIMITED,R.K. INFRACORP PRIVATE LIMITED,1,8800000,847,6458726
U65993WB1995PTC074660,SHIV SHANKAR SECURITIES PVT LTD,SHIV SHANKAR SECURITIES PVT LTD,SHIV SHANKAR SECURITIES PVT LTD,1,8500000,1,6405134
U60231DL2006PTC150846,CAVALIER TRANSPORTERS PRIVATE LIMITED,CAVALIER TRANSPORTERS PRIVATE LIMITED,CAVALIER TRANSPORTERS PRIVATE LIMITED,1,8500000,691,3300196
U51909WB2007PTC115471,VAIBHAW TIE-UP PRIVATE LIMITED,VAIBHAW TIE UP PRIVATE LIMITED,VAIBHAW TIE-UP PRIVATE LIMITED,1,8500000,1,6405134
U51909RJ2022PTC081924,DR HEALTHTECH PRIVATE LIMITED,DR HEALTHTECH,DR HEALTHTECH PRIVATE LIMITED,1,8000000,656,6987052;1013030
U15420MH1933PLC001918,HARINAGAR SUGAR MILLS LIMITED,HARINAGAR SUGAR MILLS LTD,HARINAGAR SUGAR MILLS LIMITED,1,8000000,152,5877903
U70102GJ2006PTC049316,PACIFICA DEVELOPERS PRIVATE LIMITED,PACIFICA DEVELOPERS P LTD REFLECTIO,PACIFICA DEVELOPERS PRIVATE LIMITED,1,7500000,1355,1023671
U74999PN2006PTC021820,SEZ BIOTECH SERVICES PRIVATE LIMITED,SEZ BIOTECH SERVICES PVT LTD,SEZ BIOTECH SERVICES PRIVATE LIMITED,1,7500000,300,6830668
U51101WB2009PTC132761,PUSHKARA COMMOSALES PRIVATE LIMITED,PUSHKARA COMMOSALES PRIVATE LIMITED,PUSHKARA COMMOSALES PRIVATE LIMITED,1,7500000,1,5899230
U45201DL1996PTC114775,S P SINGLA CONSTRUCTIONS PRIVATE LIMITED,S.P. SINGLA CONSTRUCTIONS PRIVATE LTD.,S P SINGLA CONSTRUCTIONS PRIVATE LIMITED,1,7500000,628,7631030
U55101RJ1982PTC002554,J S K HOTELS PRIVATE LIMITED,J S K HOTELS P LTD,J S K HOTELS PRIVATE LIMITED,1,7500000,656,7594437
U24231WB1983PTC037037,RANISATI MERCHANDISE PVT LTD,RANISATI MERCANTILES PVT. LTD.,RANISATI MERCHANDISE PVT LTD,1,7500000,1,5898161
U24231MH1975PTC018714,CYZA CHEM PRIVATE LIMITED,CYZACHEM PVT LTD,CYZA CHEM PRIVATE LIMITED,1,7500000,300,6830668
U51109WB1993PTC058261,BANSHIDHAR VYAPAAR PVT. LTD.,BANSHIDHAR VYAPAAR PVT LTD,BANSHIDHAR VYAPAAR PVT. LTD.,1,7200000,1,6405134
U29128KA2007PTC042677,PRIMUS GLOBAL TECHNOLOGIES PRIVATE LIMITED,PRIMUSGLOBALTECHNOLOGIESPVTLTD,PRIMUS GLOBAL TECHNOLOGIES PRIVATE LIMITED,1,7000000,847,8233225;6458726
U51909WB2008PTC129650,FAIRPLAN VINTRADE PRIVATE LIMITED,FAIRPLAN VINTRADE PRIVATE LIMITED,FAIRPLAN VINTRADE PRIVATE LIMITED,1,7000000,1,5899230
U74140WB2009PTC135145,VENUS FINANCIAL CONSULTANTS PRIVATE LIMITED,VENUS FINANCIAL CONSULTANTS PVT LTD,VENUS FINANCIAL CONSULTANTS PRIVATE LIMITED,1,7000000,1,6405134
L51909DL1984PLC288239,SPICEJET LIMITED,SPICEJET LIMITED,SPICEJET LIMITED,1,6500000,691,3428540;7516991
U18101DL2002PTC113704,ORIENT FASHION EXPORTS (INDIA) PRIVATE LIMITED,ORIENT FASHION EXP (I) PVT LTD,ORIENT FASHION EXPORTS (INDIA) PRIVATE LIMITED,1,6000000,691,3300196
U51909WB2008PTC123088,OM VINCOM PRIVATE LIMITED,OM VINCOM PVT LTD,OM VINCOM PRIVATE LIMITED,1,6000000,1,6405134
U45201WB1997PTC083141,CHAITANYA ESTATES PRIVATE LIMITED,CHAITANYA ESTATES PRIVATE LIMITED,CHAITANYA ESTATES PRIVATE LIMITED,1,6000000,1,6405134
AAF-8496,MEENU CREATION LLP,MEENU CREATION LLP,MEENU CREATION LLP,1,6000000,691,3300196
U51909WB2009PTC132190,MANKIND TRACOM PRIVATE LIMITED.,MANKIND TRACOM PRIVATE LIMITED,MANKIND TRACOM PRIVATE LIMITED.,1,6000000,1,5899230
U67120WB1985PTC039630,SARD (INDIA) PVT LTD,SARD INDIA PRIVATE L,SARD (INDIA) PVT LTD,1,6000000,691,3300196
U27100PB2008PLC032063,FORTUNE METALIKS LIMITED,FORTUNE METALIKS LIMITED,FORTUNE METALIKS LIMITED,1,5000000,628,5809436
U25202MH1995PTC088387,FAMY STERI PRIVATE LIMITED,FAMY STERI PVT LIMITED,FAMY STERI PRIVATE LIMITED,1,5000000,300,4180496
U27310RJ1994PLC008698,RMC SWITCH GEARS LIMITED,RMC SWITCHGEARS LTD,RMC SWITCH GEARS LIMITED,1,5000000,656,6987052
U27310UP2010PLC039247,SUNDRAM ISPAT INDUSTRIES LIMITED,SUNDRAM INDUSTRIES PVT LTD,SUNDRAM ISPAT INDUSTRIES LIMITED,1,5000000,800,7310854
U70101WB1995PTC074525,ELLISBRIDGE ESTATES PVT. LTD.,ELLISBRIDGE ESTATES PVT LTD,ELLISBRIDGE ESTATES PVT. LTD.,1,5000000,1,5898161
L24100GJ1983PLC006513,GHCL LIMITED,GHCL LTD,GHCL LIMITED,1,5000000,691,3300196
U51398MH2003PTC138686,SITARA DIAMOND PRIVATE LIMITED,SITARA DIAMOND PRIVATE LIMITED,SITARA DIAMOND PRIVATE LIMITED,1,5000000,300,4180496
U35122DL2011PLC223819,MINDA KYORAKU LIMITED,MINDA KYORAKU LTD,MINDA KYORAKU LIMITED,1,5000000,691,2039265
U51109WB2008PTC121843,ROOPREKHA VYAPAAR PRIVATE LIMITED,ROOPREKHA VYAPAAR PRIVATE LIMITED,ROOPREKHA VYAPAAR PRIVATE LIMITED,1,5000000,1,5899230
U45200GJ2005FTC047249,PACIFICA (CHENNAI-OLD MAHABALIPURAM ROAD PROJECT) INFRA E-CO PVT LTD,PACIFICA INDIA PROJECTS PVT LTD,PACIFICA (CHENNAI-OLD MAHABALIPURAM ROAD PROJECT) INFRA E-CO PVT LTD,1,5000000,1355,1023671
U45200MH1988PTC050098,MEHER FOUNDATIONS AND CIVIL ENGINEERS PRIVATE LIMITED,MEHERFOUNDATIONSANDCIVILENGPVT,MEHER FOUNDATIONS AND CIVIL ENGINEERS PRIVATE LIMITED,1,5000000,300,4180496
U45200MH1997PLC105125,NAHAR BUILDERS AND DEVELOPERS LIMITED,NAHAR BUILDERS AND DEVELOPERS LTD,NAHAR BUILDERS AND DEVELOPERS LIMITED,1,5000000,300,7905165
U70109WB2011PLC171075,S.E. BUILDERS & REALTORS LIMITED,S E BUILDERS AND REALTORS LTD,S.E. BUILDERS & REALTORS LIMITED,1,5000000,1,5899230
U45200TG1991PTC013453,ROSHNI DEVELOPERS PRIVATE LIMITED,ROSHINI DEVELOPERS PRIVATE LTD,ROSHNI DEVELOPERS PRIVATE LIMITED,1,5000000,300,4180496
U45200TG2013PTC090477,VS TOWERS & CONTRACTORS PRIVATE LIMITED,VS TOWERS CONTRACTORS PRIVATE LIM,VS TOWERS & CONTRACTORS PRIVATE LIMITED,1,5000000,847,6458726
U45400WB2007PTC116300,RITESH ENCLAVE PRIVATE LIMITED,RITESH ENCLAVE PVT LTD,RITESH ENCLAVE PRIVATE LIMITED,1,5000000,1,6405134
L21010GJ1960PLC018099,JK PAPER LIMITED,JK PAPER LIMITED,JK PAPER LIMITED,1,5000000,691,8212066
L23109GA1967PLC000076,GOA CARBON LIMITED,GOA CARBON LTD,GOA CARBON LIMITED,1,5000000,509,7315678
U70109GJ2006PLC069526,SYLVANUS BUILDERS AND DEVELOPERS LIMITED,SYLVANUS BUILDERS AND DEVELOPERS LI,SYLVANUS BUILDERS AND DEVELOPERS LIMITED,1,5000000,1355,1023671
AAH-0988,ARCEDGES BUILDING (INDIA) LLP,ARCEDGES BUILDING INDIA LLP,ARCEDGES BUILDING (INDIA) LLP,1,5000000,1355,1023671
U01100CT2019PTC009167,ABIS AGROTECH PRIVATE LIMITED,ABIS AGROTECH PVT LTD,ABIS AGROTECH PRIVATE LIMITED,1,5000000,461,7613660
U15500WB2011PTC167258,DYNAMIC C.S. BOTTLING PRIVATE LIMITED,DYNAMIC CS BOTTLING PVT LTD,DYNAMIC C.S. BOTTLING PRIVATE LIMITED,1,5000000,1,5898161;6563457
U66000MH2013PTC249743,UNILIGHT REINSURANCE BROKERS PRIVATE LIMITED,UNILIGHT REINSURANCE BROKERS PVT LTD,UNILIGHT REINSURANCE BROKERS PRIVATE LIMITED,1,5000000,300,1022034
U15100WB2007PTC117903,BANSAL UDYOG PRIVATE LIMITED,BANSAL UDYOG PRIVATE,BANSAL UDYOG PRIVATE LIMITED,1,5000000,1,5054982
U65921WB1988PTC044301,BANSAL BUSINESS PVTLTD,BANSAL BUSINESS PRIVATE LIMITED,BANSAL BUSINESS PVTLTD,1,5000000,1,6405134
U93000MH1974PTC017705,CHANDA INVESTMENT AND TRADING COMPANY PRIVATE LIMITED,CHANDA INVESTMENT TRADING CO. PVT,CHANDA INVESTMENT AND TRADING COMPANY PRIVATE LIMITED,1,5000000,300,6830668
U63000WB2008PTC130666 ,ESTEE TRANSWAYS PRIVATE LIMITED,ESTEE TRANSWAYS PRIVATE LIMITE,ESTEE TRANSWAYS PRIVATE LIMITED,1,5000000,1,5899230
U01403TG2012PTC080941,PASURA CROP CARE PRIVATE LIMITED,PASURA CROP CARE PVT LTD,PASURA CROP CARE PRIVATE LIMITED,1,5000000,847,8233225
U60231AS1997PTC005249,SHIVAM TRANSCON PVT LTD,SHIVAM TRANSCON PRIVATE LIMITED,SHIVAM TRANSCON PVT LTD,1,5000000,78,7601204
U67190MH1994PTC080802,GANDHI SECURITIES AND INVESTMENT PRIVATE LIMITED,GANDHI SECURITIES INVESTMENT,GANDHI SECURITIES AND INVESTMENT PRIVATE LIMITED,1,5000000,300,7905165
U70101TG2007PTC053994,TOPNOTCH PROJECTS PRIVATE LIMITED,TOPNOTCH PROJECTS PRIVATE LIMITED,TOPNOTCH PROJECTS PRIVATE LIMITED,1,5000000,847,7445512
U01100MH1995PTC087949,MAKARAND PLANTATIONS PRIVATE LIMITED,MAKARAND PLANTATIONS PVT LIMITED,MAKARAND PLANTATIONS PRIVATE LIMITED,1,5000000,300,4180496
U51909WB2009PTC132310,NATRAJ GOODS PRIVATE LIMITED.,NATRAJ GOODS PRIVATE LIMITED,NATRAJ GOODS PRIVATE LIMITED.,1,5000000,1,5899230
AAG-5987,MIRANIA BUILDERS LLP,MIRANIA BUILDERS LLP,MIRANIA BUILDERS LLP,1,4500000,1,6405134
U70109WB1996PTC078304,SUNSHINE FINTRADE PVT LTD,SUNSHINE FINTRADE PVT LTD,SUNSHINE FINTRADE PVT LTD,1,4000000,1,5899230
U45309TG2021PTC156979,R K V FABTECH INDIA PRIVATE LIMITED,R K V FABTECH INDIA PRIVATE LIMITED,R K V FABTECH INDIA PRIVATE LIMITED,1,4000000,847,6458726
U65923WB1998PTC087501,LEVOC FINANCE PRIVATE LIMITED,LEVOC FINANCE PVT LTD,LEVOC FINANCE PRIVATE LIMITED,1,4000000,1,6405134
U45400WB2007PTC116327,RITESH NIRMAN PRIVATE LIMITED,RITESH NIRMAN PVT LTD,RITESH NIRMAN PRIVATE LIMITED,1,4000000,1,6405134
U51909WB2002PTC094527,KB DEALERS PRIVATE LIMITED,K B DEALERS PRIVATE LIMITED;KB DEALERS LLP,KB DEALERS PRIVATE LIMITED,2,4000000,1,6405134
U51909WB2000PTC092400,SPEED BUSINESS PRIVATE LIMITED,SPEED BUSINESS PVT LTD,SPEED BUSINESS PRIVATE LIMITED,1,4000000,1,6405134
AAO-5178,K M DEALERS LLP,KM DEALERS LLP;K M DEALERS LLP,K M DEALERS LLP,2,4000000,1,6405134
U67120WB1991PLC051266,NIRMAL DEEP RESOURCES LTD,NIRMALDEEP RESOURCES LTD,NIRMAL DEEP RESOURCES LTD,1,4000000,1,5899230
U65990MH1978PTC020116,SILVER LINE INVESTMENT COMPANY PRIVATE LIMITED,SILVER LINE INVESTMENT COMPANY,SILVER LINE INVESTMENT COMPANY PRIVATE LIMITED,1,4000000,1,6405134
U74999WB1994PTC065807,C. MACKERTICH PRIVATE LIMITED,C MACKERTICH PVT LTD,C. MACKERTICH PRIVATE LIMITED,1,4000000,1,5899230
U51909WB2004PTC098936,VPL OIL MARKETING PRIVATE LIMITED,VPL OIL MARKETING PVT LTD,VPL OIL MARKETING PRIVATE LIMITED,1,4000000,1,6405134
L45203AS1972PLC001393,ABC INDIA LIMITED,A B C INDIA LIMITED,ABC INDIA LIMITED,1,4000000,1,5899230
U31909WB1992PTC056794,G.M. HOLDINGS PVT LTD,G M HOLDINGS PVT LTD,G.M. HOLDINGS PVT LTD,1,4000000,1,5899230
AAP-0187,K M A COMMODITIES LLP,K M A COMMODITIES LLP,K M A COMMODITIES LLP,1,4000000,1,6405134
U17220GJ2014PTC079653,M. M. YARNS PRIVATE LIMITED,M M YARNS PVT LTD,M. M. YARNS PRIVATE LIMITED,1,3830000,1355,1023671
U17123GJ2015PTC083386,FIOTEX COTSPIN PRIVATE LIMITED,FIOTEX COTSPIN PRIVATE LIMITED,FIOTEX COTSPIN PRIVATE LIMITED,1,3800000,1355,1023671
U67120WB1994PTC066134,CLIX SECURITIES PVT LTD,CLIX SECURITIES PRIVATE LIMITED,CLIX SECURITIES PVT LTD,1,3500000,1,6405134
AAA-6304,DEVASHRI NIRMAN LIMITED LIABILITY PARTNE RSHIP,DEVASHRI NIRMAN LLP,DEVASHRI NIRMAN LIMITED LIABILITY PARTNE RSHIP,1,3500000,509,7315678
U60231DL2006PTC150708,SDS LOGISTICS PRIVATE LIMITED,SDS LOGISTICS PRIVATE LIMITED,SDS LOGISTICS PRIVATE LIMITED,1,3500000,691,3300196
U45200WB2007PTC113544,RITESH REAL ESTATES PRIVATE LIMITED,RITESH REAL ESTATES PVT LTD,RITESH REAL ESTATES PRIVATE LIMITED,1,3400000,1,6405134
L52110DL1986PLC025118,JAY USHIN LIMITED,JAY USHIN LTD,JAY USHIN LIMITED,1,3300000,691,2039265
U93000DL2007PTC163376,NLB SERVICES PRIVATE LIMITED,NLB SERVICES PRIVATE LIMITED,NLB SERVICES PRIVATE LIMITED,1,3200000,691,3428540
U27109WB1991PTC053617,DEEP IRON & STEEL PVT. LTD.,DEEP IRON AND STEEL PVT LTD,DEEP IRON & STEEL PVT. LTD.,1,3000000,1,6405134
U74999WB2011PTC162893,OM ENCLAVE PRIVATE LIMITED,OM ENCLAVE PVT LTD,OM ENCLAVE PRIVATE LIMITED,1,3000000,1,6405134
L51225WB1982PLC035615,SUDHA COMMERCIAL CO LTD,SUDHA COMMERCIAL COMPANY LTD,SUDHA COMMERCIAL CO LTD,1,3000000,1,5899230
U74899DL1995PTC071331,SAN BEVERAGES PRIVATE LIMITED,SAN BEVERAGES PVT LTD,SAN BEVERAGES PRIVATE LIMITED,1,3000000,691,5972302
U74899DL1993PTC051842,SARITA HANDA EXPORTS PRIVATE LIMITED,SARITA HANDA EXPORTS PVT LTD,SARITA HANDA EXPORTS PRIVATE LIMITED,1,3000000,691,3300196
U74999HR2017PTC068126,AAY TEE LOGISTICS PRIVATE LIMITED,AAYTEE LOGISTICS PRIVATE LIMITED,AAY TEE LOGISTICS PRIVATE LIMITED,1,3000000,691,8212066
U65993WB1996PTC076487,SREENATH FINVEST PVT LTD,SREENATH FINVEST PRIVATE LIMITED,SREENATH FINVEST PVT LTD,1,3000000,1,6405134
U51909WB2007PTC116325,RITESH VANIJYA PRIVATE LIMITED,RITESH VANIJYA PRIVATE LIMITED,RITESH VANIJYA PRIVATE LIMITED,1,3000000,1,6405134
U51909WB2009PTC132193,MAHAVIRA VINCOM PRIVATE LIMITED.,MAHAVIRA VINCOM PRIVATE LIMITED,MAHAVIRA VINCOM PRIVATE LIMITED.,1,3000000,1,5899230
U65923WB2009PTC135169,ALMIGHTY FINANCE & INVESTMENT PRIVATE LIMITED,ALMIGHTY FINANCE AND INVESTMENT P,ALMIGHTY FINANCE & INVESTMENT PRIVATE LIMITED,1,3000000,1,5899230
U51900GA1992PTC001207,MOTOWN TRADING PRIVATE LIMITED,MOTOWN TRADING PVT LTD,MOTOWN TRADING PRIVATE LIMITED,1,3000000,509,7315678
U51397WB1989PTC048027,RANI SATI MERCANTILES PVT LTD,RANISATI MERCANTILES PVT LTD,RANI SATI MERCANTILES PVT LTD,1,3000000,1,6405134
U70200WB1999PTC089838,RAUNAK PROPERTIES PRIVATE LIMITED,RAUNAK PROPERTIES PVT. LTD,RAUNAK PROPERTIES PRIVATE LIMITED,1,3000000,1,5898161
U51109MH2006PTC159793,HIGHSTREET CRUISES AND ENTERTAINMENT PRIVATE LIMITED.,HIGHSTREET CRUISES AND ENTERTAINMENT PVT LTD,HIGHSTREET CRUISES AND ENTERTAINMENT PRIVATE LIMITED.,1,3000000,509,7315678
U17200GJ2014PTC078738,ANGEL FIBERS PRIVATE LIMITED,ANGEL FIBERS LIMITED,ANGEL FIBERS PRIVATE LIMITED,1,2900000,1355,1023671
U17291GJ2015PTC082662,SANVI SPINNING MILL PRIVATE LIMITED,SANVI SPINNING MILLS PVT LTD,SANVI SPINNING MILL PRIVATE LIMITED,1,2833000,1355,1023671
U67190WB2008PTC124149,CONFIDENT FINANCIAL CONSULTANCY PRIVATE LIMITED.,CONFIDENT FINANCIAL CONSULTANCY PRI,CONFIDENT FINANCIAL CONSULTANCY PRIVATE LIMITED.,1,2500000,1,5899230
U55101AP1995PTC019176,BUTTA HOSPITALITIES PRIVATE LIMITED,BUTTA HOSPITALITIES PVT LTD,BUTTA HOSPITALITIES PRIVATE LIMITED,1,2500000,847,6458726
U29299RJ1971PLC001379,WOLKEM INDIA LIMITED,WOLKEM INDIA LTD,WOLKEM INDIA LIMITED,1,2500000,656,7594437
U21012DL2005PTC135029,SAMMAN LAL SHER SINGH PAPERS PRIVATE LIMITED,SAMMAN LAL SHER SINGH PAPERS PVT LT,SAMMAN LAL SHER SINGH PAPERS PRIVATE LIMITED,1,2500000,691,3300196
U15549MH2003PTC139352,SULA VINEYARDS PRIVATE LIMITED,SULA VINEYARDS PVT LTD,SULA VINEYARDS PRIVATE LIMITED,1,2500000,300,4180496
AAH-3140,SIAN INFRA AND REALCON LLP,SIAN INFRA AND REALCON LLP,SIAN INFRA AND REALCON LLP,1,2500000,847,6458726
U51909WB1995PTC074122,JUPITER MERCANTILES PVT LTD,JUPITER MERCANTILES PVT LTD,JUPITER MERCANTILES PVT LTD,1,2500000,1,5899230
U27102CT2002PLC015176,MAHENDRA SPONGE AND POWER LIMITED,MAHENDRA SPONGE AND POWER LIMITED,MAHENDRA SPONGE AND POWER LIMITED,1,2500000,461,8038937
U60210OR1992PTC003097,ACE COMMERCIAL COMPANY PRIVATE LIMITED,ACE COMERCIAL COMPANY PRIVATE LIMITED,ACE COMMERCIAL COMPANY PRIVATE LIMITED,1,2500000,41,5800420
U51909WB1993PTC058195,INNOCENT MERCHANDISE PVT. LTD.,INNOCENT MERCHANDISE PVT LTD,INNOCENT MERCHANDISE PVT. LTD.,1,2500000,1,5899230
AAM-3821,PASURA AGRI SCIENCES LLP,PASURA AGRI SCIENCES LLP,PASURA AGRI SCIENCES LLP,1,2500000,847,8233225
U74899RJ1987PLC029106,SECURE METERS LIMITED,SECURE METERS LTD,SECURE METERS LIMITED,1,2500000,656,7594437
U45201MH2006PTC165253,VAMONA DEVELOPERS PRIVATE LIMITED,VAMONA DEVELOPERS PRIVATE LIMITED,VAMONA DEVELOPERS PRIVATE LIMITED,1,2500000,300,4180496
U70102WB2013PTC198265,ACROPOLIS MAINTENANCE SERVICES PRIVATE LIMITED,ACROPOLIS MAINTENANCE SERVICES PRIVATE LIMITED,ACROPOLIS MAINTENANCE SERVICES PRIVATE LIMITED,1,2500000,1,5899230
U51900MH1987PTC042774,GWALIOR ALCOBREW PRIVATE LIMITED,BAPUNA ALCOBREW PRIVATE LIMITED,GWALIOR ALCOBREW PRIVATE LIMITED,1,2500000,1308,6073492
U74120WB2008PTC122119,SIDHANT INVESTMENT ADVISORY PRIVATE LIMITED.,SIDHANT INVESTMENT ADVISORY PRIVATE,SIDHANT INVESTMENT ADVISORY PRIVATE LIMITED.,1,2500000,1,5899230
U70109WB1991PTC051778,MERLIN RECREATION PRIVATE LIMITED,MERLIN RECREATION PVT LTD,MERLIN RECREATION PRIVATE LIMITED,1,2500000,1,5899230
U51109WB1995PTC068905,RAMOLI DEALERS PVT LTD,RAMOLI DEALERS PVT LTD,RAMOLI DEALERS PVT LTD,1,2500000,1,6405134
U17120GJ2011PTC065344,TRIBHUVAN SPINTEX PRIVATE LIMITED,TRIBHUVAN SPINTEX PRIVATE LIMITED,TRIBHUVAN SPINTEX PRIVATE LIMITED,1,2484000,1355,1023671
AAF-6405,HUNSANKODILLI SOLAR POWER PROJECT LLP,HUNSANKODILLI SOLAR POWER PROJECT LLP,HUNSANKODILLI SOLAR POWER PROJECT LLP,1,2000000,300,7905165
U15541GA1987PTC000787,DEMPO INDUSTRIES PRIVATE LIMITED,DEMPO IND PVT LTD NAVHIND PAPERSAND PUB;DEMPO INDUSTRIES PVT LTD,DEMPO INDUSTRIES PRIVATE LIMITED,2,2000000,509,7315678
L01111DL1993PLC052845,KRBL LIMITED,KRBL LTD,KRBL LIMITED,1,2000000,691,3428540
U29253TG2012PTC082276,RAMESH KRISHNA ENGINEERS PRIVATE LIMITED,RAMESH KRISHNA ENGINEERS PRIVATE LIMITED,RAMESH KRISHNA ENGINEERS PRIVATE LIMITED,1,2000000,847,6458726
AAR-6257,NATURAL RESIDENCY LLP,NATURAL RESIDENCY LLP,NATURAL RESIDENCY LLP,1,2000000,1,6405134
U20211AS1994PTC011846,KAMLANG SAW AND VENEER MILLS PVT LTD,KAMLANG SAW & VENEER MILLS PVT LTD,KAMLANG SAW AND VENEER MILLS PVT LTD,1,2000000,78,7601204
AAB-2171,SUDSAR BUILDSPACE LLP,SUDSAR BUILDSPACE LLP,SUDSAR BUILDSPACE LLP,1,2000000,1,6405134
U15421PN2012PLC142602,SOPANRAO BALKRISHNA DHASAL AGRO PRODUCTS LIMITED,SOPANRAO BALKRISHNA DHASAL AGRO PRODUCTS LIMITED,SOPANRAO BALKRISHNA DHASAL AGRO PRODUCTS LIMITED,1,2000000,300,7905165
AAF-6412,HIREHALLI SOLAR POWER PROJECT LLP,HIREHALLI SOLAR POWER PROJECT LLP,HIREHALLI SOLAR POWER PROJECT LLP,1,2000000,300,7905165
U51909WB2009PTC132795,DAFFODIL GOODS PRIVATE LIMITED,DAFFODIL GOODS PRIVATE LIMITED,DAFFODIL GOODS PRIVATE LIMITED,1,2000000,1,5899230
AAG-1035,CHIKKAHALLI SOLAR POWER PROJECT LLP,CHIKKAHALLI SOLAR POWER PROJECT LLP,CHIKKAHALLI SOLAR POWER PROJECT LLP,1,2000000,300,7905165
AAF-6294,MADAMAGERI SOLAR POWER PROJECT LLP,MADAMAGERI SOLAR POWER PROJECT LLP,MADAMAGERI SOLAR POWER PROJECT LLP,1,2000000,300,7905165
U70102WB2012PTC187893,FRESHBYTE BUILDTECH PRIVATE LIMITED,FRESHBYTE BUILDTECH PVT LTD,FRESHBYTE BUILDTECH PRIVATE LIMITED,1,2000000,1,6405134
U51909WB1985PTC039020,CHARISMA COMBINES PVT LTD,CHARISMA COMBINES PVTLTD,CHARISMA COMBINES PVT LTD,1,2000000,1,6405134
U51101WB2009PTC132762,"LILAC MERCHANDISE PRIVATE LIMITED
",LILAC MERCHANDISE PRIVATE LIMITED,"LILAC MERCHANDISE PRIVATE LIMITED
",1,2000000,1,5899230
U25199WB1972PTC028600,INDIAN VALVE (CALCUTTA) PVT LTD,INDIAN VALVE CALCUTTA PVT LTD,INDIAN VALVE (CALCUTTA) PVT LTD,1,2000000,1,6405134
AAO-3262,BM DEALERS LLP,BM DEALERS LLP,BM DEALERS LLP,1,2000000,1,6405134
U17214GJ2015PTC084022,RAMKRISHNA COTSPIN PRIVATE LIMITED,RAMKRISHNA COTSPIN PVT LTD,RAMKRISHNA COTSPIN PRIVATE LIMITED,1,1915000,1355,1023671
U17121GJ2007PTC050608,DHRUV COTTON PROCESSING PRIVATE LIMITED,DHRUV COTTON PROCESSING PVT LTD,DHRUV COTTON PROCESSING PRIVATE LIMITED,1,1915000,1355,1023671
U74992WB2008PTC124136,PERFECT INVESTMENT CONSULTANCY PRIVATE LIMITED.,PERFECT INVESTMENT CONSULTANCY PRIV,PERFECT INVESTMENT CONSULTANCY PRIVATE LIMITED.,1,1800000,1,5899230
U17120GJ2013PTC077507,RAGHAV COTSPIN PRIVATE LIMITED,RAGHAV COTSPIN PRIVATE LIMITED,RAGHAV COTSPIN PRIVATE LIMITED,1,1504000,1355,1023671
U17122WB2009PTC139272,SALASAR SAREES PRIVATE LIMITED,SALASAR SAREES PVT LTD,SALASAR SAREES PRIVATE LIMITED,1,1500000,1,6405134
AAA-3434,SKY WORLD DEVELOPERS LLP,SKYWORLD DEVELOPERS LLP,SKY WORLD DEVELOPERS LLP,1,1500000,78,7601204
U51909WB1994PTC066866,HIMANGA MERCANTILES PVT. LTD.,HIMANGA MERCANTILES PVT LTD,HIMANGA MERCANTILES PVT. LTD.,1,1500000,1,5898161
L25111TN1960PLC004306,MRF LIMITED,M R F LIMITED,MRF LIMITED,1,1500000,800,7273126
AAJ-7020,MYRIAD DEVELOPERS LLP,MYRIAD DEVELOPERS,MYRIAD DEVELOPERS LLP,1,1500000,78,7601204
U51219GJ2012PTC072344,SUSTAINABLE SPINNING AND COMMODITIES PRIVATE LIMITED,SUSTAINABLE SPINNING AND COMMODITIES PVT LTD,SUSTAINABLE SPINNING AND COMMODITIES PRIVATE LIMITED,1,1450000,1355,8413274
U17120GJ2015PTC084477,SHINE COT-SPIN PRIVATE LIMITED,SHINE COTSPIN PVT LTD,SHINE COT-SPIN PRIVATE LIMITED,1,1368000,1355,1023671
U05005TG1995PLC021217,OCEAN SPARKLE LIMITED,OCEAN SPARKLE LTD,OCEAN SPARKLE LIMITED,1,1000000,847,8424020
U99999DL2001PLC110396,INDIA EXPOSITION MART LTD,INDIA EXPOSITION MART LTD,INDIA EXPOSITION MART LTD,1,1000000,691,8212066
U72200DL1994PTC333197,LEPTON SOFTWARE EXPORT & RESEARCH PRIVATE LIMITED,LEPTON SOFTWARE EXPORT AND RESEARCH PRIVATE LTD,LEPTON SOFTWARE EXPORT & RESEARCH PRIVATE LIMITED,1,1000000,691,3428540
U15400DL2008PTC185245,GPC FOODS PRIVATE LIMITED,GPC FOODS PRIVATE LIMITED,GPC FOODS PRIVATE LIMITED,1,1000000,628,5809436
AAO-0488,B M A MERCHANDISE LLP,B M A MERCHANDISE LLP,B M A MERCHANDISE LLP,1,1000000,1,6405134
AAO-7755,TULIP RESIDENCY LLP,TULIP RESIDENCY LLP,TULIP RESIDENCY LLP,1,1000000,1,6405134
U52599KL1995PLC008606,GEOJIT INVESTMENT SERVICES LIMITED,GEOJIT INVESTMENT SERVICES LTD,GEOJIT INVESTMENT SERVICES LIMITED,1,1000000,941,7270860
AAC-2213,GLOWING FERN HIGHRISE LLP,GLOWING FERN HIGHRISE LLP,GLOWING FERN HIGHRISE LLP,1,1000000,1,6405134
U70101WB1995PTC073890,RAVLON PROPERTIES PVT.LTD.,RAVLON PROPERTIES PVT LTD.,RAVLON PROPERTIES PVT.LTD.,1,1000000,1,6405134
AAH-0395,UTSAV ENCLAVE LLP,UTSAV ENCLAVE LLP,UTSAV ENCLAVE LLP,1,1000000,1,6405134
AAS-2389,MIRANIA COMPLEX LLP,MIRANIA COMPLEX LLP,MIRANIA COMPLEX LLP,1,1000000,1,6405134
U51909RJ2018PTC061166,AVIGHNA MEDITECH SOLUTIONS PRIVATE LIMITED,AVIGHNA MEDITECH SOLUTIONS PVT LTD,AVIGHNA MEDITECH SOLUTIONS PRIVATE LIMITED,1,1000000,656,1013030
U72200WB2000PTC091478,BMW INFOTECH PRIVATE LIMITED,BMW INFOTECH PRIVATE LIMITED,BMW INFOTECH PRIVATE LIMITED,1,900000,1,6405134
U99999MH1976PTC019360,PREMIER PEN AND PLASTICS INDUSTRIES PRIVATE LIMITED,PREMIER PLASTIC INDUSTRIES,PREMIER PEN AND PLASTICS INDUSTRIES PRIVATE LIMITED,1,900000,847,6458726
U51109WB1996PTC077621,KAMNA COMMERCIAL PVT LTD,KAMNA COMMERCIAL PRIVATE LIMITED,KAMNA COMMERCIAL PVT LTD,1,500000,1,6405134
U28997MH1995PLC085294,R R KABEL LIMITED,R R KABEL LIMITED,R R KABEL LIMITED,1,200000,1355,1023671
L74999MH1957PLC010975,GRAUER AND WEIL (INDIA) LIMITED,GRAUER AMP WEIL INDIA LIMITED,GRAUER AND WEIL (INDIA) LIMITED,1,100000,300,4180496
U08012WB1996PTC134064,ADWITA FINVEST PRIVATE LIMITED,ADWITA FINVEST PRIVATE LIMITED,ADWITA FINVEST PRIVATE LIMITED,1,1000,1,6405134
