Year,State_UT,State_UT_Raw,Row_Type,Crime_Head_Standardized,Crime_Head_Raw,Is_Detailed_Subcategory,Count
2001,All India (Total),All India,Aggregate,Assault on Women with Intent to Outrage Modesty,ASSAULT ON WOMEN WITH INTENT TO OUTRAGE HER MODESTY,FALSE,34124
2001,All India (Total),All India,Aggregate,Cruelty by Husband or Relatives,CRUELTY BY HUSBAND OR RELATIVES,FALSE,49170
2001,All India (Total),ALL INDIA,Aggregate,Dowry Deaths,DOWRY DEATH,FALSE,6851
2001,All India (Total),All India,Aggregate,Immoral Traffic (Prevention) Act,IMMORAL TRAFFIC(PREVENTION)ACT,FALSE,8796
2001,All India (Total),All India,Aggregate,Indecent Representation of Women (Prevention) Act,INDECENT REPRESENTATION OF WOMEN(PREVENTION)ACT,FALSE,1052
2001,All India (Total),All India,Aggregate,Insult to Modesty of Women,INSULT TO THE MODESTY OF WOMEN,FALSE,9746
2001,All India (Total),ALL INDIA K&A,Aggregate,Kidnapping & Abduction of Women,KIDNAPPING & ABDUCTION,FALSE,14645
2001,All India (Total),All India,Aggregate,Rape,RAPE,FALSE,16075
2001,All India (Total),TOTAL Crime against Women,Aggregate,Total Crimes against Women,TOTAL CRIMES AGAINST WOMEN,FALSE,143795
2001,Andaman & Nicobar Islands,A&N Islands,State/UT,Assault on Women with Intent to Outrage Modesty,ASSAULT ON WOMEN WITH INTENT TO OUTRAGE HER MODESTY,FALSE,19
2001,Andaman & Nicobar Islands,A&N Islands,State/UT,Cruelty by Husband or Relatives,CRUELTY BY HUSBAND OR RELATIVES,FALSE,9
2001,Andaman & Nicobar Islands,A&N Islands,State/UT,Dowry Deaths,DOWRY DEATH,FALSE,0
2001,Andaman & Nicobar Islands,A&N Islands,State/UT,Immoral Traffic (Prevention) Act,IMMORAL TRAFFIC(PREVENTION)ACT,FALSE,0
2001,Andaman & Nicobar Islands,A&N Islands,State/UT,Indecent Representation of Women (Prevention) Act,INDECENT REPRESENTATION OF WOMEN(PREVENTION)ACT,FALSE,0
2001,Andaman & Nicobar Islands,A&N Islands,State/UT,Insult to Modesty of Women,INSULT TO THE MODESTY OF WOMEN,FALSE,1
2001,Andaman & Nicobar Islands,A&N Islands,State/UT,Kidnapping & Abduction of Women,KIDNAPPING & ABDUCTION,FALSE,2
2001,Andaman & Nicobar Islands,A&N Islands,State/UT,Rape,RAPE,FALSE,3
2001,Andaman & Nicobar Islands,A&N Islands,State/UT,Total Crimes against Women,TOTAL CRIMES AGAINST WOMEN,FALSE,34
2001,Andhra Pradesh,Andhra Pradesh,State/UT,Assault on Women with Intent to Outrage Modesty,ASSAULT ON WOMEN WITH INTENT TO OUTRAGE HER MODESTY,FALSE,3544
2001,Andhra Pradesh,Andhra Pradesh,State/UT,Cruelty by Husband or Relatives,CRUELTY BY HUSBAND OR RELATIVES,FALSE,5791
2001,Andhra Pradesh,Andhra Pradesh,State/UT,Dowry Deaths,DOWRY DEATH,FALSE,420
2001,Andhra Pradesh,Andhra Pradesh,State/UT,Immoral Traffic (Prevention) Act,IMMORAL TRAFFIC(PREVENTION)ACT,FALSE,1332
2001,Andhra Pradesh,Andhra Pradesh,State/UT,Indecent Representation of Women (Prevention) Act,INDECENT REPRESENTATION OF WOMEN(PREVENTION)ACT,FALSE,925
2001,Andhra Pradesh,Andhra Pradesh,State/UT,Insult to Modesty of Women,INSULT TO THE MODESTY OF WOMEN,FALSE,2271
2001,Andhra Pradesh,Andhra Pradesh,State/UT,Kidnapping & Abduction of Women,KIDNAPPING & ABDUCTION,FALSE,765
2001,Andhra Pradesh,Andhra Pradesh,State/UT,Rape,RAPE,FALSE,871
2001,Andhra Pradesh,Andhra Pradesh,State/UT,Total Crimes against Women,TOTAL CRIMES AGAINST WOMEN,FALSE,16477
2001,Arunachal Pradesh,Arunachal Pradesh,State/UT,Assault on Women with Intent to Outrage Modesty,ASSAULT ON WOMEN WITH INTENT TO OUTRAGE HER MODESTY,FALSE,78
2001,Arunachal Pradesh,Arunachal Pradesh,State/UT,Cruelty by Husband or Relatives,CRUELTY BY HUSBAND OR RELATIVES,FALSE,11
2001,Arunachal Pradesh,Arunachal Pradesh,State/UT,Dowry Deaths,DOWRY DEATH,FALSE,0
2001,Arunachal Pradesh,Arunachal Pradesh,State/UT,Immoral Traffic (Prevention) Act,IMMORAL TRAFFIC(PREVENTION)ACT,FALSE,0
2001,Arunachal Pradesh,Arunachal Pradesh,State/UT,Indecent Representation of Women (Prevention) Act,INDECENT REPRESENTATION OF WOMEN(PREVENTION)ACT,FALSE,0
2001,Arunachal Pradesh,Arunachal Pradesh,State/UT,Insult to Modesty of Women,INSULT TO THE MODESTY OF WOMEN,FALSE,3
2001,Arunachal Pradesh,Arunachal Pradesh,State/UT,Kidnapping & Abduction of Women,KIDNAPPING & ABDUCTION,FALSE,55
2001,Arunachal Pradesh,Arunachal Pradesh,State/UT,Rape,RAPE,FALSE,33
2001,Arunachal Pradesh,Arunachal Pradesh,State/UT,Total Crimes against Women,TOTAL CRIMES AGAINST WOMEN,FALSE,180
2001,Assam,Assam,State/UT,Assault on Women with Intent to Outrage Modesty,ASSAULT ON WOMEN WITH INTENT TO OUTRAGE HER MODESTY,FALSE,850
2001,Assam,Assam,State/UT,Cruelty by Husband or Relatives,CRUELTY BY HUSBAND OR RELATIVES,FALSE,1248
2001,Assam,Assam,State/UT,Dowry Deaths,DOWRY DEATH,FALSE,59
2001,Assam,Assam,State/UT,Immoral Traffic (Prevention) Act,IMMORAL TRAFFIC(PREVENTION)ACT,FALSE,6
2001,Assam,Assam,State/UT,Indecent Representation of Women (Prevention) Act,INDECENT REPRESENTATION OF WOMEN(PREVENTION)ACT,FALSE,10
2001,Assam,Assam,State/UT,Insult to Modesty of Women,INSULT TO THE MODESTY OF WOMEN,FALSE,4
2001,Assam,Assam,State/UT,Kidnapping & Abduction of Women,KIDNAPPING & ABDUCTION,FALSE,1070
2001,Assam,Assam,State/UT,Rape,RAPE,FALSE,817
2001,Assam,Assam,State/UT,Total Crimes against Women,TOTAL CRIMES AGAINST WOMEN,FALSE,4243
2001,Bihar,Bihar,State/UT,Assault on Women with Intent to Outrage Modesty,ASSAULT ON WOMEN WITH INTENT TO OUTRAGE HER MODESTY,FALSE,562
2001,Bihar,Bihar,State/UT,Cruelty by Husband or Relatives,CRUELTY BY HUSBAND OR RELATIVES,FALSE,1558
2001,Bihar,Bihar,State/UT,Dowry Deaths,DOWRY DEATH,FALSE,859
2001,Bihar,Bihar,State/UT,Immoral Traffic (Prevention) Act,IMMORAL TRAFFIC(PREVENTION)ACT,FALSE,29
2001,Bihar,Bihar,State/UT,Indecent Representation of Women (Prevention) Act,INDECENT REPRESENTATION OF WOMEN(PREVENTION)ACT,FALSE,3
2001,Bihar,Bihar,State/UT,Insult to Modesty of Women,INSULT TO THE MODESTY OF WOMEN,FALSE,21
2001,Bihar,Bihar,State/UT,Kidnapping & Abduction of Women,KIDNAPPING & ABDUCTION,FALSE,518
2001,Bihar,Bihar,State/UT,Rape,RAPE,FALSE,888
2001,Bihar,Bihar,State/UT,Total Crimes against Women,TOTAL CRIMES AGAINST WOMEN,FALSE,5356
2001,Chandigarh,Chandigarh,State/UT,Assault on Women with Intent to Outrage Modesty,ASSAULT ON WOMEN WITH INTENT TO OUTRAGE HER MODESTY,FALSE,24
2001,Chandigarh,Chandigarh,State/UT,Cruelty by Husband or Relatives,CRUELTY BY HUSBAND OR RELATIVES,FALSE,36
2001,Chandigarh,Chandigarh,State/UT,Dowry Deaths,DOWRY DEATH,FALSE,3
2001,Chandigarh,Chandigarh,State/UT,Immoral Traffic (Prevention) Act,IMMORAL TRAFFIC(PREVENTION)ACT,FALSE,3
2001,Chandigarh,Chandigarh,State/UT,Indecent Representation of Women (Prevention) Act,INDECENT REPRESENTATION OF WOMEN(PREVENTION)ACT,FALSE,1
2001,Chandigarh,Chandigarh,State/UT,Insult to Modesty of Women,INSULT TO THE MODESTY OF WOMEN,FALSE,15
2001,Chandigarh,Chandigarh,State/UT,Kidnapping & Abduction of Women,KIDNAPPING & ABDUCTION,FALSE,50
2001,Chandigarh,Chandigarh,State/UT,Rape,RAPE,FALSE,18
2001,Chandigarh,Chandigarh,State/UT,Total Crimes against Women,TOTAL CRIMES AGAINST WOMEN,FALSE,150
2001,Chhattisgarh,Chhattisgarh,State/UT,Assault on Women with Intent to Outrage Modesty,ASSAULT ON WOMEN WITH INTENT TO OUTRAGE HER MODESTY,FALSE,1763
2001,Chhattisgarh,Chhattisgarh,State/UT,Cruelty by Husband or Relatives,CRUELTY BY HUSBAND OR RELATIVES,FALSE,840
2001,Chhattisgarh,Chhattisgarh,State/UT,Dowry Deaths,DOWRY DEATH,FALSE,70
2001,Chhattisgarh,Chhattisgarh,State/UT,Immoral Traffic (Prevention) Act,IMMORAL TRAFFIC(PREVENTION)ACT,FALSE,12
2001,Chhattisgarh,Chhattisgarh,State/UT,Indecent Representation of Women (Prevention) Act,INDECENT REPRESENTATION OF WOMEN(PREVENTION)ACT,FALSE,0
2001,Chhattisgarh,Chhattisgarh,State/UT,Insult to Modesty of Women,INSULT TO THE MODESTY OF WOMEN,FALSE,161
2001,Chhattisgarh,Chhattisgarh,State/UT,Kidnapping & Abduction of Women,KIDNAPPING & ABDUCTION,FALSE,171
2001,Chhattisgarh,Chhattisgarh,State/UT,Rape,RAPE,FALSE,959
2001,Chhattisgarh,Chhattisgarh,State/UT,Total Crimes against Women,TOTAL CRIMES AGAINST WOMEN,FALSE,3989
2001,"Dadra & Nagar Haveli (pre-2020, separate UT)",D&N Haveli,State/UT,Assault on Women with Intent to Outrage Modesty,ASSAULT ON WOMEN WITH INTENT TO OUTRAGE HER MODESTY,FALSE,7
2001,"Dadra & Nagar Haveli (pre-2020, separate UT)",D&N Haveli,State/UT,Cruelty by Husband or Relatives,CRUELTY BY HUSBAND OR RELATIVES,FALSE,4
2001,"Dadra & Nagar Haveli (pre-2020, separate UT)",D&N Haveli,State/UT,Dowry Deaths,DOWRY DEATH,FALSE,0
2001,"Dadra & Nagar Haveli (pre-2020, separate UT)",D&N Haveli,State/UT,Immoral Traffic (Prevention) Act,IMMORAL TRAFFIC(PREVENTION)ACT,FALSE,0
2001,"Dadra & Nagar Haveli (pre-2020, separate UT)",D&N Haveli,State/UT,Indecent Representation of Women (Prevention) Act,INDECENT REPRESENTATION OF WOMEN(PREVENTION)ACT,FALSE,0
2001,"Dadra & Nagar Haveli (pre-2020, separate UT)",D&N Haveli,State/UT,Insult to Modesty of Women,INSULT TO THE MODESTY OF WOMEN,FALSE,0
2001,"Dadra & Nagar Haveli (pre-2020, separate UT)",D&N Haveli,State/UT,Kidnapping & Abduction of Women,KIDNAPPING & ABDUCTION,FALSE,2
2001,"Dadra & Nagar Haveli (pre-2020, separate UT)",D&N Haveli,State/UT,Rape,RAPE,FALSE,6
2001,"Dadra & Nagar Haveli (pre-2020, separate UT)",D&N Haveli,State/UT,Total Crimes against Women,TOTAL CRIMES AGAINST WOMEN,FALSE,19
2001,"Daman & Diu (pre-2020, separate UT)",Daman & Diu,State/UT,Assault on Women with Intent to Outrage Modesty,ASSAULT ON WOMEN WITH INTENT TO OUTRAGE HER MODESTY,FALSE,0
2001,"Daman & Diu (pre-2020, separate UT)",Daman & Diu,State/UT,Cruelty by Husband or Relatives,CRUELTY BY HUSBAND OR RELATIVES,FALSE,4
2001,"Daman & Diu (pre-2020, separate UT)",Daman & Diu,State/UT,Dowry Deaths,DOWRY DEATH,FALSE,0
2001,"Daman & Diu (pre-2020, separate UT)",Daman & Diu,State/UT,Immoral Traffic (Prevention) Act,IMMORAL TRAFFIC(PREVENTION)ACT,FALSE,3
2001,"Daman & Diu (pre-2020, separate UT)",Daman & Diu,State/UT,Indecent Representation of Women (Prevention) Act,INDECENT REPRESENTATION OF WOMEN(PREVENTION)ACT,FALSE,0
2001,"Daman & Diu (pre-2020, separate UT)",Daman & Diu,State/UT,Insult to Modesty of Women,INSULT TO THE MODESTY OF WOMEN,FALSE,0
2001,"Daman & Diu (pre-2020, separate UT)",Daman & Diu,State/UT,Kidnapping & Abduction of Women,KIDNAPPING & ABDUCTION,FALSE,3
2001,"Daman & Diu (pre-2020, separate UT)",Daman & Diu,State/UT,Rape,RAPE,FALSE,0
2001,"Daman & Diu (pre-2020, separate UT)",Daman & Diu,State/UT,Total Crimes against Women,TOTAL CRIMES AGAINST WOMEN,FALSE,10
2001,Delhi,Delhi UT,State/UT,Assault on Women with Intent to Outrage Modesty,ASSAULT ON WOMEN WITH INTENT TO OUTRAGE HER MODESTY,FALSE,502
2001,Delhi,Delhi UT,State/UT,Cruelty by Husband or Relatives,CRUELTY BY HUSBAND OR RELATIVES,FALSE,138
2001,Delhi,Delhi UT,State/UT,Dowry Deaths,DOWRY DEATH,FALSE,113
2001,Delhi,Delhi UT,State/UT,Immoral Traffic (Prevention) Act,IMMORAL TRAFFIC(PREVENTION)ACT,FALSE,95
2001,Delhi,Delhi UT,State/UT,Indecent Representation of Women (Prevention) Act,INDECENT REPRESENTATION OF WOMEN(PREVENTION)ACT,FALSE,1
2001,Delhi,Delhi UT,State/UT,Insult to Modesty of Women,INSULT TO THE MODESTY OF WOMEN,FALSE,90
2001,Delhi,Delhi UT,State/UT,Kidnapping & Abduction of Women,KIDNAPPING & ABDUCTION,FALSE,964
2001,Delhi,Delhi UT,State/UT,Rape,RAPE,FALSE,381
2001,Delhi,Delhi UT,State/UT,Total Crimes against Women,TOTAL CRIMES AGAINST WOMEN,FALSE,2291
2001,Goa,Goa,State/UT,Assault on Women with Intent to Outrage Modesty,ASSAULT ON WOMEN WITH INTENT TO OUTRAGE HER MODESTY,FALSE,17
2001,Goa,Goa,State/UT,Cruelty by Husband or Relatives,CRUELTY BY HUSBAND OR RELATIVES,FALSE,11
2001,Goa,Goa,State/UT,Dowry Deaths,DOWRY DEATH,FALSE,2
2001,Goa,Goa,State/UT,Immoral Traffic (Prevention) Act,IMMORAL TRAFFIC(PREVENTION)ACT,FALSE,28
2001,Goa,Goa,State/UT,Indecent Representation of Women (Prevention) Act,INDECENT REPRESENTATION OF WOMEN(PREVENTION)ACT,FALSE,0
2001,Goa,Goa,State/UT,Insult to Modesty of Women,INSULT TO THE MODESTY OF WOMEN,FALSE,7
2001,Goa,Goa,State/UT,Kidnapping & Abduction of Women,KIDNAPPING & ABDUCTION,FALSE,6
2001,Goa,Goa,State/UT,Rape,RAPE,FALSE,12
2001,Goa,Goa,State/UT,Total Crimes against Women,TOTAL CRIMES AGAINST WOMEN,FALSE,83
2001,Gujarat,Gujarat,State/UT,Assault on Women with Intent to Outrage Modesty,ASSAULT ON WOMEN WITH INTENT TO OUTRAGE HER MODESTY,FALSE,756
2001,Gujarat,Gujarat,State/UT,Cruelty by Husband or Relatives,CRUELTY BY HUSBAND OR RELATIVES,FALSE,3667
2001,Gujarat,Gujarat,State/UT,Dowry Deaths,DOWRY DEATH,FALSE,67
2001,Gujarat,Gujarat,State/UT,Immoral Traffic (Prevention) Act,IMMORAL TRAFFIC(PREVENTION)ACT,FALSE,61
2001,Gujarat,Gujarat,State/UT,Indecent Representation of Women (Prevention) Act,INDECENT REPRESENTATION OF WOMEN(PREVENTION)ACT,FALSE,0
2001,Gujarat,Gujarat,State/UT,Insult to Modesty of Women,INSULT TO THE MODESTY OF WOMEN,FALSE,111
2001,Gujarat,Gujarat,State/UT,Kidnapping & Abduction of Women,KIDNAPPING & ABDUCTION,FALSE,857
2001,Gujarat,Gujarat,State/UT,Rape,RAPE,FALSE,286
2001,Gujarat,Gujarat,State/UT,Total Crimes against Women,TOTAL CRIMES AGAINST WOMEN,FALSE,5805
2001,Haryana,Haryana,State/UT,Assault on Women with Intent to Outrage Modesty,ASSAULT ON WOMEN WITH INTENT TO OUTRAGE HER MODESTY,FALSE,478
2001,Haryana,Haryana,State/UT,Cruelty by Husband or Relatives,CRUELTY BY HUSBAND OR RELATIVES,FALSE,1513
2001,Haryana,Haryana,State/UT,Dowry Deaths,DOWRY DEATH,FALSE,285
2001,Haryana,Haryana,State/UT,Immoral Traffic (Prevention) Act,IMMORAL TRAFFIC(PREVENTION)ACT,FALSE,21
2001,Haryana,Haryana,State/UT,Indecent Representation of Women (Prevention) Act,INDECENT REPRESENTATION OF WOMEN(PREVENTION)ACT,FALSE,0
2001,Haryana,Haryana,State/UT,Insult to Modesty of Women,INSULT TO THE MODESTY OF WOMEN,FALSE,401
2001,Haryana,Haryana,State/UT,Kidnapping & Abduction of Women,KIDNAPPING & ABDUCTION,FALSE,297
2001,Haryana,Haryana,State/UT,Rape,RAPE,FALSE,398
2001,Haryana,Haryana,State/UT,Total Crimes against Women,TOTAL CRIMES AGAINST WOMEN,FALSE,3393
2001,Himachal Pradesh,Himachal Pradesh,State/UT,Assault on Women with Intent to Outrage Modesty,ASSAULT ON WOMEN WITH INTENT TO OUTRAGE HER MODESTY,FALSE,310
2001,Himachal Pradesh,Himachal Pradesh,State/UT,Cruelty by Husband or Relatives,CRUELTY BY HUSBAND OR RELATIVES,FALSE,317
2001,Himachal Pradesh,Himachal Pradesh,State/UT,Dowry Deaths,DOWRY DEATH,FALSE,10
2001,Himachal Pradesh,Himachal Pradesh,State/UT,Immoral Traffic (Prevention) Act,IMMORAL TRAFFIC(PREVENTION)ACT,FALSE,1
2001,Himachal Pradesh,Himachal Pradesh,State/UT,Indecent Representation of Women (Prevention) Act,INDECENT REPRESENTATION OF WOMEN(PREVENTION)ACT,FALSE,0
2001,Himachal Pradesh,Himachal Pradesh,State/UT,Insult to Modesty of Women,INSULT TO THE MODESTY OF WOMEN,FALSE,14
2001,Himachal Pradesh,Himachal Pradesh,State/UT,Kidnapping & Abduction of Women,KIDNAPPING & ABDUCTION,FALSE,105
2001,Himachal Pradesh,Himachal Pradesh,State/UT,Rape,RAPE,FALSE,124
2001,Himachal Pradesh,Himachal Pradesh,State/UT,Total Crimes against Women,TOTAL CRIMES AGAINST WOMEN,FALSE,890
2001,Jammu & Kashmir,Jammu & Kashmir,State/UT,Assault on Women with Intent to Outrage Modesty,ASSAULT ON WOMEN WITH INTENT TO OUTRAGE HER MODESTY,FALSE,622
2001,Jammu & Kashmir,Jammu & Kashmir,State/UT,Cruelty by Husband or Relatives,CRUELTY BY HUSBAND OR RELATIVES,FALSE,50
2001,Jammu & Kashmir,Jammu & Kashmir,State/UT,Dowry Deaths,DOWRY DEATH,FALSE,13
2001,Jammu & Kashmir,Jammu & Kashmir,State/UT,Immoral Traffic (Prevention) Act,IMMORAL TRAFFIC(PREVENTION)ACT,FALSE,7
2001,Jammu & Kashmir,Jammu & Kashmir,State/UT,Indecent Representation of Women (Prevention) Act,INDECENT REPRESENTATION OF WOMEN(PREVENTION)ACT,FALSE,0
2001,Jammu & Kashmir,Jammu & Kashmir,State/UT,Insult to Modesty of Women,INSULT TO THE MODESTY OF WOMEN,FALSE,288
2001,Jammu & Kashmir,Jammu & Kashmir,State/UT,Kidnapping & Abduction of Women,KIDNAPPING & ABDUCTION,FALSE,504
2001,Jammu & Kashmir,Jammu & Kashmir,State/UT,Rape,RAPE,FALSE,169
2001,Jammu & Kashmir,Jammu & Kashmir,State/UT,Total Crimes against Women,TOTAL CRIMES AGAINST WOMEN,FALSE,1656
2001,Jharkhand,Jharkhand,State/UT,Assault on Women with Intent to Outrage Modesty,ASSAULT ON WOMEN WITH INTENT TO OUTRAGE HER MODESTY,FALSE,297
2001,Jharkhand,Jharkhand,State/UT,Cruelty by Husband or Relatives,CRUELTY BY HUSBAND OR RELATIVES,FALSE,484
2001,Jharkhand,Jharkhand,State/UT,Dowry Deaths,DOWRY DEATH,FALSE,217
2001,Jharkhand,Jharkhand,State/UT,Immoral Traffic (Prevention) Act,IMMORAL TRAFFIC(PREVENTION)ACT,FALSE,3
2001,Jharkhand,Jharkhand,State/UT,Indecent Representation of Women (Prevention) Act,INDECENT REPRESENTATION OF WOMEN(PREVENTION)ACT,FALSE,0
2001,Jharkhand,Jharkhand,State/UT,Insult to Modesty of Women,INSULT TO THE MODESTY OF WOMEN,FALSE,5
2001,Jharkhand,Jharkhand,State/UT,Kidnapping & Abduction of Women,KIDNAPPING & ABDUCTION,FALSE,279
2001,Jharkhand,Jharkhand,State/UT,Rape,RAPE,FALSE,567
2001,Jharkhand,Jharkhand,State/UT,Total Crimes against Women,TOTAL CRIMES AGAINST WOMEN,FALSE,2229
2001,Karnataka,Karnataka,State/UT,Assault on Women with Intent to Outrage Modesty,ASSAULT ON WOMEN WITH INTENT TO OUTRAGE HER MODESTY,FALSE,1665
2001,Karnataka,Karnataka,State/UT,Cruelty by Husband or Relatives,CRUELTY BY HUSBAND OR RELATIVES,FALSE,1755
2001,Karnataka,Karnataka,State/UT,Dowry Deaths,DOWRY DEATH,FALSE,220
2001,Karnataka,Karnataka,State/UT,Immoral Traffic (Prevention) Act,IMMORAL TRAFFIC(PREVENTION)ACT,FALSE,1356
2001,Karnataka,Karnataka,State/UT,Indecent Representation of Women (Prevention) Act,INDECENT REPRESENTATION OF WOMEN(PREVENTION)ACT,FALSE,0
2001,Karnataka,Karnataka,State/UT,Insult to Modesty of Women,INSULT TO THE MODESTY OF WOMEN,FALSE,81
2001,Karnataka,Karnataka,State/UT,Kidnapping & Abduction of Women,KIDNAPPING & ABDUCTION,FALSE,271
2001,Karnataka,Karnataka,State/UT,Rape,RAPE,FALSE,293
2001,Karnataka,Karnataka,State/UT,Total Crimes against Women,TOTAL CRIMES AGAINST WOMEN,FALSE,6002
2001,Kerala,Kerala,State/UT,Assault on Women with Intent to Outrage Modesty,ASSAULT ON WOMEN WITH INTENT TO OUTRAGE HER MODESTY,FALSE,1942
2001,Kerala,Kerala,State/UT,Cruelty by Husband or Relatives,CRUELTY BY HUSBAND OR RELATIVES,FALSE,2561
2001,Kerala,Kerala,State/UT,Dowry Deaths,DOWRY DEATH,FALSE,27
2001,Kerala,Kerala,State/UT,Immoral Traffic (Prevention) Act,IMMORAL TRAFFIC(PREVENTION)ACT,FALSE,132
2001,Kerala,Kerala,State/UT,Indecent Representation of Women (Prevention) Act,INDECENT REPRESENTATION OF WOMEN(PREVENTION)ACT,FALSE,42
2001,Kerala,Kerala,State/UT,Insult to Modesty of Women,INSULT TO THE MODESTY OF WOMEN,FALSE,81
2001,Kerala,Kerala,State/UT,Kidnapping & Abduction of Women,KIDNAPPING & ABDUCTION,FALSE,97
2001,Kerala,Kerala,State/UT,Rape,RAPE,FALSE,562
2001,Kerala,Kerala,State/UT,Total Crimes against Women,TOTAL CRIMES AGAINST WOMEN,FALSE,5450
2001,Lakshadweep,Lakshadweep,State/UT,Assault on Women with Intent to Outrage Modesty,ASSAULT ON WOMEN WITH INTENT TO OUTRAGE HER MODESTY,FALSE,0
2001,Lakshadweep,Lakshadweep,State/UT,Cruelty by Husband or Relatives,CRUELTY BY HUSBAND OR RELATIVES,FALSE,0
2001,Lakshadweep,Lakshadweep,State/UT,Dowry Deaths,DOWRY DEATH,FALSE,0
2001,Lakshadweep,Lakshadweep,State/UT,Immoral Traffic (Prevention) Act,IMMORAL TRAFFIC(PREVENTION)ACT,FALSE,0
2001,Lakshadweep,Lakshadweep,State/UT,Indecent Representation of Women (Prevention) Act,INDECENT REPRESENTATION OF WOMEN(PREVENTION)ACT,FALSE,0
2001,Lakshadweep,Lakshadweep,State/UT,Insult to Modesty of Women,INSULT TO THE MODESTY OF WOMEN,FALSE,0
2001,Lakshadweep,Lakshadweep,State/UT,Kidnapping & Abduction of Women,KIDNAPPING & ABDUCTION,FALSE,0
2001,Lakshadweep,Lakshadweep,State/UT,Rape,RAPE,FALSE,0
2001,Lakshadweep,Lakshadweep,State/UT,Total Crimes against Women,TOTAL CRIMES AGAINST WOMEN,FALSE,0
2001,Madhya Pradesh,Madhya Pradesh,State/UT,Assault on Women with Intent to Outrage Modesty,ASSAULT ON WOMEN WITH INTENT TO OUTRAGE HER MODESTY,FALSE,7063
2001,Madhya Pradesh,Madhya Pradesh,State/UT,Cruelty by Husband or Relatives,CRUELTY BY HUSBAND OR RELATIVES,FALSE,2562
2001,Madhya Pradesh,Madhya Pradesh,State/UT,Dowry Deaths,DOWRY DEATH,FALSE,609
2001,Madhya Pradesh,Madhya Pradesh,State/UT,Immoral Traffic (Prevention) Act,IMMORAL TRAFFIC(PREVENTION)ACT,FALSE,15
2001,Madhya Pradesh,Madhya Pradesh,State/UT,Indecent Representation of Women (Prevention) Act,INDECENT REPRESENTATION OF WOMEN(PREVENTION)ACT,FALSE,0
2001,Madhya Pradesh,Madhya Pradesh,State/UT,Insult to Modesty of Women,INSULT TO THE MODESTY OF WOMEN,FALSE,751
2001,Madhya Pradesh,Madhya Pradesh,State/UT,Kidnapping & Abduction of Women,KIDNAPPING & ABDUCTION,FALSE,668
2001,Madhya Pradesh,Madhya Pradesh,State/UT,Rape,RAPE,FALSE,2851
2001,Madhya Pradesh,Madhya Pradesh,State/UT,Total Crimes against Women,TOTAL CRIMES AGAINST WOMEN,FALSE,14549
2001,Maharashtra,Maharashtra,State/UT,Assault on Women with Intent to Outrage Modesty,ASSAULT ON WOMEN WITH INTENT TO OUTRAGE HER MODESTY,FALSE,2823
2001,Maharashtra,Maharashtra,State/UT,Cruelty by Husband or Relatives,CRUELTY BY HUSBAND OR RELATIVES,FALSE,6090
2001,Maharashtra,Maharashtra,State/UT,Dowry Deaths,DOWRY DEATH,FALSE,308
2001,Maharashtra,Maharashtra,State/UT,Immoral Traffic (Prevention) Act,IMMORAL TRAFFIC(PREVENTION)ACT,FALSE,233
2001,Maharashtra,Maharashtra,State/UT,Indecent Representation of Women (Prevention) Act,INDECENT REPRESENTATION OF WOMEN(PREVENTION)ACT,FALSE,9
2001,Maharashtra,Maharashtra,State/UT,Insult to Modesty of Women,INSULT TO THE MODESTY OF WOMEN,FALSE,1120
2001,Maharashtra,Maharashtra,State/UT,Kidnapping & Abduction of Women,KIDNAPPING & ABDUCTION,FALSE,611
2001,Maharashtra,Maharashtra,State/UT,Rape,RAPE,FALSE,1302
2001,Maharashtra,Maharashtra,State/UT,Total Crimes against Women,TOTAL CRIMES AGAINST WOMEN,FALSE,12524
2001,Manipur,Manipur,State/UT,Assault on Women with Intent to Outrage Modesty,ASSAULT ON WOMEN WITH INTENT TO OUTRAGE HER MODESTY,FALSE,21
2001,Manipur,Manipur,State/UT,Cruelty by Husband or Relatives,CRUELTY BY HUSBAND OR RELATIVES,FALSE,5
2001,Manipur,Manipur,State/UT,Dowry Deaths,DOWRY DEATH,FALSE,0
2001,Manipur,Manipur,State/UT,Immoral Traffic (Prevention) Act,IMMORAL TRAFFIC(PREVENTION)ACT,FALSE,4
2001,Manipur,Manipur,State/UT,Indecent Representation of Women (Prevention) Act,INDECENT REPRESENTATION OF WOMEN(PREVENTION)ACT,FALSE,0
2001,Manipur,Manipur,State/UT,Insult to Modesty of Women,INSULT TO THE MODESTY OF WOMEN,FALSE,0
2001,Manipur,Manipur,State/UT,Kidnapping & Abduction of Women,KIDNAPPING & ABDUCTION,FALSE,62
2001,Manipur,Manipur,State/UT,Rape,RAPE,FALSE,20
2001,Manipur,Manipur,State/UT,Total Crimes against Women,TOTAL CRIMES AGAINST WOMEN,FALSE,112
2001,Meghalaya,Meghalaya,State/UT,Assault on Women with Intent to Outrage Modesty,ASSAULT ON WOMEN WITH INTENT TO OUTRAGE HER MODESTY,FALSE,25
2001,Meghalaya,Meghalaya,State/UT,Cruelty by Husband or Relatives,CRUELTY BY HUSBAND OR RELATIVES,FALSE,4
2001,Meghalaya,Meghalaya,State/UT,Dowry Deaths,DOWRY DEATH,FALSE,0
2001,Meghalaya,Meghalaya,State/UT,Immoral Traffic (Prevention) Act,IMMORAL TRAFFIC(PREVENTION)ACT,FALSE,0
2001,Meghalaya,Meghalaya,State/UT,Indecent Representation of Women (Prevention) Act,INDECENT REPRESENTATION OF WOMEN(PREVENTION)ACT,FALSE,0
2001,Meghalaya,Meghalaya,State/UT,Insult to Modesty of Women,INSULT TO THE MODESTY OF WOMEN,FALSE,0
2001,Meghalaya,Meghalaya,State/UT,Kidnapping & Abduction of Women,KIDNAPPING & ABDUCTION,FALSE,11
2001,Meghalaya,Meghalaya,State/UT,Rape,RAPE,FALSE,26
2001,Meghalaya,Meghalaya,State/UT,Total Crimes against Women,TOTAL CRIMES AGAINST WOMEN,FALSE,66
2001,Mizoram,Mizoram,State/UT,Assault on Women with Intent to Outrage Modesty,ASSAULT ON WOMEN WITH INTENT TO OUTRAGE HER MODESTY,FALSE,52
2001,Mizoram,Mizoram,State/UT,Cruelty by Husband or Relatives,CRUELTY BY HUSBAND OR RELATIVES,FALSE,16
2001,Mizoram,Mizoram,State/UT,Dowry Deaths,DOWRY DEATH,FALSE,0
2001,Mizoram,Mizoram,State/UT,Immoral Traffic (Prevention) Act,IMMORAL TRAFFIC(PREVENTION)ACT,FALSE,2
2001,Mizoram,Mizoram,State/UT,Indecent Representation of Women (Prevention) Act,INDECENT REPRESENTATION OF WOMEN(PREVENTION)ACT,FALSE,0
2001,Mizoram,Mizoram,State/UT,Insult to Modesty of Women,INSULT TO THE MODESTY OF WOMEN,FALSE,0
2001,Mizoram,Mizoram,State/UT,Kidnapping & Abduction of Women,KIDNAPPING & ABDUCTION,FALSE,1
2001,Mizoram,Mizoram,State/UT,Rape,RAPE,FALSE,52
2001,Mizoram,Mizoram,State/UT,Total Crimes against Women,TOTAL CRIMES AGAINST WOMEN,FALSE,126
2001,Nagaland,Nagaland,State/UT,Assault on Women with Intent to Outrage Modesty,ASSAULT ON WOMEN WITH INTENT TO OUTRAGE HER MODESTY,FALSE,6
2001,Nagaland,Nagaland,State/UT,Cruelty by Husband or Relatives,CRUELTY BY HUSBAND OR RELATIVES,FALSE,0
2001,Nagaland,Nagaland,State/UT,Dowry Deaths,DOWRY DEATH,FALSE,0
2001,Nagaland,Nagaland,State/UT,Immoral Traffic (Prevention) Act,IMMORAL TRAFFIC(PREVENTION)ACT,FALSE,1
2001,Nagaland,Nagaland,State/UT,Indecent Representation of Women (Prevention) Act,INDECENT REPRESENTATION OF WOMEN(PREVENTION)ACT,FALSE,0
2001,Nagaland,Nagaland,State/UT,Insult to Modesty of Women,INSULT TO THE MODESTY OF WOMEN,FALSE,0
2001,Nagaland,Nagaland,State/UT,Kidnapping & Abduction of Women,KIDNAPPING & ABDUCTION,FALSE,6
2001,Nagaland,Nagaland,State/UT,Rape,RAPE,FALSE,17
2001,Nagaland,Nagaland,State/UT,Total Crimes against Women,TOTAL CRIMES AGAINST WOMEN,FALSE,30
2001,Odisha,Odisha,State/UT,Assault on Women with Intent to Outrage Modesty,ASSAULT ON WOMEN WITH INTENT TO OUTRAGE HER MODESTY,FALSE,1655
2001,Odisha,Odisha,State/UT,Cruelty by Husband or Relatives,CRUELTY BY HUSBAND OR RELATIVES,FALSE,1266
2001,Odisha,Odisha,State/UT,Dowry Deaths,DOWRY DEATH,FALSE,294
2001,Odisha,Odisha,State/UT,Immoral Traffic (Prevention) Act,IMMORAL TRAFFIC(PREVENTION)ACT,FALSE,24
2001,Odisha,Odisha,State/UT,Indecent Representation of Women (Prevention) Act,INDECENT REPRESENTATION OF WOMEN(PREVENTION)ACT,FALSE,0
2001,Odisha,Odisha,State/UT,Insult to Modesty of Women,INSULT TO THE MODESTY OF WOMEN,FALSE,458
2001,Odisha,Odisha,State/UT,Kidnapping & Abduction of Women,KIDNAPPING & ABDUCTION,FALSE,434
2001,Odisha,Odisha,State/UT,Rape,RAPE,FALSE,790
2001,Odisha,Odisha,State/UT,Total Crimes against Women,TOTAL CRIMES AGAINST WOMEN,FALSE,5357
2001,Puducherry,Puducherry,State/UT,Assault on Women with Intent to Outrage Modesty,ASSAULT ON WOMEN WITH INTENT TO OUTRAGE HER MODESTY,FALSE,35
2001,Puducherry,Puducherry,State/UT,Cruelty by Husband or Relatives,CRUELTY BY HUSBAND OR RELATIVES,FALSE,3
2001,Puducherry,Puducherry,State/UT,Dowry Deaths,DOWRY DEATH,FALSE,1
2001,Puducherry,Puducherry,State/UT,Immoral Traffic (Prevention) Act,IMMORAL TRAFFIC(PREVENTION)ACT,FALSE,39
2001,Puducherry,Puducherry,State/UT,Indecent Representation of Women (Prevention) Act,INDECENT REPRESENTATION OF WOMEN(PREVENTION)ACT,FALSE,0
2001,Puducherry,Puducherry,State/UT,Insult to Modesty of Women,INSULT TO THE MODESTY OF WOMEN,FALSE,27
2001,Puducherry,Puducherry,State/UT,Kidnapping & Abduction of Women,KIDNAPPING & ABDUCTION,FALSE,3
2001,Puducherry,Puducherry,State/UT,Rape,RAPE,FALSE,9
2001,Puducherry,Puducherry,State/UT,Total Crimes against Women,TOTAL CRIMES AGAINST WOMEN,FALSE,119
2001,Punjab,Punjab,State/UT,Assault on Women with Intent to Outrage Modesty,ASSAULT ON WOMEN WITH INTENT TO OUTRAGE HER MODESTY,FALSE,372
2001,Punjab,Punjab,State/UT,Cruelty by Husband or Relatives,CRUELTY BY HUSBAND OR RELATIVES,FALSE,1128
2001,Punjab,Punjab,State/UT,Dowry Deaths,DOWRY DEATH,FALSE,159
2001,Punjab,Punjab,State/UT,Immoral Traffic (Prevention) Act,IMMORAL TRAFFIC(PREVENTION)ACT,FALSE,32
2001,Punjab,Punjab,State/UT,Indecent Representation of Women (Prevention) Act,INDECENT REPRESENTATION OF WOMEN(PREVENTION)ACT,FALSE,1
2001,Punjab,Punjab,State/UT,Insult to Modesty of Women,INSULT TO THE MODESTY OF WOMEN,FALSE,47
2001,Punjab,Punjab,State/UT,Kidnapping & Abduction of Women,KIDNAPPING & ABDUCTION,FALSE,324
2001,Punjab,Punjab,State/UT,Rape,RAPE,FALSE,298
2001,Punjab,Punjab,State/UT,Total Crimes against Women,TOTAL CRIMES AGAINST WOMEN,FALSE,2361
2001,Rajasthan,Rajasthan,State/UT,Assault on Women with Intent to Outrage Modesty,ASSAULT ON WOMEN WITH INTENT TO OUTRAGE HER MODESTY,FALSE,2878
2001,Rajasthan,Rajasthan,State/UT,Cruelty by Husband or Relatives,CRUELTY BY HUSBAND OR RELATIVES,FALSE,5532
2001,Rajasthan,Rajasthan,State/UT,Dowry Deaths,DOWRY DEATH,FALSE,376
2001,Rajasthan,Rajasthan,State/UT,Immoral Traffic (Prevention) Act,IMMORAL TRAFFIC(PREVENTION)ACT,FALSE,68
2001,Rajasthan,Rajasthan,State/UT,Indecent Representation of Women (Prevention) Act,INDECENT REPRESENTATION OF WOMEN(PREVENTION)ACT,FALSE,46
2001,Rajasthan,Rajasthan,State/UT,Insult to Modesty of Women,INSULT TO THE MODESTY OF WOMEN,FALSE,56
2001,Rajasthan,Rajasthan,State/UT,Kidnapping & Abduction of Women,KIDNAPPING & ABDUCTION,FALSE,2165
2001,Rajasthan,Rajasthan,State/UT,Rape,RAPE,FALSE,1049
2001,Rajasthan,Rajasthan,State/UT,Total Crimes against Women,TOTAL CRIMES AGAINST WOMEN,FALSE,12175
2001,Sikkim,Sikkim,State/UT,Assault on Women with Intent to Outrage Modesty,ASSAULT ON WOMEN WITH INTENT TO OUTRAGE HER MODESTY,FALSE,0
2001,Sikkim,Sikkim,State/UT,Cruelty by Husband or Relatives,CRUELTY BY HUSBAND OR RELATIVES,FALSE,0
2001,Sikkim,Sikkim,State/UT,Dowry Deaths,DOWRY DEATH,FALSE,0
2001,Sikkim,Sikkim,State/UT,Immoral Traffic (Prevention) Act,IMMORAL TRAFFIC(PREVENTION)ACT,FALSE,0
2001,Sikkim,Sikkim,State/UT,Indecent Representation of Women (Prevention) Act,INDECENT REPRESENTATION OF WOMEN(PREVENTION)ACT,FALSE,0
2001,Sikkim,Sikkim,State/UT,Insult to Modesty of Women,INSULT TO THE MODESTY OF WOMEN,FALSE,14
2001,Sikkim,Sikkim,State/UT,Kidnapping & Abduction of Women,KIDNAPPING & ABDUCTION,FALSE,2
2001,Sikkim,Sikkim,State/UT,Rape,RAPE,FALSE,8
2001,Sikkim,Sikkim,State/UT,Total Crimes against Women,TOTAL CRIMES AGAINST WOMEN,FALSE,24
2001,Tamil Nadu,Tamil Nadu,State/UT,Assault on Women with Intent to Outrage Modesty,ASSAULT ON WOMEN WITH INTENT TO OUTRAGE HER MODESTY,FALSE,1773
2001,Tamil Nadu,Tamil Nadu,State/UT,Cruelty by Husband or Relatives,CRUELTY BY HUSBAND OR RELATIVES,FALSE,815
2001,Tamil Nadu,Tamil Nadu,State/UT,Dowry Deaths,DOWRY DEATH,FALSE,191
2001,Tamil Nadu,Tamil Nadu,State/UT,Immoral Traffic (Prevention) Act,IMMORAL TRAFFIC(PREVENTION)ACT,FALSE,5232
2001,Tamil Nadu,Tamil Nadu,State/UT,Indecent Representation of Women (Prevention) Act,INDECENT REPRESENTATION OF WOMEN(PREVENTION)ACT,FALSE,11
2001,Tamil Nadu,Tamil Nadu,State/UT,Insult to Modesty of Women,INSULT TO THE MODESTY OF WOMEN,FALSE,1012
2001,Tamil Nadu,Tamil Nadu,State/UT,Kidnapping & Abduction of Women,KIDNAPPING & ABDUCTION,FALSE,607
2001,Tamil Nadu,Tamil Nadu,State/UT,Rape,RAPE,FALSE,423
2001,Tamil Nadu,Tamil Nadu,State/UT,Total Crimes against Women,TOTAL CRIMES AGAINST WOMEN,FALSE,10111
2001,Tripura,Tripura,State/UT,Assault on Women with Intent to Outrage Modesty,ASSAULT ON WOMEN WITH INTENT TO OUTRAGE HER MODESTY,FALSE,58
2001,Tripura,Tripura,State/UT,Cruelty by Husband or Relatives,CRUELTY BY HUSBAND OR RELATIVES,FALSE,227
2001,Tripura,Tripura,State/UT,Dowry Deaths,DOWRY DEATH,FALSE,16
2001,Tripura,Tripura,State/UT,Immoral Traffic (Prevention) Act,IMMORAL TRAFFIC(PREVENTION)ACT,FALSE,0
2001,Tripura,Tripura,State/UT,Indecent Representation of Women (Prevention) Act,INDECENT REPRESENTATION OF WOMEN(PREVENTION)ACT,FALSE,0
2001,Tripura,Tripura,State/UT,Insult to Modesty of Women,INSULT TO THE MODESTY OF WOMEN,FALSE,0
2001,Tripura,Tripura,State/UT,Kidnapping & Abduction of Women,KIDNAPPING & ABDUCTION,FALSE,35
2001,Tripura,Tripura,State/UT,Rape,RAPE,FALSE,102
2001,Tripura,Tripura,State/UT,Total Crimes against Women,TOTAL CRIMES AGAINST WOMEN,FALSE,438
2001,Uttar Pradesh,Uttar Pradesh,State/UT,Assault on Women with Intent to Outrage Modesty,ASSAULT ON WOMEN WITH INTENT TO OUTRAGE HER MODESTY,FALSE,2870
2001,Uttar Pradesh,Uttar Pradesh,State/UT,Cruelty by Husband or Relatives,CRUELTY BY HUSBAND OR RELATIVES,FALSE,7365
2001,Uttar Pradesh,Uttar Pradesh,State/UT,Dowry Deaths,DOWRY DEATH,FALSE,2211
2001,Uttar Pradesh,Uttar Pradesh,State/UT,Immoral Traffic (Prevention) Act,IMMORAL TRAFFIC(PREVENTION)ACT,FALSE,26
2001,Uttar Pradesh,Uttar Pradesh,State/UT,Indecent Representation of Women (Prevention) Act,INDECENT REPRESENTATION OF WOMEN(PREVENTION)ACT,FALSE,3
2001,Uttar Pradesh,Uttar Pradesh,State/UT,Insult to Modesty of Women,INSULT TO THE MODESTY OF WOMEN,FALSE,2575
2001,Uttar Pradesh,Uttar Pradesh,State/UT,Kidnapping & Abduction of Women,KIDNAPPING & ABDUCTION,FALSE,2879
2001,Uttar Pradesh,Uttar Pradesh,State/UT,Rape,RAPE,FALSE,1958
2001,Uttar Pradesh,Uttar Pradesh,State/UT,Total Crimes against Women,TOTAL CRIMES AGAINST WOMEN,FALSE,20227
2001,Uttarakhand,Uttarakhand,State/UT,Assault on Women with Intent to Outrage Modesty,ASSAULT ON WOMEN WITH INTENT TO OUTRAGE HER MODESTY,FALSE,103
2001,Uttarakhand,Uttarakhand,State/UT,Cruelty by Husband or Relatives,CRUELTY BY HUSBAND OR RELATIVES,FALSE,301
2001,Uttarakhand,Uttarakhand,State/UT,Dowry Deaths,DOWRY DEATH,FALSE,56
2001,Uttarakhand,Uttarakhand,State/UT,Immoral Traffic (Prevention) Act,IMMORAL TRAFFIC(PREVENTION)ACT,FALSE,0
2001,Uttarakhand,Uttarakhand,State/UT,Indecent Representation of Women (Prevention) Act,INDECENT REPRESENTATION OF WOMEN(PREVENTION)ACT,FALSE,0
2001,Uttarakhand,Uttarakhand,State/UT,Insult to Modesty of Women,INSULT TO THE MODESTY OF WOMEN,FALSE,84
2001,Uttarakhand,Uttarakhand,State/UT,Kidnapping & Abduction of Women,KIDNAPPING & ABDUCTION,FALSE,126
2001,Uttarakhand,Uttarakhand,State/UT,Rape,RAPE,FALSE,74
2001,Uttarakhand,Uttarakhand,State/UT,Total Crimes against Women,TOTAL CRIMES AGAINST WOMEN,FALSE,749
2001,West Bengal,West Bengal,State/UT,Assault on Women with Intent to Outrage Modesty,ASSAULT ON WOMEN WITH INTENT TO OUTRAGE HER MODESTY,FALSE,954
2001,West Bengal,West Bengal,State/UT,Cruelty by Husband or Relatives,CRUELTY BY HUSBAND OR RELATIVES,FALSE,3859
2001,West Bengal,West Bengal,State/UT,Dowry Deaths,DOWRY DEATH,FALSE,265
2001,West Bengal,West Bengal,State/UT,Immoral Traffic (Prevention) Act,IMMORAL TRAFFIC(PREVENTION)ACT,FALSE,31
2001,West Bengal,West Bengal,State/UT,Indecent Representation of Women (Prevention) Act,INDECENT REPRESENTATION OF WOMEN(PREVENTION)ACT,FALSE,0
2001,West Bengal,West Bengal,State/UT,Insult to Modesty of Women,INSULT TO THE MODESTY OF WOMEN,FALSE,48
2001,West Bengal,West Bengal,State/UT,Kidnapping & Abduction of Women,KIDNAPPING & ABDUCTION,FALSE,695
2001,West Bengal,West Bengal,State/UT,Rape,RAPE,FALSE,709
2001,West Bengal,West Bengal,State/UT,Total Crimes against Women,TOTAL CRIMES AGAINST WOMEN,FALSE,6570
2002,All India (Total),All India,Aggregate,Assault on Women with Intent to Outrage Modesty,ASSAULT ON WOMEN WITH INTENT TO OUTRAGE HER MODESTY,FALSE,33943
2002,All India (Total),All India,Aggregate,Cruelty by Husband or Relatives,CRUELTY BY HUSBAND OR RELATIVES,FALSE,49237
2002,All India (Total),ALL INDIA,Aggregate,Dowry Deaths,DOWRY DEATH,FALSE,6822
2002,All India (Total),All India,Aggregate,Immoral Traffic (Prevention) Act,IMMORAL TRAFFIC(PREVENTION)ACT,FALSE,6598
2002,All India (Total),All India,Aggregate,Indecent Representation of Women (Prevention) Act,INDECENT REPRESENTATION OF WOMEN(PREVENTION)ACT,FALSE,2508
2002,All India (Total),All India,Aggregate,Insult to Modesty of Women,INSULT TO THE MODESTY OF WOMEN,FALSE,10155
2002,All India (Total),ALL INDIA K&A,Aggregate,Kidnapping & Abduction of Women,KIDNAPPING & ABDUCTION,FALSE,14506
2002,All India (Total),All India,Aggregate,Rape,RAPE,FALSE,16373
2002,All India (Total),TOTAL Crime against Women,Aggregate,Total Crimes against Women,TOTAL CRIMES AGAINST WOMEN,FALSE,143034
2002,Andaman & Nicobar Islands,A&N Islands,State/UT,Assault on Women with Intent to Outrage Modesty,ASSAULT ON WOMEN WITH INTENT TO OUTRAGE HER MODESTY,FALSE,17
2002,Andaman & Nicobar Islands,A&N Islands,State/UT,Cruelty by Husband or Relatives,CRUELTY BY HUSBAND OR RELATIVES,FALSE,4
2002,Andaman & Nicobar Islands,A&N Islands,State/UT,Dowry Deaths,DOWRY DEATH,FALSE,0
2002,Andaman & Nicobar Islands,A&N Islands,State/UT,Immoral Traffic (Prevention) Act,IMMORAL TRAFFIC(PREVENTION)ACT,FALSE,0
2002,Andaman & Nicobar Islands,A&N Islands,State/UT,Indecent Representation of Women (Prevention) Act,INDECENT REPRESENTATION OF WOMEN(PREVENTION)ACT,FALSE,0
2002,Andaman & Nicobar Islands,A&N Islands,State/UT,Insult to Modesty of Women,INSULT TO THE MODESTY OF WOMEN,FALSE,3
2002,Andaman & Nicobar Islands,A&N Islands,State/UT,Kidnapping & Abduction of Women,KIDNAPPING & ABDUCTION,FALSE,1
2002,Andaman & Nicobar Islands,A&N Islands,State/UT,Rape,RAPE,FALSE,2
2002,Andaman & Nicobar Islands,A&N Islands,State/UT,Total Crimes against Women,TOTAL CRIMES AGAINST WOMEN,FALSE,27
2002,Andhra Pradesh,Andhra Pradesh,State/UT,Assault on Women with Intent to Outrage Modesty,ASSAULT ON WOMEN WITH INTENT TO OUTRAGE HER MODESTY,FALSE,3799
2002,Andhra Pradesh,Andhra Pradesh,State/UT,Cruelty by Husband or Relatives,CRUELTY BY HUSBAND OR RELATIVES,FALSE,7018
2002,Andhra Pradesh,Andhra Pradesh,State/UT,Dowry Deaths,DOWRY DEATH,FALSE,449
2002,Andhra Pradesh,Andhra Pradesh,State/UT,Immoral Traffic (Prevention) Act,IMMORAL TRAFFIC(PREVENTION)ACT,FALSE,871
2002,Andhra Pradesh,Andhra Pradesh,State/UT,Indecent Representation of Women (Prevention) Act,INDECENT REPRESENTATION OF WOMEN(PREVENTION)ACT,FALSE,2403
2002,Andhra Pradesh,Andhra Pradesh,State/UT,Insult to Modesty of Women,INSULT TO THE MODESTY OF WOMEN,FALSE,2024
2002,Andhra Pradesh,Andhra Pradesh,State/UT,Kidnapping & Abduction of Women,KIDNAPPING & ABDUCTION,FALSE,854
2002,Andhra Pradesh,Andhra Pradesh,State/UT,Rape,RAPE,FALSE,1002
2002,Andhra Pradesh,Andhra Pradesh,State/UT,Total Crimes against Women,TOTAL CRIMES AGAINST WOMEN,FALSE,18880
2002,Arunachal Pradesh,Arunachal Pradesh,State/UT,Assault on Women with Intent to Outrage Modesty,ASSAULT ON WOMEN WITH INTENT TO OUTRAGE HER MODESTY,FALSE,68
2002,Arunachal Pradesh,Arunachal Pradesh,State/UT,Cruelty by Husband or Relatives,CRUELTY BY HUSBAND OR RELATIVES,FALSE,13
2002,Arunachal Pradesh,Arunachal Pradesh,State/UT,Dowry Deaths,DOWRY DEATH,FALSE,0
2002,Arunachal Pradesh,Arunachal Pradesh,State/UT,Immoral Traffic (Prevention) Act,IMMORAL TRAFFIC(PREVENTION)ACT,FALSE,0
2002,Arunachal Pradesh,Arunachal Pradesh,State/UT,Indecent Representation of Women (Prevention) Act,INDECENT REPRESENTATION OF WOMEN(PREVENTION)ACT,FALSE,0
2002,Arunachal Pradesh,Arunachal Pradesh,State/UT,Insult to Modesty of Women,INSULT TO THE MODESTY OF WOMEN,FALSE,2
2002,Arunachal Pradesh,Arunachal Pradesh,State/UT,Kidnapping & Abduction of Women,KIDNAPPING & ABDUCTION,FALSE,38
2002,Arunachal Pradesh,Arunachal Pradesh,State/UT,Rape,RAPE,FALSE,38
2002,Arunachal Pradesh,Arunachal Pradesh,State/UT,Total Crimes against Women,TOTAL CRIMES AGAINST WOMEN,FALSE,159
2002,Assam,Assam,State/UT,Assault on Women with Intent to Outrage Modesty,ASSAULT ON WOMEN WITH INTENT TO OUTRAGE HER MODESTY,FALSE,984
2002,Assam,Assam,State/UT,Cruelty by Husband or Relatives,CRUELTY BY HUSBAND OR RELATIVES,FALSE,1694
2002,Assam,Assam,State/UT,Dowry Deaths,DOWRY DEATH,FALSE,70
2002,Assam,Assam,State/UT,Immoral Traffic (Prevention) Act,IMMORAL TRAFFIC(PREVENTION)ACT,FALSE,24
2002,Assam,Assam,State/UT,Indecent Representation of Women (Prevention) Act,INDECENT REPRESENTATION OF WOMEN(PREVENTION)ACT,FALSE,3
2002,Assam,Assam,State/UT,Insult to Modesty of Women,INSULT TO THE MODESTY OF WOMEN,FALSE,7
2002,Assam,Assam,State/UT,Kidnapping & Abduction of Women,KIDNAPPING & ABDUCTION,FALSE,1276
2002,Assam,Assam,State/UT,Rape,RAPE,FALSE,970
2002,Assam,Assam,State/UT,Total Crimes against Women,TOTAL CRIMES AGAINST WOMEN,FALSE,5092
2002,Bihar,Bihar,State/UT,Assault on Women with Intent to Outrage Modesty,ASSAULT ON WOMEN WITH INTENT TO OUTRAGE HER MODESTY,FALSE,621
2002,Bihar,Bihar,State/UT,Cruelty by Husband or Relatives,CRUELTY BY HUSBAND OR RELATIVES,FALSE,1577
2002,Bihar,Bihar,State/UT,Dowry Deaths,DOWRY DEATH,FALSE,927
2002,Bihar,Bihar,State/UT,Immoral Traffic (Prevention) Act,IMMORAL TRAFFIC(PREVENTION)ACT,FALSE,10
2002,Bihar,Bihar,State/UT,Indecent Representation of Women (Prevention) Act,INDECENT REPRESENTATION OF WOMEN(PREVENTION)ACT,FALSE,1
2002,Bihar,Bihar,State/UT,Insult to Modesty of Women,INSULT TO THE MODESTY OF WOMEN,FALSE,6
2002,Bihar,Bihar,State/UT,Kidnapping & Abduction of Women,KIDNAPPING & ABDUCTION,FALSE,744
2002,Bihar,Bihar,State/UT,Rape,RAPE,FALSE,1040
2002,Bihar,Bihar,State/UT,Total Crimes against Women,TOTAL CRIMES AGAINST WOMEN,FALSE,5743
2002,Chandigarh,Chandigarh,State/UT,Assault on Women with Intent to Outrage Modesty,ASSAULT ON WOMEN WITH INTENT TO OUTRAGE HER MODESTY,FALSE,36
2002,Chandigarh,Chandigarh,State/UT,Cruelty by Husband or Relatives,CRUELTY BY HUSBAND OR RELATIVES,FALSE,56
2002,Chandigarh,Chandigarh,State/UT,Dowry Deaths,DOWRY DEATH,FALSE,1
2002,Chandigarh,Chandigarh,State/UT,Immoral Traffic (Prevention) Act,IMMORAL TRAFFIC(PREVENTION)ACT,FALSE,3
2002,Chandigarh,Chandigarh,State/UT,Indecent Representation of Women (Prevention) Act,INDECENT REPRESENTATION OF WOMEN(PREVENTION)ACT,FALSE,0
2002,Chandigarh,Chandigarh,State/UT,Insult to Modesty of Women,INSULT TO THE MODESTY OF WOMEN,FALSE,28
2002,Chandigarh,Chandigarh,State/UT,Kidnapping & Abduction of Women,KIDNAPPING & ABDUCTION,FALSE,47
2002,Chandigarh,Chandigarh,State/UT,Rape,RAPE,FALSE,18
2002,Chandigarh,Chandigarh,State/UT,Total Crimes against Women,TOTAL CRIMES AGAINST WOMEN,FALSE,189
2002,Chhattisgarh,Chhattisgarh,State/UT,Assault on Women with Intent to Outrage Modesty,ASSAULT ON WOMEN WITH INTENT TO OUTRAGE HER MODESTY,FALSE,1483
2002,Chhattisgarh,Chhattisgarh,State/UT,Cruelty by Husband or Relatives,CRUELTY BY HUSBAND OR RELATIVES,FALSE,653
2002,Chhattisgarh,Chhattisgarh,State/UT,Dowry Deaths,DOWRY DEATH,FALSE,85
2002,Chhattisgarh,Chhattisgarh,State/UT,Immoral Traffic (Prevention) Act,IMMORAL TRAFFIC(PREVENTION)ACT,FALSE,12
2002,Chhattisgarh,Chhattisgarh,State/UT,Indecent Representation of Women (Prevention) Act,INDECENT REPRESENTATION OF WOMEN(PREVENTION)ACT,FALSE,0
2002,Chhattisgarh,Chhattisgarh,State/UT,Insult to Modesty of Women,INSULT TO THE MODESTY OF WOMEN,FALSE,147
2002,Chhattisgarh,Chhattisgarh,State/UT,Kidnapping & Abduction of Women,KIDNAPPING & ABDUCTION,FALSE,154
2002,Chhattisgarh,Chhattisgarh,State/UT,Rape,RAPE,FALSE,992
2002,Chhattisgarh,Chhattisgarh,State/UT,Total Crimes against Women,TOTAL CRIMES AGAINST WOMEN,FALSE,3538
2002,"Dadra & Nagar Haveli (pre-2020, separate UT)",D&N Haveli,State/UT,Assault on Women with Intent to Outrage Modesty,ASSAULT ON WOMEN WITH INTENT TO OUTRAGE HER MODESTY,FALSE,3
2002,"Dadra & Nagar Haveli (pre-2020, separate UT)",D&N Haveli,State/UT,Cruelty by Husband or Relatives,CRUELTY BY HUSBAND OR RELATIVES,FALSE,3
2002,"Dadra & Nagar Haveli (pre-2020, separate UT)",D&N Haveli,State/UT,Dowry Deaths,DOWRY DEATH,FALSE,0
2002,"Dadra & Nagar Haveli (pre-2020, separate UT)",D&N Haveli,State/UT,Immoral Traffic (Prevention) Act,IMMORAL TRAFFIC(PREVENTION)ACT,FALSE,0
2002,"Dadra & Nagar Haveli (pre-2020, separate UT)",D&N Haveli,State/UT,Indecent Representation of Women (Prevention) Act,INDECENT REPRESENTATION OF WOMEN(PREVENTION)ACT,FALSE,0
2002,"Dadra & Nagar Haveli (pre-2020, separate UT)",D&N Haveli,State/UT,Insult to Modesty of Women,INSULT TO THE MODESTY OF WOMEN,FALSE,0
2002,"Dadra & Nagar Haveli (pre-2020, separate UT)",D&N Haveli,State/UT,Kidnapping & Abduction of Women,KIDNAPPING & ABDUCTION,FALSE,5
2002,"Dadra & Nagar Haveli (pre-2020, separate UT)",D&N Haveli,State/UT,Rape,RAPE,FALSE,4
2002,"Dadra & Nagar Haveli (pre-2020, separate UT)",D&N Haveli,State/UT,Total Crimes against Women,TOTAL CRIMES AGAINST WOMEN,FALSE,15
2002,"Daman & Diu (pre-2020, separate UT)",Daman & Diu,State/UT,Assault on Women with Intent to Outrage Modesty,ASSAULT ON WOMEN WITH INTENT TO OUTRAGE HER MODESTY,FALSE,0
2002,"Daman & Diu (pre-2020, separate UT)",Daman & Diu,State/UT,Cruelty by Husband or Relatives,CRUELTY BY HUSBAND OR RELATIVES,FALSE,3
2002,"Daman & Diu (pre-2020, separate UT)",Daman & Diu,State/UT,Dowry Deaths,DOWRY DEATH,FALSE,0
2002,"Daman & Diu (pre-2020, separate UT)",Daman & Diu,State/UT,Immoral Traffic (Prevention) Act,IMMORAL TRAFFIC(PREVENTION)ACT,FALSE,3
2002,"Daman & Diu (pre-2020, separate UT)",Daman & Diu,State/UT,Indecent Representation of Women (Prevention) Act,INDECENT REPRESENTATION OF WOMEN(PREVENTION)ACT,FALSE,0
2002,"Daman & Diu (pre-2020, separate UT)",Daman & Diu,State/UT,Insult to Modesty of Women,INSULT TO THE MODESTY OF WOMEN,FALSE,0
2002,"Daman & Diu (pre-2020, separate UT)",Daman & Diu,State/UT,Kidnapping & Abduction of Women,KIDNAPPING & ABDUCTION,FALSE,2
2002,"Daman & Diu (pre-2020, separate UT)",Daman & Diu,State/UT,Rape,RAPE,FALSE,0
2002,"Daman & Diu (pre-2020, separate UT)",Daman & Diu,State/UT,Total Crimes against Women,TOTAL CRIMES AGAINST WOMEN,FALSE,8
2002,Delhi,Delhi UT,State/UT,Assault on Women with Intent to Outrage Modesty,ASSAULT ON WOMEN WITH INTENT TO OUTRAGE HER MODESTY,FALSE,446
2002,Delhi,Delhi UT,State/UT,Cruelty by Husband or Relatives,CRUELTY BY HUSBAND OR RELATIVES,FALSE,135
2002,Delhi,Delhi UT,State/UT,Dowry Deaths,DOWRY DEATH,FALSE,135
2002,Delhi,Delhi UT,State/UT,Immoral Traffic (Prevention) Act,IMMORAL TRAFFIC(PREVENTION)ACT,FALSE,69
2002,Delhi,Delhi UT,State/UT,Indecent Representation of Women (Prevention) Act,INDECENT REPRESENTATION OF WOMEN(PREVENTION)ACT,FALSE,0
2002,Delhi,Delhi UT,State/UT,Insult to Modesty of Women,INSULT TO THE MODESTY OF WOMEN,FALSE,128
2002,Delhi,Delhi UT,State/UT,Kidnapping & Abduction of Women,KIDNAPPING & ABDUCTION,FALSE,893
2002,Delhi,Delhi UT,State/UT,Rape,RAPE,FALSE,403
2002,Delhi,Delhi UT,State/UT,Total Crimes against Women,TOTAL CRIMES AGAINST WOMEN,FALSE,2216
2002,Goa,Goa,State/UT,Assault on Women with Intent to Outrage Modesty,ASSAULT ON WOMEN WITH INTENT TO OUTRAGE HER MODESTY,FALSE,18
2002,Goa,Goa,State/UT,Cruelty by Husband or Relatives,CRUELTY BY HUSBAND OR RELATIVES,FALSE,8
2002,Goa,Goa,State/UT,Dowry Deaths,DOWRY DEATH,FALSE,2
2002,Goa,Goa,State/UT,Immoral Traffic (Prevention) Act,IMMORAL TRAFFIC(PREVENTION)ACT,FALSE,25
2002,Goa,Goa,State/UT,Indecent Representation of Women (Prevention) Act,INDECENT REPRESENTATION OF WOMEN(PREVENTION)ACT,FALSE,0
2002,Goa,Goa,State/UT,Insult to Modesty of Women,INSULT TO THE MODESTY OF WOMEN,FALSE,6
2002,Goa,Goa,State/UT,Kidnapping & Abduction of Women,KIDNAPPING & ABDUCTION,FALSE,5
2002,Goa,Goa,State/UT,Rape,RAPE,FALSE,12
2002,Goa,Goa,State/UT,Total Crimes against Women,TOTAL CRIMES AGAINST WOMEN,FALSE,76
2002,Gujarat,Gujarat,State/UT,Assault on Women with Intent to Outrage Modesty,ASSAULT ON WOMEN WITH INTENT TO OUTRAGE HER MODESTY,FALSE,750
2002,Gujarat,Gujarat,State/UT,Cruelty by Husband or Relatives,CRUELTY BY HUSBAND OR RELATIVES,FALSE,3321
2002,Gujarat,Gujarat,State/UT,Dowry Deaths,DOWRY DEATH,FALSE,62
2002,Gujarat,Gujarat,State/UT,Immoral Traffic (Prevention) Act,IMMORAL TRAFFIC(PREVENTION)ACT,FALSE,57
2002,Gujarat,Gujarat,State/UT,Indecent Representation of Women (Prevention) Act,INDECENT REPRESENTATION OF WOMEN(PREVENTION)ACT,FALSE,4
2002,Gujarat,Gujarat,State/UT,Insult to Modesty of Women,INSULT TO THE MODESTY OF WOMEN,FALSE,104
2002,Gujarat,Gujarat,State/UT,Kidnapping & Abduction of Women,KIDNAPPING & ABDUCTION,FALSE,807
2002,Gujarat,Gujarat,State/UT,Rape,RAPE,FALSE,267
2002,Gujarat,Gujarat,State/UT,Total Crimes against Women,TOTAL CRIMES AGAINST WOMEN,FALSE,5373
2002,Haryana,Haryana,State/UT,Assault on Women with Intent to Outrage Modesty,ASSAULT ON WOMEN WITH INTENT TO OUTRAGE HER MODESTY,FALSE,454
2002,Haryana,Haryana,State/UT,Cruelty by Husband or Relatives,CRUELTY BY HUSBAND OR RELATIVES,FALSE,1565
2002,Haryana,Haryana,State/UT,Dowry Deaths,DOWRY DEATH,FALSE,256
2002,Haryana,Haryana,State/UT,Immoral Traffic (Prevention) Act,IMMORAL TRAFFIC(PREVENTION)ACT,FALSE,32
2002,Haryana,Haryana,State/UT,Indecent Representation of Women (Prevention) Act,INDECENT REPRESENTATION OF WOMEN(PREVENTION)ACT,FALSE,0
2002,Haryana,Haryana,State/UT,Insult to Modesty of Women,INSULT TO THE MODESTY OF WOMEN,FALSE,1424
2002,Haryana,Haryana,State/UT,Kidnapping & Abduction of Women,KIDNAPPING & ABDUCTION,FALSE,290
2002,Haryana,Haryana,State/UT,Rape,RAPE,FALSE,361
2002,Haryana,Haryana,State/UT,Total Crimes against Women,TOTAL CRIMES AGAINST WOMEN,FALSE,4385
2002,Himachal Pradesh,Himachal Pradesh,State/UT,Assault on Women with Intent to Outrage Modesty,ASSAULT ON WOMEN WITH INTENT TO OUTRAGE HER MODESTY,FALSE,326
2002,Himachal Pradesh,Himachal Pradesh,State/UT,Cruelty by Husband or Relatives,CRUELTY BY HUSBAND OR RELATIVES,FALSE,234
2002,Himachal Pradesh,Himachal Pradesh,State/UT,Dowry Deaths,DOWRY DEATH,FALSE,6
2002,Himachal Pradesh,Himachal Pradesh,State/UT,Immoral Traffic (Prevention) Act,IMMORAL TRAFFIC(PREVENTION)ACT,FALSE,2
2002,Himachal Pradesh,Himachal Pradesh,State/UT,Indecent Representation of Women (Prevention) Act,INDECENT REPRESENTATION OF WOMEN(PREVENTION)ACT,FALSE,0
2002,Himachal Pradesh,Himachal Pradesh,State/UT,Insult to Modesty of Women,INSULT TO THE MODESTY OF WOMEN,FALSE,12
2002,Himachal Pradesh,Himachal Pradesh,State/UT,Kidnapping & Abduction of Women,KIDNAPPING & ABDUCTION,FALSE,116
2002,Himachal Pradesh,Himachal Pradesh,State/UT,Rape,RAPE,FALSE,137
2002,Himachal Pradesh,Himachal Pradesh,State/UT,Total Crimes against Women,TOTAL CRIMES AGAINST WOMEN,FALSE,838
2002,Jammu & Kashmir,Jammu & Kashmir,State/UT,Assault on Women with Intent to Outrage Modesty,ASSAULT ON WOMEN WITH INTENT TO OUTRAGE HER MODESTY,FALSE,785
2002,Jammu & Kashmir,Jammu & Kashmir,State/UT,Cruelty by Husband or Relatives,CRUELTY BY HUSBAND OR RELATIVES,FALSE,54
2002,Jammu & Kashmir,Jammu & Kashmir,State/UT,Dowry Deaths,DOWRY DEATH,FALSE,18
2002,Jammu & Kashmir,Jammu & Kashmir,State/UT,Immoral Traffic (Prevention) Act,IMMORAL TRAFFIC(PREVENTION)ACT,FALSE,3
2002,Jammu & Kashmir,Jammu & Kashmir,State/UT,Indecent Representation of Women (Prevention) Act,INDECENT REPRESENTATION OF WOMEN(PREVENTION)ACT,FALSE,0
2002,Jammu & Kashmir,Jammu & Kashmir,State/UT,Insult to Modesty of Women,INSULT TO THE MODESTY OF WOMEN,FALSE,368
2002,Jammu & Kashmir,Jammu & Kashmir,State/UT,Kidnapping & Abduction of Women,KIDNAPPING & ABDUCTION,FALSE,596
2002,Jammu & Kashmir,Jammu & Kashmir,State/UT,Rape,RAPE,FALSE,192
2002,Jammu & Kashmir,Jammu & Kashmir,State/UT,Total Crimes against Women,TOTAL CRIMES AGAINST WOMEN,FALSE,2016
2002,Jharkhand,Jharkhand,State/UT,Assault on Women with Intent to Outrage Modesty,ASSAULT ON WOMEN WITH INTENT TO OUTRAGE HER MODESTY,FALSE,411
2002,Jharkhand,Jharkhand,State/UT,Cruelty by Husband or Relatives,CRUELTY BY HUSBAND OR RELATIVES,FALSE,588
2002,Jharkhand,Jharkhand,State/UT,Dowry Deaths,DOWRY DEATH,FALSE,275
2002,Jharkhand,Jharkhand,State/UT,Immoral Traffic (Prevention) Act,IMMORAL TRAFFIC(PREVENTION)ACT,FALSE,3
2002,Jharkhand,Jharkhand,State/UT,Indecent Representation of Women (Prevention) Act,INDECENT REPRESENTATION OF WOMEN(PREVENTION)ACT,FALSE,0
2002,Jharkhand,Jharkhand,State/UT,Insult to Modesty of Women,INSULT TO THE MODESTY OF WOMEN,FALSE,3
2002,Jharkhand,Jharkhand,State/UT,Kidnapping & Abduction of Women,KIDNAPPING & ABDUCTION,FALSE,178
2002,Jharkhand,Jharkhand,State/UT,Rape,RAPE,FALSE,797
2002,Jharkhand,Jharkhand,State/UT,Total Crimes against Women,TOTAL CRIMES AGAINST WOMEN,FALSE,2490
2002,Karnataka,Karnataka,State/UT,Assault on Women with Intent to Outrage Modesty,ASSAULT ON WOMEN WITH INTENT TO OUTRAGE HER MODESTY,FALSE,1648
2002,Karnataka,Karnataka,State/UT,Cruelty by Husband or Relatives,CRUELTY BY HUSBAND OR RELATIVES,FALSE,1826
2002,Karnataka,Karnataka,State/UT,Dowry Deaths,DOWRY DEATH,FALSE,233
2002,Karnataka,Karnataka,State/UT,Immoral Traffic (Prevention) Act,IMMORAL TRAFFIC(PREVENTION)ACT,FALSE,1388
2002,Karnataka,Karnataka,State/UT,Indecent Representation of Women (Prevention) Act,INDECENT REPRESENTATION OF WOMEN(PREVENTION)ACT,FALSE,0
2002,Karnataka,Karnataka,State/UT,Insult to Modesty of Women,INSULT TO THE MODESTY OF WOMEN,FALSE,100
2002,Karnataka,Karnataka,State/UT,Kidnapping & Abduction of Women,KIDNAPPING & ABDUCTION,FALSE,300
2002,Karnataka,Karnataka,State/UT,Rape,RAPE,FALSE,292
2002,Karnataka,Karnataka,State/UT,Total Crimes against Women,TOTAL CRIMES AGAINST WOMEN,FALSE,6170
2002,Kerala,Kerala,State/UT,Assault on Women with Intent to Outrage Modesty,ASSAULT ON WOMEN WITH INTENT TO OUTRAGE HER MODESTY,FALSE,2123
2002,Kerala,Kerala,State/UT,Cruelty by Husband or Relatives,CRUELTY BY HUSBAND OR RELATIVES,FALSE,2836
2002,Kerala,Kerala,State/UT,Dowry Deaths,DOWRY DEATH,FALSE,17
2002,Kerala,Kerala,State/UT,Immoral Traffic (Prevention) Act,IMMORAL TRAFFIC(PREVENTION)ACT,FALSE,132
2002,Kerala,Kerala,State/UT,Indecent Representation of Women (Prevention) Act,INDECENT REPRESENTATION OF WOMEN(PREVENTION)ACT,FALSE,26
2002,Kerala,Kerala,State/UT,Insult to Modesty of Women,INSULT TO THE MODESTY OF WOMEN,FALSE,102
2002,Kerala,Kerala,State/UT,Kidnapping & Abduction of Women,KIDNAPPING & ABDUCTION,FALSE,91
2002,Kerala,Kerala,State/UT,Rape,RAPE,FALSE,499
2002,Kerala,Kerala,State/UT,Total Crimes against Women,TOTAL CRIMES AGAINST WOMEN,FALSE,5829
2002,Lakshadweep,Lakshadweep,State/UT,Assault on Women with Intent to Outrage Modesty,ASSAULT ON WOMEN WITH INTENT TO OUTRAGE HER MODESTY,FALSE,1
2002,Lakshadweep,Lakshadweep,State/UT,Cruelty by Husband or Relatives,CRUELTY BY HUSBAND OR RELATIVES,FALSE,0
2002,Lakshadweep,Lakshadweep,State/UT,Dowry Deaths,DOWRY DEATH,FALSE,0
2002,Lakshadweep,Lakshadweep,State/UT,Immoral Traffic (Prevention) Act,IMMORAL TRAFFIC(PREVENTION)ACT,FALSE,0
2002,Lakshadweep,Lakshadweep,State/UT,Indecent Representation of Women (Prevention) Act,INDECENT REPRESENTATION OF WOMEN(PREVENTION)ACT,FALSE,0
2002,Lakshadweep,Lakshadweep,State/UT,Insult to Modesty of Women,INSULT TO THE MODESTY OF WOMEN,FALSE,0
2002,Lakshadweep,Lakshadweep,State/UT,Kidnapping & Abduction of Women,KIDNAPPING & ABDUCTION,FALSE,0
2002,Lakshadweep,Lakshadweep,State/UT,Rape,RAPE,FALSE,1
2002,Lakshadweep,Lakshadweep,State/UT,Total Crimes against Women,TOTAL CRIMES AGAINST WOMEN,FALSE,2
2002,Madhya Pradesh,Madhya Pradesh,State/UT,Assault on Women with Intent to Outrage Modesty,ASSAULT ON WOMEN WITH INTENT TO OUTRAGE HER MODESTY,FALSE,7118
2002,Madhya Pradesh,Madhya Pradesh,State/UT,Cruelty by Husband or Relatives,CRUELTY BY HUSBAND OR RELATIVES,FALSE,3117
2002,Madhya Pradesh,Madhya Pradesh,State/UT,Dowry Deaths,DOWRY DEATH,FALSE,674
2002,Madhya Pradesh,Madhya Pradesh,State/UT,Immoral Traffic (Prevention) Act,IMMORAL TRAFFIC(PREVENTION)ACT,FALSE,14
2002,Madhya Pradesh,Madhya Pradesh,State/UT,Indecent Representation of Women (Prevention) Act,INDECENT REPRESENTATION OF WOMEN(PREVENTION)ACT,FALSE,0
2002,Madhya Pradesh,Madhya Pradesh,State/UT,Insult to Modesty of Women,INSULT TO THE MODESTY OF WOMEN,FALSE,783
2002,Madhya Pradesh,Madhya Pradesh,State/UT,Kidnapping & Abduction of Women,KIDNAPPING & ABDUCTION,FALSE,639
2002,Madhya Pradesh,Madhya Pradesh,State/UT,Rape,RAPE,FALSE,2891
2002,Madhya Pradesh,Madhya Pradesh,State/UT,Total Crimes against Women,TOTAL CRIMES AGAINST WOMEN,FALSE,15260
2002,Maharashtra,Maharashtra,State/UT,Assault on Women with Intent to Outrage Modesty,ASSAULT ON WOMEN WITH INTENT TO OUTRAGE HER MODESTY,FALSE,2686
2002,Maharashtra,Maharashtra,State/UT,Cruelty by Husband or Relatives,CRUELTY BY HUSBAND OR RELATIVES,FALSE,5353
2002,Maharashtra,Maharashtra,State/UT,Dowry Deaths,DOWRY DEATH,FALSE,303
2002,Maharashtra,Maharashtra,State/UT,Immoral Traffic (Prevention) Act,IMMORAL TRAFFIC(PREVENTION)ACT,FALSE,182
2002,Maharashtra,Maharashtra,State/UT,Indecent Representation of Women (Prevention) Act,INDECENT REPRESENTATION OF WOMEN(PREVENTION)ACT,FALSE,4
2002,Maharashtra,Maharashtra,State/UT,Insult to Modesty of Women,INSULT TO THE MODESTY OF WOMEN,FALSE,769
2002,Maharashtra,Maharashtra,State/UT,Kidnapping & Abduction of Women,KIDNAPPING & ABDUCTION,FALSE,650
2002,Maharashtra,Maharashtra,State/UT,Rape,RAPE,FALSE,1352
2002,Maharashtra,Maharashtra,State/UT,Total Crimes against Women,TOTAL CRIMES AGAINST WOMEN,FALSE,11322
2002,Manipur,Manipur,State/UT,Assault on Women with Intent to Outrage Modesty,ASSAULT ON WOMEN WITH INTENT TO OUTRAGE HER MODESTY,FALSE,58
2002,Manipur,Manipur,State/UT,Cruelty by Husband or Relatives,CRUELTY BY HUSBAND OR RELATIVES,FALSE,10
2002,Manipur,Manipur,State/UT,Dowry Deaths,DOWRY DEATH,FALSE,0
2002,Manipur,Manipur,State/UT,Immoral Traffic (Prevention) Act,IMMORAL TRAFFIC(PREVENTION)ACT,FALSE,6
2002,Manipur,Manipur,State/UT,Indecent Representation of Women (Prevention) Act,INDECENT REPRESENTATION OF WOMEN(PREVENTION)ACT,FALSE,0
2002,Manipur,Manipur,State/UT,Insult to Modesty of Women,INSULT TO THE MODESTY OF WOMEN,FALSE,0
2002,Manipur,Manipur,State/UT,Kidnapping & Abduction of Women,KIDNAPPING & ABDUCTION,FALSE,82
2002,Manipur,Manipur,State/UT,Rape,RAPE,FALSE,14
2002,Manipur,Manipur,State/UT,Total Crimes against Women,TOTAL CRIMES AGAINST WOMEN,FALSE,170
2002,Meghalaya,Meghalaya,State/UT,Assault on Women with Intent to Outrage Modesty,ASSAULT ON WOMEN WITH INTENT TO OUTRAGE HER MODESTY,FALSE,23
2002,Meghalaya,Meghalaya,State/UT,Cruelty by Husband or Relatives,CRUELTY BY HUSBAND OR RELATIVES,FALSE,0
2002,Meghalaya,Meghalaya,State/UT,Dowry Deaths,DOWRY DEATH,FALSE,0
2002,Meghalaya,Meghalaya,State/UT,Immoral Traffic (Prevention) Act,IMMORAL TRAFFIC(PREVENTION)ACT,FALSE,0
2002,Meghalaya,Meghalaya,State/UT,Indecent Representation of Women (Prevention) Act,INDECENT REPRESENTATION OF WOMEN(PREVENTION)ACT,FALSE,0
2002,Meghalaya,Meghalaya,State/UT,Insult to Modesty of Women,INSULT TO THE MODESTY OF WOMEN,FALSE,0
2002,Meghalaya,Meghalaya,State/UT,Kidnapping & Abduction of Women,KIDNAPPING & ABDUCTION,FALSE,10
2002,Meghalaya,Meghalaya,State/UT,Rape,RAPE,FALSE,38
2002,Meghalaya,Meghalaya,State/UT,Total Crimes against Women,TOTAL CRIMES AGAINST WOMEN,FALSE,71
2002,Mizoram,Mizoram,State/UT,Assault on Women with Intent to Outrage Modesty,ASSAULT ON WOMEN WITH INTENT TO OUTRAGE HER MODESTY,FALSE,73
2002,Mizoram,Mizoram,State/UT,Cruelty by Husband or Relatives,CRUELTY BY HUSBAND OR RELATIVES,FALSE,3
2002,Mizoram,Mizoram,State/UT,Dowry Deaths,DOWRY DEATH,FALSE,0
2002,Mizoram,Mizoram,State/UT,Immoral Traffic (Prevention) Act,IMMORAL TRAFFIC(PREVENTION)ACT,FALSE,0
2002,Mizoram,Mizoram,State/UT,Indecent Representation of Women (Prevention) Act,INDECENT REPRESENTATION OF WOMEN(PREVENTION)ACT,FALSE,0
2002,Mizoram,Mizoram,State/UT,Insult to Modesty of Women,INSULT TO THE MODESTY OF WOMEN,FALSE,0
2002,Mizoram,Mizoram,State/UT,Kidnapping & Abduction of Women,KIDNAPPING & ABDUCTION,FALSE,2
2002,Mizoram,Mizoram,State/UT,Rape,RAPE,FALSE,76
2002,Mizoram,Mizoram,State/UT,Total Crimes against Women,TOTAL CRIMES AGAINST WOMEN,FALSE,154
2002,Nagaland,Nagaland,State/UT,Assault on Women with Intent to Outrage Modesty,ASSAULT ON WOMEN WITH INTENT TO OUTRAGE HER MODESTY,FALSE,1
2002,Nagaland,Nagaland,State/UT,Cruelty by Husband or Relatives,CRUELTY BY HUSBAND OR RELATIVES,FALSE,0
2002,Nagaland,Nagaland,State/UT,Dowry Deaths,DOWRY DEATH,FALSE,0
2002,Nagaland,Nagaland,State/UT,Immoral Traffic (Prevention) Act,IMMORAL TRAFFIC(PREVENTION)ACT,FALSE,4
2002,Nagaland,Nagaland,State/UT,Indecent Representation of Women (Prevention) Act,INDECENT REPRESENTATION OF WOMEN(PREVENTION)ACT,FALSE,0
2002,Nagaland,Nagaland,State/UT,Insult to Modesty of Women,INSULT TO THE MODESTY OF WOMEN,FALSE,0
2002,Nagaland,Nagaland,State/UT,Kidnapping & Abduction of Women,KIDNAPPING & ABDUCTION,FALSE,4
2002,Nagaland,Nagaland,State/UT,Rape,RAPE,FALSE,17
2002,Nagaland,Nagaland,State/UT,Total Crimes against Women,TOTAL CRIMES AGAINST WOMEN,FALSE,26
2002,Odisha,Odisha,State/UT,Assault on Women with Intent to Outrage Modesty,ASSAULT ON WOMEN WITH INTENT TO OUTRAGE HER MODESTY,FALSE,1605
2002,Odisha,Odisha,State/UT,Cruelty by Husband or Relatives,CRUELTY BY HUSBAND OR RELATIVES,FALSE,1167
2002,Odisha,Odisha,State/UT,Dowry Deaths,DOWRY DEATH,FALSE,248
2002,Odisha,Odisha,State/UT,Immoral Traffic (Prevention) Act,IMMORAL TRAFFIC(PREVENTION)ACT,FALSE,24
2002,Odisha,Odisha,State/UT,Indecent Representation of Women (Prevention) Act,INDECENT REPRESENTATION OF WOMEN(PREVENTION)ACT,FALSE,0
2002,Odisha,Odisha,State/UT,Insult to Modesty of Women,INSULT TO THE MODESTY OF WOMEN,FALSE,188
2002,Odisha,Odisha,State/UT,Kidnapping & Abduction of Women,KIDNAPPING & ABDUCTION,FALSE,432
2002,Odisha,Odisha,State/UT,Rape,RAPE,FALSE,691
2002,Odisha,Odisha,State/UT,Total Crimes against Women,TOTAL CRIMES AGAINST WOMEN,FALSE,4779
2002,Puducherry,Puducherry,State/UT,Assault on Women with Intent to Outrage Modesty,ASSAULT ON WOMEN WITH INTENT TO OUTRAGE HER MODESTY,FALSE,59
2002,Puducherry,Puducherry,State/UT,Cruelty by Husband or Relatives,CRUELTY BY HUSBAND OR RELATIVES,FALSE,9
2002,Puducherry,Puducherry,State/UT,Dowry Deaths,DOWRY DEATH,FALSE,5
2002,Puducherry,Puducherry,State/UT,Immoral Traffic (Prevention) Act,IMMORAL TRAFFIC(PREVENTION)ACT,FALSE,27
2002,Puducherry,Puducherry,State/UT,Indecent Representation of Women (Prevention) Act,INDECENT REPRESENTATION OF WOMEN(PREVENTION)ACT,FALSE,0
2002,Puducherry,Puducherry,State/UT,Insult to Modesty of Women,INSULT TO THE MODESTY OF WOMEN,FALSE,26
2002,Puducherry,Puducherry,State/UT,Kidnapping & Abduction of Women,KIDNAPPING & ABDUCTION,FALSE,6
2002,Puducherry,Puducherry,State/UT,Rape,RAPE,FALSE,6
2002,Puducherry,Puducherry,State/UT,Total Crimes against Women,TOTAL CRIMES AGAINST WOMEN,FALSE,141
2002,Punjab,Punjab,State/UT,Assault on Women with Intent to Outrage Modesty,ASSAULT ON WOMEN WITH INTENT TO OUTRAGE HER MODESTY,FALSE,341
2002,Punjab,Punjab,State/UT,Cruelty by Husband or Relatives,CRUELTY BY HUSBAND OR RELATIVES,FALSE,944
2002,Punjab,Punjab,State/UT,Dowry Deaths,DOWRY DEATH,FALSE,166
2002,Punjab,Punjab,State/UT,Immoral Traffic (Prevention) Act,IMMORAL TRAFFIC(PREVENTION)ACT,FALSE,38
2002,Punjab,Punjab,State/UT,Indecent Representation of Women (Prevention) Act,INDECENT REPRESENTATION OF WOMEN(PREVENTION)ACT,FALSE,8
2002,Punjab,Punjab,State/UT,Insult to Modesty of Women,INSULT TO THE MODESTY OF WOMEN,FALSE,145
2002,Punjab,Punjab,State/UT,Kidnapping & Abduction of Women,KIDNAPPING & ABDUCTION,FALSE,354
2002,Punjab,Punjab,State/UT,Rape,RAPE,FALSE,299
2002,Punjab,Punjab,State/UT,Total Crimes against Women,TOTAL CRIMES AGAINST WOMEN,FALSE,2295
2002,Rajasthan,Rajasthan,State/UT,Assault on Women with Intent to Outrage Modesty,ASSAULT ON WOMEN WITH INTENT TO OUTRAGE HER MODESTY,FALSE,2730
2002,Rajasthan,Rajasthan,State/UT,Cruelty by Husband or Relatives,CRUELTY BY HUSBAND OR RELATIVES,FALSE,5691
2002,Rajasthan,Rajasthan,State/UT,Dowry Deaths,DOWRY DEATH,FALSE,399
2002,Rajasthan,Rajasthan,State/UT,Immoral Traffic (Prevention) Act,IMMORAL TRAFFIC(PREVENTION)ACT,FALSE,55
2002,Rajasthan,Rajasthan,State/UT,Indecent Representation of Women (Prevention) Act,INDECENT REPRESENTATION OF WOMEN(PREVENTION)ACT,FALSE,54
2002,Rajasthan,Rajasthan,State/UT,Insult to Modesty of Women,INSULT TO THE MODESTY OF WOMEN,FALSE,44
2002,Rajasthan,Rajasthan,State/UT,Kidnapping & Abduction of Women,KIDNAPPING & ABDUCTION,FALSE,2019
2002,Rajasthan,Rajasthan,State/UT,Rape,RAPE,FALSE,1051
2002,Rajasthan,Rajasthan,State/UT,Total Crimes against Women,TOTAL CRIMES AGAINST WOMEN,FALSE,12049
2002,Sikkim,Sikkim,State/UT,Assault on Women with Intent to Outrage Modesty,ASSAULT ON WOMEN WITH INTENT TO OUTRAGE HER MODESTY,FALSE,17
2002,Sikkim,Sikkim,State/UT,Cruelty by Husband or Relatives,CRUELTY BY HUSBAND OR RELATIVES,FALSE,3
2002,Sikkim,Sikkim,State/UT,Dowry Deaths,DOWRY DEATH,FALSE,0
2002,Sikkim,Sikkim,State/UT,Immoral Traffic (Prevention) Act,IMMORAL TRAFFIC(PREVENTION)ACT,FALSE,0
2002,Sikkim,Sikkim,State/UT,Indecent Representation of Women (Prevention) Act,INDECENT REPRESENTATION OF WOMEN(PREVENTION)ACT,FALSE,0
2002,Sikkim,Sikkim,State/UT,Insult to Modesty of Women,INSULT TO THE MODESTY OF WOMEN,FALSE,0
2002,Sikkim,Sikkim,State/UT,Kidnapping & Abduction of Women,KIDNAPPING & ABDUCTION,FALSE,2
2002,Sikkim,Sikkim,State/UT,Rape,RAPE,FALSE,6
2002,Sikkim,Sikkim,State/UT,Total Crimes against Women,TOTAL CRIMES AGAINST WOMEN,FALSE,28
2002,Tamil Nadu,Tamil Nadu,State/UT,Assault on Women with Intent to Outrage Modesty,ASSAULT ON WOMEN WITH INTENT TO OUTRAGE HER MODESTY,FALSE,1877
2002,Tamil Nadu,Tamil Nadu,State/UT,Cruelty by Husband or Relatives,CRUELTY BY HUSBAND OR RELATIVES,FALSE,1052
2002,Tamil Nadu,Tamil Nadu,State/UT,Dowry Deaths,DOWRY DEATH,FALSE,243
2002,Tamil Nadu,Tamil Nadu,State/UT,Immoral Traffic (Prevention) Act,IMMORAL TRAFFIC(PREVENTION)ACT,FALSE,3530
2002,Tamil Nadu,Tamil Nadu,State/UT,Indecent Representation of Women (Prevention) Act,INDECENT REPRESENTATION OF WOMEN(PREVENTION)ACT,FALSE,5
2002,Tamil Nadu,Tamil Nadu,State/UT,Insult to Modesty of Women,INSULT TO THE MODESTY OF WOMEN,FALSE,1718
2002,Tamil Nadu,Tamil Nadu,State/UT,Kidnapping & Abduction of Women,KIDNAPPING & ABDUCTION,FALSE,714
2002,Tamil Nadu,Tamil Nadu,State/UT,Rape,RAPE,FALSE,534
2002,Tamil Nadu,Tamil Nadu,State/UT,Total Crimes against Women,TOTAL CRIMES AGAINST WOMEN,FALSE,9798
2002,Tripura,Tripura,State/UT,Assault on Women with Intent to Outrage Modesty,ASSAULT ON WOMEN WITH INTENT TO OUTRAGE HER MODESTY,FALSE,128
2002,Tripura,Tripura,State/UT,Cruelty by Husband or Relatives,CRUELTY BY HUSBAND OR RELATIVES,FALSE,236
2002,Tripura,Tripura,State/UT,Dowry Deaths,DOWRY DEATH,FALSE,16
2002,Tripura,Tripura,State/UT,Immoral Traffic (Prevention) Act,IMMORAL TRAFFIC(PREVENTION)ACT,FALSE,0
2002,Tripura,Tripura,State/UT,Indecent Representation of Women (Prevention) Act,INDECENT REPRESENTATION OF WOMEN(PREVENTION)ACT,FALSE,0
2002,Tripura,Tripura,State/UT,Insult to Modesty of Women,INSULT TO THE MODESTY OF WOMEN,FALSE,0
2002,Tripura,Tripura,State/UT,Kidnapping & Abduction of Women,KIDNAPPING & ABDUCTION,FALSE,48
2002,Tripura,Tripura,State/UT,Rape,RAPE,FALSE,108
2002,Tripura,Tripura,State/UT,Total Crimes against Women,TOTAL CRIMES AGAINST WOMEN,FALSE,536
2002,Uttar Pradesh,Uttar Pradesh,State/UT,Assault on Women with Intent to Outrage Modesty,ASSAULT ON WOMEN WITH INTENT TO OUTRAGE HER MODESTY,FALSE,2145
2002,Uttar Pradesh,Uttar Pradesh,State/UT,Cruelty by Husband or Relatives,CRUELTY BY HUSBAND OR RELATIVES,FALSE,5679
2002,Uttar Pradesh,Uttar Pradesh,State/UT,Dowry Deaths,DOWRY DEATH,FALSE,1893
2002,Uttar Pradesh,Uttar Pradesh,State/UT,Immoral Traffic (Prevention) Act,IMMORAL TRAFFIC(PREVENTION)ACT,FALSE,42
2002,Uttar Pradesh,Uttar Pradesh,State/UT,Indecent Representation of Women (Prevention) Act,INDECENT REPRESENTATION OF WOMEN(PREVENTION)ACT,FALSE,0
2002,Uttar Pradesh,Uttar Pradesh,State/UT,Insult to Modesty of Women,INSULT TO THE MODESTY OF WOMEN,FALSE,1887
2002,Uttar Pradesh,Uttar Pradesh,State/UT,Kidnapping & Abduction of Women,KIDNAPPING & ABDUCTION,FALSE,2298
2002,Uttar Pradesh,Uttar Pradesh,State/UT,Rape,RAPE,FALSE,1415
2002,Uttar Pradesh,Uttar Pradesh,State/UT,Total Crimes against Women,TOTAL CRIMES AGAINST WOMEN,FALSE,15647
2002,Uttarakhand,Uttarakhand,State/UT,Assault on Women with Intent to Outrage Modesty,ASSAULT ON WOMEN WITH INTENT TO OUTRAGE HER MODESTY,FALSE,145
2002,Uttarakhand,Uttarakhand,State/UT,Cruelty by Husband or Relatives,CRUELTY BY HUSBAND OR RELATIVES,FALSE,316
2002,Uttarakhand,Uttarakhand,State/UT,Dowry Deaths,DOWRY DEATH,FALSE,66
2002,Uttarakhand,Uttarakhand,State/UT,Immoral Traffic (Prevention) Act,IMMORAL TRAFFIC(PREVENTION)ACT,FALSE,0
2002,Uttarakhand,Uttarakhand,State/UT,Indecent Representation of Women (Prevention) Act,INDECENT REPRESENTATION OF WOMEN(PREVENTION)ACT,FALSE,0
2002,Uttarakhand,Uttarakhand,State/UT,Insult to Modesty of Women,INSULT TO THE MODESTY OF WOMEN,FALSE,97
2002,Uttarakhand,Uttarakhand,State/UT,Kidnapping & Abduction of Women,KIDNAPPING & ABDUCTION,FALSE,155
2002,Uttarakhand,Uttarakhand,State/UT,Rape,RAPE,FALSE,89
2002,Uttarakhand,Uttarakhand,State/UT,Total Crimes against Women,TOTAL CRIMES AGAINST WOMEN,FALSE,870
2002,West Bengal,West Bengal,State/UT,Assault on Women with Intent to Outrage Modesty,ASSAULT ON WOMEN WITH INTENT TO OUTRAGE HER MODESTY,FALSE,964
2002,West Bengal,West Bengal,State/UT,Cruelty by Husband or Relatives,CRUELTY BY HUSBAND OR RELATIVES,FALSE,4069
2002,West Bengal,West Bengal,State/UT,Dowry Deaths,DOWRY DEATH,FALSE,273
2002,West Bengal,West Bengal,State/UT,Immoral Traffic (Prevention) Act,IMMORAL TRAFFIC(PREVENTION)ACT,FALSE,42
2002,West Bengal,West Bengal,State/UT,Indecent Representation of Women (Prevention) Act,INDECENT REPRESENTATION OF WOMEN(PREVENTION)ACT,FALSE,0
2002,West Bengal,West Bengal,State/UT,Insult to Modesty of Women,INSULT TO THE MODESTY OF WOMEN,FALSE,34
2002,West Bengal,West Bengal,State/UT,Kidnapping & Abduction of Women,KIDNAPPING & ABDUCTION,FALSE,694
2002,West Bengal,West Bengal,State/UT,Rape,RAPE,FALSE,759
2002,West Bengal,West Bengal,State/UT,Total Crimes against Women,TOTAL CRIMES AGAINST WOMEN,FALSE,6842
2003,All India (Total),All India,Aggregate,Assault on Women with Intent to Outrage Modesty,ASSAULT ON WOMEN WITH INTENT TO OUTRAGE HER MODESTY,FALSE,32939
2003,All India (Total),All India,Aggregate,Cruelty by Husband or Relatives,CRUELTY BY HUSBAND OR RELATIVES,FALSE,50703
2003,All India (Total),ALL INDIA,Aggregate,Dowry Deaths,DOWRY DEATH,FALSE,6208
2003,All India (Total),All India,Aggregate,Immoral Traffic (Prevention) Act,IMMORAL TRAFFIC(PREVENTION)ACT,FALSE,5510
2003,All India (Total),All India,Aggregate,Indecent Representation of Women (Prevention) Act,INDECENT REPRESENTATION OF WOMEN(PREVENTION)ACT,FALSE,1043
2003,All India (Total),All India,Aggregate,Insult to Modesty of Women,INSULT TO THE MODESTY OF WOMEN,FALSE,12325
2003,All India (Total),ALL INDIA K&A,Aggregate,Kidnapping & Abduction of Women,KIDNAPPING & ABDUCTION,FALSE,13296
2003,All India (Total),All India,Aggregate,Rape,RAPE,FALSE,15847
2003,All India (Total),TOTAL Crime against Women,Aggregate,Total Crimes against Women,TOTAL CRIMES AGAINST WOMEN,FALSE,140601
2003,Andaman & Nicobar Islands,A&N Islands,State/UT,Assault on Women with Intent to Outrage Modesty,ASSAULT ON WOMEN WITH INTENT TO OUTRAGE HER MODESTY,FALSE,9
2003,Andaman & Nicobar Islands,A&N Islands,State/UT,Cruelty by Husband or Relatives,CRUELTY BY HUSBAND OR RELATIVES,FALSE,7
2003,Andaman & Nicobar Islands,A&N Islands,State/UT,Dowry Deaths,DOWRY DEATH,FALSE,0
2003,Andaman & Nicobar Islands,A&N Islands,State/UT,Immoral Traffic (Prevention) Act,IMMORAL TRAFFIC(PREVENTION)ACT,FALSE,0
2003,Andaman & Nicobar Islands,A&N Islands,State/UT,Indecent Representation of Women (Prevention) Act,INDECENT REPRESENTATION OF WOMEN(PREVENTION)ACT,FALSE,0
2003,Andaman & Nicobar Islands,A&N Islands,State/UT,Insult to Modesty of Women,INSULT TO THE MODESTY OF WOMEN,FALSE,2
2003,Andaman & Nicobar Islands,A&N Islands,State/UT,Kidnapping & Abduction of Women,KIDNAPPING & ABDUCTION,FALSE,2
2003,Andaman & Nicobar Islands,A&N Islands,State/UT,Rape,RAPE,FALSE,2
2003,Andaman & Nicobar Islands,A&N Islands,State/UT,Total Crimes against Women,TOTAL CRIMES AGAINST WOMEN,FALSE,22
2003,Andhra Pradesh,Andhra Pradesh,State/UT,Assault on Women with Intent to Outrage Modesty,ASSAULT ON WOMEN WITH INTENT TO OUTRAGE HER MODESTY,FALSE,4128
2003,Andhra Pradesh,Andhra Pradesh,State/UT,Cruelty by Husband or Relatives,CRUELTY BY HUSBAND OR RELATIVES,FALSE,8167
2003,Andhra Pradesh,Andhra Pradesh,State/UT,Dowry Deaths,DOWRY DEATH,FALSE,466
2003,Andhra Pradesh,Andhra Pradesh,State/UT,Immoral Traffic (Prevention) Act,IMMORAL TRAFFIC(PREVENTION)ACT,FALSE,349
2003,Andhra Pradesh,Andhra Pradesh,State/UT,Indecent Representation of Women (Prevention) Act,INDECENT REPRESENTATION OF WOMEN(PREVENTION)ACT,FALSE,909
2003,Andhra Pradesh,Andhra Pradesh,State/UT,Insult to Modesty of Women,INSULT TO THE MODESTY OF WOMEN,FALSE,2286
2003,Andhra Pradesh,Andhra Pradesh,State/UT,Kidnapping & Abduction of Women,KIDNAPPING & ABDUCTION,FALSE,931
2003,Andhra Pradesh,Andhra Pradesh,State/UT,Rape,RAPE,FALSE,946
2003,Andhra Pradesh,Andhra Pradesh,State/UT,Total Crimes against Women,TOTAL CRIMES AGAINST WOMEN,FALSE,18382
2003,Arunachal Pradesh,Arunachal Pradesh,State/UT,Assault on Women with Intent to Outrage Modesty,ASSAULT ON WOMEN WITH INTENT TO OUTRAGE HER MODESTY,FALSE,43
2003,Arunachal Pradesh,Arunachal Pradesh,State/UT,Cruelty by Husband or Relatives,CRUELTY BY HUSBAND OR RELATIVES,FALSE,14
2003,Arunachal Pradesh,Arunachal Pradesh,State/UT,Dowry Deaths,DOWRY DEATH,FALSE,0
2003,Arunachal Pradesh,Arunachal Pradesh,State/UT,Immoral Traffic (Prevention) Act,IMMORAL TRAFFIC(PREVENTION)ACT,FALSE,0
2003,Arunachal Pradesh,Arunachal Pradesh,State/UT,Indecent Representation of Women (Prevention) Act,INDECENT REPRESENTATION OF WOMEN(PREVENTION)ACT,FALSE,0
2003,Arunachal Pradesh,Arunachal Pradesh,State/UT,Insult to Modesty of Women,INSULT TO THE MODESTY OF WOMEN,FALSE,0
2003,Arunachal Pradesh,Arunachal Pradesh,State/UT,Kidnapping & Abduction of Women,KIDNAPPING & ABDUCTION,FALSE,51
2003,Arunachal Pradesh,Arunachal Pradesh,State/UT,Rape,RAPE,FALSE,31
2003,Arunachal Pradesh,Arunachal Pradesh,State/UT,Total Crimes against Women,TOTAL CRIMES AGAINST WOMEN,FALSE,139
2003,Assam,Assam,State/UT,Assault on Women with Intent to Outrage Modesty,ASSAULT ON WOMEN WITH INTENT TO OUTRAGE HER MODESTY,FALSE,878
2003,Assam,Assam,State/UT,Cruelty by Husband or Relatives,CRUELTY BY HUSBAND OR RELATIVES,FALSE,1808
2003,Assam,Assam,State/UT,Dowry Deaths,DOWRY DEATH,FALSE,60
2003,Assam,Assam,State/UT,Immoral Traffic (Prevention) Act,IMMORAL TRAFFIC(PREVENTION)ACT,FALSE,22
2003,Assam,Assam,State/UT,Indecent Representation of Women (Prevention) Act,INDECENT REPRESENTATION OF WOMEN(PREVENTION)ACT,FALSE,0
2003,Assam,Assam,State/UT,Insult to Modesty of Women,INSULT TO THE MODESTY OF WOMEN,FALSE,6
2003,Assam,Assam,State/UT,Kidnapping & Abduction of Women,KIDNAPPING & ABDUCTION,FALSE,1351
2003,Assam,Assam,State/UT,Rape,RAPE,FALSE,1095
2003,Assam,Assam,State/UT,Total Crimes against Women,TOTAL CRIMES AGAINST WOMEN,FALSE,5312
2003,Bihar,Bihar,State/UT,Assault on Women with Intent to Outrage Modesty,ASSAULT ON WOMEN WITH INTENT TO OUTRAGE HER MODESTY,FALSE,688
2003,Bihar,Bihar,State/UT,Cruelty by Husband or Relatives,CRUELTY BY HUSBAND OR RELATIVES,FALSE,1880
2003,Bihar,Bihar,State/UT,Dowry Deaths,DOWRY DEATH,FALSE,909
2003,Bihar,Bihar,State/UT,Immoral Traffic (Prevention) Act,IMMORAL TRAFFIC(PREVENTION)ACT,FALSE,9
2003,Bihar,Bihar,State/UT,Indecent Representation of Women (Prevention) Act,INDECENT REPRESENTATION OF WOMEN(PREVENTION)ACT,FALSE,1
2003,Bihar,Bihar,State/UT,Insult to Modesty of Women,INSULT TO THE MODESTY OF WOMEN,FALSE,11
2003,Bihar,Bihar,State/UT,Kidnapping & Abduction of Women,KIDNAPPING & ABDUCTION,FALSE,674
2003,Bihar,Bihar,State/UT,Rape,RAPE,FALSE,985
2003,Bihar,Bihar,State/UT,Total Crimes against Women,TOTAL CRIMES AGAINST WOMEN,FALSE,5900
2003,Chandigarh,Chandigarh,State/UT,Assault on Women with Intent to Outrage Modesty,ASSAULT ON WOMEN WITH INTENT TO OUTRAGE HER MODESTY,FALSE,11
2003,Chandigarh,Chandigarh,State/UT,Cruelty by Husband or Relatives,CRUELTY BY HUSBAND OR RELATIVES,FALSE,93
2003,Chandigarh,Chandigarh,State/UT,Dowry Deaths,DOWRY DEATH,FALSE,1
2003,Chandigarh,Chandigarh,State/UT,Immoral Traffic (Prevention) Act,IMMORAL TRAFFIC(PREVENTION)ACT,FALSE,4
2003,Chandigarh,Chandigarh,State/UT,Indecent Representation of Women (Prevention) Act,INDECENT REPRESENTATION OF WOMEN(PREVENTION)ACT,FALSE,0
2003,Chandigarh,Chandigarh,State/UT,Insult to Modesty of Women,INSULT TO THE MODESTY OF WOMEN,FALSE,4
2003,Chandigarh,Chandigarh,State/UT,Kidnapping & Abduction of Women,KIDNAPPING & ABDUCTION,FALSE,28
2003,Chandigarh,Chandigarh,State/UT,Rape,RAPE,FALSE,18
2003,Chandigarh,Chandigarh,State/UT,Total Crimes against Women,TOTAL CRIMES AGAINST WOMEN,FALSE,159
2003,Chhattisgarh,Chhattisgarh,State/UT,Assault on Women with Intent to Outrage Modesty,ASSAULT ON WOMEN WITH INTENT TO OUTRAGE HER MODESTY,FALSE,1481
2003,Chhattisgarh,Chhattisgarh,State/UT,Cruelty by Husband or Relatives,CRUELTY BY HUSBAND OR RELATIVES,FALSE,601
2003,Chhattisgarh,Chhattisgarh,State/UT,Dowry Deaths,DOWRY DEATH,FALSE,79
2003,Chhattisgarh,Chhattisgarh,State/UT,Immoral Traffic (Prevention) Act,IMMORAL TRAFFIC(PREVENTION)ACT,FALSE,7
2003,Chhattisgarh,Chhattisgarh,State/UT,Indecent Representation of Women (Prevention) Act,INDECENT REPRESENTATION OF WOMEN(PREVENTION)ACT,FALSE,0
2003,Chhattisgarh,Chhattisgarh,State/UT,Insult to Modesty of Women,INSULT TO THE MODESTY OF WOMEN,FALSE,105
2003,Chhattisgarh,Chhattisgarh,State/UT,Kidnapping & Abduction of Women,KIDNAPPING & ABDUCTION,FALSE,149
2003,Chhattisgarh,Chhattisgarh,State/UT,Rape,RAPE,FALSE,898
2003,Chhattisgarh,Chhattisgarh,State/UT,Total Crimes against Women,TOTAL CRIMES AGAINST WOMEN,FALSE,3336
2003,"Dadra & Nagar Haveli (pre-2020, separate UT)",D&N Haveli,State/UT,Assault on Women with Intent to Outrage Modesty,ASSAULT ON WOMEN WITH INTENT TO OUTRAGE HER MODESTY,FALSE,4
2003,"Dadra & Nagar Haveli (pre-2020, separate UT)",D&N Haveli,State/UT,Cruelty by Husband or Relatives,CRUELTY BY HUSBAND OR RELATIVES,FALSE,2
2003,"Dadra & Nagar Haveli (pre-2020, separate UT)",D&N Haveli,State/UT,Dowry Deaths,DOWRY DEATH,FALSE,0
2003,"Dadra & Nagar Haveli (pre-2020, separate UT)",D&N Haveli,State/UT,Immoral Traffic (Prevention) Act,IMMORAL TRAFFIC(PREVENTION)ACT,FALSE,2
2003,"Dadra & Nagar Haveli (pre-2020, separate UT)",D&N Haveli,State/UT,Indecent Representation of Women (Prevention) Act,INDECENT REPRESENTATION OF WOMEN(PREVENTION)ACT,FALSE,0
2003,"Dadra & Nagar Haveli (pre-2020, separate UT)",D&N Haveli,State/UT,Insult to Modesty of Women,INSULT TO THE MODESTY OF WOMEN,FALSE,0
2003,"Dadra & Nagar Haveli (pre-2020, separate UT)",D&N Haveli,State/UT,Kidnapping & Abduction of Women,KIDNAPPING & ABDUCTION,FALSE,4
2003,"Dadra & Nagar Haveli (pre-2020, separate UT)",D&N Haveli,State/UT,Rape,RAPE,FALSE,1
2003,"Dadra & Nagar Haveli (pre-2020, separate UT)",D&N Haveli,State/UT,Total Crimes against Women,TOTAL CRIMES AGAINST WOMEN,FALSE,13
2003,"Daman & Diu (pre-2020, separate UT)",Daman & Diu,State/UT,Assault on Women with Intent to Outrage Modesty,ASSAULT ON WOMEN WITH INTENT TO OUTRAGE HER MODESTY,FALSE,3
2003,"Daman & Diu (pre-2020, separate UT)",Daman & Diu,State/UT,Cruelty by Husband or Relatives,CRUELTY BY HUSBAND OR RELATIVES,FALSE,0
2003,"Daman & Diu (pre-2020, separate UT)",Daman & Diu,State/UT,Dowry Deaths,DOWRY DEATH,FALSE,1
2003,"Daman & Diu (pre-2020, separate UT)",Daman & Diu,State/UT,Immoral Traffic (Prevention) Act,IMMORAL TRAFFIC(PREVENTION)ACT,FALSE,0
2003,"Daman & Diu (pre-2020, separate UT)",Daman & Diu,State/UT,Indecent Representation of Women (Prevention) Act,INDECENT REPRESENTATION OF WOMEN(PREVENTION)ACT,FALSE,0
2003,"Daman & Diu (pre-2020, separate UT)",Daman & Diu,State/UT,Insult to Modesty of Women,INSULT TO THE MODESTY OF WOMEN,FALSE,0
2003,"Daman & Diu (pre-2020, separate UT)",Daman & Diu,State/UT,Kidnapping & Abduction of Women,KIDNAPPING & ABDUCTION,FALSE,1
2003,"Daman & Diu (pre-2020, separate UT)",Daman & Diu,State/UT,Rape,RAPE,FALSE,5
2003,"Daman & Diu (pre-2020, separate UT)",Daman & Diu,State/UT,Total Crimes against Women,TOTAL CRIMES AGAINST WOMEN,FALSE,10
2003,Delhi,Delhi UT,State/UT,Assault on Women with Intent to Outrage Modesty,ASSAULT ON WOMEN WITH INTENT TO OUTRAGE HER MODESTY,FALSE,489
2003,Delhi,Delhi UT,State/UT,Cruelty by Husband or Relatives,CRUELTY BY HUSBAND OR RELATIVES,FALSE,1211
2003,Delhi,Delhi UT,State/UT,Dowry Deaths,DOWRY DEATH,FALSE,130
2003,Delhi,Delhi UT,State/UT,Immoral Traffic (Prevention) Act,IMMORAL TRAFFIC(PREVENTION)ACT,FALSE,46
2003,Delhi,Delhi UT,State/UT,Indecent Representation of Women (Prevention) Act,INDECENT REPRESENTATION OF WOMEN(PREVENTION)ACT,FALSE,0
2003,Delhi,Delhi UT,State/UT,Insult to Modesty of Women,INSULT TO THE MODESTY OF WOMEN,FALSE,105
2003,Delhi,Delhi UT,State/UT,Kidnapping & Abduction of Women,KIDNAPPING & ABDUCTION,FALSE,797
2003,Delhi,Delhi UT,State/UT,Rape,RAPE,FALSE,490
2003,Delhi,Delhi UT,State/UT,Total Crimes against Women,TOTAL CRIMES AGAINST WOMEN,FALSE,3282
2003,Goa,Goa,State/UT,Assault on Women with Intent to Outrage Modesty,ASSAULT ON WOMEN WITH INTENT TO OUTRAGE HER MODESTY,FALSE,19
2003,Goa,Goa,State/UT,Cruelty by Husband or Relatives,CRUELTY BY HUSBAND OR RELATIVES,FALSE,24
2003,Goa,Goa,State/UT,Dowry Deaths,DOWRY DEATH,FALSE,2
2003,Goa,Goa,State/UT,Immoral Traffic (Prevention) Act,IMMORAL TRAFFIC(PREVENTION)ACT,FALSE,25
2003,Goa,Goa,State/UT,Indecent Representation of Women (Prevention) Act,INDECENT REPRESENTATION OF WOMEN(PREVENTION)ACT,FALSE,0
2003,Goa,Goa,State/UT,Insult to Modesty of Women,INSULT TO THE MODESTY OF WOMEN,FALSE,7
2003,Goa,Goa,State/UT,Kidnapping & Abduction of Women,KIDNAPPING & ABDUCTION,FALSE,13
2003,Goa,Goa,State/UT,Rape,RAPE,FALSE,31
2003,Goa,Goa,State/UT,Total Crimes against Women,TOTAL CRIMES AGAINST WOMEN,FALSE,121
2003,Gujarat,Gujarat,State/UT,Assault on Women with Intent to Outrage Modesty,ASSAULT ON WOMEN WITH INTENT TO OUTRAGE HER MODESTY,FALSE,722
2003,Gujarat,Gujarat,State/UT,Cruelty by Husband or Relatives,CRUELTY BY HUSBAND OR RELATIVES,FALSE,3684
2003,Gujarat,Gujarat,State/UT,Dowry Deaths,DOWRY DEATH,FALSE,54
2003,Gujarat,Gujarat,State/UT,Immoral Traffic (Prevention) Act,IMMORAL TRAFFIC(PREVENTION)ACT,FALSE,74
2003,Gujarat,Gujarat,State/UT,Indecent Representation of Women (Prevention) Act,INDECENT REPRESENTATION OF WOMEN(PREVENTION)ACT,FALSE,14
2003,Gujarat,Gujarat,State/UT,Insult to Modesty of Women,INSULT TO THE MODESTY OF WOMEN,FALSE,92
2003,Gujarat,Gujarat,State/UT,Kidnapping & Abduction of Women,KIDNAPPING & ABDUCTION,FALSE,859
2003,Gujarat,Gujarat,State/UT,Rape,RAPE,FALSE,236
2003,Gujarat,Gujarat,State/UT,Total Crimes against Women,TOTAL CRIMES AGAINST WOMEN,FALSE,5735
2003,Haryana,Haryana,State/UT,Assault on Women with Intent to Outrage Modesty,ASSAULT ON WOMEN WITH INTENT TO OUTRAGE HER MODESTY,FALSE,344
2003,Haryana,Haryana,State/UT,Cruelty by Husband or Relatives,CRUELTY BY HUSBAND OR RELATIVES,FALSE,1618
2003,Haryana,Haryana,State/UT,Dowry Deaths,DOWRY DEATH,FALSE,222
2003,Haryana,Haryana,State/UT,Immoral Traffic (Prevention) Act,IMMORAL TRAFFIC(PREVENTION)ACT,FALSE,57
2003,Haryana,Haryana,State/UT,Indecent Representation of Women (Prevention) Act,INDECENT REPRESENTATION OF WOMEN(PREVENTION)ACT,FALSE,0
2003,Haryana,Haryana,State/UT,Insult to Modesty of Women,INSULT TO THE MODESTY OF WOMEN,FALSE,1302
2003,Haryana,Haryana,State/UT,Kidnapping & Abduction of Women,KIDNAPPING & ABDUCTION,FALSE,271
2003,Haryana,Haryana,State/UT,Rape,RAPE,FALSE,353
2003,Haryana,Haryana,State/UT,Total Crimes against Women,TOTAL CRIMES AGAINST WOMEN,FALSE,4170
2003,Himachal Pradesh,Himachal Pradesh,State/UT,Assault on Women with Intent to Outrage Modesty,ASSAULT ON WOMEN WITH INTENT TO OUTRAGE HER MODESTY,FALSE,250
2003,Himachal Pradesh,Himachal Pradesh,State/UT,Cruelty by Husband or Relatives,CRUELTY BY HUSBAND OR RELATIVES,FALSE,221
2003,Himachal Pradesh,Himachal Pradesh,State/UT,Dowry Deaths,DOWRY DEATH,FALSE,6
2003,Himachal Pradesh,Himachal Pradesh,State/UT,Immoral Traffic (Prevention) Act,IMMORAL TRAFFIC(PREVENTION)ACT,FALSE,5
2003,Himachal Pradesh,Himachal Pradesh,State/UT,Indecent Representation of Women (Prevention) Act,INDECENT REPRESENTATION OF WOMEN(PREVENTION)ACT,FALSE,0
2003,Himachal Pradesh,Himachal Pradesh,State/UT,Insult to Modesty of Women,INSULT TO THE MODESTY OF WOMEN,FALSE,18
2003,Himachal Pradesh,Himachal Pradesh,State/UT,Kidnapping & Abduction of Women,KIDNAPPING & ABDUCTION,FALSE,96
2003,Himachal Pradesh,Himachal Pradesh,State/UT,Rape,RAPE,FALSE,126
2003,Himachal Pradesh,Himachal Pradesh,State/UT,Total Crimes against Women,TOTAL CRIMES AGAINST WOMEN,FALSE,729
2003,Jammu & Kashmir,Jammu & Kashmir,State/UT,Assault on Women with Intent to Outrage Modesty,ASSAULT ON WOMEN WITH INTENT TO OUTRAGE HER MODESTY,FALSE,875
2003,Jammu & Kashmir,Jammu & Kashmir,State/UT,Cruelty by Husband or Relatives,CRUELTY BY HUSBAND OR RELATIVES,FALSE,71
2003,Jammu & Kashmir,Jammu & Kashmir,State/UT,Dowry Deaths,DOWRY DEATH,FALSE,10
2003,Jammu & Kashmir,Jammu & Kashmir,State/UT,Immoral Traffic (Prevention) Act,IMMORAL TRAFFIC(PREVENTION)ACT,FALSE,2
2003,Jammu & Kashmir,Jammu & Kashmir,State/UT,Indecent Representation of Women (Prevention) Act,INDECENT REPRESENTATION OF WOMEN(PREVENTION)ACT,FALSE,0
2003,Jammu & Kashmir,Jammu & Kashmir,State/UT,Insult to Modesty of Women,INSULT TO THE MODESTY OF WOMEN,FALSE,376
2003,Jammu & Kashmir,Jammu & Kashmir,State/UT,Kidnapping & Abduction of Women,KIDNAPPING & ABDUCTION,FALSE,615
2003,Jammu & Kashmir,Jammu & Kashmir,State/UT,Rape,RAPE,FALSE,211
2003,Jammu & Kashmir,Jammu & Kashmir,State/UT,Total Crimes against Women,TOTAL CRIMES AGAINST WOMEN,FALSE,2164
2003,Jharkhand,Jharkhand,State/UT,Assault on Women with Intent to Outrage Modesty,ASSAULT ON WOMEN WITH INTENT TO OUTRAGE HER MODESTY,FALSE,424
2003,Jharkhand,Jharkhand,State/UT,Cruelty by Husband or Relatives,CRUELTY BY HUSBAND OR RELATIVES,FALSE,559
2003,Jharkhand,Jharkhand,State/UT,Dowry Deaths,DOWRY DEATH,FALSE,262
2003,Jharkhand,Jharkhand,State/UT,Immoral Traffic (Prevention) Act,IMMORAL TRAFFIC(PREVENTION)ACT,FALSE,6
2003,Jharkhand,Jharkhand,State/UT,Indecent Representation of Women (Prevention) Act,INDECENT REPRESENTATION OF WOMEN(PREVENTION)ACT,FALSE,0
2003,Jharkhand,Jharkhand,State/UT,Insult to Modesty of Women,INSULT TO THE MODESTY OF WOMEN,FALSE,2
2003,Jharkhand,Jharkhand,State/UT,Kidnapping & Abduction of Women,KIDNAPPING & ABDUCTION,FALSE,262
2003,Jharkhand,Jharkhand,State/UT,Rape,RAPE,FALSE,712
2003,Jharkhand,Jharkhand,State/UT,Total Crimes against Women,TOTAL CRIMES AGAINST WOMEN,FALSE,2488
2003,Karnataka,Karnataka,State/UT,Assault on Women with Intent to Outrage Modesty,ASSAULT ON WOMEN WITH INTENT TO OUTRAGE HER MODESTY,FALSE,1585
2003,Karnataka,Karnataka,State/UT,Cruelty by Husband or Relatives,CRUELTY BY HUSBAND OR RELATIVES,FALSE,1704
2003,Karnataka,Karnataka,State/UT,Dowry Deaths,DOWRY DEATH,FALSE,194
2003,Karnataka,Karnataka,State/UT,Immoral Traffic (Prevention) Act,IMMORAL TRAFFIC(PREVENTION)ACT,FALSE,1361
2003,Karnataka,Karnataka,State/UT,Indecent Representation of Women (Prevention) Act,INDECENT REPRESENTATION OF WOMEN(PREVENTION)ACT,FALSE,0
2003,Karnataka,Karnataka,State/UT,Insult to Modesty of Women,INSULT TO THE MODESTY OF WOMEN,FALSE,84
2003,Karnataka,Karnataka,State/UT,Kidnapping & Abduction of Women,KIDNAPPING & ABDUCTION,FALSE,244
2003,Karnataka,Karnataka,State/UT,Rape,RAPE,FALSE,321
2003,Karnataka,Karnataka,State/UT,Total Crimes against Women,TOTAL CRIMES AGAINST WOMEN,FALSE,5834
2003,Kerala,Kerala,State/UT,Assault on Women with Intent to Outrage Modesty,ASSAULT ON WOMEN WITH INTENT TO OUTRAGE HER MODESTY,FALSE,1947
2003,Kerala,Kerala,State/UT,Cruelty by Husband or Relatives,CRUELTY BY HUSBAND OR RELATIVES,FALSE,2930
2003,Kerala,Kerala,State/UT,Dowry Deaths,DOWRY DEATH,FALSE,33
2003,Kerala,Kerala,State/UT,Immoral Traffic (Prevention) Act,IMMORAL TRAFFIC(PREVENTION)ACT,FALSE,159
2003,Kerala,Kerala,State/UT,Indecent Representation of Women (Prevention) Act,INDECENT REPRESENTATION OF WOMEN(PREVENTION)ACT,FALSE,16
2003,Kerala,Kerala,State/UT,Insult to Modesty of Women,INSULT TO THE MODESTY OF WOMEN,FALSE,68
2003,Kerala,Kerala,State/UT,Kidnapping & Abduction of Women,KIDNAPPING & ABDUCTION,FALSE,102
2003,Kerala,Kerala,State/UT,Rape,RAPE,FALSE,394
2003,Kerala,Kerala,State/UT,Total Crimes against Women,TOTAL CRIMES AGAINST WOMEN,FALSE,5653
2003,Lakshadweep,Lakshadweep,State/UT,Assault on Women with Intent to Outrage Modesty,ASSAULT ON WOMEN WITH INTENT TO OUTRAGE HER MODESTY,FALSE,1
2003,Lakshadweep,Lakshadweep,State/UT,Cruelty by Husband or Relatives,CRUELTY BY HUSBAND OR RELATIVES,FALSE,1
2003,Lakshadweep,Lakshadweep,State/UT,Dowry Deaths,DOWRY DEATH,FALSE,0
2003,Lakshadweep,Lakshadweep,State/UT,Immoral Traffic (Prevention) Act,IMMORAL TRAFFIC(PREVENTION)ACT,FALSE,0
2003,Lakshadweep,Lakshadweep,State/UT,Indecent Representation of Women (Prevention) Act,INDECENT REPRESENTATION OF WOMEN(PREVENTION)ACT,FALSE,0
2003,Lakshadweep,Lakshadweep,State/UT,Insult to Modesty of Women,INSULT TO THE MODESTY OF WOMEN,FALSE,0
2003,Lakshadweep,Lakshadweep,State/UT,Kidnapping & Abduction of Women,KIDNAPPING & ABDUCTION,FALSE,0
2003,Lakshadweep,Lakshadweep,State/UT,Rape,RAPE,FALSE,2
2003,Lakshadweep,Lakshadweep,State/UT,Total Crimes against Women,TOTAL CRIMES AGAINST WOMEN,FALSE,4
2003,Madhya Pradesh,Madhya Pradesh,State/UT,Assault on Women with Intent to Outrage Modesty,ASSAULT ON WOMEN WITH INTENT TO OUTRAGE HER MODESTY,FALSE,6848
2003,Madhya Pradesh,Madhya Pradesh,State/UT,Cruelty by Husband or Relatives,CRUELTY BY HUSBAND OR RELATIVES,FALSE,2938
2003,Madhya Pradesh,Madhya Pradesh,State/UT,Dowry Deaths,DOWRY DEATH,FALSE,648
2003,Madhya Pradesh,Madhya Pradesh,State/UT,Immoral Traffic (Prevention) Act,IMMORAL TRAFFIC(PREVENTION)ACT,FALSE,33
2003,Madhya Pradesh,Madhya Pradesh,State/UT,Indecent Representation of Women (Prevention) Act,INDECENT REPRESENTATION OF WOMEN(PREVENTION)ACT,FALSE,0
2003,Madhya Pradesh,Madhya Pradesh,State/UT,Insult to Modesty of Women,INSULT TO THE MODESTY OF WOMEN,FALSE,705
2003,Madhya Pradesh,Madhya Pradesh,State/UT,Kidnapping & Abduction of Women,KIDNAPPING & ABDUCTION,FALSE,608
2003,Madhya Pradesh,Madhya Pradesh,State/UT,Rape,RAPE,FALSE,2738
2003,Madhya Pradesh,Madhya Pradesh,State/UT,Total Crimes against Women,TOTAL CRIMES AGAINST WOMEN,FALSE,14547
2003,Maharashtra,Maharashtra,State/UT,Assault on Women with Intent to Outrage Modesty,ASSAULT ON WOMEN WITH INTENT TO OUTRAGE HER MODESTY,FALSE,2661
2003,Maharashtra,Maharashtra,State/UT,Cruelty by Husband or Relatives,CRUELTY BY HUSBAND OR RELATIVES,FALSE,5452
2003,Maharashtra,Maharashtra,State/UT,Dowry Deaths,DOWRY DEATH,FALSE,368
2003,Maharashtra,Maharashtra,State/UT,Immoral Traffic (Prevention) Act,IMMORAL TRAFFIC(PREVENTION)ACT,FALSE,179
2003,Maharashtra,Maharashtra,State/UT,Indecent Representation of Women (Prevention) Act,INDECENT REPRESENTATION OF WOMEN(PREVENTION)ACT,FALSE,8
2003,Maharashtra,Maharashtra,State/UT,Insult to Modesty of Women,INSULT TO THE MODESTY OF WOMEN,FALSE,682
2003,Maharashtra,Maharashtra,State/UT,Kidnapping & Abduction of Women,KIDNAPPING & ABDUCTION,FALSE,626
2003,Maharashtra,Maharashtra,State/UT,Rape,RAPE,FALSE,1268
2003,Maharashtra,Maharashtra,State/UT,Total Crimes against Women,TOTAL CRIMES AGAINST WOMEN,FALSE,11273
2003,Manipur,Manipur,State/UT,Assault on Women with Intent to Outrage Modesty,ASSAULT ON WOMEN WITH INTENT TO OUTRAGE HER MODESTY,FALSE,44
2003,Manipur,Manipur,State/UT,Cruelty by Husband or Relatives,CRUELTY BY HUSBAND OR RELATIVES,FALSE,4
2003,Manipur,Manipur,State/UT,Dowry Deaths,DOWRY DEATH,FALSE,0
2003,Manipur,Manipur,State/UT,Immoral Traffic (Prevention) Act,IMMORAL TRAFFIC(PREVENTION)ACT,FALSE,0
2003,Manipur,Manipur,State/UT,Indecent Representation of Women (Prevention) Act,INDECENT REPRESENTATION OF WOMEN(PREVENTION)ACT,FALSE,0
2003,Manipur,Manipur,State/UT,Insult to Modesty of Women,INSULT TO THE MODESTY OF WOMEN,FALSE,0
2003,Manipur,Manipur,State/UT,Kidnapping & Abduction of Women,KIDNAPPING & ABDUCTION,FALSE,71
2003,Manipur,Manipur,State/UT,Rape,RAPE,FALSE,18
2003,Manipur,Manipur,State/UT,Total Crimes against Women,TOTAL CRIMES AGAINST WOMEN,FALSE,137
2003,Meghalaya,Meghalaya,State/UT,Assault on Women with Intent to Outrage Modesty,ASSAULT ON WOMEN WITH INTENT TO OUTRAGE HER MODESTY,FALSE,13
2003,Meghalaya,Meghalaya,State/UT,Cruelty by Husband or Relatives,CRUELTY BY HUSBAND OR RELATIVES,FALSE,4
2003,Meghalaya,Meghalaya,State/UT,Dowry Deaths,DOWRY DEATH,FALSE,0
2003,Meghalaya,Meghalaya,State/UT,Immoral Traffic (Prevention) Act,IMMORAL TRAFFIC(PREVENTION)ACT,FALSE,1
2003,Meghalaya,Meghalaya,State/UT,Indecent Representation of Women (Prevention) Act,INDECENT REPRESENTATION OF WOMEN(PREVENTION)ACT,FALSE,0
2003,Meghalaya,Meghalaya,State/UT,Insult to Modesty of Women,INSULT TO THE MODESTY OF WOMEN,FALSE,1
2003,Meghalaya,Meghalaya,State/UT,Kidnapping & Abduction of Women,KIDNAPPING & ABDUCTION,FALSE,10
2003,Meghalaya,Meghalaya,State/UT,Rape,RAPE,FALSE,40
2003,Meghalaya,Meghalaya,State/UT,Total Crimes against Women,TOTAL CRIMES AGAINST WOMEN,FALSE,69
2003,Mizoram,Mizoram,State/UT,Assault on Women with Intent to Outrage Modesty,ASSAULT ON WOMEN WITH INTENT TO OUTRAGE HER MODESTY,FALSE,88
2003,Mizoram,Mizoram,State/UT,Cruelty by Husband or Relatives,CRUELTY BY HUSBAND OR RELATIVES,FALSE,3
2003,Mizoram,Mizoram,State/UT,Dowry Deaths,DOWRY DEATH,FALSE,0
2003,Mizoram,Mizoram,State/UT,Immoral Traffic (Prevention) Act,IMMORAL TRAFFIC(PREVENTION)ACT,FALSE,0
2003,Mizoram,Mizoram,State/UT,Indecent Representation of Women (Prevention) Act,INDECENT REPRESENTATION OF WOMEN(PREVENTION)ACT,FALSE,0
2003,Mizoram,Mizoram,State/UT,Insult to Modesty of Women,INSULT TO THE MODESTY OF WOMEN,FALSE,0
2003,Mizoram,Mizoram,State/UT,Kidnapping & Abduction of Women,KIDNAPPING & ABDUCTION,FALSE,2
2003,Mizoram,Mizoram,State/UT,Rape,RAPE,FALSE,54
2003,Mizoram,Mizoram,State/UT,Total Crimes against Women,TOTAL CRIMES AGAINST WOMEN,FALSE,147
2003,Nagaland,Nagaland,State/UT,Assault on Women with Intent to Outrage Modesty,ASSAULT ON WOMEN WITH INTENT TO OUTRAGE HER MODESTY,FALSE,4
2003,Nagaland,Nagaland,State/UT,Cruelty by Husband or Relatives,CRUELTY BY HUSBAND OR RELATIVES,FALSE,0
2003,Nagaland,Nagaland,State/UT,Dowry Deaths,DOWRY DEATH,FALSE,0
2003,Nagaland,Nagaland,State/UT,Immoral Traffic (Prevention) Act,IMMORAL TRAFFIC(PREVENTION)ACT,FALSE,1
2003,Nagaland,Nagaland,State/UT,Indecent Representation of Women (Prevention) Act,INDECENT REPRESENTATION OF WOMEN(PREVENTION)ACT,FALSE,0
2003,Nagaland,Nagaland,State/UT,Insult to Modesty of Women,INSULT TO THE MODESTY OF WOMEN,FALSE,2
2003,Nagaland,Nagaland,State/UT,Kidnapping & Abduction of Women,KIDNAPPING & ABDUCTION,FALSE,3
2003,Nagaland,Nagaland,State/UT,Rape,RAPE,FALSE,14
2003,Nagaland,Nagaland,State/UT,Total Crimes against Women,TOTAL CRIMES AGAINST WOMEN,FALSE,25
2003,Odisha,Odisha,State/UT,Assault on Women with Intent to Outrage Modesty,ASSAULT ON WOMEN WITH INTENT TO OUTRAGE HER MODESTY,FALSE,1669
2003,Odisha,Odisha,State/UT,Cruelty by Husband or Relatives,CRUELTY BY HUSBAND OR RELATIVES,FALSE,1289
2003,Odisha,Odisha,State/UT,Dowry Deaths,DOWRY DEATH,FALSE,279
2003,Odisha,Odisha,State/UT,Immoral Traffic (Prevention) Act,IMMORAL TRAFFIC(PREVENTION)ACT,FALSE,11
2003,Odisha,Odisha,State/UT,Indecent Representation of Women (Prevention) Act,INDECENT REPRESENTATION OF WOMEN(PREVENTION)ACT,FALSE,0
2003,Odisha,Odisha,State/UT,Insult to Modesty of Women,INSULT TO THE MODESTY OF WOMEN,FALSE,188
2003,Odisha,Odisha,State/UT,Kidnapping & Abduction of Women,KIDNAPPING & ABDUCTION,FALSE,373
2003,Odisha,Odisha,State/UT,Rape,RAPE,FALSE,725
2003,Odisha,Odisha,State/UT,Total Crimes against Women,TOTAL CRIMES AGAINST WOMEN,FALSE,4946
2003,Puducherry,Puducherry,State/UT,Assault on Women with Intent to Outrage Modesty,ASSAULT ON WOMEN WITH INTENT TO OUTRAGE HER MODESTY,FALSE,56
2003,Puducherry,Puducherry,State/UT,Cruelty by Husband or Relatives,CRUELTY BY HUSBAND OR RELATIVES,FALSE,4
2003,Puducherry,Puducherry,State/UT,Dowry Deaths,DOWRY DEATH,FALSE,1
2003,Puducherry,Puducherry,State/UT,Immoral Traffic (Prevention) Act,IMMORAL TRAFFIC(PREVENTION)ACT,FALSE,13
2003,Puducherry,Puducherry,State/UT,Indecent Representation of Women (Prevention) Act,INDECENT REPRESENTATION OF WOMEN(PREVENTION)ACT,FALSE,0
2003,Puducherry,Puducherry,State/UT,Insult to Modesty of Women,INSULT TO THE MODESTY OF WOMEN,FALSE,27
2003,Puducherry,Puducherry,State/UT,Kidnapping & Abduction of Women,KIDNAPPING & ABDUCTION,FALSE,13
2003,Puducherry,Puducherry,State/UT,Rape,RAPE,FALSE,2
2003,Puducherry,Puducherry,State/UT,Total Crimes against Women,TOTAL CRIMES AGAINST WOMEN,FALSE,121
2003,Punjab,Punjab,State/UT,Assault on Women with Intent to Outrage Modesty,ASSAULT ON WOMEN WITH INTENT TO OUTRAGE HER MODESTY,FALSE,346
2003,Punjab,Punjab,State/UT,Cruelty by Husband or Relatives,CRUELTY BY HUSBAND OR RELATIVES,FALSE,987
2003,Punjab,Punjab,State/UT,Dowry Deaths,DOWRY DEATH,FALSE,110
2003,Punjab,Punjab,State/UT,Immoral Traffic (Prevention) Act,IMMORAL TRAFFIC(PREVENTION)ACT,FALSE,54
2003,Punjab,Punjab,State/UT,Indecent Representation of Women (Prevention) Act,INDECENT REPRESENTATION OF WOMEN(PREVENTION)ACT,FALSE,1
2003,Punjab,Punjab,State/UT,Insult to Modesty of Women,INSULT TO THE MODESTY OF WOMEN,FALSE,199
2003,Punjab,Punjab,State/UT,Kidnapping & Abduction of Women,KIDNAPPING & ABDUCTION,FALSE,295
2003,Punjab,Punjab,State/UT,Rape,RAPE,FALSE,380
2003,Punjab,Punjab,State/UT,Total Crimes against Women,TOTAL CRIMES AGAINST WOMEN,FALSE,2375
2003,Rajasthan,Rajasthan,State/UT,Assault on Women with Intent to Outrage Modesty,ASSAULT ON WOMEN WITH INTENT TO OUTRAGE HER MODESTY,FALSE,2715
2003,Rajasthan,Rajasthan,State/UT,Cruelty by Husband or Relatives,CRUELTY BY HUSBAND OR RELATIVES,FALSE,5733
2003,Rajasthan,Rajasthan,State/UT,Dowry Deaths,DOWRY DEATH,FALSE,389
2003,Rajasthan,Rajasthan,State/UT,Immoral Traffic (Prevention) Act,IMMORAL TRAFFIC(PREVENTION)ACT,FALSE,51
2003,Rajasthan,Rajasthan,State/UT,Indecent Representation of Women (Prevention) Act,INDECENT REPRESENTATION OF WOMEN(PREVENTION)ACT,FALSE,87
2003,Rajasthan,Rajasthan,State/UT,Insult to Modesty of Women,INSULT TO THE MODESTY OF WOMEN,FALSE,33
2003,Rajasthan,Rajasthan,State/UT,Kidnapping & Abduction of Women,KIDNAPPING & ABDUCTION,FALSE,1750
2003,Rajasthan,Rajasthan,State/UT,Rape,RAPE,FALSE,1050
2003,Rajasthan,Rajasthan,State/UT,Total Crimes against Women,TOTAL CRIMES AGAINST WOMEN,FALSE,11812
2003,Sikkim,Sikkim,State/UT,Assault on Women with Intent to Outrage Modesty,ASSAULT ON WOMEN WITH INTENT TO OUTRAGE HER MODESTY,FALSE,25
2003,Sikkim,Sikkim,State/UT,Cruelty by Husband or Relatives,CRUELTY BY HUSBAND OR RELATIVES,FALSE,1
2003,Sikkim,Sikkim,State/UT,Dowry Deaths,DOWRY DEATH,FALSE,0
2003,Sikkim,Sikkim,State/UT,Immoral Traffic (Prevention) Act,IMMORAL TRAFFIC(PREVENTION)ACT,FALSE,1
2003,Sikkim,Sikkim,State/UT,Indecent Representation of Women (Prevention) Act,INDECENT REPRESENTATION OF WOMEN(PREVENTION)ACT,FALSE,0
2003,Sikkim,Sikkim,State/UT,Insult to Modesty of Women,INSULT TO THE MODESTY OF WOMEN,FALSE,0
2003,Sikkim,Sikkim,State/UT,Kidnapping & Abduction of Women,KIDNAPPING & ABDUCTION,FALSE,0
2003,Sikkim,Sikkim,State/UT,Rape,RAPE,FALSE,10
2003,Sikkim,Sikkim,State/UT,Total Crimes against Women,TOTAL CRIMES AGAINST WOMEN,FALSE,37
2003,Tamil Nadu,Tamil Nadu,State/UT,Assault on Women with Intent to Outrage Modesty,ASSAULT ON WOMEN WITH INTENT TO OUTRAGE HER MODESTY,FALSE,2022
2003,Tamil Nadu,Tamil Nadu,State/UT,Cruelty by Husband or Relatives,CRUELTY BY HUSBAND OR RELATIVES,FALSE,1555
2003,Tamil Nadu,Tamil Nadu,State/UT,Dowry Deaths,DOWRY DEATH,FALSE,220
2003,Tamil Nadu,Tamil Nadu,State/UT,Immoral Traffic (Prevention) Act,IMMORAL TRAFFIC(PREVENTION)ACT,FALSE,2839
2003,Tamil Nadu,Tamil Nadu,State/UT,Indecent Representation of Women (Prevention) Act,INDECENT REPRESENTATION OF WOMEN(PREVENTION)ACT,FALSE,6
2003,Tamil Nadu,Tamil Nadu,State/UT,Insult to Modesty of Women,INSULT TO THE MODESTY OF WOMEN,FALSE,881
2003,Tamil Nadu,Tamil Nadu,State/UT,Kidnapping & Abduction of Women,KIDNAPPING & ABDUCTION,FALSE,632
2003,Tamil Nadu,Tamil Nadu,State/UT,Rape,RAPE,FALSE,557
2003,Tamil Nadu,Tamil Nadu,State/UT,Total Crimes against Women,TOTAL CRIMES AGAINST WOMEN,FALSE,8888
2003,Tripura,Tripura,State/UT,Assault on Women with Intent to Outrage Modesty,ASSAULT ON WOMEN WITH INTENT TO OUTRAGE HER MODESTY,FALSE,127
2003,Tripura,Tripura,State/UT,Cruelty by Husband or Relatives,CRUELTY BY HUSBAND OR RELATIVES,FALSE,247
2003,Tripura,Tripura,State/UT,Dowry Deaths,DOWRY DEATH,FALSE,20
2003,Tripura,Tripura,State/UT,Immoral Traffic (Prevention) Act,IMMORAL TRAFFIC(PREVENTION)ACT,FALSE,0
2003,Tripura,Tripura,State/UT,Indecent Representation of Women (Prevention) Act,INDECENT REPRESENTATION OF WOMEN(PREVENTION)ACT,FALSE,0
2003,Tripura,Tripura,State/UT,Insult to Modesty of Women,INSULT TO THE MODESTY OF WOMEN,FALSE,0
2003,Tripura,Tripura,State/UT,Kidnapping & Abduction of Women,KIDNAPPING & ABDUCTION,FALSE,29
2003,Tripura,Tripura,State/UT,Rape,RAPE,FALSE,114
2003,Tripura,Tripura,State/UT,Total Crimes against Women,TOTAL CRIMES AGAINST WOMEN,FALSE,537
2003,Uttar Pradesh,Uttar Pradesh,State/UT,Assault on Women with Intent to Outrage Modesty,ASSAULT ON WOMEN WITH INTENT TO OUTRAGE HER MODESTY,FALSE,1098
2003,Uttar Pradesh,Uttar Pradesh,State/UT,Cruelty by Husband or Relatives,CRUELTY BY HUSBAND OR RELATIVES,FALSE,2626
2003,Uttar Pradesh,Uttar Pradesh,State/UT,Dowry Deaths,DOWRY DEATH,FALSE,1322
2003,Uttar Pradesh,Uttar Pradesh,State/UT,Immoral Traffic (Prevention) Act,IMMORAL TRAFFIC(PREVENTION)ACT,FALSE,47
2003,Uttar Pradesh,Uttar Pradesh,State/UT,Indecent Representation of Women (Prevention) Act,INDECENT REPRESENTATION OF WOMEN(PREVENTION)ACT,FALSE,0
2003,Uttar Pradesh,Uttar Pradesh,State/UT,Insult to Modesty of Women,INSULT TO THE MODESTY OF WOMEN,FALSE,4970
2003,Uttar Pradesh,Uttar Pradesh,State/UT,Kidnapping & Abduction of Women,KIDNAPPING & ABDUCTION,FALSE,1499
2003,Uttar Pradesh,Uttar Pradesh,State/UT,Rape,RAPE,FALSE,911
2003,Uttar Pradesh,Uttar Pradesh,State/UT,Total Crimes against Women,TOTAL CRIMES AGAINST WOMEN,FALSE,12840
2003,Uttarakhand,Uttarakhand,State/UT,Assault on Women with Intent to Outrage Modesty,ASSAULT ON WOMEN WITH INTENT TO OUTRAGE HER MODESTY,FALSE,136
2003,Uttarakhand,Uttarakhand,State/UT,Cruelty by Husband or Relatives,CRUELTY BY HUSBAND OR RELATIVES,FALSE,317
2003,Uttarakhand,Uttarakhand,State/UT,Dowry Deaths,DOWRY DEATH,FALSE,93
2003,Uttarakhand,Uttarakhand,State/UT,Immoral Traffic (Prevention) Act,IMMORAL TRAFFIC(PREVENTION)ACT,FALSE,0
2003,Uttarakhand,Uttarakhand,State/UT,Indecent Representation of Women (Prevention) Act,INDECENT REPRESENTATION OF WOMEN(PREVENTION)ACT,FALSE,0
2003,Uttarakhand,Uttarakhand,State/UT,Insult to Modesty of Women,INSULT TO THE MODESTY OF WOMEN,FALSE,98
2003,Uttarakhand,Uttarakhand,State/UT,Kidnapping & Abduction of Women,KIDNAPPING & ABDUCTION,FALSE,134
2003,Uttarakhand,Uttarakhand,State/UT,Rape,RAPE,FALSE,107
2003,Uttarakhand,Uttarakhand,State/UT,Total Crimes against Women,TOTAL CRIMES AGAINST WOMEN,FALSE,886
2003,West Bengal,West Bengal,State/UT,Assault on Women with Intent to Outrage Modesty,ASSAULT ON WOMEN WITH INTENT TO OUTRAGE HER MODESTY,FALSE,1186
2003,West Bengal,West Bengal,State/UT,Cruelty by Husband or Relatives,CRUELTY BY HUSBAND OR RELATIVES,FALSE,4948
2003,West Bengal,West Bengal,State/UT,Dowry Deaths,DOWRY DEATH,FALSE,329
2003,West Bengal,West Bengal,State/UT,Immoral Traffic (Prevention) Act,IMMORAL TRAFFIC(PREVENTION)ACT,FALSE,152
2003,West Bengal,West Bengal,State/UT,Indecent Representation of Women (Prevention) Act,INDECENT REPRESENTATION OF WOMEN(PREVENTION)ACT,FALSE,1
2003,West Bengal,West Bengal,State/UT,Insult to Modesty of Women,INSULT TO THE MODESTY OF WOMEN,FALSE,71
2003,West Bengal,West Bengal,State/UT,Kidnapping & Abduction of Women,KIDNAPPING & ABDUCTION,FALSE,801
2003,West Bengal,West Bengal,State/UT,Rape,RAPE,FALSE,1002
2003,West Bengal,West Bengal,State/UT,Total Crimes against Women,TOTAL CRIMES AGAINST WOMEN,FALSE,8508
2004,All India (Total),All India,Aggregate,Assault on Women with Intent to Outrage Modesty,ASSAULT ON WOMEN WITH INTENT TO OUTRAGE HER MODESTY,FALSE,34567
2004,All India (Total),All India,Aggregate,Cruelty by Husband or Relatives,CRUELTY BY HUSBAND OR RELATIVES,FALSE,58121
2004,All India (Total),ALL INDIA,Aggregate,Dowry Deaths,DOWRY DEATH,FALSE,7026
2004,All India (Total),All India,Aggregate,Immoral Traffic (Prevention) Act,IMMORAL TRAFFIC(PREVENTION)ACT,FALSE,5748
2004,All India (Total),All India,Aggregate,Indecent Representation of Women (Prevention) Act,INDECENT REPRESENTATION OF WOMEN(PREVENTION)ACT,FALSE,1378
2004,All India (Total),All India,Aggregate,Insult to Modesty of Women,INSULT TO THE MODESTY OF WOMEN,FALSE,10001
2004,All India (Total),ALL INDIA K&A,Aggregate,Kidnapping & Abduction of Women,KIDNAPPING & ABDUCTION,FALSE,15578
2004,All India (Total),All India,Aggregate,Rape,RAPE,FALSE,18233
2004,All India (Total),TOTAL Crime against Women,Aggregate,Total Crimes against Women,TOTAL CRIMES AGAINST WOMEN,FALSE,154333
2004,Andaman & Nicobar Islands,A&N Islands,State/UT,Assault on Women with Intent to Outrage Modesty,ASSAULT ON WOMEN WITH INTENT TO OUTRAGE HER MODESTY,FALSE,6
2004,Andaman & Nicobar Islands,A&N Islands,State/UT,Cruelty by Husband or Relatives,CRUELTY BY HUSBAND OR RELATIVES,FALSE,5
2004,Andaman & Nicobar Islands,A&N Islands,State/UT,Dowry Deaths,DOWRY DEATH,FALSE,0
2004,Andaman & Nicobar Islands,A&N Islands,State/UT,Immoral Traffic (Prevention) Act,IMMORAL TRAFFIC(PREVENTION)ACT,FALSE,0
2004,Andaman & Nicobar Islands,A&N Islands,State/UT,Indecent Representation of Women (Prevention) Act,INDECENT REPRESENTATION OF WOMEN(PREVENTION)ACT,FALSE,0
2004,Andaman & Nicobar Islands,A&N Islands,State/UT,Insult to Modesty of Women,INSULT TO THE MODESTY OF WOMEN,FALSE,3
2004,Andaman & Nicobar Islands,A&N Islands,State/UT,Kidnapping & Abduction of Women,KIDNAPPING & ABDUCTION,FALSE,3
2004,Andaman & Nicobar Islands,A&N Islands,State/UT,Rape,RAPE,FALSE,10
2004,Andaman & Nicobar Islands,A&N Islands,State/UT,Total Crimes against Women,TOTAL CRIMES AGAINST WOMEN,FALSE,27
2004,Andhra Pradesh,Andhra Pradesh,State/UT,Assault on Women with Intent to Outrage Modesty,ASSAULT ON WOMEN WITH INTENT TO OUTRAGE HER MODESTY,FALSE,3817
2004,Andhra Pradesh,Andhra Pradesh,State/UT,Cruelty by Husband or Relatives,CRUELTY BY HUSBAND OR RELATIVES,FALSE,8388
2004,Andhra Pradesh,Andhra Pradesh,State/UT,Dowry Deaths,DOWRY DEATH,FALSE,512
2004,Andhra Pradesh,Andhra Pradesh,State/UT,Immoral Traffic (Prevention) Act,IMMORAL TRAFFIC(PREVENTION)ACT,FALSE,405
2004,Andhra Pradesh,Andhra Pradesh,State/UT,Indecent Representation of Women (Prevention) Act,INDECENT REPRESENTATION OF WOMEN(PREVENTION)ACT,FALSE,1102
2004,Andhra Pradesh,Andhra Pradesh,State/UT,Insult to Modesty of Women,INSULT TO THE MODESTY OF WOMEN,FALSE,2310
2004,Andhra Pradesh,Andhra Pradesh,State/UT,Kidnapping & Abduction of Women,KIDNAPPING & ABDUCTION,FALSE,1030
2004,Andhra Pradesh,Andhra Pradesh,State/UT,Rape,RAPE,FALSE,1016
2004,Andhra Pradesh,Andhra Pradesh,State/UT,Total Crimes against Women,TOTAL CRIMES AGAINST WOMEN,FALSE,18921
2004,Arunachal Pradesh,Arunachal Pradesh,State/UT,Assault on Women with Intent to Outrage Modesty,ASSAULT ON WOMEN WITH INTENT TO OUTRAGE HER MODESTY,FALSE,61
2004,Arunachal Pradesh,Arunachal Pradesh,State/UT,Cruelty by Husband or Relatives,CRUELTY BY HUSBAND OR RELATIVES,FALSE,4
2004,Arunachal Pradesh,Arunachal Pradesh,State/UT,Dowry Deaths,DOWRY DEATH,FALSE,0
2004,Arunachal Pradesh,Arunachal Pradesh,State/UT,Immoral Traffic (Prevention) Act,IMMORAL TRAFFIC(PREVENTION)ACT,FALSE,0
2004,Arunachal Pradesh,Arunachal Pradesh,State/UT,Indecent Representation of Women (Prevention) Act,INDECENT REPRESENTATION OF WOMEN(PREVENTION)ACT,FALSE,0
2004,Arunachal Pradesh,Arunachal Pradesh,State/UT,Insult to Modesty of Women,INSULT TO THE MODESTY OF WOMEN,FALSE,0
2004,Arunachal Pradesh,Arunachal Pradesh,State/UT,Kidnapping & Abduction of Women,KIDNAPPING & ABDUCTION,FALSE,41
2004,Arunachal Pradesh,Arunachal Pradesh,State/UT,Rape,RAPE,FALSE,42
2004,Arunachal Pradesh,Arunachal Pradesh,State/UT,Total Crimes against Women,TOTAL CRIMES AGAINST WOMEN,FALSE,148
2004,Assam,Assam,State/UT,Assault on Women with Intent to Outrage Modesty,ASSAULT ON WOMEN WITH INTENT TO OUTRAGE HER MODESTY,FALSE,883
2004,Assam,Assam,State/UT,Cruelty by Husband or Relatives,CRUELTY BY HUSBAND OR RELATIVES,FALSE,1945
2004,Assam,Assam,State/UT,Dowry Deaths,DOWRY DEATH,FALSE,74
2004,Assam,Assam,State/UT,Immoral Traffic (Prevention) Act,IMMORAL TRAFFIC(PREVENTION)ACT,FALSE,28
2004,Assam,Assam,State/UT,Indecent Representation of Women (Prevention) Act,INDECENT REPRESENTATION OF WOMEN(PREVENTION)ACT,FALSE,0
2004,Assam,Assam,State/UT,Insult to Modesty of Women,INSULT TO THE MODESTY OF WOMEN,FALSE,11
2004,Assam,Assam,State/UT,Kidnapping & Abduction of Women,KIDNAPPING & ABDUCTION,FALSE,1552
2004,Assam,Assam,State/UT,Rape,RAPE,FALSE,1171
2004,Assam,Assam,State/UT,Total Crimes against Women,TOTAL CRIMES AGAINST WOMEN,FALSE,5700
2004,Bihar,Bihar,State/UT,Assault on Women with Intent to Outrage Modesty,ASSAULT ON WOMEN WITH INTENT TO OUTRAGE HER MODESTY,FALSE,704
2004,Bihar,Bihar,State/UT,Cruelty by Husband or Relatives,CRUELTY BY HUSBAND OR RELATIVES,FALSE,2679
2004,Bihar,Bihar,State/UT,Dowry Deaths,DOWRY DEATH,FALSE,1029
2004,Bihar,Bihar,State/UT,Immoral Traffic (Prevention) Act,IMMORAL TRAFFIC(PREVENTION)ACT,FALSE,24
2004,Bihar,Bihar,State/UT,Indecent Representation of Women (Prevention) Act,INDECENT REPRESENTATION OF WOMEN(PREVENTION)ACT,FALSE,0
2004,Bihar,Bihar,State/UT,Insult to Modesty of Women,INSULT TO THE MODESTY OF WOMEN,FALSE,13
2004,Bihar,Bihar,State/UT,Kidnapping & Abduction of Women,KIDNAPPING & ABDUCTION,FALSE,997
2004,Bihar,Bihar,State/UT,Rape,RAPE,FALSE,1390
2004,Bihar,Bihar,State/UT,Total Crimes against Women,TOTAL CRIMES AGAINST WOMEN,FALSE,8091
2004,Chandigarh,Chandigarh,State/UT,Assault on Women with Intent to Outrage Modesty,ASSAULT ON WOMEN WITH INTENT TO OUTRAGE HER MODESTY,FALSE,20
2004,Chandigarh,Chandigarh,State/UT,Cruelty by Husband or Relatives,CRUELTY BY HUSBAND OR RELATIVES,FALSE,73
2004,Chandigarh,Chandigarh,State/UT,Dowry Deaths,DOWRY DEATH,FALSE,6
2004,Chandigarh,Chandigarh,State/UT,Immoral Traffic (Prevention) Act,IMMORAL TRAFFIC(PREVENTION)ACT,FALSE,9
2004,Chandigarh,Chandigarh,State/UT,Indecent Representation of Women (Prevention) Act,INDECENT REPRESENTATION OF WOMEN(PREVENTION)ACT,FALSE,0
2004,Chandigarh,Chandigarh,State/UT,Insult to Modesty of Women,INSULT TO THE MODESTY OF WOMEN,FALSE,18
2004,Chandigarh,Chandigarh,State/UT,Kidnapping & Abduction of Women,KIDNAPPING & ABDUCTION,FALSE,43
2004,Chandigarh,Chandigarh,State/UT,Rape,RAPE,FALSE,19
2004,Chandigarh,Chandigarh,State/UT,Total Crimes against Women,TOTAL CRIMES AGAINST WOMEN,FALSE,188
2004,Chhattisgarh,Chhattisgarh,State/UT,Assault on Women with Intent to Outrage Modesty,ASSAULT ON WOMEN WITH INTENT TO OUTRAGE HER MODESTY,FALSE,1661
2004,Chhattisgarh,Chhattisgarh,State/UT,Cruelty by Husband or Relatives,CRUELTY BY HUSBAND OR RELATIVES,FALSE,741
2004,Chhattisgarh,Chhattisgarh,State/UT,Dowry Deaths,DOWRY DEATH,FALSE,71
2004,Chhattisgarh,Chhattisgarh,State/UT,Immoral Traffic (Prevention) Act,IMMORAL TRAFFIC(PREVENTION)ACT,FALSE,9
2004,Chhattisgarh,Chhattisgarh,State/UT,Indecent Representation of Women (Prevention) Act,INDECENT REPRESENTATION OF WOMEN(PREVENTION)ACT,FALSE,0
2004,Chhattisgarh,Chhattisgarh,State/UT,Insult to Modesty of Women,INSULT TO THE MODESTY OF WOMEN,FALSE,131
2004,Chhattisgarh,Chhattisgarh,State/UT,Kidnapping & Abduction of Women,KIDNAPPING & ABDUCTION,FALSE,174
2004,Chhattisgarh,Chhattisgarh,State/UT,Rape,RAPE,FALSE,969
2004,Chhattisgarh,Chhattisgarh,State/UT,Total Crimes against Women,TOTAL CRIMES AGAINST WOMEN,FALSE,3763
2004,"Dadra & Nagar Haveli (pre-2020, separate UT)",D&N Haveli,State/UT,Assault on Women with Intent to Outrage Modesty,ASSAULT ON WOMEN WITH INTENT TO OUTRAGE HER MODESTY,FALSE,5
2004,"Dadra & Nagar Haveli (pre-2020, separate UT)",D&N Haveli,State/UT,Cruelty by Husband or Relatives,CRUELTY BY HUSBAND OR RELATIVES,FALSE,3
2004,"Dadra & Nagar Haveli (pre-2020, separate UT)",D&N Haveli,State/UT,Dowry Deaths,DOWRY DEATH,FALSE,0
2004,"Dadra & Nagar Haveli (pre-2020, separate UT)",D&N Haveli,State/UT,Immoral Traffic (Prevention) Act,IMMORAL TRAFFIC(PREVENTION)ACT,FALSE,0
2004,"Dadra & Nagar Haveli (pre-2020, separate UT)",D&N Haveli,State/UT,Indecent Representation of Women (Prevention) Act,INDECENT REPRESENTATION OF WOMEN(PREVENTION)ACT,FALSE,0
2004,"Dadra & Nagar Haveli (pre-2020, separate UT)",D&N Haveli,State/UT,Insult to Modesty of Women,INSULT TO THE MODESTY OF WOMEN,FALSE,0
2004,"Dadra & Nagar Haveli (pre-2020, separate UT)",D&N Haveli,State/UT,Kidnapping & Abduction of Women,KIDNAPPING & ABDUCTION,FALSE,7
2004,"Dadra & Nagar Haveli (pre-2020, separate UT)",D&N Haveli,State/UT,Rape,RAPE,FALSE,7
2004,"Dadra & Nagar Haveli (pre-2020, separate UT)",D&N Haveli,State/UT,Total Crimes against Women,TOTAL CRIMES AGAINST WOMEN,FALSE,22
2004,"Daman & Diu (pre-2020, separate UT)",Daman & Diu,State/UT,Assault on Women with Intent to Outrage Modesty,ASSAULT ON WOMEN WITH INTENT TO OUTRAGE HER MODESTY,FALSE,1
2004,"Daman & Diu (pre-2020, separate UT)",Daman & Diu,State/UT,Cruelty by Husband or Relatives,CRUELTY BY HUSBAND OR RELATIVES,FALSE,4
2004,"Daman & Diu (pre-2020, separate UT)",Daman & Diu,State/UT,Dowry Deaths,DOWRY DEATH,FALSE,0
2004,"Daman & Diu (pre-2020, separate UT)",Daman & Diu,State/UT,Immoral Traffic (Prevention) Act,IMMORAL TRAFFIC(PREVENTION)ACT,FALSE,1
2004,"Daman & Diu (pre-2020, separate UT)",Daman & Diu,State/UT,Indecent Representation of Women (Prevention) Act,INDECENT REPRESENTATION OF WOMEN(PREVENTION)ACT,FALSE,0
2004,"Daman & Diu (pre-2020, separate UT)",Daman & Diu,State/UT,Insult to Modesty of Women,INSULT TO THE MODESTY OF WOMEN,FALSE,0
2004,"Daman & Diu (pre-2020, separate UT)",Daman & Diu,State/UT,Kidnapping & Abduction of Women,KIDNAPPING & ABDUCTION,FALSE,0
2004,"Daman & Diu (pre-2020, separate UT)",Daman & Diu,State/UT,Rape,RAPE,FALSE,1
2004,"Daman & Diu (pre-2020, separate UT)",Daman & Diu,State/UT,Total Crimes against Women,TOTAL CRIMES AGAINST WOMEN,FALSE,7
2004,Delhi,Delhi UT,State/UT,Assault on Women with Intent to Outrage Modesty,ASSAULT ON WOMEN WITH INTENT TO OUTRAGE HER MODESTY,FALSE,601
2004,Delhi,Delhi UT,State/UT,Cruelty by Husband or Relatives,CRUELTY BY HUSBAND OR RELATIVES,FALSE,1254
2004,Delhi,Delhi UT,State/UT,Dowry Deaths,DOWRY DEATH,FALSE,126
2004,Delhi,Delhi UT,State/UT,Immoral Traffic (Prevention) Act,IMMORAL TRAFFIC(PREVENTION)ACT,FALSE,123
2004,Delhi,Delhi UT,State/UT,Indecent Representation of Women (Prevention) Act,INDECENT REPRESENTATION OF WOMEN(PREVENTION)ACT,FALSE,0
2004,Delhi,Delhi UT,State/UT,Insult to Modesty of Women,INSULT TO THE MODESTY OF WOMEN,FALSE,130
2004,Delhi,Delhi UT,State/UT,Kidnapping & Abduction of Women,KIDNAPPING & ABDUCTION,FALSE,881
2004,Delhi,Delhi UT,State/UT,Rape,RAPE,FALSE,551
2004,Delhi,Delhi UT,State/UT,Total Crimes against Women,TOTAL CRIMES AGAINST WOMEN,FALSE,3677
2004,Goa,Goa,State/UT,Assault on Women with Intent to Outrage Modesty,ASSAULT ON WOMEN WITH INTENT TO OUTRAGE HER MODESTY,FALSE,23
2004,Goa,Goa,State/UT,Cruelty by Husband or Relatives,CRUELTY BY HUSBAND OR RELATIVES,FALSE,17
2004,Goa,Goa,State/UT,Dowry Deaths,DOWRY DEATH,FALSE,2
2004,Goa,Goa,State/UT,Immoral Traffic (Prevention) Act,IMMORAL TRAFFIC(PREVENTION)ACT,FALSE,28
2004,Goa,Goa,State/UT,Indecent Representation of Women (Prevention) Act,INDECENT REPRESENTATION OF WOMEN(PREVENTION)ACT,FALSE,0
2004,Goa,Goa,State/UT,Insult to Modesty of Women,INSULT TO THE MODESTY OF WOMEN,FALSE,15
2004,Goa,Goa,State/UT,Kidnapping & Abduction of Women,KIDNAPPING & ABDUCTION,FALSE,10
2004,Goa,Goa,State/UT,Rape,RAPE,FALSE,37
2004,Goa,Goa,State/UT,Total Crimes against Women,TOTAL CRIMES AGAINST WOMEN,FALSE,132
2004,Gujarat,Gujarat,State/UT,Assault on Women with Intent to Outrage Modesty,ASSAULT ON WOMEN WITH INTENT TO OUTRAGE HER MODESTY,FALSE,757
2004,Gujarat,Gujarat,State/UT,Cruelty by Husband or Relatives,CRUELTY BY HUSBAND OR RELATIVES,FALSE,3955
2004,Gujarat,Gujarat,State/UT,Dowry Deaths,DOWRY DEATH,FALSE,58
2004,Gujarat,Gujarat,State/UT,Immoral Traffic (Prevention) Act,IMMORAL TRAFFIC(PREVENTION)ACT,FALSE,33
2004,Gujarat,Gujarat,State/UT,Indecent Representation of Women (Prevention) Act,INDECENT REPRESENTATION OF WOMEN(PREVENTION)ACT,FALSE,0
2004,Gujarat,Gujarat,State/UT,Insult to Modesty of Women,INSULT TO THE MODESTY OF WOMEN,FALSE,164
2004,Gujarat,Gujarat,State/UT,Kidnapping & Abduction of Women,KIDNAPPING & ABDUCTION,FALSE,905
2004,Gujarat,Gujarat,State/UT,Rape,RAPE,FALSE,339
2004,Gujarat,Gujarat,State/UT,Total Crimes against Women,TOTAL CRIMES AGAINST WOMEN,FALSE,6211
2004,Haryana,Haryana,State/UT,Assault on Women with Intent to Outrage Modesty,ASSAULT ON WOMEN WITH INTENT TO OUTRAGE HER MODESTY,FALSE,403
2004,Haryana,Haryana,State/UT,Cruelty by Husband or Relatives,CRUELTY BY HUSBAND OR RELATIVES,FALSE,2026
2004,Haryana,Haryana,State/UT,Dowry Deaths,DOWRY DEATH,FALSE,251
2004,Haryana,Haryana,State/UT,Immoral Traffic (Prevention) Act,IMMORAL TRAFFIC(PREVENTION)ACT,FALSE,62
2004,Haryana,Haryana,State/UT,Indecent Representation of Women (Prevention) Act,INDECENT REPRESENTATION OF WOMEN(PREVENTION)ACT,FALSE,0
2004,Haryana,Haryana,State/UT,Insult to Modesty of Women,INSULT TO THE MODESTY OF WOMEN,FALSE,850
2004,Haryana,Haryana,State/UT,Kidnapping & Abduction of Women,KIDNAPPING & ABDUCTION,FALSE,292
2004,Haryana,Haryana,State/UT,Rape,RAPE,FALSE,386
2004,Haryana,Haryana,State/UT,Total Crimes against Women,TOTAL CRIMES AGAINST WOMEN,FALSE,4276
2004,Himachal Pradesh,Himachal Pradesh,State/UT,Assault on Women with Intent to Outrage Modesty,ASSAULT ON WOMEN WITH INTENT TO OUTRAGE HER MODESTY,FALSE,284
2004,Himachal Pradesh,Himachal Pradesh,State/UT,Cruelty by Husband or Relatives,CRUELTY BY HUSBAND OR RELATIVES,FALSE,252
2004,Himachal Pradesh,Himachal Pradesh,State/UT,Dowry Deaths,DOWRY DEATH,FALSE,8
2004,Himachal Pradesh,Himachal Pradesh,State/UT,Immoral Traffic (Prevention) Act,IMMORAL TRAFFIC(PREVENTION)ACT,FALSE,4
2004,Himachal Pradesh,Himachal Pradesh,State/UT,Indecent Representation of Women (Prevention) Act,INDECENT REPRESENTATION OF WOMEN(PREVENTION)ACT,FALSE,2
2004,Himachal Pradesh,Himachal Pradesh,State/UT,Insult to Modesty of Women,INSULT TO THE MODESTY OF WOMEN,FALSE,16
2004,Himachal Pradesh,Himachal Pradesh,State/UT,Kidnapping & Abduction of Women,KIDNAPPING & ABDUCTION,FALSE,99
2004,Himachal Pradesh,Himachal Pradesh,State/UT,Rape,RAPE,FALSE,153
2004,Himachal Pradesh,Himachal Pradesh,State/UT,Total Crimes against Women,TOTAL CRIMES AGAINST WOMEN,FALSE,823
2004,Jammu & Kashmir,Jammu & Kashmir,State/UT,Assault on Women with Intent to Outrage Modesty,ASSAULT ON WOMEN WITH INTENT TO OUTRAGE HER MODESTY,FALSE,990
2004,Jammu & Kashmir,Jammu & Kashmir,State/UT,Cruelty by Husband or Relatives,CRUELTY BY HUSBAND OR RELATIVES,FALSE,82
2004,Jammu & Kashmir,Jammu & Kashmir,State/UT,Dowry Deaths,DOWRY DEATH,FALSE,9
2004,Jammu & Kashmir,Jammu & Kashmir,State/UT,Immoral Traffic (Prevention) Act,IMMORAL TRAFFIC(PREVENTION)ACT,FALSE,11
2004,Jammu & Kashmir,Jammu & Kashmir,State/UT,Indecent Representation of Women (Prevention) Act,INDECENT REPRESENTATION OF WOMEN(PREVENTION)ACT,FALSE,0
2004,Jammu & Kashmir,Jammu & Kashmir,State/UT,Insult to Modesty of Women,INSULT TO THE MODESTY OF WOMEN,FALSE,264
2004,Jammu & Kashmir,Jammu & Kashmir,State/UT,Kidnapping & Abduction of Women,KIDNAPPING & ABDUCTION,FALSE,632
2004,Jammu & Kashmir,Jammu & Kashmir,State/UT,Rape,RAPE,FALSE,218
2004,Jammu & Kashmir,Jammu & Kashmir,State/UT,Total Crimes against Women,TOTAL CRIMES AGAINST WOMEN,FALSE,2208
2004,Jharkhand,Jharkhand,State/UT,Assault on Women with Intent to Outrage Modesty,ASSAULT ON WOMEN WITH INTENT TO OUTRAGE HER MODESTY,FALSE,411
2004,Jharkhand,Jharkhand,State/UT,Cruelty by Husband or Relatives,CRUELTY BY HUSBAND OR RELATIVES,FALSE,588
2004,Jharkhand,Jharkhand,State/UT,Dowry Deaths,DOWRY DEATH,FALSE,275
2004,Jharkhand,Jharkhand,State/UT,Immoral Traffic (Prevention) Act,IMMORAL TRAFFIC(PREVENTION)ACT,FALSE,3
2004,Jharkhand,Jharkhand,State/UT,Indecent Representation of Women (Prevention) Act,INDECENT REPRESENTATION OF WOMEN(PREVENTION)ACT,FALSE,0
2004,Jharkhand,Jharkhand,State/UT,Insult to Modesty of Women,INSULT TO THE MODESTY OF WOMEN,FALSE,3
2004,Jharkhand,Jharkhand,State/UT,Kidnapping & Abduction of Women,KIDNAPPING & ABDUCTION,FALSE,178
2004,Jharkhand,Jharkhand,State/UT,Rape,RAPE,FALSE,797
2004,Jharkhand,Jharkhand,State/UT,Total Crimes against Women,TOTAL CRIMES AGAINST WOMEN,FALSE,2490
2004,Karnataka,Karnataka,State/UT,Assault on Women with Intent to Outrage Modesty,ASSAULT ON WOMEN WITH INTENT TO OUTRAGE HER MODESTY,FALSE,1435
2004,Karnataka,Karnataka,State/UT,Cruelty by Husband or Relatives,CRUELTY BY HUSBAND OR RELATIVES,FALSE,1588
2004,Karnataka,Karnataka,State/UT,Dowry Deaths,DOWRY DEATH,FALSE,259
2004,Karnataka,Karnataka,State/UT,Immoral Traffic (Prevention) Act,IMMORAL TRAFFIC(PREVENTION)ACT,FALSE,1170
2004,Karnataka,Karnataka,State/UT,Indecent Representation of Women (Prevention) Act,INDECENT REPRESENTATION OF WOMEN(PREVENTION)ACT,FALSE,0
2004,Karnataka,Karnataka,State/UT,Insult to Modesty of Women,INSULT TO THE MODESTY OF WOMEN,FALSE,57
2004,Karnataka,Karnataka,State/UT,Kidnapping & Abduction of Women,KIDNAPPING & ABDUCTION,FALSE,286
2004,Karnataka,Karnataka,State/UT,Rape,RAPE,FALSE,291
2004,Karnataka,Karnataka,State/UT,Total Crimes against Women,TOTAL CRIMES AGAINST WOMEN,FALSE,5423
2004,Kerala,Kerala,State/UT,Assault on Women with Intent to Outrage Modesty,ASSAULT ON WOMEN WITH INTENT TO OUTRAGE HER MODESTY,FALSE,2260
2004,Kerala,Kerala,State/UT,Cruelty by Husband or Relatives,CRUELTY BY HUSBAND OR RELATIVES,FALSE,3222
2004,Kerala,Kerala,State/UT,Dowry Deaths,DOWRY DEATH,FALSE,31
2004,Kerala,Kerala,State/UT,Immoral Traffic (Prevention) Act,IMMORAL TRAFFIC(PREVENTION)ACT,FALSE,168
2004,Kerala,Kerala,State/UT,Indecent Representation of Women (Prevention) Act,INDECENT REPRESENTATION OF WOMEN(PREVENTION)ACT,FALSE,45
2004,Kerala,Kerala,State/UT,Insult to Modesty of Women,INSULT TO THE MODESTY OF WOMEN,FALSE,133
2004,Kerala,Kerala,State/UT,Kidnapping & Abduction of Women,KIDNAPPING & ABDUCTION,FALSE,142
2004,Kerala,Kerala,State/UT,Rape,RAPE,FALSE,480
2004,Kerala,Kerala,State/UT,Total Crimes against Women,TOTAL CRIMES AGAINST WOMEN,FALSE,6483
2004,Lakshadweep,Lakshadweep,State/UT,Assault on Women with Intent to Outrage Modesty,ASSAULT ON WOMEN WITH INTENT TO OUTRAGE HER MODESTY,FALSE,0
2004,Lakshadweep,Lakshadweep,State/UT,Cruelty by Husband or Relatives,CRUELTY BY HUSBAND OR RELATIVES,FALSE,1
2004,Lakshadweep,Lakshadweep,State/UT,Dowry Deaths,DOWRY DEATH,FALSE,0
2004,Lakshadweep,Lakshadweep,State/UT,Immoral Traffic (Prevention) Act,IMMORAL TRAFFIC(PREVENTION)ACT,FALSE,0
2004,Lakshadweep,Lakshadweep,State/UT,Indecent Representation of Women (Prevention) Act,INDECENT REPRESENTATION OF WOMEN(PREVENTION)ACT,FALSE,0
2004,Lakshadweep,Lakshadweep,State/UT,Insult to Modesty of Women,INSULT TO THE MODESTY OF WOMEN,FALSE,0
2004,Lakshadweep,Lakshadweep,State/UT,Kidnapping & Abduction of Women,KIDNAPPING & ABDUCTION,FALSE,0
2004,Lakshadweep,Lakshadweep,State/UT,Rape,RAPE,FALSE,0
2004,Lakshadweep,Lakshadweep,State/UT,Total Crimes against Women,TOTAL CRIMES AGAINST WOMEN,FALSE,1
2004,Madhya Pradesh,Madhya Pradesh,State/UT,Assault on Women with Intent to Outrage Modesty,ASSAULT ON WOMEN WITH INTENT TO OUTRAGE HER MODESTY,FALSE,6690
2004,Madhya Pradesh,Madhya Pradesh,State/UT,Cruelty by Husband or Relatives,CRUELTY BY HUSBAND OR RELATIVES,FALSE,3436
2004,Madhya Pradesh,Madhya Pradesh,State/UT,Dowry Deaths,DOWRY DEATH,FALSE,751
2004,Madhya Pradesh,Madhya Pradesh,State/UT,Immoral Traffic (Prevention) Act,IMMORAL TRAFFIC(PREVENTION)ACT,FALSE,23
2004,Madhya Pradesh,Madhya Pradesh,State/UT,Indecent Representation of Women (Prevention) Act,INDECENT REPRESENTATION OF WOMEN(PREVENTION)ACT,FALSE,0
2004,Madhya Pradesh,Madhya Pradesh,State/UT,Insult to Modesty of Women,INSULT TO THE MODESTY OF WOMEN,FALSE,804
2004,Madhya Pradesh,Madhya Pradesh,State/UT,Kidnapping & Abduction of Women,KIDNAPPING & ABDUCTION,FALSE,584
2004,Madhya Pradesh,Madhya Pradesh,State/UT,Rape,RAPE,FALSE,2875
2004,Madhya Pradesh,Madhya Pradesh,State/UT,Total Crimes against Women,TOTAL CRIMES AGAINST WOMEN,FALSE,15203
2004,Maharashtra,Maharashtra,State/UT,Assault on Women with Intent to Outrage Modesty,ASSAULT ON WOMEN WITH INTENT TO OUTRAGE HER MODESTY,FALSE,2831
2004,Maharashtra,Maharashtra,State/UT,Cruelty by Husband or Relatives,CRUELTY BY HUSBAND OR RELATIVES,FALSE,5646
2004,Maharashtra,Maharashtra,State/UT,Dowry Deaths,DOWRY DEATH,FALSE,314
2004,Maharashtra,Maharashtra,State/UT,Immoral Traffic (Prevention) Act,IMMORAL TRAFFIC(PREVENTION)ACT,FALSE,309
2004,Maharashtra,Maharashtra,State/UT,Indecent Representation of Women (Prevention) Act,INDECENT REPRESENTATION OF WOMEN(PREVENTION)ACT,FALSE,11
2004,Maharashtra,Maharashtra,State/UT,Insult to Modesty of Women,INSULT TO THE MODESTY OF WOMEN,FALSE,862
2004,Maharashtra,Maharashtra,State/UT,Kidnapping & Abduction of Women,KIDNAPPING & ABDUCTION,FALSE,787
2004,Maharashtra,Maharashtra,State/UT,Rape,RAPE,FALSE,1388
2004,Maharashtra,Maharashtra,State/UT,Total Crimes against Women,TOTAL CRIMES AGAINST WOMEN,FALSE,12169
2004,Manipur,Manipur,State/UT,Assault on Women with Intent to Outrage Modesty,ASSAULT ON WOMEN WITH INTENT TO OUTRAGE HER MODESTY,FALSE,30
2004,Manipur,Manipur,State/UT,Cruelty by Husband or Relatives,CRUELTY BY HUSBAND OR RELATIVES,FALSE,2
2004,Manipur,Manipur,State/UT,Dowry Deaths,DOWRY DEATH,FALSE,0
2004,Manipur,Manipur,State/UT,Immoral Traffic (Prevention) Act,IMMORAL TRAFFIC(PREVENTION)ACT,FALSE,0
2004,Manipur,Manipur,State/UT,Indecent Representation of Women (Prevention) Act,INDECENT REPRESENTATION OF WOMEN(PREVENTION)ACT,FALSE,0
2004,Manipur,Manipur,State/UT,Insult to Modesty of Women,INSULT TO THE MODESTY OF WOMEN,FALSE,0
2004,Manipur,Manipur,State/UT,Kidnapping & Abduction of Women,KIDNAPPING & ABDUCTION,FALSE,71
2004,Manipur,Manipur,State/UT,Rape,RAPE,FALSE,31
2004,Manipur,Manipur,State/UT,Total Crimes against Women,TOTAL CRIMES AGAINST WOMEN,FALSE,134
2004,Meghalaya,Meghalaya,State/UT,Assault on Women with Intent to Outrage Modesty,ASSAULT ON WOMEN WITH INTENT TO OUTRAGE HER MODESTY,FALSE,34
2004,Meghalaya,Meghalaya,State/UT,Cruelty by Husband or Relatives,CRUELTY BY HUSBAND OR RELATIVES,FALSE,5
2004,Meghalaya,Meghalaya,State/UT,Dowry Deaths,DOWRY DEATH,FALSE,2
2004,Meghalaya,Meghalaya,State/UT,Immoral Traffic (Prevention) Act,IMMORAL TRAFFIC(PREVENTION)ACT,FALSE,0
2004,Meghalaya,Meghalaya,State/UT,Indecent Representation of Women (Prevention) Act,INDECENT REPRESENTATION OF WOMEN(PREVENTION)ACT,FALSE,0
2004,Meghalaya,Meghalaya,State/UT,Insult to Modesty of Women,INSULT TO THE MODESTY OF WOMEN,FALSE,0
2004,Meghalaya,Meghalaya,State/UT,Kidnapping & Abduction of Women,KIDNAPPING & ABDUCTION,FALSE,18
2004,Meghalaya,Meghalaya,State/UT,Rape,RAPE,FALSE,54
2004,Meghalaya,Meghalaya,State/UT,Total Crimes against Women,TOTAL CRIMES AGAINST WOMEN,FALSE,113
2004,Mizoram,Mizoram,State/UT,Assault on Women with Intent to Outrage Modesty,ASSAULT ON WOMEN WITH INTENT TO OUTRAGE HER MODESTY,FALSE,66
2004,Mizoram,Mizoram,State/UT,Cruelty by Husband or Relatives,CRUELTY BY HUSBAND OR RELATIVES,FALSE,0
2004,Mizoram,Mizoram,State/UT,Dowry Deaths,DOWRY DEATH,FALSE,0
2004,Mizoram,Mizoram,State/UT,Immoral Traffic (Prevention) Act,IMMORAL TRAFFIC(PREVENTION)ACT,FALSE,5
2004,Mizoram,Mizoram,State/UT,Indecent Representation of Women (Prevention) Act,INDECENT REPRESENTATION OF WOMEN(PREVENTION)ACT,FALSE,0
2004,Mizoram,Mizoram,State/UT,Insult to Modesty of Women,INSULT TO THE MODESTY OF WOMEN,FALSE,0
2004,Mizoram,Mizoram,State/UT,Kidnapping & Abduction of Women,KIDNAPPING & ABDUCTION,FALSE,0
2004,Mizoram,Mizoram,State/UT,Rape,RAPE,FALSE,20
2004,Mizoram,Mizoram,State/UT,Total Crimes against Women,TOTAL CRIMES AGAINST WOMEN,FALSE,91
2004,Nagaland,Nagaland,State/UT,Assault on Women with Intent to Outrage Modesty,ASSAULT ON WOMEN WITH INTENT TO OUTRAGE HER MODESTY,FALSE,3
2004,Nagaland,Nagaland,State/UT,Cruelty by Husband or Relatives,CRUELTY BY HUSBAND OR RELATIVES,FALSE,0
2004,Nagaland,Nagaland,State/UT,Dowry Deaths,DOWRY DEATH,FALSE,0
2004,Nagaland,Nagaland,State/UT,Immoral Traffic (Prevention) Act,IMMORAL TRAFFIC(PREVENTION)ACT,FALSE,4
2004,Nagaland,Nagaland,State/UT,Indecent Representation of Women (Prevention) Act,INDECENT REPRESENTATION OF WOMEN(PREVENTION)ACT,FALSE,0
2004,Nagaland,Nagaland,State/UT,Insult to Modesty of Women,INSULT TO THE MODESTY OF WOMEN,FALSE,1
2004,Nagaland,Nagaland,State/UT,Kidnapping & Abduction of Women,KIDNAPPING & ABDUCTION,FALSE,4
2004,Nagaland,Nagaland,State/UT,Rape,RAPE,FALSE,18
2004,Nagaland,Nagaland,State/UT,Total Crimes against Women,TOTAL CRIMES AGAINST WOMEN,FALSE,30
2004,Odisha,Odisha,State/UT,Assault on Women with Intent to Outrage Modesty,ASSAULT ON WOMEN WITH INTENT TO OUTRAGE HER MODESTY,FALSE,1811
2004,Odisha,Odisha,State/UT,Cruelty by Husband or Relatives,CRUELTY BY HUSBAND OR RELATIVES,FALSE,1192
2004,Odisha,Odisha,State/UT,Dowry Deaths,DOWRY DEATH,FALSE,319
2004,Odisha,Odisha,State/UT,Immoral Traffic (Prevention) Act,IMMORAL TRAFFIC(PREVENTION)ACT,FALSE,22
2004,Odisha,Odisha,State/UT,Indecent Representation of Women (Prevention) Act,INDECENT REPRESENTATION OF WOMEN(PREVENTION)ACT,FALSE,0
2004,Odisha,Odisha,State/UT,Insult to Modesty of Women,INSULT TO THE MODESTY OF WOMEN,FALSE,170
2004,Odisha,Odisha,State/UT,Kidnapping & Abduction of Women,KIDNAPPING & ABDUCTION,FALSE,423
2004,Odisha,Odisha,State/UT,Rape,RAPE,FALSE,770
2004,Odisha,Odisha,State/UT,Total Crimes against Women,TOTAL CRIMES AGAINST WOMEN,FALSE,5239
2004,Puducherry,Puducherry,State/UT,Assault on Women with Intent to Outrage Modesty,ASSAULT ON WOMEN WITH INTENT TO OUTRAGE HER MODESTY,FALSE,50
2004,Puducherry,Puducherry,State/UT,Cruelty by Husband or Relatives,CRUELTY BY HUSBAND OR RELATIVES,FALSE,2
2004,Puducherry,Puducherry,State/UT,Dowry Deaths,DOWRY DEATH,FALSE,6
2004,Puducherry,Puducherry,State/UT,Immoral Traffic (Prevention) Act,IMMORAL TRAFFIC(PREVENTION)ACT,FALSE,4
2004,Puducherry,Puducherry,State/UT,Indecent Representation of Women (Prevention) Act,INDECENT REPRESENTATION OF WOMEN(PREVENTION)ACT,FALSE,0
2004,Puducherry,Puducherry,State/UT,Insult to Modesty of Women,INSULT TO THE MODESTY OF WOMEN,FALSE,30
2004,Puducherry,Puducherry,State/UT,Kidnapping & Abduction of Women,KIDNAPPING & ABDUCTION,FALSE,8
2004,Puducherry,Puducherry,State/UT,Rape,RAPE,FALSE,4
2004,Puducherry,Puducherry,State/UT,Total Crimes against Women,TOTAL CRIMES AGAINST WOMEN,FALSE,110
2004,Punjab,Punjab,State/UT,Assault on Women with Intent to Outrage Modesty,ASSAULT ON WOMEN WITH INTENT TO OUTRAGE HER MODESTY,FALSE,261
2004,Punjab,Punjab,State/UT,Cruelty by Husband or Relatives,CRUELTY BY HUSBAND OR RELATIVES,FALSE,801
2004,Punjab,Punjab,State/UT,Dowry Deaths,DOWRY DEATH,FALSE,113
2004,Punjab,Punjab,State/UT,Immoral Traffic (Prevention) Act,IMMORAL TRAFFIC(PREVENTION)ACT,FALSE,32
2004,Punjab,Punjab,State/UT,Indecent Representation of Women (Prevention) Act,INDECENT REPRESENTATION OF WOMEN(PREVENTION)ACT,FALSE,2
2004,Punjab,Punjab,State/UT,Insult to Modesty of Women,INSULT TO THE MODESTY OF WOMEN,FALSE,38
2004,Punjab,Punjab,State/UT,Kidnapping & Abduction of Women,KIDNAPPING & ABDUCTION,FALSE,311
2004,Punjab,Punjab,State/UT,Rape,RAPE,FALSE,390
2004,Punjab,Punjab,State/UT,Total Crimes against Women,TOTAL CRIMES AGAINST WOMEN,FALSE,1955
2004,Rajasthan,Rajasthan,State/UT,Assault on Women with Intent to Outrage Modesty,ASSAULT ON WOMEN WITH INTENT TO OUTRAGE HER MODESTY,FALSE,2825
2004,Rajasthan,Rajasthan,State/UT,Cruelty by Husband or Relatives,CRUELTY BY HUSBAND OR RELATIVES,FALSE,6781
2004,Rajasthan,Rajasthan,State/UT,Dowry Deaths,DOWRY DEATH,FALSE,379
2004,Rajasthan,Rajasthan,State/UT,Immoral Traffic (Prevention) Act,IMMORAL TRAFFIC(PREVENTION)ACT,FALSE,79
2004,Rajasthan,Rajasthan,State/UT,Indecent Representation of Women (Prevention) Act,INDECENT REPRESENTATION OF WOMEN(PREVENTION)ACT,FALSE,89
2004,Rajasthan,Rajasthan,State/UT,Insult to Modesty of Women,INSULT TO THE MODESTY OF WOMEN,FALSE,41
2004,Rajasthan,Rajasthan,State/UT,Kidnapping & Abduction of Women,KIDNAPPING & ABDUCTION,FALSE,1881
2004,Rajasthan,Rajasthan,State/UT,Rape,RAPE,FALSE,1038
2004,Rajasthan,Rajasthan,State/UT,Total Crimes against Women,TOTAL CRIMES AGAINST WOMEN,FALSE,13127
2004,Sikkim,Sikkim,State/UT,Assault on Women with Intent to Outrage Modesty,ASSAULT ON WOMEN WITH INTENT TO OUTRAGE HER MODESTY,FALSE,40
2004,Sikkim,Sikkim,State/UT,Cruelty by Husband or Relatives,CRUELTY BY HUSBAND OR RELATIVES,FALSE,1
2004,Sikkim,Sikkim,State/UT,Dowry Deaths,DOWRY DEATH,FALSE,0
2004,Sikkim,Sikkim,State/UT,Immoral Traffic (Prevention) Act,IMMORAL TRAFFIC(PREVENTION)ACT,FALSE,1
2004,Sikkim,Sikkim,State/UT,Indecent Representation of Women (Prevention) Act,INDECENT REPRESENTATION OF WOMEN(PREVENTION)ACT,FALSE,0
2004,Sikkim,Sikkim,State/UT,Insult to Modesty of Women,INSULT TO THE MODESTY OF WOMEN,FALSE,0
2004,Sikkim,Sikkim,State/UT,Kidnapping & Abduction of Women,KIDNAPPING & ABDUCTION,FALSE,4
2004,Sikkim,Sikkim,State/UT,Rape,RAPE,FALSE,3
2004,Sikkim,Sikkim,State/UT,Total Crimes against Women,TOTAL CRIMES AGAINST WOMEN,FALSE,49
2004,Tamil Nadu,Tamil Nadu,State/UT,Assault on Women with Intent to Outrage Modesty,ASSAULT ON WOMEN WITH INTENT TO OUTRAGE HER MODESTY,FALSE,1861
2004,Tamil Nadu,Tamil Nadu,State/UT,Cruelty by Husband or Relatives,CRUELTY BY HUSBAND OR RELATIVES,FALSE,1437
2004,Tamil Nadu,Tamil Nadu,State/UT,Dowry Deaths,DOWRY DEATH,FALSE,225
2004,Tamil Nadu,Tamil Nadu,State/UT,Immoral Traffic (Prevention) Act,IMMORAL TRAFFIC(PREVENTION)ACT,FALSE,3022
2004,Tamil Nadu,Tamil Nadu,State/UT,Indecent Representation of Women (Prevention) Act,INDECENT REPRESENTATION OF WOMEN(PREVENTION)ACT,FALSE,102
2004,Tamil Nadu,Tamil Nadu,State/UT,Insult to Modesty of Women,INSULT TO THE MODESTY OF WOMEN,FALSE,1081
2004,Tamil Nadu,Tamil Nadu,State/UT,Kidnapping & Abduction of Women,KIDNAPPING & ABDUCTION,FALSE,692
2004,Tamil Nadu,Tamil Nadu,State/UT,Rape,RAPE,FALSE,618
2004,Tamil Nadu,Tamil Nadu,State/UT,Total Crimes against Women,TOTAL CRIMES AGAINST WOMEN,FALSE,9332
2004,Tripura,Tripura,State/UT,Assault on Women with Intent to Outrage Modesty,ASSAULT ON WOMEN WITH INTENT TO OUTRAGE HER MODESTY,FALSE,134
2004,Tripura,Tripura,State/UT,Cruelty by Husband or Relatives,CRUELTY BY HUSBAND OR RELATIVES,FALSE,302
2004,Tripura,Tripura,State/UT,Dowry Deaths,DOWRY DEATH,FALSE,20
2004,Tripura,Tripura,State/UT,Immoral Traffic (Prevention) Act,IMMORAL TRAFFIC(PREVENTION)ACT,FALSE,0
2004,Tripura,Tripura,State/UT,Indecent Representation of Women (Prevention) Act,INDECENT REPRESENTATION OF WOMEN(PREVENTION)ACT,FALSE,0
2004,Tripura,Tripura,State/UT,Insult to Modesty of Women,INSULT TO THE MODESTY OF WOMEN,FALSE,0
2004,Tripura,Tripura,State/UT,Kidnapping & Abduction of Women,KIDNAPPING & ABDUCTION,FALSE,54
2004,Tripura,Tripura,State/UT,Rape,RAPE,FALSE,160
2004,Tripura,Tripura,State/UT,Total Crimes against Women,TOTAL CRIMES AGAINST WOMEN,FALSE,670
2004,Uttar Pradesh,Uttar Pradesh,State/UT,Assault on Women with Intent to Outrage Modesty,ASSAULT ON WOMEN WITH INTENT TO OUTRAGE HER MODESTY,FALSE,1900
2004,Uttar Pradesh,Uttar Pradesh,State/UT,Cruelty by Husband or Relatives,CRUELTY BY HUSBAND OR RELATIVES,FALSE,4950
2004,Uttar Pradesh,Uttar Pradesh,State/UT,Dowry Deaths,DOWRY DEATH,FALSE,1708
2004,Uttar Pradesh,Uttar Pradesh,State/UT,Immoral Traffic (Prevention) Act,IMMORAL TRAFFIC(PREVENTION)ACT,FALSE,44
2004,Uttar Pradesh,Uttar Pradesh,State/UT,Indecent Representation of Women (Prevention) Act,INDECENT REPRESENTATION OF WOMEN(PREVENTION)ACT,FALSE,0
2004,Uttar Pradesh,Uttar Pradesh,State/UT,Insult to Modesty of Women,INSULT TO THE MODESTY OF WOMEN,FALSE,2682
2004,Uttar Pradesh,Uttar Pradesh,State/UT,Kidnapping & Abduction of Women,KIDNAPPING & ABDUCTION,FALSE,2324
2004,Uttar Pradesh,Uttar Pradesh,State/UT,Rape,RAPE,FALSE,1397
2004,Uttar Pradesh,Uttar Pradesh,State/UT,Total Crimes against Women,TOTAL CRIMES AGAINST WOMEN,FALSE,15485
2004,Uttarakhand,Uttarakhand,State/UT,Assault on Women with Intent to Outrage Modesty,ASSAULT ON WOMEN WITH INTENT TO OUTRAGE HER MODESTY,FALSE,143
2004,Uttarakhand,Uttarakhand,State/UT,Cruelty by Husband or Relatives,CRUELTY BY HUSBAND OR RELATIVES,FALSE,405
2004,Uttarakhand,Uttarakhand,State/UT,Dowry Deaths,DOWRY DEATH,FALSE,82
2004,Uttarakhand,Uttarakhand,State/UT,Immoral Traffic (Prevention) Act,IMMORAL TRAFFIC(PREVENTION)ACT,FALSE,4
2004,Uttarakhand,Uttarakhand,State/UT,Indecent Representation of Women (Prevention) Act,INDECENT REPRESENTATION OF WOMEN(PREVENTION)ACT,FALSE,0
2004,Uttarakhand,Uttarakhand,State/UT,Insult to Modesty of Women,INSULT TO THE MODESTY OF WOMEN,FALSE,110
2004,Uttarakhand,Uttarakhand,State/UT,Kidnapping & Abduction of Women,KIDNAPPING & ABDUCTION,FALSE,127
2004,Uttarakhand,Uttarakhand,State/UT,Rape,RAPE,FALSE,115
2004,Uttarakhand,Uttarakhand,State/UT,Total Crimes against Women,TOTAL CRIMES AGAINST WOMEN,FALSE,988
2004,West Bengal,West Bengal,State/UT,Assault on Women with Intent to Outrage Modesty,ASSAULT ON WOMEN WITH INTENT TO OUTRAGE HER MODESTY,FALSE,1566
2004,West Bengal,West Bengal,State/UT,Cruelty by Husband or Relatives,CRUELTY BY HUSBAND OR RELATIVES,FALSE,6334
2004,West Bengal,West Bengal,State/UT,Dowry Deaths,DOWRY DEATH,FALSE,396
2004,West Bengal,West Bengal,State/UT,Immoral Traffic (Prevention) Act,IMMORAL TRAFFIC(PREVENTION)ACT,FALSE,121
2004,West Bengal,West Bengal,State/UT,Indecent Representation of Women (Prevention) Act,INDECENT REPRESENTATION OF WOMEN(PREVENTION)ACT,FALSE,25
2004,West Bengal,West Bengal,State/UT,Insult to Modesty of Women,INSULT TO THE MODESTY OF WOMEN,FALSE,64
2004,West Bengal,West Bengal,State/UT,Kidnapping & Abduction of Women,KIDNAPPING & ABDUCTION,FALSE,1018
2004,West Bengal,West Bengal,State/UT,Rape,RAPE,FALSE,1475
2004,West Bengal,West Bengal,State/UT,Total Crimes against Women,TOTAL CRIMES AGAINST WOMEN,FALSE,11047
2005,All India (Total),All India,Aggregate,Assault on Women with Intent to Outrage Modesty,ASSAULT ON WOMEN WITH INTENT TO OUTRAGE HER MODESTY,FALSE,34175
2005,All India (Total),All India,Aggregate,Cruelty by Husband or Relatives,CRUELTY BY HUSBAND OR RELATIVES,FALSE,58319
2005,All India (Total),ALL INDIA,Aggregate,Dowry Deaths,DOWRY DEATH,FALSE,6787
2005,All India (Total),All India,Aggregate,Immoral Traffic (Prevention) Act,IMMORAL TRAFFIC(PREVENTION)ACT,FALSE,5908
2005,All India (Total),All India,Aggregate,Indecent Representation of Women (Prevention) Act,INDECENT REPRESENTATION OF WOMEN(PREVENTION)ACT,FALSE,2917
2005,All India (Total),All India,Aggregate,Insult to Modesty of Women,INSULT TO THE MODESTY OF WOMEN,FALSE,9984
2005,All India (Total),ALL INDIA K&A,Aggregate,Kidnapping & Abduction of Women,KIDNAPPING & ABDUCTION,FALSE,15750
2005,All India (Total),All India,Aggregate,Rape,RAPE,FALSE,18359
2005,All India (Total),TOTAL Crime against Women,Aggregate,Total Crimes against Women,TOTAL CRIMES AGAINST WOMEN,FALSE,155553
2005,Andaman & Nicobar Islands,A&N Islands,State/UT,Assault on Women with Intent to Outrage Modesty,ASSAULT ON WOMEN WITH INTENT TO OUTRAGE HER MODESTY,FALSE,11
2005,Andaman & Nicobar Islands,A&N Islands,State/UT,Cruelty by Husband or Relatives,CRUELTY BY HUSBAND OR RELATIVES,FALSE,5
2005,Andaman & Nicobar Islands,A&N Islands,State/UT,Dowry Deaths,DOWRY DEATH,FALSE,0
2005,Andaman & Nicobar Islands,A&N Islands,State/UT,Immoral Traffic (Prevention) Act,IMMORAL TRAFFIC(PREVENTION)ACT,FALSE,0
2005,Andaman & Nicobar Islands,A&N Islands,State/UT,Indecent Representation of Women (Prevention) Act,INDECENT REPRESENTATION OF WOMEN(PREVENTION)ACT,FALSE,0
2005,Andaman & Nicobar Islands,A&N Islands,State/UT,Insult to Modesty of Women,INSULT TO THE MODESTY OF WOMEN,FALSE,1
2005,Andaman & Nicobar Islands,A&N Islands,State/UT,Kidnapping & Abduction of Women,KIDNAPPING & ABDUCTION,FALSE,1
2005,Andaman & Nicobar Islands,A&N Islands,State/UT,Rape,RAPE,FALSE,4
2005,Andaman & Nicobar Islands,A&N Islands,State/UT,Total Crimes against Women,TOTAL CRIMES AGAINST WOMEN,FALSE,22
2005,Andhra Pradesh,Andhra Pradesh,State/UT,Assault on Women with Intent to Outrage Modesty,ASSAULT ON WOMEN WITH INTENT TO OUTRAGE HER MODESTY,FALSE,3595
2005,Andhra Pradesh,Andhra Pradesh,State/UT,Cruelty by Husband or Relatives,CRUELTY BY HUSBAND OR RELATIVES,FALSE,8696
2005,Andhra Pradesh,Andhra Pradesh,State/UT,Dowry Deaths,DOWRY DEATH,FALSE,443
2005,Andhra Pradesh,Andhra Pradesh,State/UT,Immoral Traffic (Prevention) Act,IMMORAL TRAFFIC(PREVENTION)ACT,FALSE,681
2005,Andhra Pradesh,Andhra Pradesh,State/UT,Indecent Representation of Women (Prevention) Act,INDECENT REPRESENTATION OF WOMEN(PREVENTION)ACT,FALSE,2657
2005,Andhra Pradesh,Andhra Pradesh,State/UT,Insult to Modesty of Women,INSULT TO THE MODESTY OF WOMEN,FALSE,2508
2005,Andhra Pradesh,Andhra Pradesh,State/UT,Kidnapping & Abduction of Women,KIDNAPPING & ABDUCTION,FALSE,995
2005,Andhra Pradesh,Andhra Pradesh,State/UT,Rape,RAPE,FALSE,935
2005,Andhra Pradesh,Andhra Pradesh,State/UT,Total Crimes against Women,TOTAL CRIMES AGAINST WOMEN,FALSE,20819
2005,Arunachal Pradesh,Arunachal Pradesh,State/UT,Assault on Women with Intent to Outrage Modesty,ASSAULT ON WOMEN WITH INTENT TO OUTRAGE HER MODESTY,FALSE,67
2005,Arunachal Pradesh,Arunachal Pradesh,State/UT,Cruelty by Husband or Relatives,CRUELTY BY HUSBAND OR RELATIVES,FALSE,9
2005,Arunachal Pradesh,Arunachal Pradesh,State/UT,Dowry Deaths,DOWRY DEATH,FALSE,0
2005,Arunachal Pradesh,Arunachal Pradesh,State/UT,Immoral Traffic (Prevention) Act,IMMORAL TRAFFIC(PREVENTION)ACT,FALSE,0
2005,Arunachal Pradesh,Arunachal Pradesh,State/UT,Indecent Representation of Women (Prevention) Act,INDECENT REPRESENTATION OF WOMEN(PREVENTION)ACT,FALSE,0
2005,Arunachal Pradesh,Arunachal Pradesh,State/UT,Insult to Modesty of Women,INSULT TO THE MODESTY OF WOMEN,FALSE,0
2005,Arunachal Pradesh,Arunachal Pradesh,State/UT,Kidnapping & Abduction of Women,KIDNAPPING & ABDUCTION,FALSE,39
2005,Arunachal Pradesh,Arunachal Pradesh,State/UT,Rape,RAPE,FALSE,35
2005,Arunachal Pradesh,Arunachal Pradesh,State/UT,Total Crimes against Women,TOTAL CRIMES AGAINST WOMEN,FALSE,150
2005,Assam,Assam,State/UT,Assault on Women with Intent to Outrage Modesty,ASSAULT ON WOMEN WITH INTENT TO OUTRAGE HER MODESTY,FALSE,899
2005,Assam,Assam,State/UT,Cruelty by Husband or Relatives,CRUELTY BY HUSBAND OR RELATIVES,FALSE,2206
2005,Assam,Assam,State/UT,Dowry Deaths,DOWRY DEATH,FALSE,99
2005,Assam,Assam,State/UT,Immoral Traffic (Prevention) Act,IMMORAL TRAFFIC(PREVENTION)ACT,FALSE,25
2005,Assam,Assam,State/UT,Indecent Representation of Women (Prevention) Act,INDECENT REPRESENTATION OF WOMEN(PREVENTION)ACT,FALSE,0
2005,Assam,Assam,State/UT,Insult to Modesty of Women,INSULT TO THE MODESTY OF WOMEN,FALSE,19
2005,Assam,Assam,State/UT,Kidnapping & Abduction of Women,KIDNAPPING & ABDUCTION,FALSE,1456
2005,Assam,Assam,State/UT,Rape,RAPE,FALSE,1238
2005,Assam,Assam,State/UT,Total Crimes against Women,TOTAL CRIMES AGAINST WOMEN,FALSE,6027
2005,Bihar,Bihar,State/UT,Assault on Women with Intent to Outrage Modesty,ASSAULT ON WOMEN WITH INTENT TO OUTRAGE HER MODESTY,FALSE,451
2005,Bihar,Bihar,State/UT,Cruelty by Husband or Relatives,CRUELTY BY HUSBAND OR RELATIVES,FALSE,1574
2005,Bihar,Bihar,State/UT,Dowry Deaths,DOWRY DEATH,FALSE,1014
2005,Bihar,Bihar,State/UT,Immoral Traffic (Prevention) Act,IMMORAL TRAFFIC(PREVENTION)ACT,FALSE,28
2005,Bihar,Bihar,State/UT,Indecent Representation of Women (Prevention) Act,INDECENT REPRESENTATION OF WOMEN(PREVENTION)ACT,FALSE,0
2005,Bihar,Bihar,State/UT,Insult to Modesty of Women,INSULT TO THE MODESTY OF WOMEN,FALSE,13
2005,Bihar,Bihar,State/UT,Kidnapping & Abduction of Women,KIDNAPPING & ABDUCTION,FALSE,929
2005,Bihar,Bihar,State/UT,Rape,RAPE,FALSE,1147
2005,Bihar,Bihar,State/UT,Total Crimes against Women,TOTAL CRIMES AGAINST WOMEN,FALSE,6019
2005,Chandigarh,Chandigarh,State/UT,Assault on Women with Intent to Outrage Modesty,ASSAULT ON WOMEN WITH INTENT TO OUTRAGE HER MODESTY,FALSE,31
2005,Chandigarh,Chandigarh,State/UT,Cruelty by Husband or Relatives,CRUELTY BY HUSBAND OR RELATIVES,FALSE,75
2005,Chandigarh,Chandigarh,State/UT,Dowry Deaths,DOWRY DEATH,FALSE,3
2005,Chandigarh,Chandigarh,State/UT,Immoral Traffic (Prevention) Act,IMMORAL TRAFFIC(PREVENTION)ACT,FALSE,9
2005,Chandigarh,Chandigarh,State/UT,Indecent Representation of Women (Prevention) Act,INDECENT REPRESENTATION OF WOMEN(PREVENTION)ACT,FALSE,0
2005,Chandigarh,Chandigarh,State/UT,Insult to Modesty of Women,INSULT TO THE MODESTY OF WOMEN,FALSE,9
2005,Chandigarh,Chandigarh,State/UT,Kidnapping & Abduction of Women,KIDNAPPING & ABDUCTION,FALSE,45
2005,Chandigarh,Chandigarh,State/UT,Rape,RAPE,FALSE,33
2005,Chandigarh,Chandigarh,State/UT,Total Crimes against Women,TOTAL CRIMES AGAINST WOMEN,FALSE,205
2005,Chhattisgarh,Chhattisgarh,State/UT,Assault on Women with Intent to Outrage Modesty,ASSAULT ON WOMEN WITH INTENT TO OUTRAGE HER MODESTY,FALSE,1450
2005,Chhattisgarh,Chhattisgarh,State/UT,Cruelty by Husband or Relatives,CRUELTY BY HUSBAND OR RELATIVES,FALSE,732
2005,Chhattisgarh,Chhattisgarh,State/UT,Dowry Deaths,DOWRY DEATH,FALSE,100
2005,Chhattisgarh,Chhattisgarh,State/UT,Immoral Traffic (Prevention) Act,IMMORAL TRAFFIC(PREVENTION)ACT,FALSE,6
2005,Chhattisgarh,Chhattisgarh,State/UT,Indecent Representation of Women (Prevention) Act,INDECENT REPRESENTATION OF WOMEN(PREVENTION)ACT,FALSE,0
2005,Chhattisgarh,Chhattisgarh,State/UT,Insult to Modesty of Women,INSULT TO THE MODESTY OF WOMEN,FALSE,132
2005,Chhattisgarh,Chhattisgarh,State/UT,Kidnapping & Abduction of Women,KIDNAPPING & ABDUCTION,FALSE,184
2005,Chhattisgarh,Chhattisgarh,State/UT,Rape,RAPE,FALSE,990
2005,Chhattisgarh,Chhattisgarh,State/UT,Total Crimes against Women,TOTAL CRIMES AGAINST WOMEN,FALSE,3599
2005,"Dadra & Nagar Haveli (pre-2020, separate UT)",D&N Haveli,State/UT,Assault on Women with Intent to Outrage Modesty,ASSAULT ON WOMEN WITH INTENT TO OUTRAGE HER MODESTY,FALSE,5
2005,"Dadra & Nagar Haveli (pre-2020, separate UT)",D&N Haveli,State/UT,Cruelty by Husband or Relatives,CRUELTY BY HUSBAND OR RELATIVES,FALSE,5
2005,"Dadra & Nagar Haveli (pre-2020, separate UT)",D&N Haveli,State/UT,Dowry Deaths,DOWRY DEATH,FALSE,0
2005,"Dadra & Nagar Haveli (pre-2020, separate UT)",D&N Haveli,State/UT,Immoral Traffic (Prevention) Act,IMMORAL TRAFFIC(PREVENTION)ACT,FALSE,0
2005,"Dadra & Nagar Haveli (pre-2020, separate UT)",D&N Haveli,State/UT,Indecent Representation of Women (Prevention) Act,INDECENT REPRESENTATION OF WOMEN(PREVENTION)ACT,FALSE,0
2005,"Dadra & Nagar Haveli (pre-2020, separate UT)",D&N Haveli,State/UT,Insult to Modesty of Women,INSULT TO THE MODESTY OF WOMEN,FALSE,0
2005,"Dadra & Nagar Haveli (pre-2020, separate UT)",D&N Haveli,State/UT,Kidnapping & Abduction of Women,KIDNAPPING & ABDUCTION,FALSE,9
2005,"Dadra & Nagar Haveli (pre-2020, separate UT)",D&N Haveli,State/UT,Rape,RAPE,FALSE,5
2005,"Dadra & Nagar Haveli (pre-2020, separate UT)",D&N Haveli,State/UT,Total Crimes against Women,TOTAL CRIMES AGAINST WOMEN,FALSE,24
2005,"Daman & Diu (pre-2020, separate UT)",Daman & Diu,State/UT,Assault on Women with Intent to Outrage Modesty,ASSAULT ON WOMEN WITH INTENT TO OUTRAGE HER MODESTY,FALSE,1
2005,"Daman & Diu (pre-2020, separate UT)",Daman & Diu,State/UT,Cruelty by Husband or Relatives,CRUELTY BY HUSBAND OR RELATIVES,FALSE,3
2005,"Daman & Diu (pre-2020, separate UT)",Daman & Diu,State/UT,Dowry Deaths,DOWRY DEATH,FALSE,1
2005,"Daman & Diu (pre-2020, separate UT)",Daman & Diu,State/UT,Immoral Traffic (Prevention) Act,IMMORAL TRAFFIC(PREVENTION)ACT,FALSE,1
2005,"Daman & Diu (pre-2020, separate UT)",Daman & Diu,State/UT,Indecent Representation of Women (Prevention) Act,INDECENT REPRESENTATION OF WOMEN(PREVENTION)ACT,FALSE,0
2005,"Daman & Diu (pre-2020, separate UT)",Daman & Diu,State/UT,Insult to Modesty of Women,INSULT TO THE MODESTY OF WOMEN,FALSE,0
2005,"Daman & Diu (pre-2020, separate UT)",Daman & Diu,State/UT,Kidnapping & Abduction of Women,KIDNAPPING & ABDUCTION,FALSE,2
2005,"Daman & Diu (pre-2020, separate UT)",Daman & Diu,State/UT,Rape,RAPE,FALSE,2
2005,"Daman & Diu (pre-2020, separate UT)",Daman & Diu,State/UT,Total Crimes against Women,TOTAL CRIMES AGAINST WOMEN,FALSE,10
2005,Delhi,Delhi UT,State/UT,Assault on Women with Intent to Outrage Modesty,ASSAULT ON WOMEN WITH INTENT TO OUTRAGE HER MODESTY,FALSE,762
2005,Delhi,Delhi UT,State/UT,Cruelty by Husband or Relatives,CRUELTY BY HUSBAND OR RELATIVES,FALSE,1324
2005,Delhi,Delhi UT,State/UT,Dowry Deaths,DOWRY DEATH,FALSE,114
2005,Delhi,Delhi UT,State/UT,Immoral Traffic (Prevention) Act,IMMORAL TRAFFIC(PREVENTION)ACT,FALSE,151
2005,Delhi,Delhi UT,State/UT,Indecent Representation of Women (Prevention) Act,INDECENT REPRESENTATION OF WOMEN(PREVENTION)ACT,FALSE,1
2005,Delhi,Delhi UT,State/UT,Insult to Modesty of Women,INSULT TO THE MODESTY OF WOMEN,FALSE,225
2005,Delhi,Delhi UT,State/UT,Kidnapping & Abduction of Women,KIDNAPPING & ABDUCTION,FALSE,1106
2005,Delhi,Delhi UT,State/UT,Rape,RAPE,FALSE,658
2005,Delhi,Delhi UT,State/UT,Total Crimes against Women,TOTAL CRIMES AGAINST WOMEN,FALSE,4351
2005,Goa,Goa,State/UT,Assault on Women with Intent to Outrage Modesty,ASSAULT ON WOMEN WITH INTENT TO OUTRAGE HER MODESTY,FALSE,30
2005,Goa,Goa,State/UT,Cruelty by Husband or Relatives,CRUELTY BY HUSBAND OR RELATIVES,FALSE,11
2005,Goa,Goa,State/UT,Dowry Deaths,DOWRY DEATH,FALSE,2
2005,Goa,Goa,State/UT,Immoral Traffic (Prevention) Act,IMMORAL TRAFFIC(PREVENTION)ACT,FALSE,38
2005,Goa,Goa,State/UT,Indecent Representation of Women (Prevention) Act,INDECENT REPRESENTATION OF WOMEN(PREVENTION)ACT,FALSE,0
2005,Goa,Goa,State/UT,Insult to Modesty of Women,INSULT TO THE MODESTY OF WOMEN,FALSE,8
2005,Goa,Goa,State/UT,Kidnapping & Abduction of Women,KIDNAPPING & ABDUCTION,FALSE,12
2005,Goa,Goa,State/UT,Rape,RAPE,FALSE,20
2005,Goa,Goa,State/UT,Total Crimes against Women,TOTAL CRIMES AGAINST WOMEN,FALSE,121
2005,Gujarat,Gujarat,State/UT,Assault on Women with Intent to Outrage Modesty,ASSAULT ON WOMEN WITH INTENT TO OUTRAGE HER MODESTY,FALSE,802
2005,Gujarat,Gujarat,State/UT,Cruelty by Husband or Relatives,CRUELTY BY HUSBAND OR RELATIVES,FALSE,4090
2005,Gujarat,Gujarat,State/UT,Dowry Deaths,DOWRY DEATH,FALSE,48
2005,Gujarat,Gujarat,State/UT,Immoral Traffic (Prevention) Act,IMMORAL TRAFFIC(PREVENTION)ACT,FALSE,59
2005,Gujarat,Gujarat,State/UT,Indecent Representation of Women (Prevention) Act,INDECENT REPRESENTATION OF WOMEN(PREVENTION)ACT,FALSE,0
2005,Gujarat,Gujarat,State/UT,Insult to Modesty of Women,INSULT TO THE MODESTY OF WOMEN,FALSE,104
2005,Gujarat,Gujarat,State/UT,Kidnapping & Abduction of Women,KIDNAPPING & ABDUCTION,FALSE,916
2005,Gujarat,Gujarat,State/UT,Rape,RAPE,FALSE,324
2005,Gujarat,Gujarat,State/UT,Total Crimes against Women,TOTAL CRIMES AGAINST WOMEN,FALSE,6343
2005,Haryana,Haryana,State/UT,Assault on Women with Intent to Outrage Modesty,ASSAULT ON WOMEN WITH INTENT TO OUTRAGE HER MODESTY,FALSE,380
2005,Haryana,Haryana,State/UT,Cruelty by Husband or Relatives,CRUELTY BY HUSBAND OR RELATIVES,FALSE,2075
2005,Haryana,Haryana,State/UT,Dowry Deaths,DOWRY DEATH,FALSE,212
2005,Haryana,Haryana,State/UT,Immoral Traffic (Prevention) Act,IMMORAL TRAFFIC(PREVENTION)ACT,FALSE,85
2005,Haryana,Haryana,State/UT,Indecent Representation of Women (Prevention) Act,INDECENT REPRESENTATION OF WOMEN(PREVENTION)ACT,FALSE,0
2005,Haryana,Haryana,State/UT,Insult to Modesty of Women,INSULT TO THE MODESTY OF WOMEN,FALSE,597
2005,Haryana,Haryana,State/UT,Kidnapping & Abduction of Women,KIDNAPPING & ABDUCTION,FALSE,344
2005,Haryana,Haryana,State/UT,Rape,RAPE,FALSE,461
2005,Haryana,Haryana,State/UT,Total Crimes against Women,TOTAL CRIMES AGAINST WOMEN,FALSE,4161
2005,Himachal Pradesh,Himachal Pradesh,State/UT,Assault on Women with Intent to Outrage Modesty,ASSAULT ON WOMEN WITH INTENT TO OUTRAGE HER MODESTY,FALSE,286
2005,Himachal Pradesh,Himachal Pradesh,State/UT,Cruelty by Husband or Relatives,CRUELTY BY HUSBAND OR RELATIVES,FALSE,228
2005,Himachal Pradesh,Himachal Pradesh,State/UT,Dowry Deaths,DOWRY DEATH,FALSE,2
2005,Himachal Pradesh,Himachal Pradesh,State/UT,Immoral Traffic (Prevention) Act,IMMORAL TRAFFIC(PREVENTION)ACT,FALSE,4
2005,Himachal Pradesh,Himachal Pradesh,State/UT,Indecent Representation of Women (Prevention) Act,INDECENT REPRESENTATION OF WOMEN(PREVENTION)ACT,FALSE,0
2005,Himachal Pradesh,Himachal Pradesh,State/UT,Insult to Modesty of Women,INSULT TO THE MODESTY OF WOMEN,FALSE,29
2005,Himachal Pradesh,Himachal Pradesh,State/UT,Kidnapping & Abduction of Women,KIDNAPPING & ABDUCTION,FALSE,102
2005,Himachal Pradesh,Himachal Pradesh,State/UT,Rape,RAPE,FALSE,141
2005,Himachal Pradesh,Himachal Pradesh,State/UT,Total Crimes against Women,TOTAL CRIMES AGAINST WOMEN,FALSE,793
2005,Jammu & Kashmir,Jammu & Kashmir,State/UT,Assault on Women with Intent to Outrage Modesty,ASSAULT ON WOMEN WITH INTENT TO OUTRAGE HER MODESTY,FALSE,830
2005,Jammu & Kashmir,Jammu & Kashmir,State/UT,Cruelty by Husband or Relatives,CRUELTY BY HUSBAND OR RELATIVES,FALSE,76
2005,Jammu & Kashmir,Jammu & Kashmir,State/UT,Dowry Deaths,DOWRY DEATH,FALSE,5
2005,Jammu & Kashmir,Jammu & Kashmir,State/UT,Immoral Traffic (Prevention) Act,IMMORAL TRAFFIC(PREVENTION)ACT,FALSE,3
2005,Jammu & Kashmir,Jammu & Kashmir,State/UT,Indecent Representation of Women (Prevention) Act,INDECENT REPRESENTATION OF WOMEN(PREVENTION)ACT,FALSE,0
2005,Jammu & Kashmir,Jammu & Kashmir,State/UT,Insult to Modesty of Women,INSULT TO THE MODESTY OF WOMEN,FALSE,371
2005,Jammu & Kashmir,Jammu & Kashmir,State/UT,Kidnapping & Abduction of Women,KIDNAPPING & ABDUCTION,FALSE,658
2005,Jammu & Kashmir,Jammu & Kashmir,State/UT,Rape,RAPE,FALSE,201
2005,Jammu & Kashmir,Jammu & Kashmir,State/UT,Total Crimes against Women,TOTAL CRIMES AGAINST WOMEN,FALSE,2144
2005,Jharkhand,Jharkhand,State/UT,Assault on Women with Intent to Outrage Modesty,ASSAULT ON WOMEN WITH INTENT TO OUTRAGE HER MODESTY,FALSE,293
2005,Jharkhand,Jharkhand,State/UT,Cruelty by Husband or Relatives,CRUELTY BY HUSBAND OR RELATIVES,FALSE,590
2005,Jharkhand,Jharkhand,State/UT,Dowry Deaths,DOWRY DEATH,FALSE,257
2005,Jharkhand,Jharkhand,State/UT,Immoral Traffic (Prevention) Act,IMMORAL TRAFFIC(PREVENTION)ACT,FALSE,13
2005,Jharkhand,Jharkhand,State/UT,Indecent Representation of Women (Prevention) Act,INDECENT REPRESENTATION OF WOMEN(PREVENTION)ACT,FALSE,2
2005,Jharkhand,Jharkhand,State/UT,Insult to Modesty of Women,INSULT TO THE MODESTY OF WOMEN,FALSE,36
2005,Jharkhand,Jharkhand,State/UT,Kidnapping & Abduction of Women,KIDNAPPING & ABDUCTION,FALSE,283
2005,Jharkhand,Jharkhand,State/UT,Rape,RAPE,FALSE,753
2005,Jharkhand,Jharkhand,State/UT,Total Crimes against Women,TOTAL CRIMES AGAINST WOMEN,FALSE,2544
2005,Karnataka,Karnataka,State/UT,Assault on Women with Intent to Outrage Modesty,ASSAULT ON WOMEN WITH INTENT TO OUTRAGE HER MODESTY,FALSE,1585
2005,Karnataka,Karnataka,State/UT,Cruelty by Husband or Relatives,CRUELTY BY HUSBAND OR RELATIVES,FALSE,1883
2005,Karnataka,Karnataka,State/UT,Dowry Deaths,DOWRY DEATH,FALSE,261
2005,Karnataka,Karnataka,State/UT,Immoral Traffic (Prevention) Act,IMMORAL TRAFFIC(PREVENTION)ACT,FALSE,1241
2005,Karnataka,Karnataka,State/UT,Indecent Representation of Women (Prevention) Act,INDECENT REPRESENTATION OF WOMEN(PREVENTION)ACT,FALSE,0
2005,Karnataka,Karnataka,State/UT,Insult to Modesty of Women,INSULT TO THE MODESTY OF WOMEN,FALSE,71
2005,Karnataka,Karnataka,State/UT,Kidnapping & Abduction of Women,KIDNAPPING & ABDUCTION,FALSE,312
2005,Karnataka,Karnataka,State/UT,Rape,RAPE,FALSE,343
2005,Karnataka,Karnataka,State/UT,Total Crimes against Women,TOTAL CRIMES AGAINST WOMEN,FALSE,6057
2005,Kerala,Kerala,State/UT,Assault on Women with Intent to Outrage Modesty,ASSAULT ON WOMEN WITH INTENT TO OUTRAGE HER MODESTY,FALSE,2339
2005,Kerala,Kerala,State/UT,Cruelty by Husband or Relatives,CRUELTY BY HUSBAND OR RELATIVES,FALSE,3283
2005,Kerala,Kerala,State/UT,Dowry Deaths,DOWRY DEATH,FALSE,21
2005,Kerala,Kerala,State/UT,Immoral Traffic (Prevention) Act,IMMORAL TRAFFIC(PREVENTION)ACT,FALSE,225
2005,Kerala,Kerala,State/UT,Indecent Representation of Women (Prevention) Act,INDECENT REPRESENTATION OF WOMEN(PREVENTION)ACT,FALSE,108
2005,Kerala,Kerala,State/UT,Insult to Modesty of Women,INSULT TO THE MODESTY OF WOMEN,FALSE,175
2005,Kerala,Kerala,State/UT,Kidnapping & Abduction of Women,KIDNAPPING & ABDUCTION,FALSE,129
2005,Kerala,Kerala,State/UT,Rape,RAPE,FALSE,478
2005,Kerala,Kerala,State/UT,Total Crimes against Women,TOTAL CRIMES AGAINST WOMEN,FALSE,6762
2005,Lakshadweep,Lakshadweep,State/UT,Assault on Women with Intent to Outrage Modesty,ASSAULT ON WOMEN WITH INTENT TO OUTRAGE HER MODESTY,FALSE,0
2005,Lakshadweep,Lakshadweep,State/UT,Cruelty by Husband or Relatives,CRUELTY BY HUSBAND OR RELATIVES,FALSE,0
2005,Lakshadweep,Lakshadweep,State/UT,Dowry Deaths,DOWRY DEATH,FALSE,0
2005,Lakshadweep,Lakshadweep,State/UT,Immoral Traffic (Prevention) Act,IMMORAL TRAFFIC(PREVENTION)ACT,FALSE,0
2005,Lakshadweep,Lakshadweep,State/UT,Indecent Representation of Women (Prevention) Act,INDECENT REPRESENTATION OF WOMEN(PREVENTION)ACT,FALSE,0
2005,Lakshadweep,Lakshadweep,State/UT,Insult to Modesty of Women,INSULT TO THE MODESTY OF WOMEN,FALSE,0
2005,Lakshadweep,Lakshadweep,State/UT,Kidnapping & Abduction of Women,KIDNAPPING & ABDUCTION,FALSE,0
2005,Lakshadweep,Lakshadweep,State/UT,Rape,RAPE,FALSE,0
2005,Lakshadweep,Lakshadweep,State/UT,Total Crimes against Women,TOTAL CRIMES AGAINST WOMEN,FALSE,0
2005,Madhya Pradesh,Madhya Pradesh,State/UT,Assault on Women with Intent to Outrage Modesty,ASSAULT ON WOMEN WITH INTENT TO OUTRAGE HER MODESTY,FALSE,6426
2005,Madhya Pradesh,Madhya Pradesh,State/UT,Cruelty by Husband or Relatives,CRUELTY BY HUSBAND OR RELATIVES,FALSE,2989
2005,Madhya Pradesh,Madhya Pradesh,State/UT,Dowry Deaths,DOWRY DEATH,FALSE,739
2005,Madhya Pradesh,Madhya Pradesh,State/UT,Immoral Traffic (Prevention) Act,IMMORAL TRAFFIC(PREVENTION)ACT,FALSE,19
2005,Madhya Pradesh,Madhya Pradesh,State/UT,Indecent Representation of Women (Prevention) Act,INDECENT REPRESENTATION OF WOMEN(PREVENTION)ACT,FALSE,0
2005,Madhya Pradesh,Madhya Pradesh,State/UT,Insult to Modesty of Women,INSULT TO THE MODESTY OF WOMEN,FALSE,792
2005,Madhya Pradesh,Madhya Pradesh,State/UT,Kidnapping & Abduction of Women,KIDNAPPING & ABDUCTION,FALSE,604
2005,Madhya Pradesh,Madhya Pradesh,State/UT,Rape,RAPE,FALSE,2921
2005,Madhya Pradesh,Madhya Pradesh,State/UT,Total Crimes against Women,TOTAL CRIMES AGAINST WOMEN,FALSE,14529
2005,Maharashtra,Maharashtra,State/UT,Assault on Women with Intent to Outrage Modesty,ASSAULT ON WOMEN WITH INTENT TO OUTRAGE HER MODESTY,FALSE,3228
2005,Maharashtra,Maharashtra,State/UT,Cruelty by Husband or Relatives,CRUELTY BY HUSBAND OR RELATIVES,FALSE,6233
2005,Maharashtra,Maharashtra,State/UT,Dowry Deaths,DOWRY DEATH,FALSE,341
2005,Maharashtra,Maharashtra,State/UT,Immoral Traffic (Prevention) Act,IMMORAL TRAFFIC(PREVENTION)ACT,FALSE,222
2005,Maharashtra,Maharashtra,State/UT,Indecent Representation of Women (Prevention) Act,INDECENT REPRESENTATION OF WOMEN(PREVENTION)ACT,FALSE,8
2005,Maharashtra,Maharashtra,State/UT,Insult to Modesty of Women,INSULT TO THE MODESTY OF WOMEN,FALSE,919
2005,Maharashtra,Maharashtra,State/UT,Kidnapping & Abduction of Women,KIDNAPPING & ABDUCTION,FALSE,851
2005,Maharashtra,Maharashtra,State/UT,Rape,RAPE,FALSE,1545
2005,Maharashtra,Maharashtra,State/UT,Total Crimes against Women,TOTAL CRIMES AGAINST WOMEN,FALSE,13370
2005,Manipur,Manipur,State/UT,Assault on Women with Intent to Outrage Modesty,ASSAULT ON WOMEN WITH INTENT TO OUTRAGE HER MODESTY,FALSE,25
2005,Manipur,Manipur,State/UT,Cruelty by Husband or Relatives,CRUELTY BY HUSBAND OR RELATIVES,FALSE,20
2005,Manipur,Manipur,State/UT,Dowry Deaths,DOWRY DEATH,FALSE,0
2005,Manipur,Manipur,State/UT,Immoral Traffic (Prevention) Act,IMMORAL TRAFFIC(PREVENTION)ACT,FALSE,1
2005,Manipur,Manipur,State/UT,Indecent Representation of Women (Prevention) Act,INDECENT REPRESENTATION OF WOMEN(PREVENTION)ACT,FALSE,0
2005,Manipur,Manipur,State/UT,Insult to Modesty of Women,INSULT TO THE MODESTY OF WOMEN,FALSE,0
2005,Manipur,Manipur,State/UT,Kidnapping & Abduction of Women,KIDNAPPING & ABDUCTION,FALSE,69
2005,Manipur,Manipur,State/UT,Rape,RAPE,FALSE,25
2005,Manipur,Manipur,State/UT,Total Crimes against Women,TOTAL CRIMES AGAINST WOMEN,FALSE,140
2005,Meghalaya,Meghalaya,State/UT,Assault on Women with Intent to Outrage Modesty,ASSAULT ON WOMEN WITH INTENT TO OUTRAGE HER MODESTY,FALSE,44
2005,Meghalaya,Meghalaya,State/UT,Cruelty by Husband or Relatives,CRUELTY BY HUSBAND OR RELATIVES,FALSE,3
2005,Meghalaya,Meghalaya,State/UT,Dowry Deaths,DOWRY DEATH,FALSE,1
2005,Meghalaya,Meghalaya,State/UT,Immoral Traffic (Prevention) Act,IMMORAL TRAFFIC(PREVENTION)ACT,FALSE,1
2005,Meghalaya,Meghalaya,State/UT,Indecent Representation of Women (Prevention) Act,INDECENT REPRESENTATION OF WOMEN(PREVENTION)ACT,FALSE,0
2005,Meghalaya,Meghalaya,State/UT,Insult to Modesty of Women,INSULT TO THE MODESTY OF WOMEN,FALSE,0
2005,Meghalaya,Meghalaya,State/UT,Kidnapping & Abduction of Women,KIDNAPPING & ABDUCTION,FALSE,19
2005,Meghalaya,Meghalaya,State/UT,Rape,RAPE,FALSE,63
2005,Meghalaya,Meghalaya,State/UT,Total Crimes against Women,TOTAL CRIMES AGAINST WOMEN,FALSE,131
2005,Mizoram,Mizoram,State/UT,Assault on Women with Intent to Outrage Modesty,ASSAULT ON WOMEN WITH INTENT TO OUTRAGE HER MODESTY,FALSE,49
2005,Mizoram,Mizoram,State/UT,Cruelty by Husband or Relatives,CRUELTY BY HUSBAND OR RELATIVES,FALSE,0
2005,Mizoram,Mizoram,State/UT,Dowry Deaths,DOWRY DEATH,FALSE,4
2005,Mizoram,Mizoram,State/UT,Immoral Traffic (Prevention) Act,IMMORAL TRAFFIC(PREVENTION)ACT,FALSE,1
2005,Mizoram,Mizoram,State/UT,Indecent Representation of Women (Prevention) Act,INDECENT REPRESENTATION OF WOMEN(PREVENTION)ACT,FALSE,0
2005,Mizoram,Mizoram,State/UT,Insult to Modesty of Women,INSULT TO THE MODESTY OF WOMEN,FALSE,4
2005,Mizoram,Mizoram,State/UT,Kidnapping & Abduction of Women,KIDNAPPING & ABDUCTION,FALSE,0
2005,Mizoram,Mizoram,State/UT,Rape,RAPE,FALSE,37
2005,Mizoram,Mizoram,State/UT,Total Crimes against Women,TOTAL CRIMES AGAINST WOMEN,FALSE,95
2005,Nagaland,Nagaland,State/UT,Assault on Women with Intent to Outrage Modesty,ASSAULT ON WOMEN WITH INTENT TO OUTRAGE HER MODESTY,FALSE,7
2005,Nagaland,Nagaland,State/UT,Cruelty by Husband or Relatives,CRUELTY BY HUSBAND OR RELATIVES,FALSE,0
2005,Nagaland,Nagaland,State/UT,Dowry Deaths,DOWRY DEATH,FALSE,0
2005,Nagaland,Nagaland,State/UT,Immoral Traffic (Prevention) Act,IMMORAL TRAFFIC(PREVENTION)ACT,FALSE,4
2005,Nagaland,Nagaland,State/UT,Indecent Representation of Women (Prevention) Act,INDECENT REPRESENTATION OF WOMEN(PREVENTION)ACT,FALSE,0
2005,Nagaland,Nagaland,State/UT,Insult to Modesty of Women,INSULT TO THE MODESTY OF WOMEN,FALSE,0
2005,Nagaland,Nagaland,State/UT,Kidnapping & Abduction of Women,KIDNAPPING & ABDUCTION,FALSE,9
2005,Nagaland,Nagaland,State/UT,Rape,RAPE,FALSE,17
2005,Nagaland,Nagaland,State/UT,Total Crimes against Women,TOTAL CRIMES AGAINST WOMEN,FALSE,37
2005,Odisha,Odisha,State/UT,Assault on Women with Intent to Outrage Modesty,ASSAULT ON WOMEN WITH INTENT TO OUTRAGE HER MODESTY,FALSE,2238
2005,Odisha,Odisha,State/UT,Cruelty by Husband or Relatives,CRUELTY BY HUSBAND OR RELATIVES,FALSE,1671
2005,Odisha,Odisha,State/UT,Dowry Deaths,DOWRY DEATH,FALSE,334
2005,Odisha,Odisha,State/UT,Immoral Traffic (Prevention) Act,IMMORAL TRAFFIC(PREVENTION)ACT,FALSE,29
2005,Odisha,Odisha,State/UT,Indecent Representation of Women (Prevention) Act,INDECENT REPRESENTATION OF WOMEN(PREVENTION)ACT,FALSE,1
2005,Odisha,Odisha,State/UT,Insult to Modesty of Women,INSULT TO THE MODESTY OF WOMEN,FALSE,184
2005,Odisha,Odisha,State/UT,Kidnapping & Abduction of Women,KIDNAPPING & ABDUCTION,FALSE,547
2005,Odisha,Odisha,State/UT,Rape,RAPE,FALSE,799
2005,Odisha,Odisha,State/UT,Total Crimes against Women,TOTAL CRIMES AGAINST WOMEN,FALSE,6249
2005,Puducherry,Puducherry,State/UT,Assault on Women with Intent to Outrage Modesty,ASSAULT ON WOMEN WITH INTENT TO OUTRAGE HER MODESTY,FALSE,60
2005,Puducherry,Puducherry,State/UT,Cruelty by Husband or Relatives,CRUELTY BY HUSBAND OR RELATIVES,FALSE,6
2005,Puducherry,Puducherry,State/UT,Dowry Deaths,DOWRY DEATH,FALSE,4
2005,Puducherry,Puducherry,State/UT,Immoral Traffic (Prevention) Act,IMMORAL TRAFFIC(PREVENTION)ACT,FALSE,5
2005,Puducherry,Puducherry,State/UT,Indecent Representation of Women (Prevention) Act,INDECENT REPRESENTATION OF WOMEN(PREVENTION)ACT,FALSE,0
2005,Puducherry,Puducherry,State/UT,Insult to Modesty of Women,INSULT TO THE MODESTY OF WOMEN,FALSE,26
2005,Puducherry,Puducherry,State/UT,Kidnapping & Abduction of Women,KIDNAPPING & ABDUCTION,FALSE,3
2005,Puducherry,Puducherry,State/UT,Rape,RAPE,FALSE,6
2005,Puducherry,Puducherry,State/UT,Total Crimes against Women,TOTAL CRIMES AGAINST WOMEN,FALSE,127
2005,Punjab,Punjab,State/UT,Assault on Women with Intent to Outrage Modesty,ASSAULT ON WOMEN WITH INTENT TO OUTRAGE HER MODESTY,FALSE,308
2005,Punjab,Punjab,State/UT,Cruelty by Husband or Relatives,CRUELTY BY HUSBAND OR RELATIVES,FALSE,729
2005,Punjab,Punjab,State/UT,Dowry Deaths,DOWRY DEATH,FALSE,99
2005,Punjab,Punjab,State/UT,Immoral Traffic (Prevention) Act,IMMORAL TRAFFIC(PREVENTION)ACT,FALSE,58
2005,Punjab,Punjab,State/UT,Indecent Representation of Women (Prevention) Act,INDECENT REPRESENTATION OF WOMEN(PREVENTION)ACT,FALSE,0
2005,Punjab,Punjab,State/UT,Insult to Modesty of Women,INSULT TO THE MODESTY OF WOMEN,FALSE,43
2005,Punjab,Punjab,State/UT,Kidnapping & Abduction of Women,KIDNAPPING & ABDUCTION,FALSE,329
2005,Punjab,Punjab,State/UT,Rape,RAPE,FALSE,398
2005,Punjab,Punjab,State/UT,Total Crimes against Women,TOTAL CRIMES AGAINST WOMEN,FALSE,1969
2005,Rajasthan,Rajasthan,State/UT,Assault on Women with Intent to Outrage Modesty,ASSAULT ON WOMEN WITH INTENT TO OUTRAGE HER MODESTY,FALSE,2503
2005,Rajasthan,Rajasthan,State/UT,Cruelty by Husband or Relatives,CRUELTY BY HUSBAND OR RELATIVES,FALSE,5997
2005,Rajasthan,Rajasthan,State/UT,Dowry Deaths,DOWRY DEATH,FALSE,361
2005,Rajasthan,Rajasthan,State/UT,Immoral Traffic (Prevention) Act,IMMORAL TRAFFIC(PREVENTION)ACT,FALSE,115
2005,Rajasthan,Rajasthan,State/UT,Indecent Representation of Women (Prevention) Act,INDECENT REPRESENTATION OF WOMEN(PREVENTION)ACT,FALSE,109
2005,Rajasthan,Rajasthan,State/UT,Insult to Modesty of Women,INSULT TO THE MODESTY OF WOMEN,FALSE,28
2005,Rajasthan,Rajasthan,State/UT,Kidnapping & Abduction of Women,KIDNAPPING & ABDUCTION,FALSE,1549
2005,Rajasthan,Rajasthan,State/UT,Rape,RAPE,FALSE,993
2005,Rajasthan,Rajasthan,State/UT,Total Crimes against Women,TOTAL CRIMES AGAINST WOMEN,FALSE,11657
2005,Sikkim,Sikkim,State/UT,Assault on Women with Intent to Outrage Modesty,ASSAULT ON WOMEN WITH INTENT TO OUTRAGE HER MODESTY,FALSE,38
2005,Sikkim,Sikkim,State/UT,Cruelty by Husband or Relatives,CRUELTY BY HUSBAND OR RELATIVES,FALSE,4
2005,Sikkim,Sikkim,State/UT,Dowry Deaths,DOWRY DEATH,FALSE,0
2005,Sikkim,Sikkim,State/UT,Immoral Traffic (Prevention) Act,IMMORAL TRAFFIC(PREVENTION)ACT,FALSE,0
2005,Sikkim,Sikkim,State/UT,Indecent Representation of Women (Prevention) Act,INDECENT REPRESENTATION OF WOMEN(PREVENTION)ACT,FALSE,0
2005,Sikkim,Sikkim,State/UT,Insult to Modesty of Women,INSULT TO THE MODESTY OF WOMEN,FALSE,0
2005,Sikkim,Sikkim,State/UT,Kidnapping & Abduction of Women,KIDNAPPING & ABDUCTION,FALSE,2
2005,Sikkim,Sikkim,State/UT,Rape,RAPE,FALSE,18
2005,Sikkim,Sikkim,State/UT,Total Crimes against Women,TOTAL CRIMES AGAINST WOMEN,FALSE,62
2005,Tamil Nadu,Tamil Nadu,State/UT,Assault on Women with Intent to Outrage Modesty,ASSAULT ON WOMEN WITH INTENT TO OUTRAGE HER MODESTY,FALSE,1764
2005,Tamil Nadu,Tamil Nadu,State/UT,Cruelty by Husband or Relatives,CRUELTY BY HUSBAND OR RELATIVES,FALSE,1650
2005,Tamil Nadu,Tamil Nadu,State/UT,Dowry Deaths,DOWRY DEATH,FALSE,215
2005,Tamil Nadu,Tamil Nadu,State/UT,Immoral Traffic (Prevention) Act,IMMORAL TRAFFIC(PREVENTION)ACT,FALSE,2777
2005,Tamil Nadu,Tamil Nadu,State/UT,Indecent Representation of Women (Prevention) Act,INDECENT REPRESENTATION OF WOMEN(PREVENTION)ACT,FALSE,30
2005,Tamil Nadu,Tamil Nadu,State/UT,Insult to Modesty of Women,INSULT TO THE MODESTY OF WOMEN,FALSE,665
2005,Tamil Nadu,Tamil Nadu,State/UT,Kidnapping & Abduction of Women,KIDNAPPING & ABDUCTION,FALSE,783
2005,Tamil Nadu,Tamil Nadu,State/UT,Rape,RAPE,FALSE,571
2005,Tamil Nadu,Tamil Nadu,State/UT,Total Crimes against Women,TOTAL CRIMES AGAINST WOMEN,FALSE,8648
2005,Tripura,Tripura,State/UT,Assault on Women with Intent to Outrage Modesty,ASSAULT ON WOMEN WITH INTENT TO OUTRAGE HER MODESTY,FALSE,161
2005,Tripura,Tripura,State/UT,Cruelty by Husband or Relatives,CRUELTY BY HUSBAND OR RELATIVES,FALSE,439
2005,Tripura,Tripura,State/UT,Dowry Deaths,DOWRY DEATH,FALSE,34
2005,Tripura,Tripura,State/UT,Immoral Traffic (Prevention) Act,IMMORAL TRAFFIC(PREVENTION)ACT,FALSE,0
2005,Tripura,Tripura,State/UT,Indecent Representation of Women (Prevention) Act,INDECENT REPRESENTATION OF WOMEN(PREVENTION)ACT,FALSE,0
2005,Tripura,Tripura,State/UT,Insult to Modesty of Women,INSULT TO THE MODESTY OF WOMEN,FALSE,1
2005,Tripura,Tripura,State/UT,Kidnapping & Abduction of Women,KIDNAPPING & ABDUCTION,FALSE,43
2005,Tripura,Tripura,State/UT,Rape,RAPE,FALSE,162
2005,Tripura,Tripura,State/UT,Total Crimes against Women,TOTAL CRIMES AGAINST WOMEN,FALSE,840
2005,Uttar Pradesh,Uttar Pradesh,State/UT,Assault on Women with Intent to Outrage Modesty,ASSAULT ON WOMEN WITH INTENT TO OUTRAGE HER MODESTY,FALSE,1835
2005,Uttar Pradesh,Uttar Pradesh,State/UT,Cruelty by Husband or Relatives,CRUELTY BY HUSBAND OR RELATIVES,FALSE,4505
2005,Uttar Pradesh,Uttar Pradesh,State/UT,Dowry Deaths,DOWRY DEATH,FALSE,1564
2005,Uttar Pradesh,Uttar Pradesh,State/UT,Immoral Traffic (Prevention) Act,IMMORAL TRAFFIC(PREVENTION)ACT,FALSE,31
2005,Uttar Pradesh,Uttar Pradesh,State/UT,Indecent Representation of Women (Prevention) Act,INDECENT REPRESENTATION OF WOMEN(PREVENTION)ACT,FALSE,0
2005,Uttar Pradesh,Uttar Pradesh,State/UT,Insult to Modesty of Women,INSULT TO THE MODESTY OF WOMEN,FALSE,2881
2005,Uttar Pradesh,Uttar Pradesh,State/UT,Kidnapping & Abduction of Women,KIDNAPPING & ABDUCTION,FALSE,2256
2005,Uttar Pradesh,Uttar Pradesh,State/UT,Rape,RAPE,FALSE,1217
2005,Uttar Pradesh,Uttar Pradesh,State/UT,Total Crimes against Women,TOTAL CRIMES AGAINST WOMEN,FALSE,14875
2005,Uttarakhand,Uttarakhand,State/UT,Assault on Women with Intent to Outrage Modesty,ASSAULT ON WOMEN WITH INTENT TO OUTRAGE HER MODESTY,FALSE,100
2005,Uttarakhand,Uttarakhand,State/UT,Cruelty by Husband or Relatives,CRUELTY BY HUSBAND OR RELATIVES,FALSE,272
2005,Uttarakhand,Uttarakhand,State/UT,Dowry Deaths,DOWRY DEATH,FALSE,63
2005,Uttarakhand,Uttarakhand,State/UT,Immoral Traffic (Prevention) Act,IMMORAL TRAFFIC(PREVENTION)ACT,FALSE,2
2005,Uttarakhand,Uttarakhand,State/UT,Indecent Representation of Women (Prevention) Act,INDECENT REPRESENTATION OF WOMEN(PREVENTION)ACT,FALSE,0
2005,Uttarakhand,Uttarakhand,State/UT,Insult to Modesty of Women,INSULT TO THE MODESTY OF WOMEN,FALSE,89
2005,Uttarakhand,Uttarakhand,State/UT,Kidnapping & Abduction of Women,KIDNAPPING & ABDUCTION,FALSE,125
2005,Uttarakhand,Uttarakhand,State/UT,Rape,RAPE,FALSE,133
2005,Uttarakhand,Uttarakhand,State/UT,Total Crimes against Women,TOTAL CRIMES AGAINST WOMEN,FALSE,786
2005,West Bengal,West Bengal,State/UT,Assault on Women with Intent to Outrage Modesty,ASSAULT ON WOMEN WITH INTENT TO OUTRAGE HER MODESTY,FALSE,1572
2005,West Bengal,West Bengal,State/UT,Cruelty by Husband or Relatives,CRUELTY BY HUSBAND OR RELATIVES,FALSE,6936
2005,West Bengal,West Bengal,State/UT,Dowry Deaths,DOWRY DEATH,FALSE,446
2005,West Bengal,West Bengal,State/UT,Immoral Traffic (Prevention) Act,IMMORAL TRAFFIC(PREVENTION)ACT,FALSE,74
2005,West Bengal,West Bengal,State/UT,Indecent Representation of Women (Prevention) Act,INDECENT REPRESENTATION OF WOMEN(PREVENTION)ACT,FALSE,1
2005,West Bengal,West Bengal,State/UT,Insult to Modesty of Women,INSULT TO THE MODESTY OF WOMEN,FALSE,54
2005,West Bengal,West Bengal,State/UT,Kidnapping & Abduction of Women,KIDNAPPING & ABDUCTION,FALSE,1039
2005,West Bengal,West Bengal,State/UT,Rape,RAPE,FALSE,1686
2005,West Bengal,West Bengal,State/UT,Total Crimes against Women,TOTAL CRIMES AGAINST WOMEN,FALSE,11887
2006,All India (Total),All India,Aggregate,Assault on Women with Intent to Outrage Modesty,ASSAULT ON WOMEN WITH INTENT TO OUTRAGE HER MODESTY,FALSE,36617
2006,All India (Total),All India,Aggregate,Cruelty by Husband or Relatives,CRUELTY BY HUSBAND OR RELATIVES,FALSE,63128
2006,All India (Total),ALL INDIA,Aggregate,Dowry Deaths,DOWRY DEATH,FALSE,7618
2006,All India (Total),All India,Aggregate,Immoral Traffic (Prevention) Act,IMMORAL TRAFFIC(PREVENTION)ACT,FALSE,4541
2006,All India (Total),All India,Aggregate,Indecent Representation of Women (Prevention) Act,INDECENT REPRESENTATION OF WOMEN(PREVENTION)ACT,FALSE,1562
2006,All India (Total),All India,Aggregate,Insult to Modesty of Women,INSULT TO THE MODESTY OF WOMEN,FALSE,9966
2006,All India (Total),ALL INDIA K&A,Aggregate,Kidnapping & Abduction of Women,KIDNAPPING & ABDUCTION,FALSE,17414
2006,All India (Total),All India,Aggregate,Rape,RAPE,FALSE,19348
2006,All India (Total),TOTAL Crime against Women,Aggregate,Total Crimes against Women,TOTAL CRIMES AGAINST WOMEN,FALSE,164765
2006,Andaman & Nicobar Islands,A&N Islands,State/UT,Assault on Women with Intent to Outrage Modesty,ASSAULT ON WOMEN WITH INTENT TO OUTRAGE HER MODESTY,FALSE,14
2006,Andaman & Nicobar Islands,A&N Islands,State/UT,Cruelty by Husband or Relatives,CRUELTY BY HUSBAND OR RELATIVES,FALSE,7
2006,Andaman & Nicobar Islands,A&N Islands,State/UT,Dowry Deaths,DOWRY DEATH,FALSE,0
2006,Andaman & Nicobar Islands,A&N Islands,State/UT,Immoral Traffic (Prevention) Act,IMMORAL TRAFFIC(PREVENTION)ACT,FALSE,0
2006,Andaman & Nicobar Islands,A&N Islands,State/UT,Indecent Representation of Women (Prevention) Act,INDECENT REPRESENTATION OF WOMEN(PREVENTION)ACT,FALSE,0
2006,Andaman & Nicobar Islands,A&N Islands,State/UT,Insult to Modesty of Women,INSULT TO THE MODESTY OF WOMEN,FALSE,4
2006,Andaman & Nicobar Islands,A&N Islands,State/UT,Kidnapping & Abduction of Women,KIDNAPPING & ABDUCTION,FALSE,5
2006,Andaman & Nicobar Islands,A&N Islands,State/UT,Rape,RAPE,FALSE,6
2006,Andaman & Nicobar Islands,A&N Islands,State/UT,Total Crimes against Women,TOTAL CRIMES AGAINST WOMEN,FALSE,36
2006,Andhra Pradesh,Andhra Pradesh,State/UT,Assault on Women with Intent to Outrage Modesty,ASSAULT ON WOMEN WITH INTENT TO OUTRAGE HER MODESTY,FALSE,4534
2006,Andhra Pradesh,Andhra Pradesh,State/UT,Cruelty by Husband or Relatives,CRUELTY BY HUSBAND OR RELATIVES,FALSE,9164
2006,Andhra Pradesh,Andhra Pradesh,State/UT,Dowry Deaths,DOWRY DEATH,FALSE,519
2006,Andhra Pradesh,Andhra Pradesh,State/UT,Immoral Traffic (Prevention) Act,IMMORAL TRAFFIC(PREVENTION)ACT,FALSE,657
2006,Andhra Pradesh,Andhra Pradesh,State/UT,Indecent Representation of Women (Prevention) Act,INDECENT REPRESENTATION OF WOMEN(PREVENTION)ACT,FALSE,1347
2006,Andhra Pradesh,Andhra Pradesh,State/UT,Insult to Modesty of Women,INSULT TO THE MODESTY OF WOMEN,FALSE,2411
2006,Andhra Pradesh,Andhra Pradesh,State/UT,Kidnapping & Abduction of Women,KIDNAPPING & ABDUCTION,FALSE,1329
2006,Andhra Pradesh,Andhra Pradesh,State/UT,Rape,RAPE,FALSE,1049
2006,Andhra Pradesh,Andhra Pradesh,State/UT,Total Crimes against Women,TOTAL CRIMES AGAINST WOMEN,FALSE,21484
2006,Arunachal Pradesh,Arunachal Pradesh,State/UT,Assault on Women with Intent to Outrage Modesty,ASSAULT ON WOMEN WITH INTENT TO OUTRAGE HER MODESTY,FALSE,63
2006,Arunachal Pradesh,Arunachal Pradesh,State/UT,Cruelty by Husband or Relatives,CRUELTY BY HUSBAND OR RELATIVES,FALSE,14
2006,Arunachal Pradesh,Arunachal Pradesh,State/UT,Dowry Deaths,DOWRY DEATH,FALSE,1
2006,Arunachal Pradesh,Arunachal Pradesh,State/UT,Immoral Traffic (Prevention) Act,IMMORAL TRAFFIC(PREVENTION)ACT,FALSE,0
2006,Arunachal Pradesh,Arunachal Pradesh,State/UT,Indecent Representation of Women (Prevention) Act,INDECENT REPRESENTATION OF WOMEN(PREVENTION)ACT,FALSE,0
2006,Arunachal Pradesh,Arunachal Pradesh,State/UT,Insult to Modesty of Women,INSULT TO THE MODESTY OF WOMEN,FALSE,2
2006,Arunachal Pradesh,Arunachal Pradesh,State/UT,Kidnapping & Abduction of Women,KIDNAPPING & ABDUCTION,FALSE,51
2006,Arunachal Pradesh,Arunachal Pradesh,State/UT,Rape,RAPE,FALSE,37
2006,Arunachal Pradesh,Arunachal Pradesh,State/UT,Total Crimes against Women,TOTAL CRIMES AGAINST WOMEN,FALSE,168
2006,Assam,Assam,State/UT,Assault on Women with Intent to Outrage Modesty,ASSAULT ON WOMEN WITH INTENT TO OUTRAGE HER MODESTY,FALSE,1290
2006,Assam,Assam,State/UT,Cruelty by Husband or Relatives,CRUELTY BY HUSBAND OR RELATIVES,FALSE,2548
2006,Assam,Assam,State/UT,Dowry Deaths,DOWRY DEATH,FALSE,105
2006,Assam,Assam,State/UT,Immoral Traffic (Prevention) Act,IMMORAL TRAFFIC(PREVENTION)ACT,FALSE,29
2006,Assam,Assam,State/UT,Indecent Representation of Women (Prevention) Act,INDECENT REPRESENTATION OF WOMEN(PREVENTION)ACT,FALSE,0
2006,Assam,Assam,State/UT,Insult to Modesty of Women,INSULT TO THE MODESTY OF WOMEN,FALSE,10
2006,Assam,Assam,State/UT,Kidnapping & Abduction of Women,KIDNAPPING & ABDUCTION,FALSE,1544
2006,Assam,Assam,State/UT,Rape,RAPE,FALSE,1244
2006,Assam,Assam,State/UT,Total Crimes against Women,TOTAL CRIMES AGAINST WOMEN,FALSE,6801
2006,Bihar,Bihar,State/UT,Assault on Women with Intent to Outrage Modesty,ASSAULT ON WOMEN WITH INTENT TO OUTRAGE HER MODESTY,FALSE,530
2006,Bihar,Bihar,State/UT,Cruelty by Husband or Relatives,CRUELTY BY HUSBAND OR RELATIVES,FALSE,1689
2006,Bihar,Bihar,State/UT,Dowry Deaths,DOWRY DEATH,FALSE,1188
2006,Bihar,Bihar,State/UT,Immoral Traffic (Prevention) Act,IMMORAL TRAFFIC(PREVENTION)ACT,FALSE,13
2006,Bihar,Bihar,State/UT,Indecent Representation of Women (Prevention) Act,INDECENT REPRESENTATION OF WOMEN(PREVENTION)ACT,FALSE,0
2006,Bihar,Bihar,State/UT,Insult to Modesty of Women,INSULT TO THE MODESTY OF WOMEN,FALSE,53
2006,Bihar,Bihar,State/UT,Kidnapping & Abduction of Women,KIDNAPPING & ABDUCTION,FALSE,1084
2006,Bihar,Bihar,State/UT,Rape,RAPE,FALSE,1232
2006,Bihar,Bihar,State/UT,Total Crimes against Women,TOTAL CRIMES AGAINST WOMEN,FALSE,6740
2006,Chandigarh,Chandigarh,State/UT,Assault on Women with Intent to Outrage Modesty,ASSAULT ON WOMEN WITH INTENT TO OUTRAGE HER MODESTY,FALSE,20
2006,Chandigarh,Chandigarh,State/UT,Cruelty by Husband or Relatives,CRUELTY BY HUSBAND OR RELATIVES,FALSE,102
2006,Chandigarh,Chandigarh,State/UT,Dowry Deaths,DOWRY DEATH,FALSE,10
2006,Chandigarh,Chandigarh,State/UT,Immoral Traffic (Prevention) Act,IMMORAL TRAFFIC(PREVENTION)ACT,FALSE,3
2006,Chandigarh,Chandigarh,State/UT,Indecent Representation of Women (Prevention) Act,INDECENT REPRESENTATION OF WOMEN(PREVENTION)ACT,FALSE,0
2006,Chandigarh,Chandigarh,State/UT,Insult to Modesty of Women,INSULT TO THE MODESTY OF WOMEN,FALSE,13
2006,Chandigarh,Chandigarh,State/UT,Kidnapping & Abduction of Women,KIDNAPPING & ABDUCTION,FALSE,57
2006,Chandigarh,Chandigarh,State/UT,Rape,RAPE,FALSE,19
2006,Chandigarh,Chandigarh,State/UT,Total Crimes against Women,TOTAL CRIMES AGAINST WOMEN,FALSE,224
2006,Chhattisgarh,Chhattisgarh,State/UT,Assault on Women with Intent to Outrage Modesty,ASSAULT ON WOMEN WITH INTENT TO OUTRAGE HER MODESTY,FALSE,1598
2006,Chhattisgarh,Chhattisgarh,State/UT,Cruelty by Husband or Relatives,CRUELTY BY HUSBAND OR RELATIVES,FALSE,717
2006,Chhattisgarh,Chhattisgarh,State/UT,Dowry Deaths,DOWRY DEATH,FALSE,103
2006,Chhattisgarh,Chhattisgarh,State/UT,Immoral Traffic (Prevention) Act,IMMORAL TRAFFIC(PREVENTION)ACT,FALSE,13
2006,Chhattisgarh,Chhattisgarh,State/UT,Indecent Representation of Women (Prevention) Act,INDECENT REPRESENTATION OF WOMEN(PREVENTION)ACT,FALSE,0
2006,Chhattisgarh,Chhattisgarh,State/UT,Insult to Modesty of Women,INSULT TO THE MODESTY OF WOMEN,FALSE,143
2006,Chhattisgarh,Chhattisgarh,State/UT,Kidnapping & Abduction of Women,KIDNAPPING & ABDUCTION,FALSE,178
2006,Chhattisgarh,Chhattisgarh,State/UT,Rape,RAPE,FALSE,995
2006,Chhattisgarh,Chhattisgarh,State/UT,Total Crimes against Women,TOTAL CRIMES AGAINST WOMEN,FALSE,3757
2006,"Dadra & Nagar Haveli (pre-2020, separate UT)",D&N Haveli,State/UT,Assault on Women with Intent to Outrage Modesty,ASSAULT ON WOMEN WITH INTENT TO OUTRAGE HER MODESTY,FALSE,5
2006,"Dadra & Nagar Haveli (pre-2020, separate UT)",D&N Haveli,State/UT,Cruelty by Husband or Relatives,CRUELTY BY HUSBAND OR RELATIVES,FALSE,5
2006,"Dadra & Nagar Haveli (pre-2020, separate UT)",D&N Haveli,State/UT,Dowry Deaths,DOWRY DEATH,FALSE,1
2006,"Dadra & Nagar Haveli (pre-2020, separate UT)",D&N Haveli,State/UT,Immoral Traffic (Prevention) Act,IMMORAL TRAFFIC(PREVENTION)ACT,FALSE,0
2006,"Dadra & Nagar Haveli (pre-2020, separate UT)",D&N Haveli,State/UT,Indecent Representation of Women (Prevention) Act,INDECENT REPRESENTATION OF WOMEN(PREVENTION)ACT,FALSE,0
2006,"Dadra & Nagar Haveli (pre-2020, separate UT)",D&N Haveli,State/UT,Insult to Modesty of Women,INSULT TO THE MODESTY OF WOMEN,FALSE,1
2006,"Dadra & Nagar Haveli (pre-2020, separate UT)",D&N Haveli,State/UT,Kidnapping & Abduction of Women,KIDNAPPING & ABDUCTION,FALSE,14
2006,"Dadra & Nagar Haveli (pre-2020, separate UT)",D&N Haveli,State/UT,Rape,RAPE,FALSE,6
2006,"Dadra & Nagar Haveli (pre-2020, separate UT)",D&N Haveli,State/UT,Total Crimes against Women,TOTAL CRIMES AGAINST WOMEN,FALSE,32
2006,"Daman & Diu (pre-2020, separate UT)",Daman & Diu,State/UT,Assault on Women with Intent to Outrage Modesty,ASSAULT ON WOMEN WITH INTENT TO OUTRAGE HER MODESTY,FALSE,2
2006,"Daman & Diu (pre-2020, separate UT)",Daman & Diu,State/UT,Cruelty by Husband or Relatives,CRUELTY BY HUSBAND OR RELATIVES,FALSE,2
2006,"Daman & Diu (pre-2020, separate UT)",Daman & Diu,State/UT,Dowry Deaths,DOWRY DEATH,FALSE,0
2006,"Daman & Diu (pre-2020, separate UT)",Daman & Diu,State/UT,Immoral Traffic (Prevention) Act,IMMORAL TRAFFIC(PREVENTION)ACT,FALSE,1
2006,"Daman & Diu (pre-2020, separate UT)",Daman & Diu,State/UT,Indecent Representation of Women (Prevention) Act,INDECENT REPRESENTATION OF WOMEN(PREVENTION)ACT,FALSE,0
2006,"Daman & Diu (pre-2020, separate UT)",Daman & Diu,State/UT,Insult to Modesty of Women,INSULT TO THE MODESTY OF WOMEN,FALSE,0
2006,"Daman & Diu (pre-2020, separate UT)",Daman & Diu,State/UT,Kidnapping & Abduction of Women,KIDNAPPING & ABDUCTION,FALSE,1
2006,"Daman & Diu (pre-2020, separate UT)",Daman & Diu,State/UT,Rape,RAPE,FALSE,3
2006,"Daman & Diu (pre-2020, separate UT)",Daman & Diu,State/UT,Total Crimes against Women,TOTAL CRIMES AGAINST WOMEN,FALSE,9
2006,Delhi,Delhi UT,State/UT,Assault on Women with Intent to Outrage Modesty,ASSAULT ON WOMEN WITH INTENT TO OUTRAGE HER MODESTY,FALSE,718
2006,Delhi,Delhi UT,State/UT,Cruelty by Husband or Relatives,CRUELTY BY HUSBAND OR RELATIVES,FALSE,1728
2006,Delhi,Delhi UT,State/UT,Dowry Deaths,DOWRY DEATH,FALSE,137
2006,Delhi,Delhi UT,State/UT,Immoral Traffic (Prevention) Act,IMMORAL TRAFFIC(PREVENTION)ACT,FALSE,112
2006,Delhi,Delhi UT,State/UT,Indecent Representation of Women (Prevention) Act,INDECENT REPRESENTATION OF WOMEN(PREVENTION)ACT,FALSE,1
2006,Delhi,Delhi UT,State/UT,Insult to Modesty of Women,INSULT TO THE MODESTY OF WOMEN,FALSE,144
2006,Delhi,Delhi UT,State/UT,Kidnapping & Abduction of Women,KIDNAPPING & ABDUCTION,FALSE,1066
2006,Delhi,Delhi UT,State/UT,Rape,RAPE,FALSE,623
2006,Delhi,Delhi UT,State/UT,Total Crimes against Women,TOTAL CRIMES AGAINST WOMEN,FALSE,4544
2006,Goa,Goa,State/UT,Assault on Women with Intent to Outrage Modesty,ASSAULT ON WOMEN WITH INTENT TO OUTRAGE HER MODESTY,FALSE,18
2006,Goa,Goa,State/UT,Cruelty by Husband or Relatives,CRUELTY BY HUSBAND OR RELATIVES,FALSE,14
2006,Goa,Goa,State/UT,Dowry Deaths,DOWRY DEATH,FALSE,0
2006,Goa,Goa,State/UT,Immoral Traffic (Prevention) Act,IMMORAL TRAFFIC(PREVENTION)ACT,FALSE,26
2006,Goa,Goa,State/UT,Indecent Representation of Women (Prevention) Act,INDECENT REPRESENTATION OF WOMEN(PREVENTION)ACT,FALSE,0
2006,Goa,Goa,State/UT,Insult to Modesty of Women,INSULT TO THE MODESTY OF WOMEN,FALSE,7
2006,Goa,Goa,State/UT,Kidnapping & Abduction of Women,KIDNAPPING & ABDUCTION,FALSE,10
2006,Goa,Goa,State/UT,Rape,RAPE,FALSE,21
2006,Goa,Goa,State/UT,Total Crimes against Women,TOTAL CRIMES AGAINST WOMEN,FALSE,96
2006,Gujarat,Gujarat,State/UT,Assault on Women with Intent to Outrage Modesty,ASSAULT ON WOMEN WITH INTENT TO OUTRAGE HER MODESTY,FALSE,736
2006,Gujarat,Gujarat,State/UT,Cruelty by Husband or Relatives,CRUELTY BY HUSBAND OR RELATIVES,FALSE,4977
2006,Gujarat,Gujarat,State/UT,Dowry Deaths,DOWRY DEATH,FALSE,50
2006,Gujarat,Gujarat,State/UT,Immoral Traffic (Prevention) Act,IMMORAL TRAFFIC(PREVENTION)ACT,FALSE,78
2006,Gujarat,Gujarat,State/UT,Indecent Representation of Women (Prevention) Act,INDECENT REPRESENTATION OF WOMEN(PREVENTION)ACT,FALSE,0
2006,Gujarat,Gujarat,State/UT,Insult to Modesty of Women,INSULT TO THE MODESTY OF WOMEN,FALSE,138
2006,Gujarat,Gujarat,State/UT,Kidnapping & Abduction of Women,KIDNAPPING & ABDUCTION,FALSE,945
2006,Gujarat,Gujarat,State/UT,Rape,RAPE,FALSE,354
2006,Gujarat,Gujarat,State/UT,Total Crimes against Women,TOTAL CRIMES AGAINST WOMEN,FALSE,7279
2006,Haryana,Haryana,State/UT,Assault on Women with Intent to Outrage Modesty,ASSAULT ON WOMEN WITH INTENT TO OUTRAGE HER MODESTY,FALSE,486
2006,Haryana,Haryana,State/UT,Cruelty by Husband or Relatives,CRUELTY BY HUSBAND OR RELATIVES,FALSE,2254
2006,Haryana,Haryana,State/UT,Dowry Deaths,DOWRY DEATH,FALSE,255
2006,Haryana,Haryana,State/UT,Immoral Traffic (Prevention) Act,IMMORAL TRAFFIC(PREVENTION)ACT,FALSE,85
2006,Haryana,Haryana,State/UT,Indecent Representation of Women (Prevention) Act,INDECENT REPRESENTATION OF WOMEN(PREVENTION)ACT,FALSE,0
2006,Haryana,Haryana,State/UT,Insult to Modesty of Women,INSULT TO THE MODESTY OF WOMEN,FALSE,491
2006,Haryana,Haryana,State/UT,Kidnapping & Abduction of Women,KIDNAPPING & ABDUCTION,FALSE,431
2006,Haryana,Haryana,State/UT,Rape,RAPE,FALSE,608
2006,Haryana,Haryana,State/UT,Total Crimes against Women,TOTAL CRIMES AGAINST WOMEN,FALSE,4617
2006,Himachal Pradesh,Himachal Pradesh,State/UT,Assault on Women with Intent to Outrage Modesty,ASSAULT ON WOMEN WITH INTENT TO OUTRAGE HER MODESTY,FALSE,275
2006,Himachal Pradesh,Himachal Pradesh,State/UT,Cruelty by Husband or Relatives,CRUELTY BY HUSBAND OR RELATIVES,FALSE,259
2006,Himachal Pradesh,Himachal Pradesh,State/UT,Dowry Deaths,DOWRY DEATH,FALSE,3
2006,Himachal Pradesh,Himachal Pradesh,State/UT,Immoral Traffic (Prevention) Act,IMMORAL TRAFFIC(PREVENTION)ACT,FALSE,0
2006,Himachal Pradesh,Himachal Pradesh,State/UT,Indecent Representation of Women (Prevention) Act,INDECENT REPRESENTATION OF WOMEN(PREVENTION)ACT,FALSE,0
2006,Himachal Pradesh,Himachal Pradesh,State/UT,Insult to Modesty of Women,INSULT TO THE MODESTY OF WOMEN,FALSE,31
2006,Himachal Pradesh,Himachal Pradesh,State/UT,Kidnapping & Abduction of Women,KIDNAPPING & ABDUCTION,FALSE,109
2006,Himachal Pradesh,Himachal Pradesh,State/UT,Rape,RAPE,FALSE,113
2006,Himachal Pradesh,Himachal Pradesh,State/UT,Total Crimes against Women,TOTAL CRIMES AGAINST WOMEN,FALSE,792
2006,Jammu & Kashmir,Jammu & Kashmir,State/UT,Assault on Women with Intent to Outrage Modesty,ASSAULT ON WOMEN WITH INTENT TO OUTRAGE HER MODESTY,FALSE,960
2006,Jammu & Kashmir,Jammu & Kashmir,State/UT,Cruelty by Husband or Relatives,CRUELTY BY HUSBAND OR RELATIVES,FALSE,135
2006,Jammu & Kashmir,Jammu & Kashmir,State/UT,Dowry Deaths,DOWRY DEATH,FALSE,10
2006,Jammu & Kashmir,Jammu & Kashmir,State/UT,Immoral Traffic (Prevention) Act,IMMORAL TRAFFIC(PREVENTION)ACT,FALSE,5
2006,Jammu & Kashmir,Jammu & Kashmir,State/UT,Indecent Representation of Women (Prevention) Act,INDECENT REPRESENTATION OF WOMEN(PREVENTION)ACT,FALSE,0
2006,Jammu & Kashmir,Jammu & Kashmir,State/UT,Insult to Modesty of Women,INSULT TO THE MODESTY OF WOMEN,FALSE,347
2006,Jammu & Kashmir,Jammu & Kashmir,State/UT,Kidnapping & Abduction of Women,KIDNAPPING & ABDUCTION,FALSE,723
2006,Jammu & Kashmir,Jammu & Kashmir,State/UT,Rape,RAPE,FALSE,250
2006,Jammu & Kashmir,Jammu & Kashmir,State/UT,Total Crimes against Women,TOTAL CRIMES AGAINST WOMEN,FALSE,2432
2006,Jharkhand,Jharkhand,State/UT,Assault on Women with Intent to Outrage Modesty,ASSAULT ON WOMEN WITH INTENT TO OUTRAGE HER MODESTY,FALSE,414
2006,Jharkhand,Jharkhand,State/UT,Cruelty by Husband or Relatives,CRUELTY BY HUSBAND OR RELATIVES,FALSE,668
2006,Jharkhand,Jharkhand,State/UT,Dowry Deaths,DOWRY DEATH,FALSE,281
2006,Jharkhand,Jharkhand,State/UT,Immoral Traffic (Prevention) Act,IMMORAL TRAFFIC(PREVENTION)ACT,FALSE,11
2006,Jharkhand,Jharkhand,State/UT,Indecent Representation of Women (Prevention) Act,INDECENT REPRESENTATION OF WOMEN(PREVENTION)ACT,FALSE,2
2006,Jharkhand,Jharkhand,State/UT,Insult to Modesty of Women,INSULT TO THE MODESTY OF WOMEN,FALSE,44
2006,Jharkhand,Jharkhand,State/UT,Kidnapping & Abduction of Women,KIDNAPPING & ABDUCTION,FALSE,410
2006,Jharkhand,Jharkhand,State/UT,Rape,RAPE,FALSE,799
2006,Jharkhand,Jharkhand,State/UT,Total Crimes against Women,TOTAL CRIMES AGAINST WOMEN,FALSE,2979
2006,Karnataka,Karnataka,State/UT,Assault on Women with Intent to Outrage Modesty,ASSAULT ON WOMEN WITH INTENT TO OUTRAGE HER MODESTY,FALSE,1683
2006,Karnataka,Karnataka,State/UT,Cruelty by Husband or Relatives,CRUELTY BY HUSBAND OR RELATIVES,FALSE,2129
2006,Karnataka,Karnataka,State/UT,Dowry Deaths,DOWRY DEATH,FALSE,244
2006,Karnataka,Karnataka,State/UT,Immoral Traffic (Prevention) Act,IMMORAL TRAFFIC(PREVENTION)ACT,FALSE,786
2006,Karnataka,Karnataka,State/UT,Indecent Representation of Women (Prevention) Act,INDECENT REPRESENTATION OF WOMEN(PREVENTION)ACT,FALSE,0
2006,Karnataka,Karnataka,State/UT,Insult to Modesty of Women,INSULT TO THE MODESTY OF WOMEN,FALSE,38
2006,Karnataka,Karnataka,State/UT,Kidnapping & Abduction of Women,KIDNAPPING & ABDUCTION,FALSE,328
2006,Karnataka,Karnataka,State/UT,Rape,RAPE,FALSE,400
2006,Karnataka,Karnataka,State/UT,Total Crimes against Women,TOTAL CRIMES AGAINST WOMEN,FALSE,6084
2006,Kerala,Kerala,State/UT,Assault on Women with Intent to Outrage Modesty,ASSAULT ON WOMEN WITH INTENT TO OUTRAGE HER MODESTY,FALSE,2543
2006,Kerala,Kerala,State/UT,Cruelty by Husband or Relatives,CRUELTY BY HUSBAND OR RELATIVES,FALSE,3708
2006,Kerala,Kerala,State/UT,Dowry Deaths,DOWRY DEATH,FALSE,25
2006,Kerala,Kerala,State/UT,Immoral Traffic (Prevention) Act,IMMORAL TRAFFIC(PREVENTION)ACT,FALSE,189
2006,Kerala,Kerala,State/UT,Indecent Representation of Women (Prevention) Act,INDECENT REPRESENTATION OF WOMEN(PREVENTION)ACT,FALSE,59
2006,Kerala,Kerala,State/UT,Insult to Modesty of Women,INSULT TO THE MODESTY OF WOMEN,FALSE,222
2006,Kerala,Kerala,State/UT,Kidnapping & Abduction of Women,KIDNAPPING & ABDUCTION,FALSE,202
2006,Kerala,Kerala,State/UT,Rape,RAPE,FALSE,601
2006,Kerala,Kerala,State/UT,Total Crimes against Women,TOTAL CRIMES AGAINST WOMEN,FALSE,7554
2006,Lakshadweep,Lakshadweep,State/UT,Assault on Women with Intent to Outrage Modesty,ASSAULT ON WOMEN WITH INTENT TO OUTRAGE HER MODESTY,FALSE,0
2006,Lakshadweep,Lakshadweep,State/UT,Cruelty by Husband or Relatives,CRUELTY BY HUSBAND OR RELATIVES,FALSE,1
2006,Lakshadweep,Lakshadweep,State/UT,Dowry Deaths,DOWRY DEATH,FALSE,0
2006,Lakshadweep,Lakshadweep,State/UT,Immoral Traffic (Prevention) Act,IMMORAL TRAFFIC(PREVENTION)ACT,FALSE,0
2006,Lakshadweep,Lakshadweep,State/UT,Indecent Representation of Women (Prevention) Act,INDECENT REPRESENTATION OF WOMEN(PREVENTION)ACT,FALSE,0
2006,Lakshadweep,Lakshadweep,State/UT,Insult to Modesty of Women,INSULT TO THE MODESTY OF WOMEN,FALSE,0
2006,Lakshadweep,Lakshadweep,State/UT,Kidnapping & Abduction of Women,KIDNAPPING & ABDUCTION,FALSE,0
2006,Lakshadweep,Lakshadweep,State/UT,Rape,RAPE,FALSE,0
2006,Lakshadweep,Lakshadweep,State/UT,Total Crimes against Women,TOTAL CRIMES AGAINST WOMEN,FALSE,1
2006,Madhya Pradesh,Madhya Pradesh,State/UT,Assault on Women with Intent to Outrage Modesty,ASSAULT ON WOMEN WITH INTENT TO OUTRAGE HER MODESTY,FALSE,6243
2006,Madhya Pradesh,Madhya Pradesh,State/UT,Cruelty by Husband or Relatives,CRUELTY BY HUSBAND OR RELATIVES,FALSE,2989
2006,Madhya Pradesh,Madhya Pradesh,State/UT,Dowry Deaths,DOWRY DEATH,FALSE,764
2006,Madhya Pradesh,Madhya Pradesh,State/UT,Immoral Traffic (Prevention) Act,IMMORAL TRAFFIC(PREVENTION)ACT,FALSE,12
2006,Madhya Pradesh,Madhya Pradesh,State/UT,Indecent Representation of Women (Prevention) Act,INDECENT REPRESENTATION OF WOMEN(PREVENTION)ACT,FALSE,2
2006,Madhya Pradesh,Madhya Pradesh,State/UT,Insult to Modesty of Women,INSULT TO THE MODESTY OF WOMEN,FALSE,762
2006,Madhya Pradesh,Madhya Pradesh,State/UT,Kidnapping & Abduction of Women,KIDNAPPING & ABDUCTION,FALSE,617
2006,Madhya Pradesh,Madhya Pradesh,State/UT,Rape,RAPE,FALSE,2900
2006,Madhya Pradesh,Madhya Pradesh,State/UT,Total Crimes against Women,TOTAL CRIMES AGAINST WOMEN,FALSE,14321
2006,Maharashtra,Maharashtra,State/UT,Assault on Women with Intent to Outrage Modesty,ASSAULT ON WOMEN WITH INTENT TO OUTRAGE HER MODESTY,FALSE,3479
2006,Maharashtra,Maharashtra,State/UT,Cruelty by Husband or Relatives,CRUELTY BY HUSBAND OR RELATIVES,FALSE,6738
2006,Maharashtra,Maharashtra,State/UT,Dowry Deaths,DOWRY DEATH,FALSE,387
2006,Maharashtra,Maharashtra,State/UT,Immoral Traffic (Prevention) Act,IMMORAL TRAFFIC(PREVENTION)ACT,FALSE,378
2006,Maharashtra,Maharashtra,State/UT,Indecent Representation of Women (Prevention) Act,INDECENT REPRESENTATION OF WOMEN(PREVENTION)ACT,FALSE,9
2006,Maharashtra,Maharashtra,State/UT,Insult to Modesty of Women,INSULT TO THE MODESTY OF WOMEN,FALSE,984
2006,Maharashtra,Maharashtra,State/UT,Kidnapping & Abduction of Women,KIDNAPPING & ABDUCTION,FALSE,921
2006,Maharashtra,Maharashtra,State/UT,Rape,RAPE,FALSE,1500
2006,Maharashtra,Maharashtra,State/UT,Total Crimes against Women,TOTAL CRIMES AGAINST WOMEN,FALSE,14452
2006,Manipur,Manipur,State/UT,Assault on Women with Intent to Outrage Modesty,ASSAULT ON WOMEN WITH INTENT TO OUTRAGE HER MODESTY,FALSE,42
2006,Manipur,Manipur,State/UT,Cruelty by Husband or Relatives,CRUELTY BY HUSBAND OR RELATIVES,FALSE,10
2006,Manipur,Manipur,State/UT,Dowry Deaths,DOWRY DEATH,FALSE,0
2006,Manipur,Manipur,State/UT,Immoral Traffic (Prevention) Act,IMMORAL TRAFFIC(PREVENTION)ACT,FALSE,0
2006,Manipur,Manipur,State/UT,Indecent Representation of Women (Prevention) Act,INDECENT REPRESENTATION OF WOMEN(PREVENTION)ACT,FALSE,0
2006,Manipur,Manipur,State/UT,Insult to Modesty of Women,INSULT TO THE MODESTY OF WOMEN,FALSE,0
2006,Manipur,Manipur,State/UT,Kidnapping & Abduction of Women,KIDNAPPING & ABDUCTION,FALSE,79
2006,Manipur,Manipur,State/UT,Rape,RAPE,FALSE,40
2006,Manipur,Manipur,State/UT,Total Crimes against Women,TOTAL CRIMES AGAINST WOMEN,FALSE,171
2006,Meghalaya,Meghalaya,State/UT,Assault on Women with Intent to Outrage Modesty,ASSAULT ON WOMEN WITH INTENT TO OUTRAGE HER MODESTY,FALSE,57
2006,Meghalaya,Meghalaya,State/UT,Cruelty by Husband or Relatives,CRUELTY BY HUSBAND OR RELATIVES,FALSE,13
2006,Meghalaya,Meghalaya,State/UT,Dowry Deaths,DOWRY DEATH,FALSE,6
2006,Meghalaya,Meghalaya,State/UT,Immoral Traffic (Prevention) Act,IMMORAL TRAFFIC(PREVENTION)ACT,FALSE,1
2006,Meghalaya,Meghalaya,State/UT,Indecent Representation of Women (Prevention) Act,INDECENT REPRESENTATION OF WOMEN(PREVENTION)ACT,FALSE,0
2006,Meghalaya,Meghalaya,State/UT,Insult to Modesty of Women,INSULT TO THE MODESTY OF WOMEN,FALSE,0
2006,Meghalaya,Meghalaya,State/UT,Kidnapping & Abduction of Women,KIDNAPPING & ABDUCTION,FALSE,25
2006,Meghalaya,Meghalaya,State/UT,Rape,RAPE,FALSE,74
2006,Meghalaya,Meghalaya,State/UT,Total Crimes against Women,TOTAL CRIMES AGAINST WOMEN,FALSE,176
2006,Mizoram,Mizoram,State/UT,Assault on Women with Intent to Outrage Modesty,ASSAULT ON WOMEN WITH INTENT TO OUTRAGE HER MODESTY,FALSE,51
2006,Mizoram,Mizoram,State/UT,Cruelty by Husband or Relatives,CRUELTY BY HUSBAND OR RELATIVES,FALSE,1
2006,Mizoram,Mizoram,State/UT,Dowry Deaths,DOWRY DEATH,FALSE,0
2006,Mizoram,Mizoram,State/UT,Immoral Traffic (Prevention) Act,IMMORAL TRAFFIC(PREVENTION)ACT,FALSE,0
2006,Mizoram,Mizoram,State/UT,Indecent Representation of Women (Prevention) Act,INDECENT REPRESENTATION OF WOMEN(PREVENTION)ACT,FALSE,0
2006,Mizoram,Mizoram,State/UT,Insult to Modesty of Women,INSULT TO THE MODESTY OF WOMEN,FALSE,0
2006,Mizoram,Mizoram,State/UT,Kidnapping & Abduction of Women,KIDNAPPING & ABDUCTION,FALSE,1
2006,Mizoram,Mizoram,State/UT,Rape,RAPE,FALSE,72
2006,Mizoram,Mizoram,State/UT,Total Crimes against Women,TOTAL CRIMES AGAINST WOMEN,FALSE,125
2006,Nagaland,Nagaland,State/UT,Assault on Women with Intent to Outrage Modesty,ASSAULT ON WOMEN WITH INTENT TO OUTRAGE HER MODESTY,FALSE,3
2006,Nagaland,Nagaland,State/UT,Cruelty by Husband or Relatives,CRUELTY BY HUSBAND OR RELATIVES,FALSE,3
2006,Nagaland,Nagaland,State/UT,Dowry Deaths,DOWRY DEATH,FALSE,0
2006,Nagaland,Nagaland,State/UT,Immoral Traffic (Prevention) Act,IMMORAL TRAFFIC(PREVENTION)ACT,FALSE,9
2006,Nagaland,Nagaland,State/UT,Indecent Representation of Women (Prevention) Act,INDECENT REPRESENTATION OF WOMEN(PREVENTION)ACT,FALSE,0
2006,Nagaland,Nagaland,State/UT,Insult to Modesty of Women,INSULT TO THE MODESTY OF WOMEN,FALSE,2
2006,Nagaland,Nagaland,State/UT,Kidnapping & Abduction of Women,KIDNAPPING & ABDUCTION,FALSE,3
2006,Nagaland,Nagaland,State/UT,Rape,RAPE,FALSE,23
2006,Nagaland,Nagaland,State/UT,Total Crimes against Women,TOTAL CRIMES AGAINST WOMEN,FALSE,43
2006,Odisha,Odisha,State/UT,Assault on Women with Intent to Outrage Modesty,ASSAULT ON WOMEN WITH INTENT TO OUTRAGE HER MODESTY,FALSE,2415
2006,Odisha,Odisha,State/UT,Cruelty by Husband or Relatives,CRUELTY BY HUSBAND OR RELATIVES,FALSE,694
2006,Odisha,Odisha,State/UT,Dowry Deaths,DOWRY DEATH,FALSE,457
2006,Odisha,Odisha,State/UT,Immoral Traffic (Prevention) Act,IMMORAL TRAFFIC(PREVENTION)ACT,FALSE,44
2006,Odisha,Odisha,State/UT,Indecent Representation of Women (Prevention) Act,INDECENT REPRESENTATION OF WOMEN(PREVENTION)ACT,FALSE,0
2006,Odisha,Odisha,State/UT,Insult to Modesty of Women,INSULT TO THE MODESTY OF WOMEN,FALSE,247
2006,Odisha,Odisha,State/UT,Kidnapping & Abduction of Women,KIDNAPPING & ABDUCTION,FALSE,577
2006,Odisha,Odisha,State/UT,Rape,RAPE,FALSE,985
2006,Odisha,Odisha,State/UT,Total Crimes against Women,TOTAL CRIMES AGAINST WOMEN,FALSE,6825
2006,Puducherry,Puducherry,State/UT,Assault on Women with Intent to Outrage Modesty,ASSAULT ON WOMEN WITH INTENT TO OUTRAGE HER MODESTY,FALSE,56
2006,Puducherry,Puducherry,State/UT,Cruelty by Husband or Relatives,CRUELTY BY HUSBAND OR RELATIVES,FALSE,19
2006,Puducherry,Puducherry,State/UT,Dowry Deaths,DOWRY DEATH,FALSE,3
2006,Puducherry,Puducherry,State/UT,Immoral Traffic (Prevention) Act,IMMORAL TRAFFIC(PREVENTION)ACT,FALSE,8
2006,Puducherry,Puducherry,State/UT,Indecent Representation of Women (Prevention) Act,INDECENT REPRESENTATION OF WOMEN(PREVENTION)ACT,FALSE,0
2006,Puducherry,Puducherry,State/UT,Insult to Modesty of Women,INSULT TO THE MODESTY OF WOMEN,FALSE,39
2006,Puducherry,Puducherry,State/UT,Kidnapping & Abduction of Women,KIDNAPPING & ABDUCTION,FALSE,13
2006,Puducherry,Puducherry,State/UT,Rape,RAPE,FALSE,9
2006,Puducherry,Puducherry,State/UT,Total Crimes against Women,TOTAL CRIMES AGAINST WOMEN,FALSE,149
2006,Punjab,Punjab,State/UT,Assault on Women with Intent to Outrage Modesty,ASSAULT ON WOMEN WITH INTENT TO OUTRAGE HER MODESTY,FALSE,314
2006,Punjab,Punjab,State/UT,Cruelty by Husband or Relatives,CRUELTY BY HUSBAND OR RELATIVES,FALSE,801
2006,Punjab,Punjab,State/UT,Dowry Deaths,DOWRY DEATH,FALSE,130
2006,Punjab,Punjab,State/UT,Immoral Traffic (Prevention) Act,IMMORAL TRAFFIC(PREVENTION)ACT,FALSE,67
2006,Punjab,Punjab,State/UT,Indecent Representation of Women (Prevention) Act,INDECENT REPRESENTATION OF WOMEN(PREVENTION)ACT,FALSE,1
2006,Punjab,Punjab,State/UT,Insult to Modesty of Women,INSULT TO THE MODESTY OF WOMEN,FALSE,60
2006,Punjab,Punjab,State/UT,Kidnapping & Abduction of Women,KIDNAPPING & ABDUCTION,FALSE,418
2006,Punjab,Punjab,State/UT,Rape,RAPE,FALSE,442
2006,Punjab,Punjab,State/UT,Total Crimes against Women,TOTAL CRIMES AGAINST WOMEN,FALSE,2242
2006,Rajasthan,Rajasthan,State/UT,Assault on Women with Intent to Outrage Modesty,ASSAULT ON WOMEN WITH INTENT TO OUTRAGE HER MODESTY,FALSE,2582
2006,Rajasthan,Rajasthan,State/UT,Cruelty by Husband or Relatives,CRUELTY BY HUSBAND OR RELATIVES,FALSE,7038
2006,Rajasthan,Rajasthan,State/UT,Dowry Deaths,DOWRY DEATH,FALSE,394
2006,Rajasthan,Rajasthan,State/UT,Immoral Traffic (Prevention) Act,IMMORAL TRAFFIC(PREVENTION)ACT,FALSE,143
2006,Rajasthan,Rajasthan,State/UT,Indecent Representation of Women (Prevention) Act,INDECENT REPRESENTATION OF WOMEN(PREVENTION)ACT,FALSE,102
2006,Rajasthan,Rajasthan,State/UT,Insult to Modesty of Women,INSULT TO THE MODESTY OF WOMEN,FALSE,31
2006,Rajasthan,Rajasthan,State/UT,Kidnapping & Abduction of Women,KIDNAPPING & ABDUCTION,FALSE,1553
2006,Rajasthan,Rajasthan,State/UT,Rape,RAPE,FALSE,1085
2006,Rajasthan,Rajasthan,State/UT,Total Crimes against Women,TOTAL CRIMES AGAINST WOMEN,FALSE,12934
2006,Sikkim,Sikkim,State/UT,Assault on Women with Intent to Outrage Modesty,ASSAULT ON WOMEN WITH INTENT TO OUTRAGE HER MODESTY,FALSE,14
2006,Sikkim,Sikkim,State/UT,Cruelty by Husband or Relatives,CRUELTY BY HUSBAND OR RELATIVES,FALSE,6
2006,Sikkim,Sikkim,State/UT,Dowry Deaths,DOWRY DEATH,FALSE,0
2006,Sikkim,Sikkim,State/UT,Immoral Traffic (Prevention) Act,IMMORAL TRAFFIC(PREVENTION)ACT,FALSE,0
2006,Sikkim,Sikkim,State/UT,Indecent Representation of Women (Prevention) Act,INDECENT REPRESENTATION OF WOMEN(PREVENTION)ACT,FALSE,0
2006,Sikkim,Sikkim,State/UT,Insult to Modesty of Women,INSULT TO THE MODESTY OF WOMEN,FALSE,0
2006,Sikkim,Sikkim,State/UT,Kidnapping & Abduction of Women,KIDNAPPING & ABDUCTION,FALSE,7
2006,Sikkim,Sikkim,State/UT,Rape,RAPE,FALSE,20
2006,Sikkim,Sikkim,State/UT,Total Crimes against Women,TOTAL CRIMES AGAINST WOMEN,FALSE,47
2006,Tamil Nadu,Tamil Nadu,State/UT,Assault on Women with Intent to Outrage Modesty,ASSAULT ON WOMEN WITH INTENT TO OUTRAGE HER MODESTY,FALSE,1179
2006,Tamil Nadu,Tamil Nadu,State/UT,Cruelty by Husband or Relatives,CRUELTY BY HUSBAND OR RELATIVES,FALSE,1248
2006,Tamil Nadu,Tamil Nadu,State/UT,Dowry Deaths,DOWRY DEATH,FALSE,187
2006,Tamil Nadu,Tamil Nadu,State/UT,Immoral Traffic (Prevention) Act,IMMORAL TRAFFIC(PREVENTION)ACT,FALSE,1732
2006,Tamil Nadu,Tamil Nadu,State/UT,Indecent Representation of Women (Prevention) Act,INDECENT REPRESENTATION OF WOMEN(PREVENTION)ACT,FALSE,35
2006,Tamil Nadu,Tamil Nadu,State/UT,Insult to Modesty of Women,INSULT TO THE MODESTY OF WOMEN,FALSE,852
2006,Tamil Nadu,Tamil Nadu,State/UT,Kidnapping & Abduction of Women,KIDNAPPING & ABDUCTION,FALSE,718
2006,Tamil Nadu,Tamil Nadu,State/UT,Rape,RAPE,FALSE,457
2006,Tamil Nadu,Tamil Nadu,State/UT,Total Crimes against Women,TOTAL CRIMES AGAINST WOMEN,FALSE,6489
2006,Tripura,Tripura,State/UT,Assault on Women with Intent to Outrage Modesty,ASSAULT ON WOMEN WITH INTENT TO OUTRAGE HER MODESTY,FALSE,207
2006,Tripura,Tripura,State/UT,Cruelty by Husband or Relatives,CRUELTY BY HUSBAND OR RELATIVES,FALSE,471
2006,Tripura,Tripura,State/UT,Dowry Deaths,DOWRY DEATH,FALSE,35
2006,Tripura,Tripura,State/UT,Immoral Traffic (Prevention) Act,IMMORAL TRAFFIC(PREVENTION)ACT,FALSE,0
2006,Tripura,Tripura,State/UT,Indecent Representation of Women (Prevention) Act,INDECENT REPRESENTATION OF WOMEN(PREVENTION)ACT,FALSE,0
2006,Tripura,Tripura,State/UT,Insult to Modesty of Women,INSULT TO THE MODESTY OF WOMEN,FALSE,0
2006,Tripura,Tripura,State/UT,Kidnapping & Abduction of Women,KIDNAPPING & ABDUCTION,FALSE,62
2006,Tripura,Tripura,State/UT,Rape,RAPE,FALSE,189
2006,Tripura,Tripura,State/UT,Total Crimes against Women,TOTAL CRIMES AGAINST WOMEN,FALSE,964
2006,Uttar Pradesh,Uttar Pradesh,State/UT,Assault on Women with Intent to Outrage Modesty,ASSAULT ON WOMEN WITH INTENT TO OUTRAGE HER MODESTY,FALSE,2096
2006,Uttar Pradesh,Uttar Pradesh,State/UT,Cruelty by Husband or Relatives,CRUELTY BY HUSBAND OR RELATIVES,FALSE,5204
2006,Uttar Pradesh,Uttar Pradesh,State/UT,Dowry Deaths,DOWRY DEATH,FALSE,1798
2006,Uttar Pradesh,Uttar Pradesh,State/UT,Immoral Traffic (Prevention) Act,IMMORAL TRAFFIC(PREVENTION)ACT,FALSE,70
2006,Uttar Pradesh,Uttar Pradesh,State/UT,Indecent Representation of Women (Prevention) Act,INDECENT REPRESENTATION OF WOMEN(PREVENTION)ACT,FALSE,0
2006,Uttar Pradesh,Uttar Pradesh,State/UT,Insult to Modesty of Women,INSULT TO THE MODESTY OF WOMEN,FALSE,2714
2006,Uttar Pradesh,Uttar Pradesh,State/UT,Kidnapping & Abduction of Women,KIDNAPPING & ABDUCTION,FALSE,2551
2006,Uttar Pradesh,Uttar Pradesh,State/UT,Rape,RAPE,FALSE,1314
2006,Uttar Pradesh,Uttar Pradesh,State/UT,Total Crimes against Women,TOTAL CRIMES AGAINST WOMEN,FALSE,16375
2006,Uttarakhand,Uttarakhand,State/UT,Assault on Women with Intent to Outrage Modesty,ASSAULT ON WOMEN WITH INTENT TO OUTRAGE HER MODESTY,FALSE,153
2006,Uttarakhand,Uttarakhand,State/UT,Cruelty by Husband or Relatives,CRUELTY BY HUSBAND OR RELATIVES,FALSE,358
2006,Uttarakhand,Uttarakhand,State/UT,Dowry Deaths,DOWRY DEATH,FALSE,80
2006,Uttarakhand,Uttarakhand,State/UT,Immoral Traffic (Prevention) Act,IMMORAL TRAFFIC(PREVENTION)ACT,FALSE,3
2006,Uttarakhand,Uttarakhand,State/UT,Indecent Representation of Women (Prevention) Act,INDECENT REPRESENTATION OF WOMEN(PREVENTION)ACT,FALSE,0
2006,Uttarakhand,Uttarakhand,State/UT,Insult to Modesty of Women,INSULT TO THE MODESTY OF WOMEN,FALSE,113
2006,Uttarakhand,Uttarakhand,State/UT,Kidnapping & Abduction of Women,KIDNAPPING & ABDUCTION,FALSE,183
2006,Uttarakhand,Uttarakhand,State/UT,Rape,RAPE,FALSE,147
2006,Uttarakhand,Uttarakhand,State/UT,Total Crimes against Women,TOTAL CRIMES AGAINST WOMEN,FALSE,1038
2006,West Bengal,West Bengal,State/UT,Assault on Women with Intent to Outrage Modesty,ASSAULT ON WOMEN WITH INTENT TO OUTRAGE HER MODESTY,FALSE,1837
2006,West Bengal,West Bengal,State/UT,Cruelty by Husband or Relatives,CRUELTY BY HUSBAND OR RELATIVES,FALSE,7414
2006,West Bengal,West Bengal,State/UT,Dowry Deaths,DOWRY DEATH,FALSE,445
2006,West Bengal,West Bengal,State/UT,Immoral Traffic (Prevention) Act,IMMORAL TRAFFIC(PREVENTION)ACT,FALSE,66
2006,West Bengal,West Bengal,State/UT,Indecent Representation of Women (Prevention) Act,INDECENT REPRESENTATION OF WOMEN(PREVENTION)ACT,FALSE,4
2006,West Bengal,West Bengal,State/UT,Insult to Modesty of Women,INSULT TO THE MODESTY OF WOMEN,FALSE,63
2006,West Bengal,West Bengal,State/UT,Kidnapping & Abduction of Women,KIDNAPPING & ABDUCTION,FALSE,1199
2006,West Bengal,West Bengal,State/UT,Rape,RAPE,FALSE,1731
2006,West Bengal,West Bengal,State/UT,Total Crimes against Women,TOTAL CRIMES AGAINST WOMEN,FALSE,12785
2007,All India (Total),All India,Aggregate,Assault on Women with Intent to Outrage Modesty,ASSAULT ON WOMEN WITH INTENT TO OUTRAGE HER MODESTY,FALSE,38734
2007,All India (Total),All India,Aggregate,Cruelty by Husband or Relatives,CRUELTY BY HUSBAND OR RELATIVES,FALSE,75930
2007,All India (Total),ALL INDIA,Aggregate,Dowry Deaths,DOWRY DEATH,FALSE,8093
2007,All India (Total),All India,Aggregate,Immoral Traffic (Prevention) Act,IMMORAL TRAFFIC(PREVENTION)ACT,FALSE,3568
2007,All India (Total),All India,Aggregate,Indecent Representation of Women (Prevention) Act,INDECENT REPRESENTATION OF WOMEN(PREVENTION)ACT,FALSE,1200
2007,All India (Total),All India,Aggregate,Insult to Modesty of Women,INSULT TO THE MODESTY OF WOMEN,FALSE,10950
2007,All India (Total),ALL INDIA K&A,Aggregate,Kidnapping & Abduction of Women,KIDNAPPING & ABDUCTION,FALSE,20416
2007,All India (Total),All India,Aggregate,Rape,RAPE,FALSE,20737
2007,All India (Total),TOTAL Crime against Women,Aggregate,Total Crimes against Women,TOTAL CRIMES AGAINST WOMEN,FALSE,185312
2007,Andaman & Nicobar Islands,A&N Islands,State/UT,Assault on Women with Intent to Outrage Modesty,ASSAULT ON WOMEN WITH INTENT TO OUTRAGE HER MODESTY,FALSE,21
2007,Andaman & Nicobar Islands,A&N Islands,State/UT,Cruelty by Husband or Relatives,CRUELTY BY HUSBAND OR RELATIVES,FALSE,18
2007,Andaman & Nicobar Islands,A&N Islands,State/UT,Dowry Deaths,DOWRY DEATH,FALSE,1
2007,Andaman & Nicobar Islands,A&N Islands,State/UT,Immoral Traffic (Prevention) Act,IMMORAL TRAFFIC(PREVENTION)ACT,FALSE,1
2007,Andaman & Nicobar Islands,A&N Islands,State/UT,Indecent Representation of Women (Prevention) Act,INDECENT REPRESENTATION OF WOMEN(PREVENTION)ACT,FALSE,0
2007,Andaman & Nicobar Islands,A&N Islands,State/UT,Insult to Modesty of Women,INSULT TO THE MODESTY OF WOMEN,FALSE,2
2007,Andaman & Nicobar Islands,A&N Islands,State/UT,Kidnapping & Abduction of Women,KIDNAPPING & ABDUCTION,FALSE,9
2007,Andaman & Nicobar Islands,A&N Islands,State/UT,Rape,RAPE,FALSE,3
2007,Andaman & Nicobar Islands,A&N Islands,State/UT,Total Crimes against Women,TOTAL CRIMES AGAINST WOMEN,FALSE,56
2007,Andhra Pradesh,Andhra Pradesh,State/UT,Assault on Women with Intent to Outrage Modesty,ASSAULT ON WOMEN WITH INTENT TO OUTRAGE HER MODESTY,FALSE,4406
2007,Andhra Pradesh,Andhra Pradesh,State/UT,Cruelty by Husband or Relatives,CRUELTY BY HUSBAND OR RELATIVES,FALSE,11335
2007,Andhra Pradesh,Andhra Pradesh,State/UT,Dowry Deaths,DOWRY DEATH,FALSE,613
2007,Andhra Pradesh,Andhra Pradesh,State/UT,Immoral Traffic (Prevention) Act,IMMORAL TRAFFIC(PREVENTION)ACT,FALSE,612
2007,Andhra Pradesh,Andhra Pradesh,State/UT,Indecent Representation of Women (Prevention) Act,INDECENT REPRESENTATION OF WOMEN(PREVENTION)ACT,FALSE,1005
2007,Andhra Pradesh,Andhra Pradesh,State/UT,Insult to Modesty of Women,INSULT TO THE MODESTY OF WOMEN,FALSE,3316
2007,Andhra Pradesh,Andhra Pradesh,State/UT,Kidnapping & Abduction of Women,KIDNAPPING & ABDUCTION,FALSE,1564
2007,Andhra Pradesh,Andhra Pradesh,State/UT,Rape,RAPE,FALSE,1070
2007,Andhra Pradesh,Andhra Pradesh,State/UT,Total Crimes against Women,TOTAL CRIMES AGAINST WOMEN,FALSE,24738
2007,Arunachal Pradesh,Arunachal Pradesh,State/UT,Assault on Women with Intent to Outrage Modesty,ASSAULT ON WOMEN WITH INTENT TO OUTRAGE HER MODESTY,FALSE,72
2007,Arunachal Pradesh,Arunachal Pradesh,State/UT,Cruelty by Husband or Relatives,CRUELTY BY HUSBAND OR RELATIVES,FALSE,20
2007,Arunachal Pradesh,Arunachal Pradesh,State/UT,Dowry Deaths,DOWRY DEATH,FALSE,0
2007,Arunachal Pradesh,Arunachal Pradesh,State/UT,Immoral Traffic (Prevention) Act,IMMORAL TRAFFIC(PREVENTION)ACT,FALSE,0
2007,Arunachal Pradesh,Arunachal Pradesh,State/UT,Indecent Representation of Women (Prevention) Act,INDECENT REPRESENTATION OF WOMEN(PREVENTION)ACT,FALSE,0
2007,Arunachal Pradesh,Arunachal Pradesh,State/UT,Insult to Modesty of Women,INSULT TO THE MODESTY OF WOMEN,FALSE,1
2007,Arunachal Pradesh,Arunachal Pradesh,State/UT,Kidnapping & Abduction of Women,KIDNAPPING & ABDUCTION,FALSE,44
2007,Arunachal Pradesh,Arunachal Pradesh,State/UT,Rape,RAPE,FALSE,48
2007,Arunachal Pradesh,Arunachal Pradesh,State/UT,Total Crimes against Women,TOTAL CRIMES AGAINST WOMEN,FALSE,185
2007,Assam,Assam,State/UT,Assault on Women with Intent to Outrage Modesty,ASSAULT ON WOMEN WITH INTENT TO OUTRAGE HER MODESTY,FALSE,789
2007,Assam,Assam,State/UT,Cruelty by Husband or Relatives,CRUELTY BY HUSBAND OR RELATIVES,FALSE,3000
2007,Assam,Assam,State/UT,Dowry Deaths,DOWRY DEATH,FALSE,100
2007,Assam,Assam,State/UT,Immoral Traffic (Prevention) Act,IMMORAL TRAFFIC(PREVENTION)ACT,FALSE,21
2007,Assam,Assam,State/UT,Indecent Representation of Women (Prevention) Act,INDECENT REPRESENTATION OF WOMEN(PREVENTION)ACT,FALSE,0
2007,Assam,Assam,State/UT,Insult to Modesty of Women,INSULT TO THE MODESTY OF WOMEN,FALSE,10
2007,Assam,Assam,State/UT,Kidnapping & Abduction of Women,KIDNAPPING & ABDUCTION,FALSE,1471
2007,Assam,Assam,State/UT,Rape,RAPE,FALSE,1437
2007,Assam,Assam,State/UT,Total Crimes against Women,TOTAL CRIMES AGAINST WOMEN,FALSE,6844
2007,Bihar,Bihar,State/UT,Assault on Women with Intent to Outrage Modesty,ASSAULT ON WOMEN WITH INTENT TO OUTRAGE HER MODESTY,FALSE,853
2007,Bihar,Bihar,State/UT,Cruelty by Husband or Relatives,CRUELTY BY HUSBAND OR RELATIVES,FALSE,1635
2007,Bihar,Bihar,State/UT,Dowry Deaths,DOWRY DEATH,FALSE,1172
2007,Bihar,Bihar,State/UT,Immoral Traffic (Prevention) Act,IMMORAL TRAFFIC(PREVENTION)ACT,FALSE,27
2007,Bihar,Bihar,State/UT,Indecent Representation of Women (Prevention) Act,INDECENT REPRESENTATION OF WOMEN(PREVENTION)ACT,FALSE,0
2007,Bihar,Bihar,State/UT,Insult to Modesty of Women,INSULT TO THE MODESTY OF WOMEN,FALSE,12
2007,Bihar,Bihar,State/UT,Kidnapping & Abduction of Women,KIDNAPPING & ABDUCTION,FALSE,1260
2007,Bihar,Bihar,State/UT,Rape,RAPE,FALSE,1555
2007,Bihar,Bihar,State/UT,Total Crimes against Women,TOTAL CRIMES AGAINST WOMEN,FALSE,7548
2007,Chandigarh,Chandigarh,State/UT,Assault on Women with Intent to Outrage Modesty,ASSAULT ON WOMEN WITH INTENT TO OUTRAGE HER MODESTY,FALSE,32
2007,Chandigarh,Chandigarh,State/UT,Cruelty by Husband or Relatives,CRUELTY BY HUSBAND OR RELATIVES,FALSE,112
2007,Chandigarh,Chandigarh,State/UT,Dowry Deaths,DOWRY DEATH,FALSE,1
2007,Chandigarh,Chandigarh,State/UT,Immoral Traffic (Prevention) Act,IMMORAL TRAFFIC(PREVENTION)ACT,FALSE,5
2007,Chandigarh,Chandigarh,State/UT,Indecent Representation of Women (Prevention) Act,INDECENT REPRESENTATION OF WOMEN(PREVENTION)ACT,FALSE,1
2007,Chandigarh,Chandigarh,State/UT,Insult to Modesty of Women,INSULT TO THE MODESTY OF WOMEN,FALSE,11
2007,Chandigarh,Chandigarh,State/UT,Kidnapping & Abduction of Women,KIDNAPPING & ABDUCTION,FALSE,46
2007,Chandigarh,Chandigarh,State/UT,Rape,RAPE,FALSE,22
2007,Chandigarh,Chandigarh,State/UT,Total Crimes against Women,TOTAL CRIMES AGAINST WOMEN,FALSE,230
2007,Chhattisgarh,Chhattisgarh,State/UT,Assault on Women with Intent to Outrage Modesty,ASSAULT ON WOMEN WITH INTENT TO OUTRAGE HER MODESTY,FALSE,1549
2007,Chhattisgarh,Chhattisgarh,State/UT,Cruelty by Husband or Relatives,CRUELTY BY HUSBAND OR RELATIVES,FALSE,824
2007,Chhattisgarh,Chhattisgarh,State/UT,Dowry Deaths,DOWRY DEATH,FALSE,100
2007,Chhattisgarh,Chhattisgarh,State/UT,Immoral Traffic (Prevention) Act,IMMORAL TRAFFIC(PREVENTION)ACT,FALSE,14
2007,Chhattisgarh,Chhattisgarh,State/UT,Indecent Representation of Women (Prevention) Act,INDECENT REPRESENTATION OF WOMEN(PREVENTION)ACT,FALSE,0
2007,Chhattisgarh,Chhattisgarh,State/UT,Insult to Modesty of Women,INSULT TO THE MODESTY OF WOMEN,FALSE,111
2007,Chhattisgarh,Chhattisgarh,State/UT,Kidnapping & Abduction of Women,KIDNAPPING & ABDUCTION,FALSE,181
2007,Chhattisgarh,Chhattisgarh,State/UT,Rape,RAPE,FALSE,982
2007,Chhattisgarh,Chhattisgarh,State/UT,Total Crimes against Women,TOTAL CRIMES AGAINST WOMEN,FALSE,3775
2007,"Dadra & Nagar Haveli (pre-2020, separate UT)",D&N Haveli,State/UT,Assault on Women with Intent to Outrage Modesty,ASSAULT ON WOMEN WITH INTENT TO OUTRAGE HER MODESTY,FALSE,0
2007,"Dadra & Nagar Haveli (pre-2020, separate UT)",D&N Haveli,State/UT,Cruelty by Husband or Relatives,CRUELTY BY HUSBAND OR RELATIVES,FALSE,3
2007,"Dadra & Nagar Haveli (pre-2020, separate UT)",D&N Haveli,State/UT,Dowry Deaths,DOWRY DEATH,FALSE,0
2007,"Dadra & Nagar Haveli (pre-2020, separate UT)",D&N Haveli,State/UT,Immoral Traffic (Prevention) Act,IMMORAL TRAFFIC(PREVENTION)ACT,FALSE,2
2007,"Dadra & Nagar Haveli (pre-2020, separate UT)",D&N Haveli,State/UT,Indecent Representation of Women (Prevention) Act,INDECENT REPRESENTATION OF WOMEN(PREVENTION)ACT,FALSE,0
2007,"Dadra & Nagar Haveli (pre-2020, separate UT)",D&N Haveli,State/UT,Insult to Modesty of Women,INSULT TO THE MODESTY OF WOMEN,FALSE,0
2007,"Dadra & Nagar Haveli (pre-2020, separate UT)",D&N Haveli,State/UT,Kidnapping & Abduction of Women,KIDNAPPING & ABDUCTION,FALSE,6
2007,"Dadra & Nagar Haveli (pre-2020, separate UT)",D&N Haveli,State/UT,Rape,RAPE,FALSE,7
2007,"Dadra & Nagar Haveli (pre-2020, separate UT)",D&N Haveli,State/UT,Total Crimes against Women,TOTAL CRIMES AGAINST WOMEN,FALSE,18
2007,"Daman & Diu (pre-2020, separate UT)",Daman & Diu,State/UT,Assault on Women with Intent to Outrage Modesty,ASSAULT ON WOMEN WITH INTENT TO OUTRAGE HER MODESTY,FALSE,0
2007,"Daman & Diu (pre-2020, separate UT)",Daman & Diu,State/UT,Cruelty by Husband or Relatives,CRUELTY BY HUSBAND OR RELATIVES,FALSE,3
2007,"Daman & Diu (pre-2020, separate UT)",Daman & Diu,State/UT,Dowry Deaths,DOWRY DEATH,FALSE,1
2007,"Daman & Diu (pre-2020, separate UT)",Daman & Diu,State/UT,Immoral Traffic (Prevention) Act,IMMORAL TRAFFIC(PREVENTION)ACT,FALSE,5
2007,"Daman & Diu (pre-2020, separate UT)",Daman & Diu,State/UT,Indecent Representation of Women (Prevention) Act,INDECENT REPRESENTATION OF WOMEN(PREVENTION)ACT,FALSE,0
2007,"Daman & Diu (pre-2020, separate UT)",Daman & Diu,State/UT,Insult to Modesty of Women,INSULT TO THE MODESTY OF WOMEN,FALSE,0
2007,"Daman & Diu (pre-2020, separate UT)",Daman & Diu,State/UT,Kidnapping & Abduction of Women,KIDNAPPING & ABDUCTION,FALSE,1
2007,"Daman & Diu (pre-2020, separate UT)",Daman & Diu,State/UT,Rape,RAPE,FALSE,1
2007,"Daman & Diu (pre-2020, separate UT)",Daman & Diu,State/UT,Total Crimes against Women,TOTAL CRIMES AGAINST WOMEN,FALSE,11
2007,Delhi,Delhi UT,State/UT,Assault on Women with Intent to Outrage Modesty,ASSAULT ON WOMEN WITH INTENT TO OUTRAGE HER MODESTY,FALSE,868
2007,Delhi,Delhi UT,State/UT,Cruelty by Husband or Relatives,CRUELTY BY HUSBAND OR RELATIVES,FALSE,1787
2007,Delhi,Delhi UT,State/UT,Dowry Deaths,DOWRY DEATH,FALSE,138
2007,Delhi,Delhi UT,State/UT,Immoral Traffic (Prevention) Act,IMMORAL TRAFFIC(PREVENTION)ACT,FALSE,63
2007,Delhi,Delhi UT,State/UT,Indecent Representation of Women (Prevention) Act,INDECENT REPRESENTATION OF WOMEN(PREVENTION)ACT,FALSE,0
2007,Delhi,Delhi UT,State/UT,Insult to Modesty of Women,INSULT TO THE MODESTY OF WOMEN,FALSE,167
2007,Delhi,Delhi UT,State/UT,Kidnapping & Abduction of Women,KIDNAPPING & ABDUCTION,FALSE,1167
2007,Delhi,Delhi UT,State/UT,Rape,RAPE,FALSE,598
2007,Delhi,Delhi UT,State/UT,Total Crimes against Women,TOTAL CRIMES AGAINST WOMEN,FALSE,4804
2007,Goa,Goa,State/UT,Assault on Women with Intent to Outrage Modesty,ASSAULT ON WOMEN WITH INTENT TO OUTRAGE HER MODESTY,FALSE,20
2007,Goa,Goa,State/UT,Cruelty by Husband or Relatives,CRUELTY BY HUSBAND OR RELATIVES,FALSE,14
2007,Goa,Goa,State/UT,Dowry Deaths,DOWRY DEATH,FALSE,2
2007,Goa,Goa,State/UT,Immoral Traffic (Prevention) Act,IMMORAL TRAFFIC(PREVENTION)ACT,FALSE,10
2007,Goa,Goa,State/UT,Indecent Representation of Women (Prevention) Act,INDECENT REPRESENTATION OF WOMEN(PREVENTION)ACT,FALSE,0
2007,Goa,Goa,State/UT,Insult to Modesty of Women,INSULT TO THE MODESTY OF WOMEN,FALSE,7
2007,Goa,Goa,State/UT,Kidnapping & Abduction of Women,KIDNAPPING & ABDUCTION,FALSE,7
2007,Goa,Goa,State/UT,Rape,RAPE,FALSE,20
2007,Goa,Goa,State/UT,Total Crimes against Women,TOTAL CRIMES AGAINST WOMEN,FALSE,80
2007,Gujarat,Gujarat,State/UT,Assault on Women with Intent to Outrage Modesty,ASSAULT ON WOMEN WITH INTENT TO OUTRAGE HER MODESTY,FALSE,822
2007,Gujarat,Gujarat,State/UT,Cruelty by Husband or Relatives,CRUELTY BY HUSBAND OR RELATIVES,FALSE,5827
2007,Gujarat,Gujarat,State/UT,Dowry Deaths,DOWRY DEATH,FALSE,42
2007,Gujarat,Gujarat,State/UT,Immoral Traffic (Prevention) Act,IMMORAL TRAFFIC(PREVENTION)ACT,FALSE,44
2007,Gujarat,Gujarat,State/UT,Indecent Representation of Women (Prevention) Act,INDECENT REPRESENTATION OF WOMEN(PREVENTION)ACT,FALSE,0
2007,Gujarat,Gujarat,State/UT,Insult to Modesty of Women,INSULT TO THE MODESTY OF WOMEN,FALSE,120
2007,Gujarat,Gujarat,State/UT,Kidnapping & Abduction of Women,KIDNAPPING & ABDUCTION,FALSE,1089
2007,Gujarat,Gujarat,State/UT,Rape,RAPE,FALSE,316
2007,Gujarat,Gujarat,State/UT,Total Crimes against Women,TOTAL CRIMES AGAINST WOMEN,FALSE,8260
2007,Haryana,Haryana,State/UT,Assault on Women with Intent to Outrage Modesty,ASSAULT ON WOMEN WITH INTENT TO OUTRAGE HER MODESTY,FALSE,417
2007,Haryana,Haryana,State/UT,Cruelty by Husband or Relatives,CRUELTY BY HUSBAND OR RELATIVES,FALSE,2412
2007,Haryana,Haryana,State/UT,Dowry Deaths,DOWRY DEATH,FALSE,269
2007,Haryana,Haryana,State/UT,Immoral Traffic (Prevention) Act,IMMORAL TRAFFIC(PREVENTION)ACT,FALSE,88
2007,Haryana,Haryana,State/UT,Indecent Representation of Women (Prevention) Act,INDECENT REPRESENTATION OF WOMEN(PREVENTION)ACT,FALSE,0
2007,Haryana,Haryana,State/UT,Insult to Modesty of Women,INSULT TO THE MODESTY OF WOMEN,FALSE,409
2007,Haryana,Haryana,State/UT,Kidnapping & Abduction of Women,KIDNAPPING & ABDUCTION,FALSE,554
2007,Haryana,Haryana,State/UT,Rape,RAPE,FALSE,488
2007,Haryana,Haryana,State/UT,Total Crimes against Women,TOTAL CRIMES AGAINST WOMEN,FALSE,4645
2007,Himachal Pradesh,Himachal Pradesh,State/UT,Assault on Women with Intent to Outrage Modesty,ASSAULT ON WOMEN WITH INTENT TO OUTRAGE HER MODESTY,FALSE,322
2007,Himachal Pradesh,Himachal Pradesh,State/UT,Cruelty by Husband or Relatives,CRUELTY BY HUSBAND OR RELATIVES,FALSE,342
2007,Himachal Pradesh,Himachal Pradesh,State/UT,Dowry Deaths,DOWRY DEATH,FALSE,8
2007,Himachal Pradesh,Himachal Pradesh,State/UT,Immoral Traffic (Prevention) Act,IMMORAL TRAFFIC(PREVENTION)ACT,FALSE,0
2007,Himachal Pradesh,Himachal Pradesh,State/UT,Indecent Representation of Women (Prevention) Act,INDECENT REPRESENTATION OF WOMEN(PREVENTION)ACT,FALSE,0
2007,Himachal Pradesh,Himachal Pradesh,State/UT,Insult to Modesty of Women,INSULT TO THE MODESTY OF WOMEN,FALSE,33
2007,Himachal Pradesh,Himachal Pradesh,State/UT,Kidnapping & Abduction of Women,KIDNAPPING & ABDUCTION,FALSE,150
2007,Himachal Pradesh,Himachal Pradesh,State/UT,Rape,RAPE,FALSE,159
2007,Himachal Pradesh,Himachal Pradesh,State/UT,Total Crimes against Women,TOTAL CRIMES AGAINST WOMEN,FALSE,1018
2007,Jammu & Kashmir,Jammu & Kashmir,State/UT,Assault on Women with Intent to Outrage Modesty,ASSAULT ON WOMEN WITH INTENT TO OUTRAGE HER MODESTY,FALSE,986
2007,Jammu & Kashmir,Jammu & Kashmir,State/UT,Cruelty by Husband or Relatives,CRUELTY BY HUSBAND OR RELATIVES,FALSE,176
2007,Jammu & Kashmir,Jammu & Kashmir,State/UT,Dowry Deaths,DOWRY DEATH,FALSE,9
2007,Jammu & Kashmir,Jammu & Kashmir,State/UT,Immoral Traffic (Prevention) Act,IMMORAL TRAFFIC(PREVENTION)ACT,FALSE,1
2007,Jammu & Kashmir,Jammu & Kashmir,State/UT,Indecent Representation of Women (Prevention) Act,INDECENT REPRESENTATION OF WOMEN(PREVENTION)ACT,FALSE,0
2007,Jammu & Kashmir,Jammu & Kashmir,State/UT,Insult to Modesty of Women,INSULT TO THE MODESTY OF WOMEN,FALSE,353
2007,Jammu & Kashmir,Jammu & Kashmir,State/UT,Kidnapping & Abduction of Women,KIDNAPPING & ABDUCTION,FALSE,707
2007,Jammu & Kashmir,Jammu & Kashmir,State/UT,Rape,RAPE,FALSE,288
2007,Jammu & Kashmir,Jammu & Kashmir,State/UT,Total Crimes against Women,TOTAL CRIMES AGAINST WOMEN,FALSE,2521
2007,Jharkhand,Jharkhand,State/UT,Assault on Women with Intent to Outrage Modesty,ASSAULT ON WOMEN WITH INTENT TO OUTRAGE HER MODESTY,FALSE,342
2007,Jharkhand,Jharkhand,State/UT,Cruelty by Husband or Relatives,CRUELTY BY HUSBAND OR RELATIVES,FALSE,801
2007,Jharkhand,Jharkhand,State/UT,Dowry Deaths,DOWRY DEATH,FALSE,303
2007,Jharkhand,Jharkhand,State/UT,Immoral Traffic (Prevention) Act,IMMORAL TRAFFIC(PREVENTION)ACT,FALSE,14
2007,Jharkhand,Jharkhand,State/UT,Indecent Representation of Women (Prevention) Act,INDECENT REPRESENTATION OF WOMEN(PREVENTION)ACT,FALSE,0
2007,Jharkhand,Jharkhand,State/UT,Insult to Modesty of Women,INSULT TO THE MODESTY OF WOMEN,FALSE,15
2007,Jharkhand,Jharkhand,State/UT,Kidnapping & Abduction of Women,KIDNAPPING & ABDUCTION,FALSE,534
2007,Jharkhand,Jharkhand,State/UT,Rape,RAPE,FALSE,855
2007,Jharkhand,Jharkhand,State/UT,Total Crimes against Women,TOTAL CRIMES AGAINST WOMEN,FALSE,3317
2007,Karnataka,Karnataka,State/UT,Assault on Women with Intent to Outrage Modesty,ASSAULT ON WOMEN WITH INTENT TO OUTRAGE HER MODESTY,FALSE,1828
2007,Karnataka,Karnataka,State/UT,Cruelty by Husband or Relatives,CRUELTY BY HUSBAND OR RELATIVES,FALSE,2507
2007,Karnataka,Karnataka,State/UT,Dowry Deaths,DOWRY DEATH,FALSE,251
2007,Karnataka,Karnataka,State/UT,Immoral Traffic (Prevention) Act,IMMORAL TRAFFIC(PREVENTION)ACT,FALSE,612
2007,Karnataka,Karnataka,State/UT,Indecent Representation of Women (Prevention) Act,INDECENT REPRESENTATION OF WOMEN(PREVENTION)ACT,FALSE,0
2007,Karnataka,Karnataka,State/UT,Insult to Modesty of Women,INSULT TO THE MODESTY OF WOMEN,FALSE,28
2007,Karnataka,Karnataka,State/UT,Kidnapping & Abduction of Women,KIDNAPPING & ABDUCTION,FALSE,390
2007,Karnataka,Karnataka,State/UT,Rape,RAPE,FALSE,436
2007,Karnataka,Karnataka,State/UT,Total Crimes against Women,TOTAL CRIMES AGAINST WOMEN,FALSE,6569
2007,Kerala,Kerala,State/UT,Assault on Women with Intent to Outrage Modesty,ASSAULT ON WOMEN WITH INTENT TO OUTRAGE HER MODESTY,FALSE,2624
2007,Kerala,Kerala,State/UT,Cruelty by Husband or Relatives,CRUELTY BY HUSBAND OR RELATIVES,FALSE,3999
2007,Kerala,Kerala,State/UT,Dowry Deaths,DOWRY DEATH,FALSE,27
2007,Kerala,Kerala,State/UT,Immoral Traffic (Prevention) Act,IMMORAL TRAFFIC(PREVENTION)ACT,FALSE,201
2007,Kerala,Kerala,State/UT,Indecent Representation of Women (Prevention) Act,INDECENT REPRESENTATION OF WOMEN(PREVENTION)ACT,FALSE,26
2007,Kerala,Kerala,State/UT,Insult to Modesty of Women,INSULT TO THE MODESTY OF WOMEN,FALSE,262
2007,Kerala,Kerala,State/UT,Kidnapping & Abduction of Women,KIDNAPPING & ABDUCTION,FALSE,177
2007,Kerala,Kerala,State/UT,Rape,RAPE,FALSE,512
2007,Kerala,Kerala,State/UT,Total Crimes against Women,TOTAL CRIMES AGAINST WOMEN,FALSE,7837
2007,Lakshadweep,Lakshadweep,State/UT,Assault on Women with Intent to Outrage Modesty,ASSAULT ON WOMEN WITH INTENT TO OUTRAGE HER MODESTY,FALSE,2
2007,Lakshadweep,Lakshadweep,State/UT,Cruelty by Husband or Relatives,CRUELTY BY HUSBAND OR RELATIVES,FALSE,2
2007,Lakshadweep,Lakshadweep,State/UT,Dowry Deaths,DOWRY DEATH,FALSE,0
2007,Lakshadweep,Lakshadweep,State/UT,Immoral Traffic (Prevention) Act,IMMORAL TRAFFIC(PREVENTION)ACT,FALSE,0
2007,Lakshadweep,Lakshadweep,State/UT,Indecent Representation of Women (Prevention) Act,INDECENT REPRESENTATION OF WOMEN(PREVENTION)ACT,FALSE,0
2007,Lakshadweep,Lakshadweep,State/UT,Insult to Modesty of Women,INSULT TO THE MODESTY OF WOMEN,FALSE,0
2007,Lakshadweep,Lakshadweep,State/UT,Kidnapping & Abduction of Women,KIDNAPPING & ABDUCTION,FALSE,0
2007,Lakshadweep,Lakshadweep,State/UT,Rape,RAPE,FALSE,1
2007,Lakshadweep,Lakshadweep,State/UT,Total Crimes against Women,TOTAL CRIMES AGAINST WOMEN,FALSE,5
2007,Madhya Pradesh,Madhya Pradesh,State/UT,Assault on Women with Intent to Outrage Modesty,ASSAULT ON WOMEN WITH INTENT TO OUTRAGE HER MODESTY,FALSE,6772
2007,Madhya Pradesh,Madhya Pradesh,State/UT,Cruelty by Husband or Relatives,CRUELTY BY HUSBAND OR RELATIVES,FALSE,3294
2007,Madhya Pradesh,Madhya Pradesh,State/UT,Dowry Deaths,DOWRY DEATH,FALSE,742
2007,Madhya Pradesh,Madhya Pradesh,State/UT,Immoral Traffic (Prevention) Act,IMMORAL TRAFFIC(PREVENTION)ACT,FALSE,19
2007,Madhya Pradesh,Madhya Pradesh,State/UT,Indecent Representation of Women (Prevention) Act,INDECENT REPRESENTATION OF WOMEN(PREVENTION)ACT,FALSE,0
2007,Madhya Pradesh,Madhya Pradesh,State/UT,Insult to Modesty of Women,INSULT TO THE MODESTY OF WOMEN,FALSE,780
2007,Madhya Pradesh,Madhya Pradesh,State/UT,Kidnapping & Abduction of Women,KIDNAPPING & ABDUCTION,FALSE,701
2007,Madhya Pradesh,Madhya Pradesh,State/UT,Rape,RAPE,FALSE,3010
2007,Madhya Pradesh,Madhya Pradesh,State/UT,Total Crimes against Women,TOTAL CRIMES AGAINST WOMEN,FALSE,15370
2007,Maharashtra,Maharashtra,State/UT,Assault on Women with Intent to Outrage Modesty,ASSAULT ON WOMEN WITH INTENT TO OUTRAGE HER MODESTY,FALSE,3306
2007,Maharashtra,Maharashtra,State/UT,Cruelty by Husband or Relatives,CRUELTY BY HUSBAND OR RELATIVES,FALSE,7356
2007,Maharashtra,Maharashtra,State/UT,Dowry Deaths,DOWRY DEATH,FALSE,436
2007,Maharashtra,Maharashtra,State/UT,Immoral Traffic (Prevention) Act,IMMORAL TRAFFIC(PREVENTION)ACT,FALSE,322
2007,Maharashtra,Maharashtra,State/UT,Indecent Representation of Women (Prevention) Act,INDECENT REPRESENTATION OF WOMEN(PREVENTION)ACT,FALSE,2
2007,Maharashtra,Maharashtra,State/UT,Insult to Modesty of Women,INSULT TO THE MODESTY OF WOMEN,FALSE,1039
2007,Maharashtra,Maharashtra,State/UT,Kidnapping & Abduction of Women,KIDNAPPING & ABDUCTION,FALSE,967
2007,Maharashtra,Maharashtra,State/UT,Rape,RAPE,FALSE,1451
2007,Maharashtra,Maharashtra,State/UT,Total Crimes against Women,TOTAL CRIMES AGAINST WOMEN,FALSE,14924
2007,Manipur,Manipur,State/UT,Assault on Women with Intent to Outrage Modesty,ASSAULT ON WOMEN WITH INTENT TO OUTRAGE HER MODESTY,FALSE,70
2007,Manipur,Manipur,State/UT,Cruelty by Husband or Relatives,CRUELTY BY HUSBAND OR RELATIVES,FALSE,15
2007,Manipur,Manipur,State/UT,Dowry Deaths,DOWRY DEATH,FALSE,0
2007,Manipur,Manipur,State/UT,Immoral Traffic (Prevention) Act,IMMORAL TRAFFIC(PREVENTION)ACT,FALSE,0
2007,Manipur,Manipur,State/UT,Indecent Representation of Women (Prevention) Act,INDECENT REPRESENTATION OF WOMEN(PREVENTION)ACT,FALSE,0
2007,Manipur,Manipur,State/UT,Insult to Modesty of Women,INSULT TO THE MODESTY OF WOMEN,FALSE,0
2007,Manipur,Manipur,State/UT,Kidnapping & Abduction of Women,KIDNAPPING & ABDUCTION,FALSE,83
2007,Manipur,Manipur,State/UT,Rape,RAPE,FALSE,20
2007,Manipur,Manipur,State/UT,Total Crimes against Women,TOTAL CRIMES AGAINST WOMEN,FALSE,188
2007,Meghalaya,Meghalaya,State/UT,Assault on Women with Intent to Outrage Modesty,ASSAULT ON WOMEN WITH INTENT TO OUTRAGE HER MODESTY,FALSE,45
2007,Meghalaya,Meghalaya,State/UT,Cruelty by Husband or Relatives,CRUELTY BY HUSBAND OR RELATIVES,FALSE,19
2007,Meghalaya,Meghalaya,State/UT,Dowry Deaths,DOWRY DEATH,FALSE,2
2007,Meghalaya,Meghalaya,State/UT,Immoral Traffic (Prevention) Act,IMMORAL TRAFFIC(PREVENTION)ACT,FALSE,1
2007,Meghalaya,Meghalaya,State/UT,Indecent Representation of Women (Prevention) Act,INDECENT REPRESENTATION OF WOMEN(PREVENTION)ACT,FALSE,0
2007,Meghalaya,Meghalaya,State/UT,Insult to Modesty of Women,INSULT TO THE MODESTY OF WOMEN,FALSE,1
2007,Meghalaya,Meghalaya,State/UT,Kidnapping & Abduction of Women,KIDNAPPING & ABDUCTION,FALSE,22
2007,Meghalaya,Meghalaya,State/UT,Rape,RAPE,FALSE,82
2007,Meghalaya,Meghalaya,State/UT,Total Crimes against Women,TOTAL CRIMES AGAINST WOMEN,FALSE,172
2007,Mizoram,Mizoram,State/UT,Assault on Women with Intent to Outrage Modesty,ASSAULT ON WOMEN WITH INTENT TO OUTRAGE HER MODESTY,FALSE,66
2007,Mizoram,Mizoram,State/UT,Cruelty by Husband or Relatives,CRUELTY BY HUSBAND OR RELATIVES,FALSE,2
2007,Mizoram,Mizoram,State/UT,Dowry Deaths,DOWRY DEATH,FALSE,0
2007,Mizoram,Mizoram,State/UT,Immoral Traffic (Prevention) Act,IMMORAL TRAFFIC(PREVENTION)ACT,FALSE,0
2007,Mizoram,Mizoram,State/UT,Indecent Representation of Women (Prevention) Act,INDECENT REPRESENTATION OF WOMEN(PREVENTION)ACT,FALSE,0
2007,Mizoram,Mizoram,State/UT,Insult to Modesty of Women,INSULT TO THE MODESTY OF WOMEN,FALSE,0
2007,Mizoram,Mizoram,State/UT,Kidnapping & Abduction of Women,KIDNAPPING & ABDUCTION,FALSE,0
2007,Mizoram,Mizoram,State/UT,Rape,RAPE,FALSE,83
2007,Mizoram,Mizoram,State/UT,Total Crimes against Women,TOTAL CRIMES AGAINST WOMEN,FALSE,151
2007,Nagaland,Nagaland,State/UT,Assault on Women with Intent to Outrage Modesty,ASSAULT ON WOMEN WITH INTENT TO OUTRAGE HER MODESTY,FALSE,8
2007,Nagaland,Nagaland,State/UT,Cruelty by Husband or Relatives,CRUELTY BY HUSBAND OR RELATIVES,FALSE,0
2007,Nagaland,Nagaland,State/UT,Dowry Deaths,DOWRY DEATH,FALSE,0
2007,Nagaland,Nagaland,State/UT,Immoral Traffic (Prevention) Act,IMMORAL TRAFFIC(PREVENTION)ACT,FALSE,4
2007,Nagaland,Nagaland,State/UT,Indecent Representation of Women (Prevention) Act,INDECENT REPRESENTATION OF WOMEN(PREVENTION)ACT,FALSE,0
2007,Nagaland,Nagaland,State/UT,Insult to Modesty of Women,INSULT TO THE MODESTY OF WOMEN,FALSE,1
2007,Nagaland,Nagaland,State/UT,Kidnapping & Abduction of Women,KIDNAPPING & ABDUCTION,FALSE,6
2007,Nagaland,Nagaland,State/UT,Rape,RAPE,FALSE,13
2007,Nagaland,Nagaland,State/UT,Total Crimes against Women,TOTAL CRIMES AGAINST WOMEN,FALSE,32
2007,Odisha,Odisha,State/UT,Assault on Women with Intent to Outrage Modesty,ASSAULT ON WOMEN WITH INTENT TO OUTRAGE HER MODESTY,FALSE,2775
2007,Odisha,Odisha,State/UT,Cruelty by Husband or Relatives,CRUELTY BY HUSBAND OR RELATIVES,FALSE,728
2007,Odisha,Odisha,State/UT,Dowry Deaths,DOWRY DEATH,FALSE,461
2007,Odisha,Odisha,State/UT,Immoral Traffic (Prevention) Act,IMMORAL TRAFFIC(PREVENTION)ACT,FALSE,40
2007,Odisha,Odisha,State/UT,Indecent Representation of Women (Prevention) Act,INDECENT REPRESENTATION OF WOMEN(PREVENTION)ACT,FALSE,0
2007,Odisha,Odisha,State/UT,Insult to Modesty of Women,INSULT TO THE MODESTY OF WOMEN,FALSE,241
2007,Odisha,Odisha,State/UT,Kidnapping & Abduction of Women,KIDNAPPING & ABDUCTION,FALSE,660
2007,Odisha,Odisha,State/UT,Rape,RAPE,FALSE,939
2007,Odisha,Odisha,State/UT,Total Crimes against Women,TOTAL CRIMES AGAINST WOMEN,FALSE,7304
2007,Puducherry,Puducherry,State/UT,Assault on Women with Intent to Outrage Modesty,ASSAULT ON WOMEN WITH INTENT TO OUTRAGE HER MODESTY,FALSE,89
2007,Puducherry,Puducherry,State/UT,Cruelty by Husband or Relatives,CRUELTY BY HUSBAND OR RELATIVES,FALSE,17
2007,Puducherry,Puducherry,State/UT,Dowry Deaths,DOWRY DEATH,FALSE,2
2007,Puducherry,Puducherry,State/UT,Immoral Traffic (Prevention) Act,IMMORAL TRAFFIC(PREVENTION)ACT,FALSE,5
2007,Puducherry,Puducherry,State/UT,Indecent Representation of Women (Prevention) Act,INDECENT REPRESENTATION OF WOMEN(PREVENTION)ACT,FALSE,0
2007,Puducherry,Puducherry,State/UT,Insult to Modesty of Women,INSULT TO THE MODESTY OF WOMEN,FALSE,32
2007,Puducherry,Puducherry,State/UT,Kidnapping & Abduction of Women,KIDNAPPING & ABDUCTION,FALSE,14
2007,Puducherry,Puducherry,State/UT,Rape,RAPE,FALSE,9
2007,Puducherry,Puducherry,State/UT,Total Crimes against Women,TOTAL CRIMES AGAINST WOMEN,FALSE,179
2007,Punjab,Punjab,State/UT,Assault on Women with Intent to Outrage Modesty,ASSAULT ON WOMEN WITH INTENT TO OUTRAGE HER MODESTY,FALSE,427
2007,Punjab,Punjab,State/UT,Cruelty by Husband or Relatives,CRUELTY BY HUSBAND OR RELATIVES,FALSE,971
2007,Punjab,Punjab,State/UT,Dowry Deaths,DOWRY DEATH,FALSE,133
2007,Punjab,Punjab,State/UT,Immoral Traffic (Prevention) Act,IMMORAL TRAFFIC(PREVENTION)ACT,FALSE,45
2007,Punjab,Punjab,State/UT,Indecent Representation of Women (Prevention) Act,INDECENT REPRESENTATION OF WOMEN(PREVENTION)ACT,FALSE,0
2007,Punjab,Punjab,State/UT,Insult to Modesty of Women,INSULT TO THE MODESTY OF WOMEN,FALSE,48
2007,Punjab,Punjab,State/UT,Kidnapping & Abduction of Women,KIDNAPPING & ABDUCTION,FALSE,545
2007,Punjab,Punjab,State/UT,Rape,RAPE,FALSE,519
2007,Punjab,Punjab,State/UT,Total Crimes against Women,TOTAL CRIMES AGAINST WOMEN,FALSE,2694
2007,Rajasthan,Rajasthan,State/UT,Assault on Women with Intent to Outrage Modesty,ASSAULT ON WOMEN WITH INTENT TO OUTRAGE HER MODESTY,FALSE,2477
2007,Rajasthan,Rajasthan,State/UT,Cruelty by Husband or Relatives,CRUELTY BY HUSBAND OR RELATIVES,FALSE,8170
2007,Rajasthan,Rajasthan,State/UT,Dowry Deaths,DOWRY DEATH,FALSE,439
2007,Rajasthan,Rajasthan,State/UT,Immoral Traffic (Prevention) Act,IMMORAL TRAFFIC(PREVENTION)ACT,FALSE,91
2007,Rajasthan,Rajasthan,State/UT,Indecent Representation of Women (Prevention) Act,INDECENT REPRESENTATION OF WOMEN(PREVENTION)ACT,FALSE,131
2007,Rajasthan,Rajasthan,State/UT,Insult to Modesty of Women,INSULT TO THE MODESTY OF WOMEN,FALSE,28
2007,Rajasthan,Rajasthan,State/UT,Kidnapping & Abduction of Women,KIDNAPPING & ABDUCTION,FALSE,1694
2007,Rajasthan,Rajasthan,State/UT,Rape,RAPE,FALSE,1238
2007,Rajasthan,Rajasthan,State/UT,Total Crimes against Women,TOTAL CRIMES AGAINST WOMEN,FALSE,14270
2007,Sikkim,Sikkim,State/UT,Assault on Women with Intent to Outrage Modesty,ASSAULT ON WOMEN WITH INTENT TO OUTRAGE HER MODESTY,FALSE,13
2007,Sikkim,Sikkim,State/UT,Cruelty by Husband or Relatives,CRUELTY BY HUSBAND OR RELATIVES,FALSE,7
2007,Sikkim,Sikkim,State/UT,Dowry Deaths,DOWRY DEATH,FALSE,0
2007,Sikkim,Sikkim,State/UT,Immoral Traffic (Prevention) Act,IMMORAL TRAFFIC(PREVENTION)ACT,FALSE,2
2007,Sikkim,Sikkim,State/UT,Indecent Representation of Women (Prevention) Act,INDECENT REPRESENTATION OF WOMEN(PREVENTION)ACT,FALSE,0
2007,Sikkim,Sikkim,State/UT,Insult to Modesty of Women,INSULT TO THE MODESTY OF WOMEN,FALSE,0
2007,Sikkim,Sikkim,State/UT,Kidnapping & Abduction of Women,KIDNAPPING & ABDUCTION,FALSE,9
2007,Sikkim,Sikkim,State/UT,Rape,RAPE,FALSE,24
2007,Sikkim,Sikkim,State/UT,Total Crimes against Women,TOTAL CRIMES AGAINST WOMEN,FALSE,55
2007,Tamil Nadu,Tamil Nadu,State/UT,Assault on Women with Intent to Outrage Modesty,ASSAULT ON WOMEN WITH INTENT TO OUTRAGE HER MODESTY,FALSE,1540
2007,Tamil Nadu,Tamil Nadu,State/UT,Cruelty by Husband or Relatives,CRUELTY BY HUSBAND OR RELATIVES,FALSE,1976
2007,Tamil Nadu,Tamil Nadu,State/UT,Dowry Deaths,DOWRY DEATH,FALSE,208
2007,Tamil Nadu,Tamil Nadu,State/UT,Immoral Traffic (Prevention) Act,IMMORAL TRAFFIC(PREVENTION)ACT,FALSE,1199
2007,Tamil Nadu,Tamil Nadu,State/UT,Indecent Representation of Women (Prevention) Act,INDECENT REPRESENTATION OF WOMEN(PREVENTION)ACT,FALSE,25
2007,Tamil Nadu,Tamil Nadu,State/UT,Insult to Modesty of Women,INSULT TO THE MODESTY OF WOMEN,FALSE,875
2007,Tamil Nadu,Tamil Nadu,State/UT,Kidnapping & Abduction of Women,KIDNAPPING & ABDUCTION,FALSE,1097
2007,Tamil Nadu,Tamil Nadu,State/UT,Rape,RAPE,FALSE,523
2007,Tamil Nadu,Tamil Nadu,State/UT,Total Crimes against Women,TOTAL CRIMES AGAINST WOMEN,FALSE,7811
2007,Tripura,Tripura,State/UT,Assault on Women with Intent to Outrage Modesty,ASSAULT ON WOMEN WITH INTENT TO OUTRAGE HER MODESTY,FALSE,244
2007,Tripura,Tripura,State/UT,Cruelty by Husband or Relatives,CRUELTY BY HUSBAND OR RELATIVES,FALSE,545
2007,Tripura,Tripura,State/UT,Dowry Deaths,DOWRY DEATH,FALSE,36
2007,Tripura,Tripura,State/UT,Immoral Traffic (Prevention) Act,IMMORAL TRAFFIC(PREVENTION)ACT,FALSE,0
2007,Tripura,Tripura,State/UT,Indecent Representation of Women (Prevention) Act,INDECENT REPRESENTATION OF WOMEN(PREVENTION)ACT,FALSE,0
2007,Tripura,Tripura,State/UT,Insult to Modesty of Women,INSULT TO THE MODESTY OF WOMEN,FALSE,4
2007,Tripura,Tripura,State/UT,Kidnapping & Abduction of Women,KIDNAPPING & ABDUCTION,FALSE,81
2007,Tripura,Tripura,State/UT,Rape,RAPE,FALSE,157
2007,Tripura,Tripura,State/UT,Total Crimes against Women,TOTAL CRIMES AGAINST WOMEN,FALSE,1067
2007,Uttar Pradesh,Uttar Pradesh,State/UT,Assault on Women with Intent to Outrage Modesty,ASSAULT ON WOMEN WITH INTENT TO OUTRAGE HER MODESTY,FALSE,2522
2007,Uttar Pradesh,Uttar Pradesh,State/UT,Cruelty by Husband or Relatives,CRUELTY BY HUSBAND OR RELATIVES,FALSE,7650
2007,Uttar Pradesh,Uttar Pradesh,State/UT,Dowry Deaths,DOWRY DEATH,FALSE,2076
2007,Uttar Pradesh,Uttar Pradesh,State/UT,Immoral Traffic (Prevention) Act,IMMORAL TRAFFIC(PREVENTION)ACT,FALSE,49
2007,Uttar Pradesh,Uttar Pradesh,State/UT,Indecent Representation of Women (Prevention) Act,INDECENT REPRESENTATION OF WOMEN(PREVENTION)ACT,FALSE,0
2007,Uttar Pradesh,Uttar Pradesh,State/UT,Insult to Modesty of Women,INSULT TO THE MODESTY OF WOMEN,FALSE,2882
2007,Uttar Pradesh,Uttar Pradesh,State/UT,Kidnapping & Abduction of Women,KIDNAPPING & ABDUCTION,FALSE,3363
2007,Uttar Pradesh,Uttar Pradesh,State/UT,Rape,RAPE,FALSE,1648
2007,Uttar Pradesh,Uttar Pradesh,State/UT,Total Crimes against Women,TOTAL CRIMES AGAINST WOMEN,FALSE,20993
2007,Uttarakhand,Uttarakhand,State/UT,Assault on Women with Intent to Outrage Modesty,ASSAULT ON WOMEN WITH INTENT TO OUTRAGE HER MODESTY,FALSE,146
2007,Uttarakhand,Uttarakhand,State/UT,Cruelty by Husband or Relatives,CRUELTY BY HUSBAND OR RELATIVES,FALSE,463
2007,Uttarakhand,Uttarakhand,State/UT,Dowry Deaths,DOWRY DEATH,FALSE,70
2007,Uttarakhand,Uttarakhand,State/UT,Immoral Traffic (Prevention) Act,IMMORAL TRAFFIC(PREVENTION)ACT,FALSE,9
2007,Uttarakhand,Uttarakhand,State/UT,Indecent Representation of Women (Prevention) Act,INDECENT REPRESENTATION OF WOMEN(PREVENTION)ACT,FALSE,0
2007,Uttarakhand,Uttarakhand,State/UT,Insult to Modesty of Women,INSULT TO THE MODESTY OF WOMEN,FALSE,63
2007,Uttarakhand,Uttarakhand,State/UT,Kidnapping & Abduction of Women,KIDNAPPING & ABDUCTION,FALSE,227
2007,Uttarakhand,Uttarakhand,State/UT,Rape,RAPE,FALSE,117
2007,Uttarakhand,Uttarakhand,State/UT,Total Crimes against Women,TOTAL CRIMES AGAINST WOMEN,FALSE,1097
2007,West Bengal,West Bengal,State/UT,Assault on Women with Intent to Outrage Modesty,ASSAULT ON WOMEN WITH INTENT TO OUTRAGE HER MODESTY,FALSE,2281
2007,West Bengal,West Bengal,State/UT,Cruelty by Husband or Relatives,CRUELTY BY HUSBAND OR RELATIVES,FALSE,9900
2007,West Bengal,West Bengal,State/UT,Dowry Deaths,DOWRY DEATH,FALSE,451
2007,West Bengal,West Bengal,State/UT,Immoral Traffic (Prevention) Act,IMMORAL TRAFFIC(PREVENTION)ACT,FALSE,62
2007,West Bengal,West Bengal,State/UT,Indecent Representation of Women (Prevention) Act,INDECENT REPRESENTATION OF WOMEN(PREVENTION)ACT,FALSE,10
2007,West Bengal,West Bengal,State/UT,Insult to Modesty of Women,INSULT TO THE MODESTY OF WOMEN,FALSE,99
2007,West Bengal,West Bengal,State/UT,Kidnapping & Abduction of Women,KIDNAPPING & ABDUCTION,FALSE,1590
2007,West Bengal,West Bengal,State/UT,Rape,RAPE,FALSE,2106
2007,West Bengal,West Bengal,State/UT,Total Crimes against Women,TOTAL CRIMES AGAINST WOMEN,FALSE,16544
2008,All India (Total),All India,Aggregate,Assault on Women with Intent to Outrage Modesty,ASSAULT ON WOMEN WITH INTENT TO OUTRAGE HER MODESTY,FALSE,40413
2008,All India (Total),All India,Aggregate,Cruelty by Husband or Relatives,CRUELTY BY HUSBAND OR RELATIVES,FALSE,81344
2008,All India (Total),ALL INDIA,Aggregate,Dowry Deaths,DOWRY DEATH,FALSE,8172
2008,All India (Total),All India,Aggregate,Immoral Traffic (Prevention) Act,IMMORAL TRAFFIC(PREVENTION)ACT,FALSE,2660
2008,All India (Total),All India,Aggregate,Indecent Representation of Women (Prevention) Act,INDECENT REPRESENTATION OF WOMEN(PREVENTION)ACT,FALSE,1025
2008,All India (Total),All India,Aggregate,Insult to Modesty of Women,INSULT TO THE MODESTY OF WOMEN,FALSE,12214
2008,All India (Total),ALL INDIA K&A,Aggregate,Kidnapping & Abduction of Women,KIDNAPPING & ABDUCTION,FALSE,22939
2008,All India (Total),All India,Aggregate,Rape,RAPE,FALSE,21467
2008,All India (Total),TOTAL Crime against Women,Aggregate,Total Crimes against Women,TOTAL CRIMES AGAINST WOMEN,FALSE,195857
2008,Andaman & Nicobar Islands,A&N Islands,State/UT,Assault on Women with Intent to Outrage Modesty,ASSAULT ON WOMEN WITH INTENT TO OUTRAGE HER MODESTY,FALSE,24
2008,Andaman & Nicobar Islands,A&N Islands,State/UT,Cruelty by Husband or Relatives,CRUELTY BY HUSBAND OR RELATIVES,FALSE,26
2008,Andaman & Nicobar Islands,A&N Islands,State/UT,Dowry Deaths,DOWRY DEATH,FALSE,2
2008,Andaman & Nicobar Islands,A&N Islands,State/UT,Immoral Traffic (Prevention) Act,IMMORAL TRAFFIC(PREVENTION)ACT,FALSE,0
2008,Andaman & Nicobar Islands,A&N Islands,State/UT,Indecent Representation of Women (Prevention) Act,INDECENT REPRESENTATION OF WOMEN(PREVENTION)ACT,FALSE,0
2008,Andaman & Nicobar Islands,A&N Islands,State/UT,Insult to Modesty of Women,INSULT TO THE MODESTY OF WOMEN,FALSE,3
2008,Andaman & Nicobar Islands,A&N Islands,State/UT,Kidnapping & Abduction of Women,KIDNAPPING & ABDUCTION,FALSE,13
2008,Andaman & Nicobar Islands,A&N Islands,State/UT,Rape,RAPE,FALSE,12
2008,Andaman & Nicobar Islands,A&N Islands,State/UT,Total Crimes against Women,TOTAL CRIMES AGAINST WOMEN,FALSE,80
2008,Andhra Pradesh,Andhra Pradesh,State/UT,Assault on Women with Intent to Outrage Modesty,ASSAULT ON WOMEN WITH INTENT TO OUTRAGE HER MODESTY,FALSE,4730
2008,Andhra Pradesh,Andhra Pradesh,State/UT,Cruelty by Husband or Relatives,CRUELTY BY HUSBAND OR RELATIVES,FALSE,10306
2008,Andhra Pradesh,Andhra Pradesh,State/UT,Dowry Deaths,DOWRY DEATH,FALSE,556
2008,Andhra Pradesh,Andhra Pradesh,State/UT,Immoral Traffic (Prevention) Act,IMMORAL TRAFFIC(PREVENTION)ACT,FALSE,357
2008,Andhra Pradesh,Andhra Pradesh,State/UT,Indecent Representation of Women (Prevention) Act,INDECENT REPRESENTATION OF WOMEN(PREVENTION)ACT,FALSE,889
2008,Andhra Pradesh,Andhra Pradesh,State/UT,Insult to Modesty of Women,INSULT TO THE MODESTY OF WOMEN,FALSE,3551
2008,Andhra Pradesh,Andhra Pradesh,State/UT,Kidnapping & Abduction of Women,KIDNAPPING & ABDUCTION,FALSE,1396
2008,Andhra Pradesh,Andhra Pradesh,State/UT,Rape,RAPE,FALSE,1257
2008,Andhra Pradesh,Andhra Pradesh,State/UT,Total Crimes against Women,TOTAL CRIMES AGAINST WOMEN,FALSE,24111
2008,Arunachal Pradesh,Arunachal Pradesh,State/UT,Assault on Women with Intent to Outrage Modesty,ASSAULT ON WOMEN WITH INTENT TO OUTRAGE HER MODESTY,FALSE,72
2008,Arunachal Pradesh,Arunachal Pradesh,State/UT,Cruelty by Husband or Relatives,CRUELTY BY HUSBAND OR RELATIVES,FALSE,13
2008,Arunachal Pradesh,Arunachal Pradesh,State/UT,Dowry Deaths,DOWRY DEATH,FALSE,0
2008,Arunachal Pradesh,Arunachal Pradesh,State/UT,Immoral Traffic (Prevention) Act,IMMORAL TRAFFIC(PREVENTION)ACT,FALSE,0
2008,Arunachal Pradesh,Arunachal Pradesh,State/UT,Indecent Representation of Women (Prevention) Act,INDECENT REPRESENTATION OF WOMEN(PREVENTION)ACT,FALSE,0
2008,Arunachal Pradesh,Arunachal Pradesh,State/UT,Insult to Modesty of Women,INSULT TO THE MODESTY OF WOMEN,FALSE,1
2008,Arunachal Pradesh,Arunachal Pradesh,State/UT,Kidnapping & Abduction of Women,KIDNAPPING & ABDUCTION,FALSE,47
2008,Arunachal Pradesh,Arunachal Pradesh,State/UT,Rape,RAPE,FALSE,42
2008,Arunachal Pradesh,Arunachal Pradesh,State/UT,Total Crimes against Women,TOTAL CRIMES AGAINST WOMEN,FALSE,175
2008,Assam,Assam,State/UT,Assault on Women with Intent to Outrage Modesty,ASSAULT ON WOMEN WITH INTENT TO OUTRAGE HER MODESTY,FALSE,1272
2008,Assam,Assam,State/UT,Cruelty by Husband or Relatives,CRUELTY BY HUSBAND OR RELATIVES,FALSE,3478
2008,Assam,Assam,State/UT,Dowry Deaths,DOWRY DEATH,FALSE,103
2008,Assam,Assam,State/UT,Immoral Traffic (Prevention) Act,IMMORAL TRAFFIC(PREVENTION)ACT,FALSE,27
2008,Assam,Assam,State/UT,Indecent Representation of Women (Prevention) Act,INDECENT REPRESENTATION OF WOMEN(PREVENTION)ACT,FALSE,2
2008,Assam,Assam,State/UT,Insult to Modesty of Women,INSULT TO THE MODESTY OF WOMEN,FALSE,2
2008,Assam,Assam,State/UT,Kidnapping & Abduction of Women,KIDNAPPING & ABDUCTION,FALSE,1789
2008,Assam,Assam,State/UT,Rape,RAPE,FALSE,1438
2008,Assam,Assam,State/UT,Total Crimes against Women,TOTAL CRIMES AGAINST WOMEN,FALSE,8122
2008,Bihar,Bihar,State/UT,Assault on Women with Intent to Outrage Modesty,ASSAULT ON WOMEN WITH INTENT TO OUTRAGE HER MODESTY,FALSE,999
2008,Bihar,Bihar,State/UT,Cruelty by Husband or Relatives,CRUELTY BY HUSBAND OR RELATIVES,FALSE,1992
2008,Bihar,Bihar,State/UT,Dowry Deaths,DOWRY DEATH,FALSE,1210
2008,Bihar,Bihar,State/UT,Immoral Traffic (Prevention) Act,IMMORAL TRAFFIC(PREVENTION)ACT,FALSE,39
2008,Bihar,Bihar,State/UT,Indecent Representation of Women (Prevention) Act,INDECENT REPRESENTATION OF WOMEN(PREVENTION)ACT,FALSE,0
2008,Bihar,Bihar,State/UT,Insult to Modesty of Women,INSULT TO THE MODESTY OF WOMEN,FALSE,21
2008,Bihar,Bihar,State/UT,Kidnapping & Abduction of Women,KIDNAPPING & ABDUCTION,FALSE,1789
2008,Bihar,Bihar,State/UT,Rape,RAPE,FALSE,1302
2008,Bihar,Bihar,State/UT,Total Crimes against Women,TOTAL CRIMES AGAINST WOMEN,FALSE,8662
2008,Chandigarh,Chandigarh,State/UT,Assault on Women with Intent to Outrage Modesty,ASSAULT ON WOMEN WITH INTENT TO OUTRAGE HER MODESTY,FALSE,19
2008,Chandigarh,Chandigarh,State/UT,Cruelty by Husband or Relatives,CRUELTY BY HUSBAND OR RELATIVES,FALSE,49
2008,Chandigarh,Chandigarh,State/UT,Dowry Deaths,DOWRY DEATH,FALSE,3
2008,Chandigarh,Chandigarh,State/UT,Immoral Traffic (Prevention) Act,IMMORAL TRAFFIC(PREVENTION)ACT,FALSE,7
2008,Chandigarh,Chandigarh,State/UT,Indecent Representation of Women (Prevention) Act,INDECENT REPRESENTATION OF WOMEN(PREVENTION)ACT,FALSE,0
2008,Chandigarh,Chandigarh,State/UT,Insult to Modesty of Women,INSULT TO THE MODESTY OF WOMEN,FALSE,2
2008,Chandigarh,Chandigarh,State/UT,Kidnapping & Abduction of Women,KIDNAPPING & ABDUCTION,FALSE,42
2008,Chandigarh,Chandigarh,State/UT,Rape,RAPE,FALSE,20
2008,Chandigarh,Chandigarh,State/UT,Total Crimes against Women,TOTAL CRIMES AGAINST WOMEN,FALSE,143
2008,Chhattisgarh,Chhattisgarh,State/UT,Assault on Women with Intent to Outrage Modesty,ASSAULT ON WOMEN WITH INTENT TO OUTRAGE HER MODESTY,FALSE,1621
2008,Chhattisgarh,Chhattisgarh,State/UT,Cruelty by Husband or Relatives,CRUELTY BY HUSBAND OR RELATIVES,FALSE,897
2008,Chhattisgarh,Chhattisgarh,State/UT,Dowry Deaths,DOWRY DEATH,FALSE,106
2008,Chhattisgarh,Chhattisgarh,State/UT,Immoral Traffic (Prevention) Act,IMMORAL TRAFFIC(PREVENTION)ACT,FALSE,4
2008,Chhattisgarh,Chhattisgarh,State/UT,Indecent Representation of Women (Prevention) Act,INDECENT REPRESENTATION OF WOMEN(PREVENTION)ACT,FALSE,0
2008,Chhattisgarh,Chhattisgarh,State/UT,Insult to Modesty of Women,INSULT TO THE MODESTY OF WOMEN,FALSE,125
2008,Chhattisgarh,Chhattisgarh,State/UT,Kidnapping & Abduction of Women,KIDNAPPING & ABDUCTION,FALSE,216
2008,Chhattisgarh,Chhattisgarh,State/UT,Rape,RAPE,FALSE,978
2008,Chhattisgarh,Chhattisgarh,State/UT,Total Crimes against Women,TOTAL CRIMES AGAINST WOMEN,FALSE,3962
2008,"Dadra & Nagar Haveli (pre-2020, separate UT)",D&N Haveli,State/UT,Assault on Women with Intent to Outrage Modesty,ASSAULT ON WOMEN WITH INTENT TO OUTRAGE HER MODESTY,FALSE,4
2008,"Dadra & Nagar Haveli (pre-2020, separate UT)",D&N Haveli,State/UT,Cruelty by Husband or Relatives,CRUELTY BY HUSBAND OR RELATIVES,FALSE,4
2008,"Dadra & Nagar Haveli (pre-2020, separate UT)",D&N Haveli,State/UT,Dowry Deaths,DOWRY DEATH,FALSE,0
2008,"Dadra & Nagar Haveli (pre-2020, separate UT)",D&N Haveli,State/UT,Immoral Traffic (Prevention) Act,IMMORAL TRAFFIC(PREVENTION)ACT,FALSE,3
2008,"Dadra & Nagar Haveli (pre-2020, separate UT)",D&N Haveli,State/UT,Indecent Representation of Women (Prevention) Act,INDECENT REPRESENTATION OF WOMEN(PREVENTION)ACT,FALSE,0
2008,"Dadra & Nagar Haveli (pre-2020, separate UT)",D&N Haveli,State/UT,Insult to Modesty of Women,INSULT TO THE MODESTY OF WOMEN,FALSE,0
2008,"Dadra & Nagar Haveli (pre-2020, separate UT)",D&N Haveli,State/UT,Kidnapping & Abduction of Women,KIDNAPPING & ABDUCTION,FALSE,11
2008,"Dadra & Nagar Haveli (pre-2020, separate UT)",D&N Haveli,State/UT,Rape,RAPE,FALSE,6
2008,"Dadra & Nagar Haveli (pre-2020, separate UT)",D&N Haveli,State/UT,Total Crimes against Women,TOTAL CRIMES AGAINST WOMEN,FALSE,28
2008,"Daman & Diu (pre-2020, separate UT)",Daman & Diu,State/UT,Assault on Women with Intent to Outrage Modesty,ASSAULT ON WOMEN WITH INTENT TO OUTRAGE HER MODESTY,FALSE,2
2008,"Daman & Diu (pre-2020, separate UT)",Daman & Diu,State/UT,Cruelty by Husband or Relatives,CRUELTY BY HUSBAND OR RELATIVES,FALSE,5
2008,"Daman & Diu (pre-2020, separate UT)",Daman & Diu,State/UT,Dowry Deaths,DOWRY DEATH,FALSE,0
2008,"Daman & Diu (pre-2020, separate UT)",Daman & Diu,State/UT,Immoral Traffic (Prevention) Act,IMMORAL TRAFFIC(PREVENTION)ACT,FALSE,6
2008,"Daman & Diu (pre-2020, separate UT)",Daman & Diu,State/UT,Indecent Representation of Women (Prevention) Act,INDECENT REPRESENTATION OF WOMEN(PREVENTION)ACT,FALSE,0
2008,"Daman & Diu (pre-2020, separate UT)",Daman & Diu,State/UT,Insult to Modesty of Women,INSULT TO THE MODESTY OF WOMEN,FALSE,1
2008,"Daman & Diu (pre-2020, separate UT)",Daman & Diu,State/UT,Kidnapping & Abduction of Women,KIDNAPPING & ABDUCTION,FALSE,1
2008,"Daman & Diu (pre-2020, separate UT)",Daman & Diu,State/UT,Rape,RAPE,FALSE,0
2008,"Daman & Diu (pre-2020, separate UT)",Daman & Diu,State/UT,Total Crimes against Women,TOTAL CRIMES AGAINST WOMEN,FALSE,15
2008,Delhi,Delhi UT,State/UT,Assault on Women with Intent to Outrage Modesty,ASSAULT ON WOMEN WITH INTENT TO OUTRAGE HER MODESTY,FALSE,611
2008,Delhi,Delhi UT,State/UT,Cruelty by Husband or Relatives,CRUELTY BY HUSBAND OR RELATIVES,FALSE,1387
2008,Delhi,Delhi UT,State/UT,Dowry Deaths,DOWRY DEATH,FALSE,129
2008,Delhi,Delhi UT,State/UT,Immoral Traffic (Prevention) Act,IMMORAL TRAFFIC(PREVENTION)ACT,FALSE,60
2008,Delhi,Delhi UT,State/UT,Indecent Representation of Women (Prevention) Act,INDECENT REPRESENTATION OF WOMEN(PREVENTION)ACT,FALSE,0
2008,Delhi,Delhi UT,State/UT,Insult to Modesty of Women,INSULT TO THE MODESTY OF WOMEN,FALSE,130
2008,Delhi,Delhi UT,State/UT,Kidnapping & Abduction of Women,KIDNAPPING & ABDUCTION,FALSE,1136
2008,Delhi,Delhi UT,State/UT,Rape,RAPE,FALSE,466
2008,Delhi,Delhi UT,State/UT,Total Crimes against Women,TOTAL CRIMES AGAINST WOMEN,FALSE,3938
2008,Goa,Goa,State/UT,Assault on Women with Intent to Outrage Modesty,ASSAULT ON WOMEN WITH INTENT TO OUTRAGE HER MODESTY,FALSE,32
2008,Goa,Goa,State/UT,Cruelty by Husband or Relatives,CRUELTY BY HUSBAND OR RELATIVES,FALSE,12
2008,Goa,Goa,State/UT,Dowry Deaths,DOWRY DEATH,FALSE,2
2008,Goa,Goa,State/UT,Immoral Traffic (Prevention) Act,IMMORAL TRAFFIC(PREVENTION)ACT,FALSE,14
2008,Goa,Goa,State/UT,Indecent Representation of Women (Prevention) Act,INDECENT REPRESENTATION OF WOMEN(PREVENTION)ACT,FALSE,0
2008,Goa,Goa,State/UT,Insult to Modesty of Women,INSULT TO THE MODESTY OF WOMEN,FALSE,12
2008,Goa,Goa,State/UT,Kidnapping & Abduction of Women,KIDNAPPING & ABDUCTION,FALSE,28
2008,Goa,Goa,State/UT,Rape,RAPE,FALSE,30
2008,Goa,Goa,State/UT,Total Crimes against Women,TOTAL CRIMES AGAINST WOMEN,FALSE,130
2008,Gujarat,Gujarat,State/UT,Assault on Women with Intent to Outrage Modesty,ASSAULT ON WOMEN WITH INTENT TO OUTRAGE HER MODESTY,FALSE,828
2008,Gujarat,Gujarat,State/UT,Cruelty by Husband or Relatives,CRUELTY BY HUSBAND OR RELATIVES,FALSE,6094
2008,Gujarat,Gujarat,State/UT,Dowry Deaths,DOWRY DEATH,FALSE,27
2008,Gujarat,Gujarat,State/UT,Immoral Traffic (Prevention) Act,IMMORAL TRAFFIC(PREVENTION)ACT,FALSE,52
2008,Gujarat,Gujarat,State/UT,Indecent Representation of Women (Prevention) Act,INDECENT REPRESENTATION OF WOMEN(PREVENTION)ACT,FALSE,0
2008,Gujarat,Gujarat,State/UT,Insult to Modesty of Women,INSULT TO THE MODESTY OF WOMEN,FALSE,122
2008,Gujarat,Gujarat,State/UT,Kidnapping & Abduction of Women,KIDNAPPING & ABDUCTION,FALSE,1119
2008,Gujarat,Gujarat,State/UT,Rape,RAPE,FALSE,374
2008,Gujarat,Gujarat,State/UT,Total Crimes against Women,TOTAL CRIMES AGAINST WOMEN,FALSE,8616
2008,Haryana,Haryana,State/UT,Assault on Women with Intent to Outrage Modesty,ASSAULT ON WOMEN WITH INTENT TO OUTRAGE HER MODESTY,FALSE,435
2008,Haryana,Haryana,State/UT,Cruelty by Husband or Relatives,CRUELTY BY HUSBAND OR RELATIVES,FALSE,2435
2008,Haryana,Haryana,State/UT,Dowry Deaths,DOWRY DEATH,FALSE,302
2008,Haryana,Haryana,State/UT,Immoral Traffic (Prevention) Act,IMMORAL TRAFFIC(PREVENTION)ACT,FALSE,77
2008,Haryana,Haryana,State/UT,Indecent Representation of Women (Prevention) Act,INDECENT REPRESENTATION OF WOMEN(PREVENTION)ACT,FALSE,0
2008,Haryana,Haryana,State/UT,Insult to Modesty of Women,INSULT TO THE MODESTY OF WOMEN,FALSE,605
2008,Haryana,Haryana,State/UT,Kidnapping & Abduction of Women,KIDNAPPING & ABDUCTION,FALSE,644
2008,Haryana,Haryana,State/UT,Rape,RAPE,FALSE,631
2008,Haryana,Haryana,State/UT,Total Crimes against Women,TOTAL CRIMES AGAINST WOMEN,FALSE,5142
2008,Himachal Pradesh,Himachal Pradesh,State/UT,Assault on Women with Intent to Outrage Modesty,ASSAULT ON WOMEN WITH INTENT TO OUTRAGE HER MODESTY,FALSE,295
2008,Himachal Pradesh,Himachal Pradesh,State/UT,Cruelty by Husband or Relatives,CRUELTY BY HUSBAND OR RELATIVES,FALSE,343
2008,Himachal Pradesh,Himachal Pradesh,State/UT,Dowry Deaths,DOWRY DEATH,FALSE,3
2008,Himachal Pradesh,Himachal Pradesh,State/UT,Immoral Traffic (Prevention) Act,IMMORAL TRAFFIC(PREVENTION)ACT,FALSE,1
2008,Himachal Pradesh,Himachal Pradesh,State/UT,Indecent Representation of Women (Prevention) Act,INDECENT REPRESENTATION OF WOMEN(PREVENTION)ACT,FALSE,0
2008,Himachal Pradesh,Himachal Pradesh,State/UT,Insult to Modesty of Women,INSULT TO THE MODESTY OF WOMEN,FALSE,41
2008,Himachal Pradesh,Himachal Pradesh,State/UT,Kidnapping & Abduction of Women,KIDNAPPING & ABDUCTION,FALSE,137
2008,Himachal Pradesh,Himachal Pradesh,State/UT,Rape,RAPE,FALSE,157
2008,Himachal Pradesh,Himachal Pradesh,State/UT,Total Crimes against Women,TOTAL CRIMES AGAINST WOMEN,FALSE,979
2008,Jammu & Kashmir,Jammu & Kashmir,State/UT,Assault on Women with Intent to Outrage Modesty,ASSAULT ON WOMEN WITH INTENT TO OUTRAGE HER MODESTY,FALSE,935
2008,Jammu & Kashmir,Jammu & Kashmir,State/UT,Cruelty by Husband or Relatives,CRUELTY BY HUSBAND OR RELATIVES,FALSE,162
2008,Jammu & Kashmir,Jammu & Kashmir,State/UT,Dowry Deaths,DOWRY DEATH,FALSE,21
2008,Jammu & Kashmir,Jammu & Kashmir,State/UT,Immoral Traffic (Prevention) Act,IMMORAL TRAFFIC(PREVENTION)ACT,FALSE,4
2008,Jammu & Kashmir,Jammu & Kashmir,State/UT,Indecent Representation of Women (Prevention) Act,INDECENT REPRESENTATION OF WOMEN(PREVENTION)ACT,FALSE,0
2008,Jammu & Kashmir,Jammu & Kashmir,State/UT,Insult to Modesty of Women,INSULT TO THE MODESTY OF WOMEN,FALSE,296
2008,Jammu & Kashmir,Jammu & Kashmir,State/UT,Kidnapping & Abduction of Women,KIDNAPPING & ABDUCTION,FALSE,656
2008,Jammu & Kashmir,Jammu & Kashmir,State/UT,Rape,RAPE,FALSE,219
2008,Jammu & Kashmir,Jammu & Kashmir,State/UT,Total Crimes against Women,TOTAL CRIMES AGAINST WOMEN,FALSE,2295
2008,Jharkhand,Jharkhand,State/UT,Assault on Women with Intent to Outrage Modesty,ASSAULT ON WOMEN WITH INTENT TO OUTRAGE HER MODESTY,FALSE,271
2008,Jharkhand,Jharkhand,State/UT,Cruelty by Husband or Relatives,CRUELTY BY HUSBAND OR RELATIVES,FALSE,851
2008,Jharkhand,Jharkhand,State/UT,Dowry Deaths,DOWRY DEATH,FALSE,266
2008,Jharkhand,Jharkhand,State/UT,Immoral Traffic (Prevention) Act,IMMORAL TRAFFIC(PREVENTION)ACT,FALSE,8
2008,Jharkhand,Jharkhand,State/UT,Indecent Representation of Women (Prevention) Act,INDECENT REPRESENTATION OF WOMEN(PREVENTION)ACT,FALSE,0
2008,Jharkhand,Jharkhand,State/UT,Insult to Modesty of Women,INSULT TO THE MODESTY OF WOMEN,FALSE,23
2008,Jharkhand,Jharkhand,State/UT,Kidnapping & Abduction of Women,KIDNAPPING & ABDUCTION,FALSE,499
2008,Jharkhand,Jharkhand,State/UT,Rape,RAPE,FALSE,791
2008,Jharkhand,Jharkhand,State/UT,Total Crimes against Women,TOTAL CRIMES AGAINST WOMEN,FALSE,3183
2008,Karnataka,Karnataka,State/UT,Assault on Women with Intent to Outrage Modesty,ASSAULT ON WOMEN WITH INTENT TO OUTRAGE HER MODESTY,FALSE,1954
2008,Karnataka,Karnataka,State/UT,Cruelty by Husband or Relatives,CRUELTY BY HUSBAND OR RELATIVES,FALSE,2638
2008,Karnataka,Karnataka,State/UT,Dowry Deaths,DOWRY DEATH,FALSE,259
2008,Karnataka,Karnataka,State/UT,Immoral Traffic (Prevention) Act,IMMORAL TRAFFIC(PREVENTION)ACT,FALSE,516
2008,Karnataka,Karnataka,State/UT,Indecent Representation of Women (Prevention) Act,INDECENT REPRESENTATION OF WOMEN(PREVENTION)ACT,FALSE,0
2008,Karnataka,Karnataka,State/UT,Insult to Modesty of Women,INSULT TO THE MODESTY OF WOMEN,FALSE,44
2008,Karnataka,Karnataka,State/UT,Kidnapping & Abduction of Women,KIDNAPPING & ABDUCTION,FALSE,405
2008,Karnataka,Karnataka,State/UT,Rape,RAPE,FALSE,446
2008,Karnataka,Karnataka,State/UT,Total Crimes against Women,TOTAL CRIMES AGAINST WOMEN,FALSE,6891
2008,Kerala,Kerala,State/UT,Assault on Women with Intent to Outrage Modesty,ASSAULT ON WOMEN WITH INTENT TO OUTRAGE HER MODESTY,FALSE,2745
2008,Kerala,Kerala,State/UT,Cruelty by Husband or Relatives,CRUELTY BY HUSBAND OR RELATIVES,FALSE,4138
2008,Kerala,Kerala,State/UT,Dowry Deaths,DOWRY DEATH,FALSE,31
2008,Kerala,Kerala,State/UT,Immoral Traffic (Prevention) Act,IMMORAL TRAFFIC(PREVENTION)ACT,FALSE,187
2008,Kerala,Kerala,State/UT,Indecent Representation of Women (Prevention) Act,INDECENT REPRESENTATION OF WOMEN(PREVENTION)ACT,FALSE,19
2008,Kerala,Kerala,State/UT,Insult to Modesty of Women,INSULT TO THE MODESTY OF WOMEN,FALSE,258
2008,Kerala,Kerala,State/UT,Kidnapping & Abduction of Women,KIDNAPPING & ABDUCTION,FALSE,166
2008,Kerala,Kerala,State/UT,Rape,RAPE,FALSE,568
2008,Kerala,Kerala,State/UT,Total Crimes against Women,TOTAL CRIMES AGAINST WOMEN,FALSE,8117
2008,Lakshadweep,Lakshadweep,State/UT,Assault on Women with Intent to Outrage Modesty,ASSAULT ON WOMEN WITH INTENT TO OUTRAGE HER MODESTY,FALSE,0
2008,Lakshadweep,Lakshadweep,State/UT,Cruelty by Husband or Relatives,CRUELTY BY HUSBAND OR RELATIVES,FALSE,1
2008,Lakshadweep,Lakshadweep,State/UT,Dowry Deaths,DOWRY DEATH,FALSE,0
2008,Lakshadweep,Lakshadweep,State/UT,Immoral Traffic (Prevention) Act,IMMORAL TRAFFIC(PREVENTION)ACT,FALSE,0
2008,Lakshadweep,Lakshadweep,State/UT,Indecent Representation of Women (Prevention) Act,INDECENT REPRESENTATION OF WOMEN(PREVENTION)ACT,FALSE,0
2008,Lakshadweep,Lakshadweep,State/UT,Insult to Modesty of Women,INSULT TO THE MODESTY OF WOMEN,FALSE,0
2008,Lakshadweep,Lakshadweep,State/UT,Kidnapping & Abduction of Women,KIDNAPPING & ABDUCTION,FALSE,1
2008,Lakshadweep,Lakshadweep,State/UT,Rape,RAPE,FALSE,2
2008,Lakshadweep,Lakshadweep,State/UT,Total Crimes against Women,TOTAL CRIMES AGAINST WOMEN,FALSE,4
2008,Madhya Pradesh,Madhya Pradesh,State/UT,Assault on Women with Intent to Outrage Modesty,ASSAULT ON WOMEN WITH INTENT TO OUTRAGE HER MODESTY,FALSE,6445
2008,Madhya Pradesh,Madhya Pradesh,State/UT,Cruelty by Husband or Relatives,CRUELTY BY HUSBAND OR RELATIVES,FALSE,3185
2008,Madhya Pradesh,Madhya Pradesh,State/UT,Dowry Deaths,DOWRY DEATH,FALSE,805
2008,Madhya Pradesh,Madhya Pradesh,State/UT,Immoral Traffic (Prevention) Act,IMMORAL TRAFFIC(PREVENTION)ACT,FALSE,10
2008,Madhya Pradesh,Madhya Pradesh,State/UT,Indecent Representation of Women (Prevention) Act,INDECENT REPRESENTATION OF WOMEN(PREVENTION)ACT,FALSE,0
2008,Madhya Pradesh,Madhya Pradesh,State/UT,Insult to Modesty of Women,INSULT TO THE MODESTY OF WOMEN,FALSE,758
2008,Madhya Pradesh,Madhya Pradesh,State/UT,Kidnapping & Abduction of Women,KIDNAPPING & ABDUCTION,FALSE,736
2008,Madhya Pradesh,Madhya Pradesh,State/UT,Rape,RAPE,FALSE,2937
2008,Madhya Pradesh,Madhya Pradesh,State/UT,Total Crimes against Women,TOTAL CRIMES AGAINST WOMEN,FALSE,14908
2008,Maharashtra,Maharashtra,State/UT,Assault on Women with Intent to Outrage Modesty,ASSAULT ON WOMEN WITH INTENT TO OUTRAGE HER MODESTY,FALSE,3619
2008,Maharashtra,Maharashtra,State/UT,Cruelty by Husband or Relatives,CRUELTY BY HUSBAND OR RELATIVES,FALSE,7829
2008,Maharashtra,Maharashtra,State/UT,Dowry Deaths,DOWRY DEATH,FALSE,390
2008,Maharashtra,Maharashtra,State/UT,Immoral Traffic (Prevention) Act,IMMORAL TRAFFIC(PREVENTION)ACT,FALSE,327
2008,Maharashtra,Maharashtra,State/UT,Indecent Representation of Women (Prevention) Act,INDECENT REPRESENTATION OF WOMEN(PREVENTION)ACT,FALSE,1
2008,Maharashtra,Maharashtra,State/UT,Insult to Modesty of Women,INSULT TO THE MODESTY OF WOMEN,FALSE,1091
2008,Maharashtra,Maharashtra,State/UT,Kidnapping & Abduction of Women,KIDNAPPING & ABDUCTION,FALSE,998
2008,Maharashtra,Maharashtra,State/UT,Rape,RAPE,FALSE,1558
2008,Maharashtra,Maharashtra,State/UT,Total Crimes against Women,TOTAL CRIMES AGAINST WOMEN,FALSE,15862
2008,Manipur,Manipur,State/UT,Assault on Women with Intent to Outrage Modesty,ASSAULT ON WOMEN WITH INTENT TO OUTRAGE HER MODESTY,FALSE,57
2008,Manipur,Manipur,State/UT,Cruelty by Husband or Relatives,CRUELTY BY HUSBAND OR RELATIVES,FALSE,28
2008,Manipur,Manipur,State/UT,Dowry Deaths,DOWRY DEATH,FALSE,1
2008,Manipur,Manipur,State/UT,Immoral Traffic (Prevention) Act,IMMORAL TRAFFIC(PREVENTION)ACT,FALSE,0
2008,Manipur,Manipur,State/UT,Indecent Representation of Women (Prevention) Act,INDECENT REPRESENTATION OF WOMEN(PREVENTION)ACT,FALSE,0
2008,Manipur,Manipur,State/UT,Insult to Modesty of Women,INSULT TO THE MODESTY OF WOMEN,FALSE,0
2008,Manipur,Manipur,State/UT,Kidnapping & Abduction of Women,KIDNAPPING & ABDUCTION,FALSE,87
2008,Manipur,Manipur,State/UT,Rape,RAPE,FALSE,38
2008,Manipur,Manipur,State/UT,Total Crimes against Women,TOTAL CRIMES AGAINST WOMEN,FALSE,211
2008,Meghalaya,Meghalaya,State/UT,Assault on Women with Intent to Outrage Modesty,ASSAULT ON WOMEN WITH INTENT TO OUTRAGE HER MODESTY,FALSE,54
2008,Meghalaya,Meghalaya,State/UT,Cruelty by Husband or Relatives,CRUELTY BY HUSBAND OR RELATIVES,FALSE,32
2008,Meghalaya,Meghalaya,State/UT,Dowry Deaths,DOWRY DEATH,FALSE,2
2008,Meghalaya,Meghalaya,State/UT,Immoral Traffic (Prevention) Act,IMMORAL TRAFFIC(PREVENTION)ACT,FALSE,3
2008,Meghalaya,Meghalaya,State/UT,Indecent Representation of Women (Prevention) Act,INDECENT REPRESENTATION OF WOMEN(PREVENTION)ACT,FALSE,0
2008,Meghalaya,Meghalaya,State/UT,Insult to Modesty of Women,INSULT TO THE MODESTY OF WOMEN,FALSE,4
2008,Meghalaya,Meghalaya,State/UT,Kidnapping & Abduction of Women,KIDNAPPING & ABDUCTION,FALSE,25
2008,Meghalaya,Meghalaya,State/UT,Rape,RAPE,FALSE,88
2008,Meghalaya,Meghalaya,State/UT,Total Crimes against Women,TOTAL CRIMES AGAINST WOMEN,FALSE,208
2008,Mizoram,Mizoram,State/UT,Assault on Women with Intent to Outrage Modesty,ASSAULT ON WOMEN WITH INTENT TO OUTRAGE HER MODESTY,FALSE,78
2008,Mizoram,Mizoram,State/UT,Cruelty by Husband or Relatives,CRUELTY BY HUSBAND OR RELATIVES,FALSE,5
2008,Mizoram,Mizoram,State/UT,Dowry Deaths,DOWRY DEATH,FALSE,0
2008,Mizoram,Mizoram,State/UT,Immoral Traffic (Prevention) Act,IMMORAL TRAFFIC(PREVENTION)ACT,FALSE,1
2008,Mizoram,Mizoram,State/UT,Indecent Representation of Women (Prevention) Act,INDECENT REPRESENTATION OF WOMEN(PREVENTION)ACT,FALSE,0
2008,Mizoram,Mizoram,State/UT,Insult to Modesty of Women,INSULT TO THE MODESTY OF WOMEN,FALSE,0
2008,Mizoram,Mizoram,State/UT,Kidnapping & Abduction of Women,KIDNAPPING & ABDUCTION,FALSE,1
2008,Mizoram,Mizoram,State/UT,Rape,RAPE,FALSE,77
2008,Mizoram,Mizoram,State/UT,Total Crimes against Women,TOTAL CRIMES AGAINST WOMEN,FALSE,162
2008,Nagaland,Nagaland,State/UT,Assault on Women with Intent to Outrage Modesty,ASSAULT ON WOMEN WITH INTENT TO OUTRAGE HER MODESTY,FALSE,15
2008,Nagaland,Nagaland,State/UT,Cruelty by Husband or Relatives,CRUELTY BY HUSBAND OR RELATIVES,FALSE,4
2008,Nagaland,Nagaland,State/UT,Dowry Deaths,DOWRY DEATH,FALSE,0
2008,Nagaland,Nagaland,State/UT,Immoral Traffic (Prevention) Act,IMMORAL TRAFFIC(PREVENTION)ACT,FALSE,1
2008,Nagaland,Nagaland,State/UT,Indecent Representation of Women (Prevention) Act,INDECENT REPRESENTATION OF WOMEN(PREVENTION)ACT,FALSE,0
2008,Nagaland,Nagaland,State/UT,Insult to Modesty of Women,INSULT TO THE MODESTY OF WOMEN,FALSE,1
2008,Nagaland,Nagaland,State/UT,Kidnapping & Abduction of Women,KIDNAPPING & ABDUCTION,FALSE,7
2008,Nagaland,Nagaland,State/UT,Rape,RAPE,FALSE,19
2008,Nagaland,Nagaland,State/UT,Total Crimes against Women,TOTAL CRIMES AGAINST WOMEN,FALSE,47
2008,Odisha,Odisha,State/UT,Assault on Women with Intent to Outrage Modesty,ASSAULT ON WOMEN WITH INTENT TO OUTRAGE HER MODESTY,FALSE,2782
2008,Odisha,Odisha,State/UT,Cruelty by Husband or Relatives,CRUELTY BY HUSBAND OR RELATIVES,FALSE,1618
2008,Odisha,Odisha,State/UT,Dowry Deaths,DOWRY DEATH,FALSE,401
2008,Odisha,Odisha,State/UT,Immoral Traffic (Prevention) Act,IMMORAL TRAFFIC(PREVENTION)ACT,FALSE,29
2008,Odisha,Odisha,State/UT,Indecent Representation of Women (Prevention) Act,INDECENT REPRESENTATION OF WOMEN(PREVENTION)ACT,FALSE,0
2008,Odisha,Odisha,State/UT,Insult to Modesty of Women,INSULT TO THE MODESTY OF WOMEN,FALSE,282
2008,Odisha,Odisha,State/UT,Kidnapping & Abduction of Women,KIDNAPPING & ABDUCTION,FALSE,762
2008,Odisha,Odisha,State/UT,Rape,RAPE,FALSE,1113
2008,Odisha,Odisha,State/UT,Total Crimes against Women,TOTAL CRIMES AGAINST WOMEN,FALSE,8303
2008,Puducherry,Puducherry,State/UT,Assault on Women with Intent to Outrage Modesty,ASSAULT ON WOMEN WITH INTENT TO OUTRAGE HER MODESTY,FALSE,65
2008,Puducherry,Puducherry,State/UT,Cruelty by Husband or Relatives,CRUELTY BY HUSBAND OR RELATIVES,FALSE,12
2008,Puducherry,Puducherry,State/UT,Dowry Deaths,DOWRY DEATH,FALSE,2
2008,Puducherry,Puducherry,State/UT,Immoral Traffic (Prevention) Act,IMMORAL TRAFFIC(PREVENTION)ACT,FALSE,3
2008,Puducherry,Puducherry,State/UT,Indecent Representation of Women (Prevention) Act,INDECENT REPRESENTATION OF WOMEN(PREVENTION)ACT,FALSE,0
2008,Puducherry,Puducherry,State/UT,Insult to Modesty of Women,INSULT TO THE MODESTY OF WOMEN,FALSE,21
2008,Puducherry,Puducherry,State/UT,Kidnapping & Abduction of Women,KIDNAPPING & ABDUCTION,FALSE,9
2008,Puducherry,Puducherry,State/UT,Rape,RAPE,FALSE,8
2008,Puducherry,Puducherry,State/UT,Total Crimes against Women,TOTAL CRIMES AGAINST WOMEN,FALSE,129
2008,Punjab,Punjab,State/UT,Assault on Women with Intent to Outrage Modesty,ASSAULT ON WOMEN WITH INTENT TO OUTRAGE HER MODESTY,FALSE,388
2008,Punjab,Punjab,State/UT,Cruelty by Husband or Relatives,CRUELTY BY HUSBAND OR RELATIVES,FALSE,984
2008,Punjab,Punjab,State/UT,Dowry Deaths,DOWRY DEATH,FALSE,128
2008,Punjab,Punjab,State/UT,Immoral Traffic (Prevention) Act,IMMORAL TRAFFIC(PREVENTION)ACT,FALSE,43
2008,Punjab,Punjab,State/UT,Indecent Representation of Women (Prevention) Act,INDECENT REPRESENTATION OF WOMEN(PREVENTION)ACT,FALSE,0
2008,Punjab,Punjab,State/UT,Insult to Modesty of Women,INSULT TO THE MODESTY OF WOMEN,FALSE,49
2008,Punjab,Punjab,State/UT,Kidnapping & Abduction of Women,KIDNAPPING & ABDUCTION,FALSE,514
2008,Punjab,Punjab,State/UT,Rape,RAPE,FALSE,517
2008,Punjab,Punjab,State/UT,Total Crimes against Women,TOTAL CRIMES AGAINST WOMEN,FALSE,2627
2008,Rajasthan,Rajasthan,State/UT,Assault on Women with Intent to Outrage Modesty,ASSAULT ON WOMEN WITH INTENT TO OUTRAGE HER MODESTY,FALSE,2520
2008,Rajasthan,Rajasthan,State/UT,Cruelty by Husband or Relatives,CRUELTY BY HUSBAND OR RELATIVES,FALSE,8113
2008,Rajasthan,Rajasthan,State/UT,Dowry Deaths,DOWRY DEATH,FALSE,439
2008,Rajasthan,Rajasthan,State/UT,Immoral Traffic (Prevention) Act,IMMORAL TRAFFIC(PREVENTION)ACT,FALSE,72
2008,Rajasthan,Rajasthan,State/UT,Indecent Representation of Women (Prevention) Act,INDECENT REPRESENTATION OF WOMEN(PREVENTION)ACT,FALSE,107
2008,Rajasthan,Rajasthan,State/UT,Insult to Modesty of Women,INSULT TO THE MODESTY OF WOMEN,FALSE,19
2008,Rajasthan,Rajasthan,State/UT,Kidnapping & Abduction of Women,KIDNAPPING & ABDUCTION,FALSE,1863
2008,Rajasthan,Rajasthan,State/UT,Rape,RAPE,FALSE,1355
2008,Rajasthan,Rajasthan,State/UT,Total Crimes against Women,TOTAL CRIMES AGAINST WOMEN,FALSE,14491
2008,Sikkim,Sikkim,State/UT,Assault on Women with Intent to Outrage Modesty,ASSAULT ON WOMEN WITH INTENT TO OUTRAGE HER MODESTY,FALSE,19
2008,Sikkim,Sikkim,State/UT,Cruelty by Husband or Relatives,CRUELTY BY HUSBAND OR RELATIVES,FALSE,5
2008,Sikkim,Sikkim,State/UT,Dowry Deaths,DOWRY DEATH,FALSE,0
2008,Sikkim,Sikkim,State/UT,Immoral Traffic (Prevention) Act,IMMORAL TRAFFIC(PREVENTION)ACT,FALSE,0
2008,Sikkim,Sikkim,State/UT,Indecent Representation of Women (Prevention) Act,INDECENT REPRESENTATION OF WOMEN(PREVENTION)ACT,FALSE,0
2008,Sikkim,Sikkim,State/UT,Insult to Modesty of Women,INSULT TO THE MODESTY OF WOMEN,FALSE,0
2008,Sikkim,Sikkim,State/UT,Kidnapping & Abduction of Women,KIDNAPPING & ABDUCTION,FALSE,4
2008,Sikkim,Sikkim,State/UT,Rape,RAPE,FALSE,20
2008,Sikkim,Sikkim,State/UT,Total Crimes against Women,TOTAL CRIMES AGAINST WOMEN,FALSE,48
2008,Tamil Nadu,Tamil Nadu,State/UT,Assault on Women with Intent to Outrage Modesty,ASSAULT ON WOMEN WITH INTENT TO OUTRAGE HER MODESTY,FALSE,1705
2008,Tamil Nadu,Tamil Nadu,State/UT,Cruelty by Husband or Relatives,CRUELTY BY HUSBAND OR RELATIVES,FALSE,1648
2008,Tamil Nadu,Tamil Nadu,State/UT,Dowry Deaths,DOWRY DEATH,FALSE,207
2008,Tamil Nadu,Tamil Nadu,State/UT,Immoral Traffic (Prevention) Act,IMMORAL TRAFFIC(PREVENTION)ACT,FALSE,687
2008,Tamil Nadu,Tamil Nadu,State/UT,Indecent Representation of Women (Prevention) Act,INDECENT REPRESENTATION OF WOMEN(PREVENTION)ACT,FALSE,4
2008,Tamil Nadu,Tamil Nadu,State/UT,Insult to Modesty of Women,INSULT TO THE MODESTY OF WOMEN,FALSE,974
2008,Tamil Nadu,Tamil Nadu,State/UT,Kidnapping & Abduction of Women,KIDNAPPING & ABDUCTION,FALSE,1160
2008,Tamil Nadu,Tamil Nadu,State/UT,Rape,RAPE,FALSE,573
2008,Tamil Nadu,Tamil Nadu,State/UT,Total Crimes against Women,TOTAL CRIMES AGAINST WOMEN,FALSE,7220
2008,Tripura,Tripura,State/UT,Assault on Women with Intent to Outrage Modesty,ASSAULT ON WOMEN WITH INTENT TO OUTRAGE HER MODESTY,FALSE,346
2008,Tripura,Tripura,State/UT,Cruelty by Husband or Relatives,CRUELTY BY HUSBAND OR RELATIVES,FALSE,735
2008,Tripura,Tripura,State/UT,Dowry Deaths,DOWRY DEATH,FALSE,16
2008,Tripura,Tripura,State/UT,Immoral Traffic (Prevention) Act,IMMORAL TRAFFIC(PREVENTION)ACT,FALSE,0
2008,Tripura,Tripura,State/UT,Indecent Representation of Women (Prevention) Act,INDECENT REPRESENTATION OF WOMEN(PREVENTION)ACT,FALSE,0
2008,Tripura,Tripura,State/UT,Insult to Modesty of Women,INSULT TO THE MODESTY OF WOMEN,FALSE,4
2008,Tripura,Tripura,State/UT,Kidnapping & Abduction of Women,KIDNAPPING & ABDUCTION,FALSE,110
2008,Tripura,Tripura,State/UT,Rape,RAPE,FALSE,204
2008,Tripura,Tripura,State/UT,Total Crimes against Women,TOTAL CRIMES AGAINST WOMEN,FALSE,1416
2008,Uttar Pradesh,Uttar Pradesh,State/UT,Assault on Women with Intent to Outrage Modesty,ASSAULT ON WOMEN WITH INTENT TO OUTRAGE HER MODESTY,FALSE,2955
2008,Uttar Pradesh,Uttar Pradesh,State/UT,Cruelty by Husband or Relatives,CRUELTY BY HUSBAND OR RELATIVES,FALSE,8312
2008,Uttar Pradesh,Uttar Pradesh,State/UT,Dowry Deaths,DOWRY DEATH,FALSE,2237
2008,Uttar Pradesh,Uttar Pradesh,State/UT,Immoral Traffic (Prevention) Act,IMMORAL TRAFFIC(PREVENTION)ACT,FALSE,57
2008,Uttar Pradesh,Uttar Pradesh,State/UT,Indecent Representation of Women (Prevention) Act,INDECENT REPRESENTATION OF WOMEN(PREVENTION)ACT,FALSE,0
2008,Uttar Pradesh,Uttar Pradesh,State/UT,Insult to Modesty of Women,INSULT TO THE MODESTY OF WOMEN,FALSE,3374
2008,Uttar Pradesh,Uttar Pradesh,State/UT,Kidnapping & Abduction of Women,KIDNAPPING & ABDUCTION,FALSE,4439
2008,Uttar Pradesh,Uttar Pradesh,State/UT,Rape,RAPE,FALSE,1871
2008,Uttar Pradesh,Uttar Pradesh,State/UT,Total Crimes against Women,TOTAL CRIMES AGAINST WOMEN,FALSE,23569
2008,Uttarakhand,Uttarakhand,State/UT,Assault on Women with Intent to Outrage Modesty,ASSAULT ON WOMEN WITH INTENT TO OUTRAGE HER MODESTY,FALSE,120
2008,Uttarakhand,Uttarakhand,State/UT,Cruelty by Husband or Relatives,CRUELTY BY HUSBAND OR RELATIVES,FALSE,340
2008,Uttarakhand,Uttarakhand,State/UT,Dowry Deaths,DOWRY DEATH,FALSE,73
2008,Uttarakhand,Uttarakhand,State/UT,Immoral Traffic (Prevention) Act,IMMORAL TRAFFIC(PREVENTION)ACT,FALSE,3
2008,Uttarakhand,Uttarakhand,State/UT,Indecent Representation of Women (Prevention) Act,INDECENT REPRESENTATION OF WOMEN(PREVENTION)ACT,FALSE,0
2008,Uttarakhand,Uttarakhand,State/UT,Insult to Modesty of Women,INSULT TO THE MODESTY OF WOMEN,FALSE,306
2008,Uttarakhand,Uttarakhand,State/UT,Kidnapping & Abduction of Women,KIDNAPPING & ABDUCTION,FALSE,222
2008,Uttarakhand,Uttarakhand,State/UT,Rape,RAPE,FALSE,87
2008,Uttarakhand,Uttarakhand,State/UT,Total Crimes against Women,TOTAL CRIMES AGAINST WOMEN,FALSE,1151
2008,West Bengal,West Bengal,State/UT,Assault on Women with Intent to Outrage Modesty,ASSAULT ON WOMEN WITH INTENT TO OUTRAGE HER MODESTY,FALSE,2396
2008,West Bengal,West Bengal,State/UT,Cruelty by Husband or Relatives,CRUELTY BY HUSBAND OR RELATIVES,FALSE,13663
2008,West Bengal,West Bengal,State/UT,Dowry Deaths,DOWRY DEATH,FALSE,451
2008,West Bengal,West Bengal,State/UT,Immoral Traffic (Prevention) Act,IMMORAL TRAFFIC(PREVENTION)ACT,FALSE,62
2008,West Bengal,West Bengal,State/UT,Indecent Representation of Women (Prevention) Act,INDECENT REPRESENTATION OF WOMEN(PREVENTION)ACT,FALSE,3
2008,West Bengal,West Bengal,State/UT,Insult to Modesty of Women,INSULT TO THE MODESTY OF WOMEN,FALSE,94
2008,West Bengal,West Bengal,State/UT,Kidnapping & Abduction of Women,KIDNAPPING & ABDUCTION,FALSE,1907
2008,West Bengal,West Bengal,State/UT,Rape,RAPE,FALSE,2263
2008,West Bengal,West Bengal,State/UT,Total Crimes against Women,TOTAL CRIMES AGAINST WOMEN,FALSE,20912
2009,All India (Total),All India,Aggregate,Assault on Women with Intent to Outrage Modesty,ASSAULT ON WOMEN WITH INTENT TO OUTRAGE HER MODESTY,FALSE,38711
2009,All India (Total),All India,Aggregate,Cruelty by Husband or Relatives,CRUELTY BY HUSBAND OR RELATIVES,FALSE,89546
2009,All India (Total),ALL INDIA,Aggregate,Dowry Deaths,DOWRY DEATH,FALSE,8383
2009,All India (Total),All India,Aggregate,Immoral Traffic (Prevention) Act,IMMORAL TRAFFIC(PREVENTION)ACT,FALSE,2474
2009,All India (Total),All India,Aggregate,Indecent Representation of Women (Prevention) Act,INDECENT REPRESENTATION OF WOMEN(PREVENTION)ACT,FALSE,845
2009,All India (Total),All India,Aggregate,Insult to Modesty of Women,INSULT TO THE MODESTY OF WOMEN,FALSE,11009
2009,All India (Total),ALL INDIA K&A,Aggregate,Kidnapping & Abduction of Women,KIDNAPPING & ABDUCTION,FALSE,25741
2009,All India (Total),All India,Aggregate,Rape,RAPE,FALSE,21397
2009,All India (Total),TOTAL Crime against Women,Aggregate,Total Crimes against Women,TOTAL CRIMES AGAINST WOMEN,FALSE,203804
2009,Andaman & Nicobar Islands,A&N Islands,State/UT,Assault on Women with Intent to Outrage Modesty,ASSAULT ON WOMEN WITH INTENT TO OUTRAGE HER MODESTY,FALSE,30
2009,Andaman & Nicobar Islands,A&N Islands,State/UT,Cruelty by Husband or Relatives,CRUELTY BY HUSBAND OR RELATIVES,FALSE,21
2009,Andaman & Nicobar Islands,A&N Islands,State/UT,Dowry Deaths,DOWRY DEATH,FALSE,1
2009,Andaman & Nicobar Islands,A&N Islands,State/UT,Immoral Traffic (Prevention) Act,IMMORAL TRAFFIC(PREVENTION)ACT,FALSE,1
2009,Andaman & Nicobar Islands,A&N Islands,State/UT,Indecent Representation of Women (Prevention) Act,INDECENT REPRESENTATION OF WOMEN(PREVENTION)ACT,FALSE,0
2009,Andaman & Nicobar Islands,A&N Islands,State/UT,Insult to Modesty of Women,INSULT TO THE MODESTY OF WOMEN,FALSE,7
2009,Andaman & Nicobar Islands,A&N Islands,State/UT,Kidnapping & Abduction of Women,KIDNAPPING & ABDUCTION,FALSE,14
2009,Andaman & Nicobar Islands,A&N Islands,State/UT,Rape,RAPE,FALSE,18
2009,Andaman & Nicobar Islands,A&N Islands,State/UT,Total Crimes against Women,TOTAL CRIMES AGAINST WOMEN,FALSE,92
2009,Andhra Pradesh,Andhra Pradesh,State/UT,Assault on Women with Intent to Outrage Modesty,ASSAULT ON WOMEN WITH INTENT TO OUTRAGE HER MODESTY,FALSE,5147
2009,Andhra Pradesh,Andhra Pradesh,State/UT,Cruelty by Husband or Relatives,CRUELTY BY HUSBAND OR RELATIVES,FALSE,11297
2009,Andhra Pradesh,Andhra Pradesh,State/UT,Dowry Deaths,DOWRY DEATH,FALSE,546
2009,Andhra Pradesh,Andhra Pradesh,State/UT,Immoral Traffic (Prevention) Act,IMMORAL TRAFFIC(PREVENTION)ACT,FALSE,279
2009,Andhra Pradesh,Andhra Pradesh,State/UT,Indecent Representation of Women (Prevention) Act,INDECENT REPRESENTATION OF WOMEN(PREVENTION)ACT,FALSE,704
2009,Andhra Pradesh,Andhra Pradesh,State/UT,Insult to Modesty of Women,INSULT TO THE MODESTY OF WOMEN,FALSE,3520
2009,Andhra Pradesh,Andhra Pradesh,State/UT,Kidnapping & Abduction of Women,KIDNAPPING & ABDUCTION,FALSE,1526
2009,Andhra Pradesh,Andhra Pradesh,State/UT,Rape,RAPE,FALSE,1188
2009,Andhra Pradesh,Andhra Pradesh,State/UT,Total Crimes against Women,TOTAL CRIMES AGAINST WOMEN,FALSE,25569
2009,Arunachal Pradesh,Arunachal Pradesh,State/UT,Assault on Women with Intent to Outrage Modesty,ASSAULT ON WOMEN WITH INTENT TO OUTRAGE HER MODESTY,FALSE,58
2009,Arunachal Pradesh,Arunachal Pradesh,State/UT,Cruelty by Husband or Relatives,CRUELTY BY HUSBAND OR RELATIVES,FALSE,13
2009,Arunachal Pradesh,Arunachal Pradesh,State/UT,Dowry Deaths,DOWRY DEATH,FALSE,0
2009,Arunachal Pradesh,Arunachal Pradesh,State/UT,Immoral Traffic (Prevention) Act,IMMORAL TRAFFIC(PREVENTION)ACT,FALSE,0
2009,Arunachal Pradesh,Arunachal Pradesh,State/UT,Indecent Representation of Women (Prevention) Act,INDECENT REPRESENTATION OF WOMEN(PREVENTION)ACT,FALSE,0
2009,Arunachal Pradesh,Arunachal Pradesh,State/UT,Insult to Modesty of Women,INSULT TO THE MODESTY OF WOMEN,FALSE,6
2009,Arunachal Pradesh,Arunachal Pradesh,State/UT,Kidnapping & Abduction of Women,KIDNAPPING & ABDUCTION,FALSE,28
2009,Arunachal Pradesh,Arunachal Pradesh,State/UT,Rape,RAPE,FALSE,59
2009,Arunachal Pradesh,Arunachal Pradesh,State/UT,Total Crimes against Women,TOTAL CRIMES AGAINST WOMEN,FALSE,164
2009,Assam,Assam,State/UT,Assault on Women with Intent to Outrage Modesty,ASSAULT ON WOMEN WITH INTENT TO OUTRAGE HER MODESTY,FALSE,1342
2009,Assam,Assam,State/UT,Cruelty by Husband or Relatives,CRUELTY BY HUSBAND OR RELATIVES,FALSE,4398
2009,Assam,Assam,State/UT,Dowry Deaths,DOWRY DEATH,FALSE,170
2009,Assam,Assam,State/UT,Immoral Traffic (Prevention) Act,IMMORAL TRAFFIC(PREVENTION)ACT,FALSE,37
2009,Assam,Assam,State/UT,Indecent Representation of Women (Prevention) Act,INDECENT REPRESENTATION OF WOMEN(PREVENTION)ACT,FALSE,0
2009,Assam,Assam,State/UT,Insult to Modesty of Women,INSULT TO THE MODESTY OF WOMEN,FALSE,10
2009,Assam,Assam,State/UT,Kidnapping & Abduction of Women,KIDNAPPING & ABDUCTION,FALSE,2092
2009,Assam,Assam,State/UT,Rape,RAPE,FALSE,1631
2009,Assam,Assam,State/UT,Total Crimes against Women,TOTAL CRIMES AGAINST WOMEN,FALSE,9721
2009,Bihar,Bihar,State/UT,Assault on Women with Intent to Outrage Modesty,ASSAULT ON WOMEN WITH INTENT TO OUTRAGE HER MODESTY,FALSE,726
2009,Bihar,Bihar,State/UT,Cruelty by Husband or Relatives,CRUELTY BY HUSBAND OR RELATIVES,FALSE,2532
2009,Bihar,Bihar,State/UT,Dowry Deaths,DOWRY DEATH,FALSE,1295
2009,Bihar,Bihar,State/UT,Immoral Traffic (Prevention) Act,IMMORAL TRAFFIC(PREVENTION)ACT,FALSE,40
2009,Bihar,Bihar,State/UT,Indecent Representation of Women (Prevention) Act,INDECENT REPRESENTATION OF WOMEN(PREVENTION)ACT,FALSE,0
2009,Bihar,Bihar,State/UT,Insult to Modesty of Women,INSULT TO THE MODESTY OF WOMEN,FALSE,12
2009,Bihar,Bihar,State/UT,Kidnapping & Abduction of Women,KIDNAPPING & ABDUCTION,FALSE,1986
2009,Bihar,Bihar,State/UT,Rape,RAPE,FALSE,929
2009,Bihar,Bihar,State/UT,Total Crimes against Women,TOTAL CRIMES AGAINST WOMEN,FALSE,8803
2009,Chandigarh,Chandigarh,State/UT,Assault on Women with Intent to Outrage Modesty,ASSAULT ON WOMEN WITH INTENT TO OUTRAGE HER MODESTY,FALSE,26
2009,Chandigarh,Chandigarh,State/UT,Cruelty by Husband or Relatives,CRUELTY BY HUSBAND OR RELATIVES,FALSE,51
2009,Chandigarh,Chandigarh,State/UT,Dowry Deaths,DOWRY DEATH,FALSE,2
2009,Chandigarh,Chandigarh,State/UT,Immoral Traffic (Prevention) Act,IMMORAL TRAFFIC(PREVENTION)ACT,FALSE,4
2009,Chandigarh,Chandigarh,State/UT,Indecent Representation of Women (Prevention) Act,INDECENT REPRESENTATION OF WOMEN(PREVENTION)ACT,FALSE,0
2009,Chandigarh,Chandigarh,State/UT,Insult to Modesty of Women,INSULT TO THE MODESTY OF WOMEN,FALSE,2
2009,Chandigarh,Chandigarh,State/UT,Kidnapping & Abduction of Women,KIDNAPPING & ABDUCTION,FALSE,36
2009,Chandigarh,Chandigarh,State/UT,Rape,RAPE,FALSE,29
2009,Chandigarh,Chandigarh,State/UT,Total Crimes against Women,TOTAL CRIMES AGAINST WOMEN,FALSE,150
2009,Chhattisgarh,Chhattisgarh,State/UT,Assault on Women with Intent to Outrage Modesty,ASSAULT ON WOMEN WITH INTENT TO OUTRAGE HER MODESTY,FALSE,1598
2009,Chhattisgarh,Chhattisgarh,State/UT,Cruelty by Husband or Relatives,CRUELTY BY HUSBAND OR RELATIVES,FALSE,893
2009,Chhattisgarh,Chhattisgarh,State/UT,Dowry Deaths,DOWRY DEATH,FALSE,128
2009,Chhattisgarh,Chhattisgarh,State/UT,Immoral Traffic (Prevention) Act,IMMORAL TRAFFIC(PREVENTION)ACT,FALSE,9
2009,Chhattisgarh,Chhattisgarh,State/UT,Indecent Representation of Women (Prevention) Act,INDECENT REPRESENTATION OF WOMEN(PREVENTION)ACT,FALSE,1
2009,Chhattisgarh,Chhattisgarh,State/UT,Insult to Modesty of Women,INSULT TO THE MODESTY OF WOMEN,FALSE,152
2009,Chhattisgarh,Chhattisgarh,State/UT,Kidnapping & Abduction of Women,KIDNAPPING & ABDUCTION,FALSE,229
2009,Chhattisgarh,Chhattisgarh,State/UT,Rape,RAPE,FALSE,976
2009,Chhattisgarh,Chhattisgarh,State/UT,Total Crimes against Women,TOTAL CRIMES AGAINST WOMEN,FALSE,4002
2009,"Dadra & Nagar Haveli (pre-2020, separate UT)",D&N Haveli,State/UT,Assault on Women with Intent to Outrage Modesty,ASSAULT ON WOMEN WITH INTENT TO OUTRAGE HER MODESTY,FALSE,2
2009,"Dadra & Nagar Haveli (pre-2020, separate UT)",D&N Haveli,State/UT,Cruelty by Husband or Relatives,CRUELTY BY HUSBAND OR RELATIVES,FALSE,3
2009,"Dadra & Nagar Haveli (pre-2020, separate UT)",D&N Haveli,State/UT,Dowry Deaths,DOWRY DEATH,FALSE,0
2009,"Dadra & Nagar Haveli (pre-2020, separate UT)",D&N Haveli,State/UT,Immoral Traffic (Prevention) Act,IMMORAL TRAFFIC(PREVENTION)ACT,FALSE,0
2009,"Dadra & Nagar Haveli (pre-2020, separate UT)",D&N Haveli,State/UT,Indecent Representation of Women (Prevention) Act,INDECENT REPRESENTATION OF WOMEN(PREVENTION)ACT,FALSE,0
2009,"Dadra & Nagar Haveli (pre-2020, separate UT)",D&N Haveli,State/UT,Insult to Modesty of Women,INSULT TO THE MODESTY OF WOMEN,FALSE,1
2009,"Dadra & Nagar Haveli (pre-2020, separate UT)",D&N Haveli,State/UT,Kidnapping & Abduction of Women,KIDNAPPING & ABDUCTION,FALSE,9
2009,"Dadra & Nagar Haveli (pre-2020, separate UT)",D&N Haveli,State/UT,Rape,RAPE,FALSE,4
2009,"Dadra & Nagar Haveli (pre-2020, separate UT)",D&N Haveli,State/UT,Total Crimes against Women,TOTAL CRIMES AGAINST WOMEN,FALSE,20
2009,"Daman & Diu (pre-2020, separate UT)",Daman & Diu,State/UT,Assault on Women with Intent to Outrage Modesty,ASSAULT ON WOMEN WITH INTENT TO OUTRAGE HER MODESTY,FALSE,4
2009,"Daman & Diu (pre-2020, separate UT)",Daman & Diu,State/UT,Cruelty by Husband or Relatives,CRUELTY BY HUSBAND OR RELATIVES,FALSE,3
2009,"Daman & Diu (pre-2020, separate UT)",Daman & Diu,State/UT,Dowry Deaths,DOWRY DEATH,FALSE,0
2009,"Daman & Diu (pre-2020, separate UT)",Daman & Diu,State/UT,Immoral Traffic (Prevention) Act,IMMORAL TRAFFIC(PREVENTION)ACT,FALSE,4
2009,"Daman & Diu (pre-2020, separate UT)",Daman & Diu,State/UT,Indecent Representation of Women (Prevention) Act,INDECENT REPRESENTATION OF WOMEN(PREVENTION)ACT,FALSE,0
2009,"Daman & Diu (pre-2020, separate UT)",Daman & Diu,State/UT,Insult to Modesty of Women,INSULT TO THE MODESTY OF WOMEN,FALSE,1
2009,"Daman & Diu (pre-2020, separate UT)",Daman & Diu,State/UT,Kidnapping & Abduction of Women,KIDNAPPING & ABDUCTION,FALSE,0
2009,"Daman & Diu (pre-2020, separate UT)",Daman & Diu,State/UT,Rape,RAPE,FALSE,1
2009,"Daman & Diu (pre-2020, separate UT)",Daman & Diu,State/UT,Total Crimes against Women,TOTAL CRIMES AGAINST WOMEN,FALSE,13
2009,Delhi,Delhi UT,State/UT,Assault on Women with Intent to Outrage Modesty,ASSAULT ON WOMEN WITH INTENT TO OUTRAGE HER MODESTY,FALSE,552
2009,Delhi,Delhi UT,State/UT,Cruelty by Husband or Relatives,CRUELTY BY HUSBAND OR RELATIVES,FALSE,1283
2009,Delhi,Delhi UT,State/UT,Dowry Deaths,DOWRY DEATH,FALSE,141
2009,Delhi,Delhi UT,State/UT,Immoral Traffic (Prevention) Act,IMMORAL TRAFFIC(PREVENTION)ACT,FALSE,27
2009,Delhi,Delhi UT,State/UT,Indecent Representation of Women (Prevention) Act,INDECENT REPRESENTATION OF WOMEN(PREVENTION)ACT,FALSE,0
2009,Delhi,Delhi UT,State/UT,Insult to Modesty of Women,INSULT TO THE MODESTY OF WOMEN,FALSE,118
2009,Delhi,Delhi UT,State/UT,Kidnapping & Abduction of Women,KIDNAPPING & ABDUCTION,FALSE,1655
2009,Delhi,Delhi UT,State/UT,Rape,RAPE,FALSE,469
2009,Delhi,Delhi UT,State/UT,Total Crimes against Women,TOTAL CRIMES AGAINST WOMEN,FALSE,4251
2009,Goa,Goa,State/UT,Assault on Women with Intent to Outrage Modesty,ASSAULT ON WOMEN WITH INTENT TO OUTRAGE HER MODESTY,FALSE,37
2009,Goa,Goa,State/UT,Cruelty by Husband or Relatives,CRUELTY BY HUSBAND OR RELATIVES,FALSE,21
2009,Goa,Goa,State/UT,Dowry Deaths,DOWRY DEATH,FALSE,3
2009,Goa,Goa,State/UT,Immoral Traffic (Prevention) Act,IMMORAL TRAFFIC(PREVENTION)ACT,FALSE,23
2009,Goa,Goa,State/UT,Indecent Representation of Women (Prevention) Act,INDECENT REPRESENTATION OF WOMEN(PREVENTION)ACT,FALSE,1
2009,Goa,Goa,State/UT,Insult to Modesty of Women,INSULT TO THE MODESTY OF WOMEN,FALSE,10
2009,Goa,Goa,State/UT,Kidnapping & Abduction of Women,KIDNAPPING & ABDUCTION,FALSE,22
2009,Goa,Goa,State/UT,Rape,RAPE,FALSE,47
2009,Goa,Goa,State/UT,Total Crimes against Women,TOTAL CRIMES AGAINST WOMEN,FALSE,164
2009,Gujarat,Gujarat,State/UT,Assault on Women with Intent to Outrage Modesty,ASSAULT ON WOMEN WITH INTENT TO OUTRAGE HER MODESTY,FALSE,727
2009,Gujarat,Gujarat,State/UT,Cruelty by Husband or Relatives,CRUELTY BY HUSBAND OR RELATIVES,FALSE,5506
2009,Gujarat,Gujarat,State/UT,Dowry Deaths,DOWRY DEATH,FALSE,24
2009,Gujarat,Gujarat,State/UT,Immoral Traffic (Prevention) Act,IMMORAL TRAFFIC(PREVENTION)ACT,FALSE,41
2009,Gujarat,Gujarat,State/UT,Indecent Representation of Women (Prevention) Act,INDECENT REPRESENTATION OF WOMEN(PREVENTION)ACT,FALSE,0
2009,Gujarat,Gujarat,State/UT,Insult to Modesty of Women,INSULT TO THE MODESTY OF WOMEN,FALSE,114
2009,Gujarat,Gujarat,State/UT,Kidnapping & Abduction of Women,KIDNAPPING & ABDUCTION,FALSE,1162
2009,Gujarat,Gujarat,State/UT,Rape,RAPE,FALSE,433
2009,Gujarat,Gujarat,State/UT,Total Crimes against Women,TOTAL CRIMES AGAINST WOMEN,FALSE,8009
2009,Haryana,Haryana,State/UT,Assault on Women with Intent to Outrage Modesty,ASSAULT ON WOMEN WITH INTENT TO OUTRAGE HER MODESTY,FALSE,451
2009,Haryana,Haryana,State/UT,Cruelty by Husband or Relatives,CRUELTY BY HUSBAND OR RELATIVES,FALSE,2617
2009,Haryana,Haryana,State/UT,Dowry Deaths,DOWRY DEATH,FALSE,281
2009,Haryana,Haryana,State/UT,Immoral Traffic (Prevention) Act,IMMORAL TRAFFIC(PREVENTION)ACT,FALSE,90
2009,Haryana,Haryana,State/UT,Indecent Representation of Women (Prevention) Act,INDECENT REPRESENTATION OF WOMEN(PREVENTION)ACT,FALSE,0
2009,Haryana,Haryana,State/UT,Insult to Modesty of Women,INSULT TO THE MODESTY OF WOMEN,FALSE,605
2009,Haryana,Haryana,State/UT,Kidnapping & Abduction of Women,KIDNAPPING & ABDUCTION,FALSE,659
2009,Haryana,Haryana,State/UT,Rape,RAPE,FALSE,603
2009,Haryana,Haryana,State/UT,Total Crimes against Women,TOTAL CRIMES AGAINST WOMEN,FALSE,5312
2009,Himachal Pradesh,Himachal Pradesh,State/UT,Assault on Women with Intent to Outrage Modesty,ASSAULT ON WOMEN WITH INTENT TO OUTRAGE HER MODESTY,FALSE,318
2009,Himachal Pradesh,Himachal Pradesh,State/UT,Cruelty by Husband or Relatives,CRUELTY BY HUSBAND OR RELATIVES,FALSE,284
2009,Himachal Pradesh,Himachal Pradesh,State/UT,Dowry Deaths,DOWRY DEATH,FALSE,1
2009,Himachal Pradesh,Himachal Pradesh,State/UT,Immoral Traffic (Prevention) Act,IMMORAL TRAFFIC(PREVENTION)ACT,FALSE,5
2009,Himachal Pradesh,Himachal Pradesh,State/UT,Indecent Representation of Women (Prevention) Act,INDECENT REPRESENTATION OF WOMEN(PREVENTION)ACT,FALSE,0
2009,Himachal Pradesh,Himachal Pradesh,State/UT,Insult to Modesty of Women,INSULT TO THE MODESTY OF WOMEN,FALSE,37
2009,Himachal Pradesh,Himachal Pradesh,State/UT,Kidnapping & Abduction of Women,KIDNAPPING & ABDUCTION,FALSE,122
2009,Himachal Pradesh,Himachal Pradesh,State/UT,Rape,RAPE,FALSE,183
2009,Himachal Pradesh,Himachal Pradesh,State/UT,Total Crimes against Women,TOTAL CRIMES AGAINST WOMEN,FALSE,954
2009,Jammu & Kashmir,Jammu & Kashmir,State/UT,Assault on Women with Intent to Outrage Modesty,ASSAULT ON WOMEN WITH INTENT TO OUTRAGE HER MODESTY,FALSE,972
2009,Jammu & Kashmir,Jammu & Kashmir,State/UT,Cruelty by Husband or Relatives,CRUELTY BY HUSBAND OR RELATIVES,FALSE,196
2009,Jammu & Kashmir,Jammu & Kashmir,State/UT,Dowry Deaths,DOWRY DEATH,FALSE,12
2009,Jammu & Kashmir,Jammu & Kashmir,State/UT,Immoral Traffic (Prevention) Act,IMMORAL TRAFFIC(PREVENTION)ACT,FALSE,6
2009,Jammu & Kashmir,Jammu & Kashmir,State/UT,Indecent Representation of Women (Prevention) Act,INDECENT REPRESENTATION OF WOMEN(PREVENTION)ACT,FALSE,2
2009,Jammu & Kashmir,Jammu & Kashmir,State/UT,Insult to Modesty of Women,INSULT TO THE MODESTY OF WOMEN,FALSE,371
2009,Jammu & Kashmir,Jammu & Kashmir,State/UT,Kidnapping & Abduction of Women,KIDNAPPING & ABDUCTION,FALSE,825
2009,Jammu & Kashmir,Jammu & Kashmir,State/UT,Rape,RAPE,FALSE,237
2009,Jammu & Kashmir,Jammu & Kashmir,State/UT,Total Crimes against Women,TOTAL CRIMES AGAINST WOMEN,FALSE,2624
2009,Jharkhand,Jharkhand,State/UT,Assault on Women with Intent to Outrage Modesty,ASSAULT ON WOMEN WITH INTENT TO OUTRAGE HER MODESTY,FALSE,276
2009,Jharkhand,Jharkhand,State/UT,Cruelty by Husband or Relatives,CRUELTY BY HUSBAND OR RELATIVES,FALSE,710
2009,Jharkhand,Jharkhand,State/UT,Dowry Deaths,DOWRY DEATH,FALSE,295
2009,Jharkhand,Jharkhand,State/UT,Immoral Traffic (Prevention) Act,IMMORAL TRAFFIC(PREVENTION)ACT,FALSE,1
2009,Jharkhand,Jharkhand,State/UT,Indecent Representation of Women (Prevention) Act,INDECENT REPRESENTATION OF WOMEN(PREVENTION)ACT,FALSE,0
2009,Jharkhand,Jharkhand,State/UT,Insult to Modesty of Women,INSULT TO THE MODESTY OF WOMEN,FALSE,83
2009,Jharkhand,Jharkhand,State/UT,Kidnapping & Abduction of Women,KIDNAPPING & ABDUCTION,FALSE,517
2009,Jharkhand,Jharkhand,State/UT,Rape,RAPE,FALSE,719
2009,Jharkhand,Jharkhand,State/UT,Total Crimes against Women,TOTAL CRIMES AGAINST WOMEN,FALSE,3021
2009,Karnataka,Karnataka,State/UT,Assault on Women with Intent to Outrage Modesty,ASSAULT ON WOMEN WITH INTENT TO OUTRAGE HER MODESTY,FALSE,2186
2009,Karnataka,Karnataka,State/UT,Cruelty by Husband or Relatives,CRUELTY BY HUSBAND OR RELATIVES,FALSE,3185
2009,Karnataka,Karnataka,State/UT,Dowry Deaths,DOWRY DEATH,FALSE,264
2009,Karnataka,Karnataka,State/UT,Immoral Traffic (Prevention) Act,IMMORAL TRAFFIC(PREVENTION)ACT,FALSE,329
2009,Karnataka,Karnataka,State/UT,Indecent Representation of Women (Prevention) Act,INDECENT REPRESENTATION OF WOMEN(PREVENTION)ACT,FALSE,1
2009,Karnataka,Karnataka,State/UT,Insult to Modesty of Women,INSULT TO THE MODESTY OF WOMEN,FALSE,64
2009,Karnataka,Karnataka,State/UT,Kidnapping & Abduction of Women,KIDNAPPING & ABDUCTION,FALSE,408
2009,Karnataka,Karnataka,State/UT,Rape,RAPE,FALSE,509
2009,Karnataka,Karnataka,State/UT,Total Crimes against Women,TOTAL CRIMES AGAINST WOMEN,FALSE,7852
2009,Kerala,Kerala,State/UT,Assault on Women with Intent to Outrage Modesty,ASSAULT ON WOMEN WITH INTENT TO OUTRAGE HER MODESTY,FALSE,2540
2009,Kerala,Kerala,State/UT,Cruelty by Husband or Relatives,CRUELTY BY HUSBAND OR RELATIVES,FALSE,4007
2009,Kerala,Kerala,State/UT,Dowry Deaths,DOWRY DEATH,FALSE,20
2009,Kerala,Kerala,State/UT,Immoral Traffic (Prevention) Act,IMMORAL TRAFFIC(PREVENTION)ACT,FALSE,314
2009,Kerala,Kerala,State/UT,Indecent Representation of Women (Prevention) Act,INDECENT REPRESENTATION OF WOMEN(PREVENTION)ACT,FALSE,24
2009,Kerala,Kerala,State/UT,Insult to Modesty of Women,INSULT TO THE MODESTY OF WOMEN,FALSE,395
2009,Kerala,Kerala,State/UT,Kidnapping & Abduction of Women,KIDNAPPING & ABDUCTION,FALSE,173
2009,Kerala,Kerala,State/UT,Rape,RAPE,FALSE,568
2009,Kerala,Kerala,State/UT,Total Crimes against Women,TOTAL CRIMES AGAINST WOMEN,FALSE,8049
2009,Lakshadweep,Lakshadweep,State/UT,Assault on Women with Intent to Outrage Modesty,ASSAULT ON WOMEN WITH INTENT TO OUTRAGE HER MODESTY,FALSE,0
2009,Lakshadweep,Lakshadweep,State/UT,Cruelty by Husband or Relatives,CRUELTY BY HUSBAND OR RELATIVES,FALSE,0
2009,Lakshadweep,Lakshadweep,State/UT,Dowry Deaths,DOWRY DEATH,FALSE,0
2009,Lakshadweep,Lakshadweep,State/UT,Immoral Traffic (Prevention) Act,IMMORAL TRAFFIC(PREVENTION)ACT,FALSE,0
2009,Lakshadweep,Lakshadweep,State/UT,Indecent Representation of Women (Prevention) Act,INDECENT REPRESENTATION OF WOMEN(PREVENTION)ACT,FALSE,0
2009,Lakshadweep,Lakshadweep,State/UT,Insult to Modesty of Women,INSULT TO THE MODESTY OF WOMEN,FALSE,0
2009,Lakshadweep,Lakshadweep,State/UT,Kidnapping & Abduction of Women,KIDNAPPING & ABDUCTION,FALSE,0
2009,Lakshadweep,Lakshadweep,State/UT,Rape,RAPE,FALSE,1
2009,Lakshadweep,Lakshadweep,State/UT,Total Crimes against Women,TOTAL CRIMES AGAINST WOMEN,FALSE,1
2009,Madhya Pradesh,Madhya Pradesh,State/UT,Assault on Women with Intent to Outrage Modesty,ASSAULT ON WOMEN WITH INTENT TO OUTRAGE HER MODESTY,FALSE,6307
2009,Madhya Pradesh,Madhya Pradesh,State/UT,Cruelty by Husband or Relatives,CRUELTY BY HUSBAND OR RELATIVES,FALSE,3983
2009,Madhya Pradesh,Madhya Pradesh,State/UT,Dowry Deaths,DOWRY DEATH,FALSE,858
2009,Madhya Pradesh,Madhya Pradesh,State/UT,Immoral Traffic (Prevention) Act,IMMORAL TRAFFIC(PREVENTION)ACT,FALSE,19
2009,Madhya Pradesh,Madhya Pradesh,State/UT,Indecent Representation of Women (Prevention) Act,INDECENT REPRESENTATION OF WOMEN(PREVENTION)ACT,FALSE,1
2009,Madhya Pradesh,Madhya Pradesh,State/UT,Insult to Modesty of Women,INSULT TO THE MODESTY OF WOMEN,FALSE,728
2009,Madhya Pradesh,Madhya Pradesh,State/UT,Kidnapping & Abduction of Women,KIDNAPPING & ABDUCTION,FALSE,841
2009,Madhya Pradesh,Madhya Pradesh,State/UT,Rape,RAPE,FALSE,2998
2009,Madhya Pradesh,Madhya Pradesh,State/UT,Total Crimes against Women,TOTAL CRIMES AGAINST WOMEN,FALSE,15827
2009,Maharashtra,Maharashtra,State/UT,Assault on Women with Intent to Outrage Modesty,ASSAULT ON WOMEN WITH INTENT TO OUTRAGE HER MODESTY,FALSE,3196
2009,Maharashtra,Maharashtra,State/UT,Cruelty by Husband or Relatives,CRUELTY BY HUSBAND OR RELATIVES,FALSE,7681
2009,Maharashtra,Maharashtra,State/UT,Dowry Deaths,DOWRY DEATH,FALSE,341
2009,Maharashtra,Maharashtra,State/UT,Immoral Traffic (Prevention) Act,IMMORAL TRAFFIC(PREVENTION)ACT,FALSE,271
2009,Maharashtra,Maharashtra,State/UT,Indecent Representation of Women (Prevention) Act,INDECENT REPRESENTATION OF WOMEN(PREVENTION)ACT,FALSE,1
2009,Maharashtra,Maharashtra,State/UT,Insult to Modesty of Women,INSULT TO THE MODESTY OF WOMEN,FALSE,1099
2009,Maharashtra,Maharashtra,State/UT,Kidnapping & Abduction of Women,KIDNAPPING & ABDUCTION,FALSE,926
2009,Maharashtra,Maharashtra,State/UT,Rape,RAPE,FALSE,1483
2009,Maharashtra,Maharashtra,State/UT,Total Crimes against Women,TOTAL CRIMES AGAINST WOMEN,FALSE,15048
2009,Manipur,Manipur,State/UT,Assault on Women with Intent to Outrage Modesty,ASSAULT ON WOMEN WITH INTENT TO OUTRAGE HER MODESTY,FALSE,39
2009,Manipur,Manipur,State/UT,Cruelty by Husband or Relatives,CRUELTY BY HUSBAND OR RELATIVES,FALSE,25
2009,Manipur,Manipur,State/UT,Dowry Deaths,DOWRY DEATH,FALSE,0
2009,Manipur,Manipur,State/UT,Immoral Traffic (Prevention) Act,IMMORAL TRAFFIC(PREVENTION)ACT,FALSE,0
2009,Manipur,Manipur,State/UT,Indecent Representation of Women (Prevention) Act,INDECENT REPRESENTATION OF WOMEN(PREVENTION)ACT,FALSE,0
2009,Manipur,Manipur,State/UT,Insult to Modesty of Women,INSULT TO THE MODESTY OF WOMEN,FALSE,2
2009,Manipur,Manipur,State/UT,Kidnapping & Abduction of Women,KIDNAPPING & ABDUCTION,FALSE,97
2009,Manipur,Manipur,State/UT,Rape,RAPE,FALSE,31
2009,Manipur,Manipur,State/UT,Total Crimes against Women,TOTAL CRIMES AGAINST WOMEN,FALSE,194
2009,Meghalaya,Meghalaya,State/UT,Assault on Women with Intent to Outrage Modesty,ASSAULT ON WOMEN WITH INTENT TO OUTRAGE HER MODESTY,FALSE,72
2009,Meghalaya,Meghalaya,State/UT,Cruelty by Husband or Relatives,CRUELTY BY HUSBAND OR RELATIVES,FALSE,24
2009,Meghalaya,Meghalaya,State/UT,Dowry Deaths,DOWRY DEATH,FALSE,0
2009,Meghalaya,Meghalaya,State/UT,Immoral Traffic (Prevention) Act,IMMORAL TRAFFIC(PREVENTION)ACT,FALSE,1
2009,Meghalaya,Meghalaya,State/UT,Indecent Representation of Women (Prevention) Act,INDECENT REPRESENTATION OF WOMEN(PREVENTION)ACT,FALSE,0
2009,Meghalaya,Meghalaya,State/UT,Insult to Modesty of Women,INSULT TO THE MODESTY OF WOMEN,FALSE,1
2009,Meghalaya,Meghalaya,State/UT,Kidnapping & Abduction of Women,KIDNAPPING & ABDUCTION,FALSE,26
2009,Meghalaya,Meghalaya,State/UT,Rape,RAPE,FALSE,112
2009,Meghalaya,Meghalaya,State/UT,Total Crimes against Women,TOTAL CRIMES AGAINST WOMEN,FALSE,237
2009,Mizoram,Mizoram,State/UT,Assault on Women with Intent to Outrage Modesty,ASSAULT ON WOMEN WITH INTENT TO OUTRAGE HER MODESTY,FALSE,61
2009,Mizoram,Mizoram,State/UT,Cruelty by Husband or Relatives,CRUELTY BY HUSBAND OR RELATIVES,FALSE,4
2009,Mizoram,Mizoram,State/UT,Dowry Deaths,DOWRY DEATH,FALSE,0
2009,Mizoram,Mizoram,State/UT,Immoral Traffic (Prevention) Act,IMMORAL TRAFFIC(PREVENTION)ACT,FALSE,1
2009,Mizoram,Mizoram,State/UT,Indecent Representation of Women (Prevention) Act,INDECENT REPRESENTATION OF WOMEN(PREVENTION)ACT,FALSE,0
2009,Mizoram,Mizoram,State/UT,Insult to Modesty of Women,INSULT TO THE MODESTY OF WOMEN,FALSE,1
2009,Mizoram,Mizoram,State/UT,Kidnapping & Abduction of Women,KIDNAPPING & ABDUCTION,FALSE,0
2009,Mizoram,Mizoram,State/UT,Rape,RAPE,FALSE,83
2009,Mizoram,Mizoram,State/UT,Total Crimes against Women,TOTAL CRIMES AGAINST WOMEN,FALSE,150
2009,Nagaland,Nagaland,State/UT,Assault on Women with Intent to Outrage Modesty,ASSAULT ON WOMEN WITH INTENT TO OUTRAGE HER MODESTY,FALSE,11
2009,Nagaland,Nagaland,State/UT,Cruelty by Husband or Relatives,CRUELTY BY HUSBAND OR RELATIVES,FALSE,0
2009,Nagaland,Nagaland,State/UT,Dowry Deaths,DOWRY DEATH,FALSE,0
2009,Nagaland,Nagaland,State/UT,Immoral Traffic (Prevention) Act,IMMORAL TRAFFIC(PREVENTION)ACT,FALSE,3
2009,Nagaland,Nagaland,State/UT,Indecent Representation of Women (Prevention) Act,INDECENT REPRESENTATION OF WOMEN(PREVENTION)ACT,FALSE,0
2009,Nagaland,Nagaland,State/UT,Insult to Modesty of Women,INSULT TO THE MODESTY OF WOMEN,FALSE,0
2009,Nagaland,Nagaland,State/UT,Kidnapping & Abduction of Women,KIDNAPPING & ABDUCTION,FALSE,10
2009,Nagaland,Nagaland,State/UT,Rape,RAPE,FALSE,22
2009,Nagaland,Nagaland,State/UT,Total Crimes against Women,TOTAL CRIMES AGAINST WOMEN,FALSE,46
2009,Odisha,Odisha,State/UT,Assault on Women with Intent to Outrage Modesty,ASSAULT ON WOMEN WITH INTENT TO OUTRAGE HER MODESTY,FALSE,2697
2009,Odisha,Odisha,State/UT,Cruelty by Husband or Relatives,CRUELTY BY HUSBAND OR RELATIVES,FALSE,2047
2009,Odisha,Odisha,State/UT,Dowry Deaths,DOWRY DEATH,FALSE,384
2009,Odisha,Odisha,State/UT,Immoral Traffic (Prevention) Act,IMMORAL TRAFFIC(PREVENTION)ACT,FALSE,14
2009,Odisha,Odisha,State/UT,Indecent Representation of Women (Prevention) Act,INDECENT REPRESENTATION OF WOMEN(PREVENTION)ACT,FALSE,0
2009,Odisha,Odisha,State/UT,Insult to Modesty of Women,INSULT TO THE MODESTY OF WOMEN,FALSE,210
2009,Odisha,Odisha,State/UT,Kidnapping & Abduction of Women,KIDNAPPING & ABDUCTION,FALSE,799
2009,Odisha,Odisha,State/UT,Rape,RAPE,FALSE,1023
2009,Odisha,Odisha,State/UT,Total Crimes against Women,TOTAL CRIMES AGAINST WOMEN,FALSE,8120
2009,Puducherry,Puducherry,State/UT,Assault on Women with Intent to Outrage Modesty,ASSAULT ON WOMEN WITH INTENT TO OUTRAGE HER MODESTY,FALSE,53
2009,Puducherry,Puducherry,State/UT,Cruelty by Husband or Relatives,CRUELTY BY HUSBAND OR RELATIVES,FALSE,10
2009,Puducherry,Puducherry,State/UT,Dowry Deaths,DOWRY DEATH,FALSE,0
2009,Puducherry,Puducherry,State/UT,Immoral Traffic (Prevention) Act,IMMORAL TRAFFIC(PREVENTION)ACT,FALSE,9
2009,Puducherry,Puducherry,State/UT,Indecent Representation of Women (Prevention) Act,INDECENT REPRESENTATION OF WOMEN(PREVENTION)ACT,FALSE,0
2009,Puducherry,Puducherry,State/UT,Insult to Modesty of Women,INSULT TO THE MODESTY OF WOMEN,FALSE,16
2009,Puducherry,Puducherry,State/UT,Kidnapping & Abduction of Women,KIDNAPPING & ABDUCTION,FALSE,13
2009,Puducherry,Puducherry,State/UT,Rape,RAPE,FALSE,1
2009,Puducherry,Puducherry,State/UT,Total Crimes against Women,TOTAL CRIMES AGAINST WOMEN,FALSE,106
2009,Punjab,Punjab,State/UT,Assault on Women with Intent to Outrage Modesty,ASSAULT ON WOMEN WITH INTENT TO OUTRAGE HER MODESTY,FALSE,319
2009,Punjab,Punjab,State/UT,Cruelty by Husband or Relatives,CRUELTY BY HUSBAND OR RELATIVES,FALSE,1061
2009,Punjab,Punjab,State/UT,Dowry Deaths,DOWRY DEATH,FALSE,126
2009,Punjab,Punjab,State/UT,Immoral Traffic (Prevention) Act,IMMORAL TRAFFIC(PREVENTION)ACT,FALSE,59
2009,Punjab,Punjab,State/UT,Indecent Representation of Women (Prevention) Act,INDECENT REPRESENTATION OF WOMEN(PREVENTION)ACT,FALSE,0
2009,Punjab,Punjab,State/UT,Insult to Modesty of Women,INSULT TO THE MODESTY OF WOMEN,FALSE,33
2009,Punjab,Punjab,State/UT,Kidnapping & Abduction of Women,KIDNAPPING & ABDUCTION,FALSE,513
2009,Punjab,Punjab,State/UT,Rape,RAPE,FALSE,511
2009,Punjab,Punjab,State/UT,Total Crimes against Women,TOTAL CRIMES AGAINST WOMEN,FALSE,2631
2009,Rajasthan,Rajasthan,State/UT,Assault on Women with Intent to Outrage Modesty,ASSAULT ON WOMEN WITH INTENT TO OUTRAGE HER MODESTY,FALSE,2485
2009,Rajasthan,Rajasthan,State/UT,Cruelty by Husband or Relatives,CRUELTY BY HUSBAND OR RELATIVES,FALSE,10371
2009,Rajasthan,Rajasthan,State/UT,Dowry Deaths,DOWRY DEATH,FALSE,436
2009,Rajasthan,Rajasthan,State/UT,Immoral Traffic (Prevention) Act,IMMORAL TRAFFIC(PREVENTION)ACT,FALSE,62
2009,Rajasthan,Rajasthan,State/UT,Indecent Representation of Women (Prevention) Act,INDECENT REPRESENTATION OF WOMEN(PREVENTION)ACT,FALSE,106
2009,Rajasthan,Rajasthan,State/UT,Insult to Modesty of Women,INSULT TO THE MODESTY OF WOMEN,FALSE,24
2009,Rajasthan,Rajasthan,State/UT,Kidnapping & Abduction of Women,KIDNAPPING & ABDUCTION,FALSE,2310
2009,Rajasthan,Rajasthan,State/UT,Rape,RAPE,FALSE,1519
2009,Rajasthan,Rajasthan,State/UT,Total Crimes against Women,TOTAL CRIMES AGAINST WOMEN,FALSE,17316
2009,Sikkim,Sikkim,State/UT,Assault on Women with Intent to Outrage Modesty,ASSAULT ON WOMEN WITH INTENT TO OUTRAGE HER MODESTY,FALSE,10
2009,Sikkim,Sikkim,State/UT,Cruelty by Husband or Relatives,CRUELTY BY HUSBAND OR RELATIVES,FALSE,6
2009,Sikkim,Sikkim,State/UT,Dowry Deaths,DOWRY DEATH,FALSE,0
2009,Sikkim,Sikkim,State/UT,Immoral Traffic (Prevention) Act,IMMORAL TRAFFIC(PREVENTION)ACT,FALSE,1
2009,Sikkim,Sikkim,State/UT,Indecent Representation of Women (Prevention) Act,INDECENT REPRESENTATION OF WOMEN(PREVENTION)ACT,FALSE,0
2009,Sikkim,Sikkim,State/UT,Insult to Modesty of Women,INSULT TO THE MODESTY OF WOMEN,FALSE,0
2009,Sikkim,Sikkim,State/UT,Kidnapping & Abduction of Women,KIDNAPPING & ABDUCTION,FALSE,6
2009,Sikkim,Sikkim,State/UT,Rape,RAPE,FALSE,18
2009,Sikkim,Sikkim,State/UT,Total Crimes against Women,TOTAL CRIMES AGAINST WOMEN,FALSE,41
2009,Tamil Nadu,Tamil Nadu,State/UT,Assault on Women with Intent to Outrage Modesty,ASSAULT ON WOMEN WITH INTENT TO OUTRAGE HER MODESTY,FALSE,1242
2009,Tamil Nadu,Tamil Nadu,State/UT,Cruelty by Husband or Relatives,CRUELTY BY HUSBAND OR RELATIVES,FALSE,1460
2009,Tamil Nadu,Tamil Nadu,State/UT,Dowry Deaths,DOWRY DEATH,FALSE,194
2009,Tamil Nadu,Tamil Nadu,State/UT,Immoral Traffic (Prevention) Act,IMMORAL TRAFFIC(PREVENTION)ACT,FALSE,716
2009,Tamil Nadu,Tamil Nadu,State/UT,Indecent Representation of Women (Prevention) Act,INDECENT REPRESENTATION OF WOMEN(PREVENTION)ACT,FALSE,2
2009,Tamil Nadu,Tamil Nadu,State/UT,Insult to Modesty of Women,INSULT TO THE MODESTY OF WOMEN,FALSE,501
2009,Tamil Nadu,Tamil Nadu,State/UT,Kidnapping & Abduction of Women,KIDNAPPING & ABDUCTION,FALSE,1133
2009,Tamil Nadu,Tamil Nadu,State/UT,Rape,RAPE,FALSE,596
2009,Tamil Nadu,Tamil Nadu,State/UT,Total Crimes against Women,TOTAL CRIMES AGAINST WOMEN,FALSE,6051
2009,Tripura,Tripura,State/UT,Assault on Women with Intent to Outrage Modesty,ASSAULT ON WOMEN WITH INTENT TO OUTRAGE HER MODESTY,FALSE,384
2009,Tripura,Tripura,State/UT,Cruelty by Husband or Relatives,CRUELTY BY HUSBAND OR RELATIVES,FALSE,815
2009,Tripura,Tripura,State/UT,Dowry Deaths,DOWRY DEATH,FALSE,29
2009,Tripura,Tripura,State/UT,Immoral Traffic (Prevention) Act,IMMORAL TRAFFIC(PREVENTION)ACT,FALSE,0
2009,Tripura,Tripura,State/UT,Indecent Representation of Women (Prevention) Act,INDECENT REPRESENTATION OF WOMEN(PREVENTION)ACT,FALSE,0
2009,Tripura,Tripura,State/UT,Insult to Modesty of Women,INSULT TO THE MODESTY OF WOMEN,FALSE,5
2009,Tripura,Tripura,State/UT,Kidnapping & Abduction of Women,KIDNAPPING & ABDUCTION,FALSE,92
2009,Tripura,Tripura,State/UT,Rape,RAPE,FALSE,190
2009,Tripura,Tripura,State/UT,Total Crimes against Women,TOTAL CRIMES AGAINST WOMEN,FALSE,1517
2009,Uttar Pradesh,Uttar Pradesh,State/UT,Assault on Women with Intent to Outrage Modesty,ASSAULT ON WOMEN WITH INTENT TO OUTRAGE HER MODESTY,FALSE,2782
2009,Uttar Pradesh,Uttar Pradesh,State/UT,Cruelty by Husband or Relatives,CRUELTY BY HUSBAND OR RELATIVES,FALSE,8566
2009,Uttar Pradesh,Uttar Pradesh,State/UT,Dowry Deaths,DOWRY DEATH,FALSE,2232
2009,Uttar Pradesh,Uttar Pradesh,State/UT,Immoral Traffic (Prevention) Act,IMMORAL TRAFFIC(PREVENTION)ACT,FALSE,39
2009,Uttar Pradesh,Uttar Pradesh,State/UT,Indecent Representation of Women (Prevention) Act,INDECENT REPRESENTATION OF WOMEN(PREVENTION)ACT,FALSE,0
2009,Uttar Pradesh,Uttar Pradesh,State/UT,Insult to Modesty of Women,INSULT TO THE MODESTY OF WOMEN,FALSE,2524
2009,Uttar Pradesh,Uttar Pradesh,State/UT,Kidnapping & Abduction of Women,KIDNAPPING & ABDUCTION,FALSE,5078
2009,Uttar Pradesh,Uttar Pradesh,State/UT,Rape,RAPE,FALSE,1759
2009,Uttar Pradesh,Uttar Pradesh,State/UT,Total Crimes against Women,TOTAL CRIMES AGAINST WOMEN,FALSE,23254
2009,Uttarakhand,Uttarakhand,State/UT,Assault on Women with Intent to Outrage Modesty,ASSAULT ON WOMEN WITH INTENT TO OUTRAGE HER MODESTY,FALSE,119
2009,Uttarakhand,Uttarakhand,State/UT,Cruelty by Husband or Relatives,CRUELTY BY HUSBAND OR RELATIVES,FALSE,361
2009,Uttarakhand,Uttarakhand,State/UT,Dowry Deaths,DOWRY DEATH,FALSE,94
2009,Uttarakhand,Uttarakhand,State/UT,Immoral Traffic (Prevention) Act,IMMORAL TRAFFIC(PREVENTION)ACT,FALSE,6
2009,Uttarakhand,Uttarakhand,State/UT,Indecent Representation of Women (Prevention) Act,INDECENT REPRESENTATION OF WOMEN(PREVENTION)ACT,FALSE,0
2009,Uttarakhand,Uttarakhand,State/UT,Insult to Modesty of Women,INSULT TO THE MODESTY OF WOMEN,FALSE,249
2009,Uttarakhand,Uttarakhand,State/UT,Kidnapping & Abduction of Women,KIDNAPPING & ABDUCTION,FALSE,247
2009,Uttarakhand,Uttarakhand,State/UT,Rape,RAPE,FALSE,111
2009,Uttarakhand,Uttarakhand,State/UT,Total Crimes against Women,TOTAL CRIMES AGAINST WOMEN,FALSE,1188
2009,West Bengal,West Bengal,State/UT,Assault on Women with Intent to Outrage Modesty,ASSAULT ON WOMEN WITH INTENT TO OUTRAGE HER MODESTY,FALSE,1942
2009,West Bengal,West Bengal,State/UT,Cruelty by Husband or Relatives,CRUELTY BY HUSBAND OR RELATIVES,FALSE,16112
2009,West Bengal,West Bengal,State/UT,Dowry Deaths,DOWRY DEATH,FALSE,506
2009,West Bengal,West Bengal,State/UT,Immoral Traffic (Prevention) Act,IMMORAL TRAFFIC(PREVENTION)ACT,FALSE,63
2009,West Bengal,West Bengal,State/UT,Indecent Representation of Women (Prevention) Act,INDECENT REPRESENTATION OF WOMEN(PREVENTION)ACT,FALSE,2
2009,West Bengal,West Bengal,State/UT,Insult to Modesty of Women,INSULT TO THE MODESTY OF WOMEN,FALSE,108
2009,West Bengal,West Bengal,State/UT,Kidnapping & Abduction of Women,KIDNAPPING & ABDUCTION,FALSE,2187
2009,West Bengal,West Bengal,State/UT,Rape,RAPE,FALSE,2336
2009,West Bengal,West Bengal,State/UT,Total Crimes against Women,TOTAL CRIMES AGAINST WOMEN,FALSE,23307
2010,All India (Total),All India,Aggregate,Assault on Women with Intent to Outrage Modesty,ASSAULT ON WOMEN WITH INTENT TO OUTRAGE HER MODESTY,FALSE,40613
2010,All India (Total),All India,Aggregate,Cruelty by Husband or Relatives,CRUELTY BY HUSBAND OR RELATIVES,FALSE,94041
2010,All India (Total),ALL INDIA,Aggregate,Dowry Deaths,DOWRY DEATH,FALSE,8391
2010,All India (Total),All India,Aggregate,Immoral Traffic (Prevention) Act,IMMORAL TRAFFIC(PREVENTION)ACT,FALSE,2499
2010,All India (Total),All India,Aggregate,Indecent Representation of Women (Prevention) Act,INDECENT REPRESENTATION OF WOMEN(PREVENTION)ACT,FALSE,895
2010,All India (Total),All India,Aggregate,Insult to Modesty of Women,INSULT TO THE MODESTY OF WOMEN,FALSE,9961
2010,All India (Total),ALL INDIA K&A,Aggregate,Kidnapping & Abduction of Women,KIDNAPPING & ABDUCTION,FALSE,29795
2010,All India (Total),All India,Aggregate,Rape,RAPE,FALSE,22172
2010,All India (Total),TOTAL Crime against Women,Aggregate,Total Crimes against Women,TOTAL CRIMES AGAINST WOMEN,FALSE,213585
2010,Andaman & Nicobar Islands,A&N Islands,State/UT,Assault on Women with Intent to Outrage Modesty,ASSAULT ON WOMEN WITH INTENT TO OUTRAGE HER MODESTY,FALSE,31
2010,Andaman & Nicobar Islands,A&N Islands,State/UT,Cruelty by Husband or Relatives,CRUELTY BY HUSBAND OR RELATIVES,FALSE,9
2010,Andaman & Nicobar Islands,A&N Islands,State/UT,Dowry Deaths,DOWRY DEATH,FALSE,0
2010,Andaman & Nicobar Islands,A&N Islands,State/UT,Immoral Traffic (Prevention) Act,IMMORAL TRAFFIC(PREVENTION)ACT,FALSE,3
2010,Andaman & Nicobar Islands,A&N Islands,State/UT,Indecent Representation of Women (Prevention) Act,INDECENT REPRESENTATION OF WOMEN(PREVENTION)ACT,FALSE,0
2010,Andaman & Nicobar Islands,A&N Islands,State/UT,Insult to Modesty of Women,INSULT TO THE MODESTY OF WOMEN,FALSE,10
2010,Andaman & Nicobar Islands,A&N Islands,State/UT,Kidnapping & Abduction of Women,KIDNAPPING & ABDUCTION,FALSE,8
2010,Andaman & Nicobar Islands,A&N Islands,State/UT,Rape,RAPE,FALSE,24
2010,Andaman & Nicobar Islands,A&N Islands,State/UT,Total Crimes against Women,TOTAL CRIMES AGAINST WOMEN,FALSE,85
2010,Andhra Pradesh,Andhra Pradesh,State/UT,Assault on Women with Intent to Outrage Modesty,ASSAULT ON WOMEN WITH INTENT TO OUTRAGE HER MODESTY,FALSE,4634
2010,Andhra Pradesh,Andhra Pradesh,State/UT,Cruelty by Husband or Relatives,CRUELTY BY HUSBAND OR RELATIVES,FALSE,12080
2010,Andhra Pradesh,Andhra Pradesh,State/UT,Dowry Deaths,DOWRY DEATH,FALSE,588
2010,Andhra Pradesh,Andhra Pradesh,State/UT,Immoral Traffic (Prevention) Act,IMMORAL TRAFFIC(PREVENTION)ACT,FALSE,548
2010,Andhra Pradesh,Andhra Pradesh,State/UT,Indecent Representation of Women (Prevention) Act,INDECENT REPRESENTATION OF WOMEN(PREVENTION)ACT,FALSE,753
2010,Andhra Pradesh,Andhra Pradesh,State/UT,Insult to Modesty of Women,INSULT TO THE MODESTY OF WOMEN,FALSE,4562
2010,Andhra Pradesh,Andhra Pradesh,State/UT,Kidnapping & Abduction of Women,KIDNAPPING & ABDUCTION,FALSE,1531
2010,Andhra Pradesh,Andhra Pradesh,State/UT,Rape,RAPE,FALSE,1362
2010,Andhra Pradesh,Andhra Pradesh,State/UT,Total Crimes against Women,TOTAL CRIMES AGAINST WOMEN,FALSE,27244
2010,Arunachal Pradesh,Arunachal Pradesh,State/UT,Assault on Women with Intent to Outrage Modesty,ASSAULT ON WOMEN WITH INTENT TO OUTRAGE HER MODESTY,FALSE,84
2010,Arunachal Pradesh,Arunachal Pradesh,State/UT,Cruelty by Husband or Relatives,CRUELTY BY HUSBAND OR RELATIVES,FALSE,12
2010,Arunachal Pradesh,Arunachal Pradesh,State/UT,Dowry Deaths,DOWRY DEATH,FALSE,0
2010,Arunachal Pradesh,Arunachal Pradesh,State/UT,Immoral Traffic (Prevention) Act,IMMORAL TRAFFIC(PREVENTION)ACT,FALSE,0
2010,Arunachal Pradesh,Arunachal Pradesh,State/UT,Indecent Representation of Women (Prevention) Act,INDECENT REPRESENTATION OF WOMEN(PREVENTION)ACT,FALSE,0
2010,Arunachal Pradesh,Arunachal Pradesh,State/UT,Insult to Modesty of Women,INSULT TO THE MODESTY OF WOMEN,FALSE,1
2010,Arunachal Pradesh,Arunachal Pradesh,State/UT,Kidnapping & Abduction of Women,KIDNAPPING & ABDUCTION,FALSE,46
2010,Arunachal Pradesh,Arunachal Pradesh,State/UT,Rape,RAPE,FALSE,47
2010,Arunachal Pradesh,Arunachal Pradesh,State/UT,Total Crimes against Women,TOTAL CRIMES AGAINST WOMEN,FALSE,190
2010,Assam,Assam,State/UT,Assault on Women with Intent to Outrage Modesty,ASSAULT ON WOMEN WITH INTENT TO OUTRAGE HER MODESTY,FALSE,1400
2010,Assam,Assam,State/UT,Cruelty by Husband or Relatives,CRUELTY BY HUSBAND OR RELATIVES,FALSE,5410
2010,Assam,Assam,State/UT,Dowry Deaths,DOWRY DEATH,FALSE,175
2010,Assam,Assam,State/UT,Immoral Traffic (Prevention) Act,IMMORAL TRAFFIC(PREVENTION)ACT,FALSE,25
2010,Assam,Assam,State/UT,Indecent Representation of Women (Prevention) Act,INDECENT REPRESENTATION OF WOMEN(PREVENTION)ACT,FALSE,0
2010,Assam,Assam,State/UT,Insult to Modesty of Women,INSULT TO THE MODESTY OF WOMEN,FALSE,20
2010,Assam,Assam,State/UT,Kidnapping & Abduction of Women,KIDNAPPING & ABDUCTION,FALSE,2767
2010,Assam,Assam,State/UT,Rape,RAPE,FALSE,1721
2010,Assam,Assam,State/UT,Total Crimes against Women,TOTAL CRIMES AGAINST WOMEN,FALSE,11555
2010,Bihar,Bihar,State/UT,Assault on Women with Intent to Outrage Modesty,ASSAULT ON WOMEN WITH INTENT TO OUTRAGE HER MODESTY,FALSE,534
2010,Bihar,Bihar,State/UT,Cruelty by Husband or Relatives,CRUELTY BY HUSBAND OR RELATIVES,FALSE,2271
2010,Bihar,Bihar,State/UT,Dowry Deaths,DOWRY DEATH,FALSE,1257
2010,Bihar,Bihar,State/UT,Immoral Traffic (Prevention) Act,IMMORAL TRAFFIC(PREVENTION)ACT,FALSE,24
2010,Bihar,Bihar,State/UT,Indecent Representation of Women (Prevention) Act,INDECENT REPRESENTATION OF WOMEN(PREVENTION)ACT,FALSE,0
2010,Bihar,Bihar,State/UT,Insult to Modesty of Women,INSULT TO THE MODESTY OF WOMEN,FALSE,16
2010,Bihar,Bihar,State/UT,Kidnapping & Abduction of Women,KIDNAPPING & ABDUCTION,FALSE,2569
2010,Bihar,Bihar,State/UT,Rape,RAPE,FALSE,795
2010,Bihar,Bihar,State/UT,Total Crimes against Women,TOTAL CRIMES AGAINST WOMEN,FALSE,8471
2010,Chandigarh,Chandigarh,State/UT,Assault on Women with Intent to Outrage Modesty,ASSAULT ON WOMEN WITH INTENT TO OUTRAGE HER MODESTY,FALSE,29
2010,Chandigarh,Chandigarh,State/UT,Cruelty by Husband or Relatives,CRUELTY BY HUSBAND OR RELATIVES,FALSE,41
2010,Chandigarh,Chandigarh,State/UT,Dowry Deaths,DOWRY DEATH,FALSE,5
2010,Chandigarh,Chandigarh,State/UT,Immoral Traffic (Prevention) Act,IMMORAL TRAFFIC(PREVENTION)ACT,FALSE,3
2010,Chandigarh,Chandigarh,State/UT,Indecent Representation of Women (Prevention) Act,INDECENT REPRESENTATION OF WOMEN(PREVENTION)ACT,FALSE,0
2010,Chandigarh,Chandigarh,State/UT,Insult to Modesty of Women,INSULT TO THE MODESTY OF WOMEN,FALSE,4
2010,Chandigarh,Chandigarh,State/UT,Kidnapping & Abduction of Women,KIDNAPPING & ABDUCTION,FALSE,28
2010,Chandigarh,Chandigarh,State/UT,Rape,RAPE,FALSE,31
2010,Chandigarh,Chandigarh,State/UT,Total Crimes against Women,TOTAL CRIMES AGAINST WOMEN,FALSE,141
2010,Chhattisgarh,Chhattisgarh,State/UT,Assault on Women with Intent to Outrage Modesty,ASSAULT ON WOMEN WITH INTENT TO OUTRAGE HER MODESTY,FALSE,1706
2010,Chhattisgarh,Chhattisgarh,State/UT,Cruelty by Husband or Relatives,CRUELTY BY HUSBAND OR RELATIVES,FALSE,861
2010,Chhattisgarh,Chhattisgarh,State/UT,Dowry Deaths,DOWRY DEATH,FALSE,115
2010,Chhattisgarh,Chhattisgarh,State/UT,Immoral Traffic (Prevention) Act,IMMORAL TRAFFIC(PREVENTION)ACT,FALSE,12
2010,Chhattisgarh,Chhattisgarh,State/UT,Indecent Representation of Women (Prevention) Act,INDECENT REPRESENTATION OF WOMEN(PREVENTION)ACT,FALSE,1
2010,Chhattisgarh,Chhattisgarh,State/UT,Insult to Modesty of Women,INSULT TO THE MODESTY OF WOMEN,FALSE,182
2010,Chhattisgarh,Chhattisgarh,State/UT,Kidnapping & Abduction of Women,KIDNAPPING & ABDUCTION,FALSE,279
2010,Chhattisgarh,Chhattisgarh,State/UT,Rape,RAPE,FALSE,1012
2010,Chhattisgarh,Chhattisgarh,State/UT,Total Crimes against Women,TOTAL CRIMES AGAINST WOMEN,FALSE,4176
2010,"Dadra & Nagar Haveli (pre-2020, separate UT)",D&N Haveli,State/UT,Assault on Women with Intent to Outrage Modesty,ASSAULT ON WOMEN WITH INTENT TO OUTRAGE HER MODESTY,FALSE,11
2010,"Dadra & Nagar Haveli (pre-2020, separate UT)",D&N Haveli,State/UT,Cruelty by Husband or Relatives,CRUELTY BY HUSBAND OR RELATIVES,FALSE,3
2010,"Dadra & Nagar Haveli (pre-2020, separate UT)",D&N Haveli,State/UT,Dowry Deaths,DOWRY DEATH,FALSE,0
2010,"Dadra & Nagar Haveli (pre-2020, separate UT)",D&N Haveli,State/UT,Immoral Traffic (Prevention) Act,IMMORAL TRAFFIC(PREVENTION)ACT,FALSE,1
2010,"Dadra & Nagar Haveli (pre-2020, separate UT)",D&N Haveli,State/UT,Indecent Representation of Women (Prevention) Act,INDECENT REPRESENTATION OF WOMEN(PREVENTION)ACT,FALSE,0
2010,"Dadra & Nagar Haveli (pre-2020, separate UT)",D&N Haveli,State/UT,Insult to Modesty of Women,INSULT TO THE MODESTY OF WOMEN,FALSE,2
2010,"Dadra & Nagar Haveli (pre-2020, separate UT)",D&N Haveli,State/UT,Kidnapping & Abduction of Women,KIDNAPPING & ABDUCTION,FALSE,10
2010,"Dadra & Nagar Haveli (pre-2020, separate UT)",D&N Haveli,State/UT,Rape,RAPE,FALSE,3
2010,"Dadra & Nagar Haveli (pre-2020, separate UT)",D&N Haveli,State/UT,Total Crimes against Women,TOTAL CRIMES AGAINST WOMEN,FALSE,30
2010,"Daman & Diu (pre-2020, separate UT)",Daman & Diu,State/UT,Assault on Women with Intent to Outrage Modesty,ASSAULT ON WOMEN WITH INTENT TO OUTRAGE HER MODESTY,FALSE,2
2010,"Daman & Diu (pre-2020, separate UT)",Daman & Diu,State/UT,Cruelty by Husband or Relatives,CRUELTY BY HUSBAND OR RELATIVES,FALSE,3
2010,"Daman & Diu (pre-2020, separate UT)",Daman & Diu,State/UT,Dowry Deaths,DOWRY DEATH,FALSE,0
2010,"Daman & Diu (pre-2020, separate UT)",Daman & Diu,State/UT,Immoral Traffic (Prevention) Act,IMMORAL TRAFFIC(PREVENTION)ACT,FALSE,6
2010,"Daman & Diu (pre-2020, separate UT)",Daman & Diu,State/UT,Indecent Representation of Women (Prevention) Act,INDECENT REPRESENTATION OF WOMEN(PREVENTION)ACT,FALSE,0
2010,"Daman & Diu (pre-2020, separate UT)",Daman & Diu,State/UT,Insult to Modesty of Women,INSULT TO THE MODESTY OF WOMEN,FALSE,0
2010,"Daman & Diu (pre-2020, separate UT)",Daman & Diu,State/UT,Kidnapping & Abduction of Women,KIDNAPPING & ABDUCTION,FALSE,2
2010,"Daman & Diu (pre-2020, separate UT)",Daman & Diu,State/UT,Rape,RAPE,FALSE,1
2010,"Daman & Diu (pre-2020, separate UT)",Daman & Diu,State/UT,Total Crimes against Women,TOTAL CRIMES AGAINST WOMEN,FALSE,14
2010,Delhi,Delhi UT,State/UT,Assault on Women with Intent to Outrage Modesty,ASSAULT ON WOMEN WITH INTENT TO OUTRAGE HER MODESTY,FALSE,601
2010,Delhi,Delhi UT,State/UT,Cruelty by Husband or Relatives,CRUELTY BY HUSBAND OR RELATIVES,FALSE,1404
2010,Delhi,Delhi UT,State/UT,Dowry Deaths,DOWRY DEATH,FALSE,143
2010,Delhi,Delhi UT,State/UT,Immoral Traffic (Prevention) Act,IMMORAL TRAFFIC(PREVENTION)ACT,FALSE,28
2010,Delhi,Delhi UT,State/UT,Indecent Representation of Women (Prevention) Act,INDECENT REPRESENTATION OF WOMEN(PREVENTION)ACT,FALSE,0
2010,Delhi,Delhi UT,State/UT,Insult to Modesty of Women,INSULT TO THE MODESTY OF WOMEN,FALSE,80
2010,Delhi,Delhi UT,State/UT,Kidnapping & Abduction of Women,KIDNAPPING & ABDUCTION,FALSE,1740
2010,Delhi,Delhi UT,State/UT,Rape,RAPE,FALSE,507
2010,Delhi,Delhi UT,State/UT,Total Crimes against Women,TOTAL CRIMES AGAINST WOMEN,FALSE,4518
2010,Goa,Goa,State/UT,Assault on Women with Intent to Outrage Modesty,ASSAULT ON WOMEN WITH INTENT TO OUTRAGE HER MODESTY,FALSE,36
2010,Goa,Goa,State/UT,Cruelty by Husband or Relatives,CRUELTY BY HUSBAND OR RELATIVES,FALSE,17
2010,Goa,Goa,State/UT,Dowry Deaths,DOWRY DEATH,FALSE,1
2010,Goa,Goa,State/UT,Immoral Traffic (Prevention) Act,IMMORAL TRAFFIC(PREVENTION)ACT,FALSE,16
2010,Goa,Goa,State/UT,Indecent Representation of Women (Prevention) Act,INDECENT REPRESENTATION OF WOMEN(PREVENTION)ACT,FALSE,0
2010,Goa,Goa,State/UT,Insult to Modesty of Women,INSULT TO THE MODESTY OF WOMEN,FALSE,16
2010,Goa,Goa,State/UT,Kidnapping & Abduction of Women,KIDNAPPING & ABDUCTION,FALSE,18
2010,Goa,Goa,State/UT,Rape,RAPE,FALSE,36
2010,Goa,Goa,State/UT,Total Crimes against Women,TOTAL CRIMES AGAINST WOMEN,FALSE,140
2010,Gujarat,Gujarat,State/UT,Assault on Women with Intent to Outrage Modesty,ASSAULT ON WOMEN WITH INTENT TO OUTRAGE HER MODESTY,FALSE,668
2010,Gujarat,Gujarat,State/UT,Cruelty by Husband or Relatives,CRUELTY BY HUSBAND OR RELATIVES,FALSE,5600
2010,Gujarat,Gujarat,State/UT,Dowry Deaths,DOWRY DEATH,FALSE,19
2010,Gujarat,Gujarat,State/UT,Immoral Traffic (Prevention) Act,IMMORAL TRAFFIC(PREVENTION)ACT,FALSE,46
2010,Gujarat,Gujarat,State/UT,Indecent Representation of Women (Prevention) Act,INDECENT REPRESENTATION OF WOMEN(PREVENTION)ACT,FALSE,0
2010,Gujarat,Gujarat,State/UT,Insult to Modesty of Women,INSULT TO THE MODESTY OF WOMEN,FALSE,110
2010,Gujarat,Gujarat,State/UT,Kidnapping & Abduction of Women,KIDNAPPING & ABDUCTION,FALSE,1290
2010,Gujarat,Gujarat,State/UT,Rape,RAPE,FALSE,408
2010,Gujarat,Gujarat,State/UT,Total Crimes against Women,TOTAL CRIMES AGAINST WOMEN,FALSE,8148
2010,Haryana,Haryana,State/UT,Assault on Women with Intent to Outrage Modesty,ASSAULT ON WOMEN WITH INTENT TO OUTRAGE HER MODESTY,FALSE,476
2010,Haryana,Haryana,State/UT,Cruelty by Husband or Relatives,CRUELTY BY HUSBAND OR RELATIVES,FALSE,2720
2010,Haryana,Haryana,State/UT,Dowry Deaths,DOWRY DEATH,FALSE,284
2010,Haryana,Haryana,State/UT,Immoral Traffic (Prevention) Act,IMMORAL TRAFFIC(PREVENTION)ACT,FALSE,57
2010,Haryana,Haryana,State/UT,Indecent Representation of Women (Prevention) Act,INDECENT REPRESENTATION OF WOMEN(PREVENTION)ACT,FALSE,0
2010,Haryana,Haryana,State/UT,Insult to Modesty of Women,INSULT TO THE MODESTY OF WOMEN,FALSE,580
2010,Haryana,Haryana,State/UT,Kidnapping & Abduction of Women,KIDNAPPING & ABDUCTION,FALSE,714
2010,Haryana,Haryana,State/UT,Rape,RAPE,FALSE,720
2010,Haryana,Haryana,State/UT,Total Crimes against Women,TOTAL CRIMES AGAINST WOMEN,FALSE,5562
2010,Himachal Pradesh,Himachal Pradesh,State/UT,Assault on Women with Intent to Outrage Modesty,ASSAULT ON WOMEN WITH INTENT TO OUTRAGE HER MODESTY,FALSE,350
2010,Himachal Pradesh,Himachal Pradesh,State/UT,Cruelty by Husband or Relatives,CRUELTY BY HUSBAND OR RELATIVES,FALSE,275
2010,Himachal Pradesh,Himachal Pradesh,State/UT,Dowry Deaths,DOWRY DEATH,FALSE,2
2010,Himachal Pradesh,Himachal Pradesh,State/UT,Immoral Traffic (Prevention) Act,IMMORAL TRAFFIC(PREVENTION)ACT,FALSE,1
2010,Himachal Pradesh,Himachal Pradesh,State/UT,Indecent Representation of Women (Prevention) Act,INDECENT REPRESENTATION OF WOMEN(PREVENTION)ACT,FALSE,0
2010,Himachal Pradesh,Himachal Pradesh,State/UT,Insult to Modesty of Women,INSULT TO THE MODESTY OF WOMEN,FALSE,78
2010,Himachal Pradesh,Himachal Pradesh,State/UT,Kidnapping & Abduction of Women,KIDNAPPING & ABDUCTION,FALSE,162
2010,Himachal Pradesh,Himachal Pradesh,State/UT,Rape,RAPE,FALSE,160
2010,Himachal Pradesh,Himachal Pradesh,State/UT,Total Crimes against Women,TOTAL CRIMES AGAINST WOMEN,FALSE,1028
2010,Jammu & Kashmir,Jammu & Kashmir,State/UT,Assault on Women with Intent to Outrage Modesty,ASSAULT ON WOMEN WITH INTENT TO OUTRAGE HER MODESTY,FALSE,1038
2010,Jammu & Kashmir,Jammu & Kashmir,State/UT,Cruelty by Husband or Relatives,CRUELTY BY HUSBAND OR RELATIVES,FALSE,211
2010,Jammu & Kashmir,Jammu & Kashmir,State/UT,Dowry Deaths,DOWRY DEATH,FALSE,9
2010,Jammu & Kashmir,Jammu & Kashmir,State/UT,Immoral Traffic (Prevention) Act,IMMORAL TRAFFIC(PREVENTION)ACT,FALSE,4
2010,Jammu & Kashmir,Jammu & Kashmir,State/UT,Indecent Representation of Women (Prevention) Act,INDECENT REPRESENTATION OF WOMEN(PREVENTION)ACT,FALSE,0
2010,Jammu & Kashmir,Jammu & Kashmir,State/UT,Insult to Modesty of Women,INSULT TO THE MODESTY OF WOMEN,FALSE,262
2010,Jammu & Kashmir,Jammu & Kashmir,State/UT,Kidnapping & Abduction of Women,KIDNAPPING & ABDUCTION,FALSE,840
2010,Jammu & Kashmir,Jammu & Kashmir,State/UT,Rape,RAPE,FALSE,245
2010,Jammu & Kashmir,Jammu & Kashmir,State/UT,Total Crimes against Women,TOTAL CRIMES AGAINST WOMEN,FALSE,2611
2010,Jharkhand,Jharkhand,State/UT,Assault on Women with Intent to Outrage Modesty,ASSAULT ON WOMEN WITH INTENT TO OUTRAGE HER MODESTY,FALSE,245
2010,Jharkhand,Jharkhand,State/UT,Cruelty by Husband or Relatives,CRUELTY BY HUSBAND OR RELATIVES,FALSE,650
2010,Jharkhand,Jharkhand,State/UT,Dowry Deaths,DOWRY DEATH,FALSE,276
2010,Jharkhand,Jharkhand,State/UT,Immoral Traffic (Prevention) Act,IMMORAL TRAFFIC(PREVENTION)ACT,FALSE,13
2010,Jharkhand,Jharkhand,State/UT,Indecent Representation of Women (Prevention) Act,INDECENT REPRESENTATION OF WOMEN(PREVENTION)ACT,FALSE,6
2010,Jharkhand,Jharkhand,State/UT,Insult to Modesty of Women,INSULT TO THE MODESTY OF WOMEN,FALSE,16
2010,Jharkhand,Jharkhand,State/UT,Kidnapping & Abduction of Women,KIDNAPPING & ABDUCTION,FALSE,696
2010,Jharkhand,Jharkhand,State/UT,Rape,RAPE,FALSE,773
2010,Jharkhand,Jharkhand,State/UT,Total Crimes against Women,TOTAL CRIMES AGAINST WOMEN,FALSE,3087
2010,Karnataka,Karnataka,State/UT,Assault on Women with Intent to Outrage Modesty,ASSAULT ON WOMEN WITH INTENT TO OUTRAGE HER MODESTY,FALSE,2544
2010,Karnataka,Karnataka,State/UT,Cruelty by Husband or Relatives,CRUELTY BY HUSBAND OR RELATIVES,FALSE,3441
2010,Karnataka,Karnataka,State/UT,Dowry Deaths,DOWRY DEATH,FALSE,248
2010,Karnataka,Karnataka,State/UT,Immoral Traffic (Prevention) Act,IMMORAL TRAFFIC(PREVENTION)ACT,FALSE,242
2010,Karnataka,Karnataka,State/UT,Indecent Representation of Women (Prevention) Act,INDECENT REPRESENTATION OF WOMEN(PREVENTION)ACT,FALSE,0
2010,Karnataka,Karnataka,State/UT,Insult to Modesty of Women,INSULT TO THE MODESTY OF WOMEN,FALSE,83
2010,Karnataka,Karnataka,State/UT,Kidnapping & Abduction of Women,KIDNAPPING & ABDUCTION,FALSE,586
2010,Karnataka,Karnataka,State/UT,Rape,RAPE,FALSE,586
2010,Karnataka,Karnataka,State/UT,Total Crimes against Women,TOTAL CRIMES AGAINST WOMEN,FALSE,8807
2010,Kerala,Kerala,State/UT,Assault on Women with Intent to Outrage Modesty,ASSAULT ON WOMEN WITH INTENT TO OUTRAGE HER MODESTY,FALSE,2936
2010,Kerala,Kerala,State/UT,Cruelty by Husband or Relatives,CRUELTY BY HUSBAND OR RELATIVES,FALSE,4797
2010,Kerala,Kerala,State/UT,Dowry Deaths,DOWRY DEATH,FALSE,22
2010,Kerala,Kerala,State/UT,Immoral Traffic (Prevention) Act,IMMORAL TRAFFIC(PREVENTION)ACT,FALSE,309
2010,Kerala,Kerala,State/UT,Indecent Representation of Women (Prevention) Act,INDECENT REPRESENTATION OF WOMEN(PREVENTION)ACT,FALSE,37
2010,Kerala,Kerala,State/UT,Insult to Modesty of Women,INSULT TO THE MODESTY OF WOMEN,FALSE,537
2010,Kerala,Kerala,State/UT,Kidnapping & Abduction of Women,KIDNAPPING & ABDUCTION,FALSE,184
2010,Kerala,Kerala,State/UT,Rape,RAPE,FALSE,634
2010,Kerala,Kerala,State/UT,Total Crimes against Women,TOTAL CRIMES AGAINST WOMEN,FALSE,9463
2010,Lakshadweep,Lakshadweep,State/UT,Assault on Women with Intent to Outrage Modesty,ASSAULT ON WOMEN WITH INTENT TO OUTRAGE HER MODESTY,FALSE,0
2010,Lakshadweep,Lakshadweep,State/UT,Cruelty by Husband or Relatives,CRUELTY BY HUSBAND OR RELATIVES,FALSE,0
2010,Lakshadweep,Lakshadweep,State/UT,Dowry Deaths,DOWRY DEATH,FALSE,0
2010,Lakshadweep,Lakshadweep,State/UT,Immoral Traffic (Prevention) Act,IMMORAL TRAFFIC(PREVENTION)ACT,FALSE,0
2010,Lakshadweep,Lakshadweep,State/UT,Indecent Representation of Women (Prevention) Act,INDECENT REPRESENTATION OF WOMEN(PREVENTION)ACT,FALSE,1
2010,Lakshadweep,Lakshadweep,State/UT,Insult to Modesty of Women,INSULT TO THE MODESTY OF WOMEN,FALSE,0
2010,Lakshadweep,Lakshadweep,State/UT,Kidnapping & Abduction of Women,KIDNAPPING & ABDUCTION,FALSE,0
2010,Lakshadweep,Lakshadweep,State/UT,Rape,RAPE,FALSE,0
2010,Lakshadweep,Lakshadweep,State/UT,Total Crimes against Women,TOTAL CRIMES AGAINST WOMEN,FALSE,1
2010,Madhya Pradesh,Madhya Pradesh,State/UT,Assault on Women with Intent to Outrage Modesty,ASSAULT ON WOMEN WITH INTENT TO OUTRAGE HER MODESTY,FALSE,6646
2010,Madhya Pradesh,Madhya Pradesh,State/UT,Cruelty by Husband or Relatives,CRUELTY BY HUSBAND OR RELATIVES,FALSE,3756
2010,Madhya Pradesh,Madhya Pradesh,State/UT,Dowry Deaths,DOWRY DEATH,FALSE,892
2010,Madhya Pradesh,Madhya Pradesh,State/UT,Immoral Traffic (Prevention) Act,IMMORAL TRAFFIC(PREVENTION)ACT,FALSE,19
2010,Madhya Pradesh,Madhya Pradesh,State/UT,Indecent Representation of Women (Prevention) Act,INDECENT REPRESENTATION OF WOMEN(PREVENTION)ACT,FALSE,0
2010,Madhya Pradesh,Madhya Pradesh,State/UT,Insult to Modesty of Women,INSULT TO THE MODESTY OF WOMEN,FALSE,918
2010,Madhya Pradesh,Madhya Pradesh,State/UT,Kidnapping & Abduction of Women,KIDNAPPING & ABDUCTION,FALSE,1030
2010,Madhya Pradesh,Madhya Pradesh,State/UT,Rape,RAPE,FALSE,3135
2010,Madhya Pradesh,Madhya Pradesh,State/UT,Total Crimes against Women,TOTAL CRIMES AGAINST WOMEN,FALSE,16468
2010,Maharashtra,Maharashtra,State/UT,Assault on Women with Intent to Outrage Modesty,ASSAULT ON WOMEN WITH INTENT TO OUTRAGE HER MODESTY,FALSE,3661
2010,Maharashtra,Maharashtra,State/UT,Cruelty by Husband or Relatives,CRUELTY BY HUSBAND OR RELATIVES,FALSE,7434
2010,Maharashtra,Maharashtra,State/UT,Dowry Deaths,DOWRY DEATH,FALSE,393
2010,Maharashtra,Maharashtra,State/UT,Immoral Traffic (Prevention) Act,IMMORAL TRAFFIC(PREVENTION)ACT,FALSE,306
2010,Maharashtra,Maharashtra,State/UT,Indecent Representation of Women (Prevention) Act,INDECENT REPRESENTATION OF WOMEN(PREVENTION)ACT,FALSE,0
2010,Maharashtra,Maharashtra,State/UT,Insult to Modesty of Women,INSULT TO THE MODESTY OF WOMEN,FALSE,1180
2010,Maharashtra,Maharashtra,State/UT,Kidnapping & Abduction of Women,KIDNAPPING & ABDUCTION,FALSE,1124
2010,Maharashtra,Maharashtra,State/UT,Rape,RAPE,FALSE,1599
2010,Maharashtra,Maharashtra,State/UT,Total Crimes against Women,TOTAL CRIMES AGAINST WOMEN,FALSE,15737
2010,Manipur,Manipur,State/UT,Assault on Women with Intent to Outrage Modesty,ASSAULT ON WOMEN WITH INTENT TO OUTRAGE HER MODESTY,FALSE,31
2010,Manipur,Manipur,State/UT,Cruelty by Husband or Relatives,CRUELTY BY HUSBAND OR RELATIVES,FALSE,18
2010,Manipur,Manipur,State/UT,Dowry Deaths,DOWRY DEATH,FALSE,0
2010,Manipur,Manipur,State/UT,Immoral Traffic (Prevention) Act,IMMORAL TRAFFIC(PREVENTION)ACT,FALSE,0
2010,Manipur,Manipur,State/UT,Indecent Representation of Women (Prevention) Act,INDECENT REPRESENTATION OF WOMEN(PREVENTION)ACT,FALSE,0
2010,Manipur,Manipur,State/UT,Insult to Modesty of Women,INSULT TO THE MODESTY OF WOMEN,FALSE,0
2010,Manipur,Manipur,State/UT,Kidnapping & Abduction of Women,KIDNAPPING & ABDUCTION,FALSE,107
2010,Manipur,Manipur,State/UT,Rape,RAPE,FALSE,34
2010,Manipur,Manipur,State/UT,Total Crimes against Women,TOTAL CRIMES AGAINST WOMEN,FALSE,190
2010,Meghalaya,Meghalaya,State/UT,Assault on Women with Intent to Outrage Modesty,ASSAULT ON WOMEN WITH INTENT TO OUTRAGE HER MODESTY,FALSE,48
2010,Meghalaya,Meghalaya,State/UT,Cruelty by Husband or Relatives,CRUELTY BY HUSBAND OR RELATIVES,FALSE,24
2010,Meghalaya,Meghalaya,State/UT,Dowry Deaths,DOWRY DEATH,FALSE,0
2010,Meghalaya,Meghalaya,State/UT,Immoral Traffic (Prevention) Act,IMMORAL TRAFFIC(PREVENTION)ACT,FALSE,3
2010,Meghalaya,Meghalaya,State/UT,Indecent Representation of Women (Prevention) Act,INDECENT REPRESENTATION OF WOMEN(PREVENTION)ACT,FALSE,0
2010,Meghalaya,Meghalaya,State/UT,Insult to Modesty of Women,INSULT TO THE MODESTY OF WOMEN,FALSE,0
2010,Meghalaya,Meghalaya,State/UT,Kidnapping & Abduction of Women,KIDNAPPING & ABDUCTION,FALSE,37
2010,Meghalaya,Meghalaya,State/UT,Rape,RAPE,FALSE,149
2010,Meghalaya,Meghalaya,State/UT,Total Crimes against Women,TOTAL CRIMES AGAINST WOMEN,FALSE,261
2010,Mizoram,Mizoram,State/UT,Assault on Women with Intent to Outrage Modesty,ASSAULT ON WOMEN WITH INTENT TO OUTRAGE HER MODESTY,FALSE,75
2010,Mizoram,Mizoram,State/UT,Cruelty by Husband or Relatives,CRUELTY BY HUSBAND OR RELATIVES,FALSE,3
2010,Mizoram,Mizoram,State/UT,Dowry Deaths,DOWRY DEATH,FALSE,0
2010,Mizoram,Mizoram,State/UT,Immoral Traffic (Prevention) Act,IMMORAL TRAFFIC(PREVENTION)ACT,FALSE,0
2010,Mizoram,Mizoram,State/UT,Indecent Representation of Women (Prevention) Act,INDECENT REPRESENTATION OF WOMEN(PREVENTION)ACT,FALSE,0
2010,Mizoram,Mizoram,State/UT,Insult to Modesty of Women,INSULT TO THE MODESTY OF WOMEN,FALSE,0
2010,Mizoram,Mizoram,State/UT,Kidnapping & Abduction of Women,KIDNAPPING & ABDUCTION,FALSE,0
2010,Mizoram,Mizoram,State/UT,Rape,RAPE,FALSE,92
2010,Mizoram,Mizoram,State/UT,Total Crimes against Women,TOTAL CRIMES AGAINST WOMEN,FALSE,170
2010,Nagaland,Nagaland,State/UT,Assault on Women with Intent to Outrage Modesty,ASSAULT ON WOMEN WITH INTENT TO OUTRAGE HER MODESTY,FALSE,13
2010,Nagaland,Nagaland,State/UT,Cruelty by Husband or Relatives,CRUELTY BY HUSBAND OR RELATIVES,FALSE,1
2010,Nagaland,Nagaland,State/UT,Dowry Deaths,DOWRY DEATH,FALSE,0
2010,Nagaland,Nagaland,State/UT,Immoral Traffic (Prevention) Act,IMMORAL TRAFFIC(PREVENTION)ACT,FALSE,2
2010,Nagaland,Nagaland,State/UT,Indecent Representation of Women (Prevention) Act,INDECENT REPRESENTATION OF WOMEN(PREVENTION)ACT,FALSE,0
2010,Nagaland,Nagaland,State/UT,Insult to Modesty of Women,INSULT TO THE MODESTY OF WOMEN,FALSE,3
2010,Nagaland,Nagaland,State/UT,Kidnapping & Abduction of Women,KIDNAPPING & ABDUCTION,FALSE,6
2010,Nagaland,Nagaland,State/UT,Rape,RAPE,FALSE,16
2010,Nagaland,Nagaland,State/UT,Total Crimes against Women,TOTAL CRIMES AGAINST WOMEN,FALSE,41
2010,Odisha,Odisha,State/UT,Assault on Women with Intent to Outrage Modesty,ASSAULT ON WOMEN WITH INTENT TO OUTRAGE HER MODESTY,FALSE,2905
2010,Odisha,Odisha,State/UT,Cruelty by Husband or Relatives,CRUELTY BY HUSBAND OR RELATIVES,FALSE,2067
2010,Odisha,Odisha,State/UT,Dowry Deaths,DOWRY DEATH,FALSE,388
2010,Odisha,Odisha,State/UT,Immoral Traffic (Prevention) Act,IMMORAL TRAFFIC(PREVENTION)ACT,FALSE,25
2010,Odisha,Odisha,State/UT,Indecent Representation of Women (Prevention) Act,INDECENT REPRESENTATION OF WOMEN(PREVENTION)ACT,FALSE,0
2010,Odisha,Odisha,State/UT,Insult to Modesty of Women,INSULT TO THE MODESTY OF WOMEN,FALSE,232
2010,Odisha,Odisha,State/UT,Kidnapping & Abduction of Women,KIDNAPPING & ABDUCTION,FALSE,912
2010,Odisha,Odisha,State/UT,Rape,RAPE,FALSE,1025
2010,Odisha,Odisha,State/UT,Total Crimes against Women,TOTAL CRIMES AGAINST WOMEN,FALSE,8501
2010,Puducherry,Puducherry,State/UT,Assault on Women with Intent to Outrage Modesty,ASSAULT ON WOMEN WITH INTENT TO OUTRAGE HER MODESTY,FALSE,46
2010,Puducherry,Puducherry,State/UT,Cruelty by Husband or Relatives,CRUELTY BY HUSBAND OR RELATIVES,FALSE,7
2010,Puducherry,Puducherry,State/UT,Dowry Deaths,DOWRY DEATH,FALSE,1
2010,Puducherry,Puducherry,State/UT,Immoral Traffic (Prevention) Act,IMMORAL TRAFFIC(PREVENTION)ACT,FALSE,11
2010,Puducherry,Puducherry,State/UT,Indecent Representation of Women (Prevention) Act,INDECENT REPRESENTATION OF WOMEN(PREVENTION)ACT,FALSE,0
2010,Puducherry,Puducherry,State/UT,Insult to Modesty of Women,INSULT TO THE MODESTY OF WOMEN,FALSE,22
2010,Puducherry,Puducherry,State/UT,Kidnapping & Abduction of Women,KIDNAPPING & ABDUCTION,FALSE,14
2010,Puducherry,Puducherry,State/UT,Rape,RAPE,FALSE,3
2010,Puducherry,Puducherry,State/UT,Total Crimes against Women,TOTAL CRIMES AGAINST WOMEN,FALSE,115
2010,Punjab,Punjab,State/UT,Assault on Women with Intent to Outrage Modesty,ASSAULT ON WOMEN WITH INTENT TO OUTRAGE HER MODESTY,FALSE,349
2010,Punjab,Punjab,State/UT,Cruelty by Husband or Relatives,CRUELTY BY HUSBAND OR RELATIVES,FALSE,1163
2010,Punjab,Punjab,State/UT,Dowry Deaths,DOWRY DEATH,FALSE,121
2010,Punjab,Punjab,State/UT,Immoral Traffic (Prevention) Act,IMMORAL TRAFFIC(PREVENTION)ACT,FALSE,59
2010,Punjab,Punjab,State/UT,Indecent Representation of Women (Prevention) Act,INDECENT REPRESENTATION OF WOMEN(PREVENTION)ACT,FALSE,0
2010,Punjab,Punjab,State/UT,Insult to Modesty of Women,INSULT TO THE MODESTY OF WOMEN,FALSE,38
2010,Punjab,Punjab,State/UT,Kidnapping & Abduction of Women,KIDNAPPING & ABDUCTION,FALSE,576
2010,Punjab,Punjab,State/UT,Rape,RAPE,FALSE,546
2010,Punjab,Punjab,State/UT,Total Crimes against Women,TOTAL CRIMES AGAINST WOMEN,FALSE,2853
2010,Rajasthan,Rajasthan,State/UT,Assault on Women with Intent to Outrage Modesty,ASSAULT ON WOMEN WITH INTENT TO OUTRAGE HER MODESTY,FALSE,2339
2010,Rajasthan,Rajasthan,State/UT,Cruelty by Husband or Relatives,CRUELTY BY HUSBAND OR RELATIVES,FALSE,11145
2010,Rajasthan,Rajasthan,State/UT,Dowry Deaths,DOWRY DEATH,FALSE,462
2010,Rajasthan,Rajasthan,State/UT,Immoral Traffic (Prevention) Act,IMMORAL TRAFFIC(PREVENTION)ACT,FALSE,82
2010,Rajasthan,Rajasthan,State/UT,Indecent Representation of Women (Prevention) Act,INDECENT REPRESENTATION OF WOMEN(PREVENTION)ACT,FALSE,80
2010,Rajasthan,Rajasthan,State/UT,Insult to Modesty of Women,INSULT TO THE MODESTY OF WOMEN,FALSE,23
2010,Rajasthan,Rajasthan,State/UT,Kidnapping & Abduction of Women,KIDNAPPING & ABDUCTION,FALSE,2477
2010,Rajasthan,Rajasthan,State/UT,Rape,RAPE,FALSE,1571
2010,Rajasthan,Rajasthan,State/UT,Total Crimes against Women,TOTAL CRIMES AGAINST WOMEN,FALSE,18182
2010,Sikkim,Sikkim,State/UT,Assault on Women with Intent to Outrage Modesty,ASSAULT ON WOMEN WITH INTENT TO OUTRAGE HER MODESTY,FALSE,11
2010,Sikkim,Sikkim,State/UT,Cruelty by Husband or Relatives,CRUELTY BY HUSBAND OR RELATIVES,FALSE,3
2010,Sikkim,Sikkim,State/UT,Dowry Deaths,DOWRY DEATH,FALSE,1
2010,Sikkim,Sikkim,State/UT,Immoral Traffic (Prevention) Act,IMMORAL TRAFFIC(PREVENTION)ACT,FALSE,3
2010,Sikkim,Sikkim,State/UT,Indecent Representation of Women (Prevention) Act,INDECENT REPRESENTATION OF WOMEN(PREVENTION)ACT,FALSE,0
2010,Sikkim,Sikkim,State/UT,Insult to Modesty of Women,INSULT TO THE MODESTY OF WOMEN,FALSE,0
2010,Sikkim,Sikkim,State/UT,Kidnapping & Abduction of Women,KIDNAPPING & ABDUCTION,FALSE,6
2010,Sikkim,Sikkim,State/UT,Rape,RAPE,FALSE,18
2010,Sikkim,Sikkim,State/UT,Total Crimes against Women,TOTAL CRIMES AGAINST WOMEN,FALSE,42
2010,Tamil Nadu,Tamil Nadu,State/UT,Assault on Women with Intent to Outrage Modesty,ASSAULT ON WOMEN WITH INTENT TO OUTRAGE HER MODESTY,FALSE,1405
2010,Tamil Nadu,Tamil Nadu,State/UT,Cruelty by Husband or Relatives,CRUELTY BY HUSBAND OR RELATIVES,FALSE,1570
2010,Tamil Nadu,Tamil Nadu,State/UT,Dowry Deaths,DOWRY DEATH,FALSE,165
2010,Tamil Nadu,Tamil Nadu,State/UT,Immoral Traffic (Prevention) Act,IMMORAL TRAFFIC(PREVENTION)ACT,FALSE,567
2010,Tamil Nadu,Tamil Nadu,State/UT,Indecent Representation of Women (Prevention) Act,INDECENT REPRESENTATION OF WOMEN(PREVENTION)ACT,FALSE,14
2010,Tamil Nadu,Tamil Nadu,State/UT,Insult to Modesty of Women,INSULT TO THE MODESTY OF WOMEN,FALSE,638
2010,Tamil Nadu,Tamil Nadu,State/UT,Kidnapping & Abduction of Women,KIDNAPPING & ABDUCTION,FALSE,1464
2010,Tamil Nadu,Tamil Nadu,State/UT,Rape,RAPE,FALSE,686
2010,Tamil Nadu,Tamil Nadu,State/UT,Total Crimes against Women,TOTAL CRIMES AGAINST WOMEN,FALSE,6708
2010,Tripura,Tripura,State/UT,Assault on Women with Intent to Outrage Modesty,ASSAULT ON WOMEN WITH INTENT TO OUTRAGE HER MODESTY,FALSE,376
2010,Tripura,Tripura,State/UT,Cruelty by Husband or Relatives,CRUELTY BY HUSBAND OR RELATIVES,FALSE,937
2010,Tripura,Tripura,State/UT,Dowry Deaths,DOWRY DEATH,FALSE,25
2010,Tripura,Tripura,State/UT,Immoral Traffic (Prevention) Act,IMMORAL TRAFFIC(PREVENTION)ACT,FALSE,1
2010,Tripura,Tripura,State/UT,Indecent Representation of Women (Prevention) Act,INDECENT REPRESENTATION OF WOMEN(PREVENTION)ACT,FALSE,0
2010,Tripura,Tripura,State/UT,Insult to Modesty of Women,INSULT TO THE MODESTY OF WOMEN,FALSE,9
2010,Tripura,Tripura,State/UT,Kidnapping & Abduction of Women,KIDNAPPING & ABDUCTION,FALSE,91
2010,Tripura,Tripura,State/UT,Rape,RAPE,FALSE,238
2010,Tripura,Tripura,State/UT,Total Crimes against Women,TOTAL CRIMES AGAINST WOMEN,FALSE,1678
2010,Uttar Pradesh,Uttar Pradesh,State/UT,Assault on Women with Intent to Outrage Modesty,ASSAULT ON WOMEN WITH INTENT TO OUTRAGE HER MODESTY,FALSE,2793
2010,Uttar Pradesh,Uttar Pradesh,State/UT,Cruelty by Husband or Relatives,CRUELTY BY HUSBAND OR RELATIVES,FALSE,7978
2010,Uttar Pradesh,Uttar Pradesh,State/UT,Dowry Deaths,DOWRY DEATH,FALSE,2217
2010,Uttar Pradesh,Uttar Pradesh,State/UT,Immoral Traffic (Prevention) Act,IMMORAL TRAFFIC(PREVENTION)ACT,FALSE,23
2010,Uttar Pradesh,Uttar Pradesh,State/UT,Indecent Representation of Women (Prevention) Act,INDECENT REPRESENTATION OF WOMEN(PREVENTION)ACT,FALSE,1
2010,Uttar Pradesh,Uttar Pradesh,State/UT,Insult to Modesty of Women,INSULT TO THE MODESTY OF WOMEN,FALSE,11
2010,Uttar Pradesh,Uttar Pradesh,State/UT,Kidnapping & Abduction of Women,KIDNAPPING & ABDUCTION,FALSE,5468
2010,Uttar Pradesh,Uttar Pradesh,State/UT,Rape,RAPE,FALSE,1563
2010,Uttar Pradesh,Uttar Pradesh,State/UT,Total Crimes against Women,TOTAL CRIMES AGAINST WOMEN,FALSE,20169
2010,Uttarakhand,Uttarakhand,State/UT,Assault on Women with Intent to Outrage Modesty,ASSAULT ON WOMEN WITH INTENT TO OUTRAGE HER MODESTY,FALSE,125
2010,Uttarakhand,Uttarakhand,State/UT,Cruelty by Husband or Relatives,CRUELTY BY HUSBAND OR RELATIVES,FALSE,334
2010,Uttarakhand,Uttarakhand,State/UT,Dowry Deaths,DOWRY DEATH,FALSE,75
2010,Uttarakhand,Uttarakhand,State/UT,Immoral Traffic (Prevention) Act,IMMORAL TRAFFIC(PREVENTION)ACT,FALSE,4
2010,Uttarakhand,Uttarakhand,State/UT,Indecent Representation of Women (Prevention) Act,INDECENT REPRESENTATION OF WOMEN(PREVENTION)ACT,FALSE,0
2010,Uttarakhand,Uttarakhand,State/UT,Insult to Modesty of Women,INSULT TO THE MODESTY OF WOMEN,FALSE,165
2010,Uttarakhand,Uttarakhand,State/UT,Kidnapping & Abduction of Women,KIDNAPPING & ABDUCTION,FALSE,249
2010,Uttarakhand,Uttarakhand,State/UT,Rape,RAPE,FALSE,121
2010,Uttarakhand,Uttarakhand,State/UT,Total Crimes against Women,TOTAL CRIMES AGAINST WOMEN,FALSE,1074
2010,West Bengal,West Bengal,State/UT,Assault on Women with Intent to Outrage Modesty,ASSAULT ON WOMEN WITH INTENT TO OUTRAGE HER MODESTY,FALSE,2465
2010,West Bengal,West Bengal,State/UT,Cruelty by Husband or Relatives,CRUELTY BY HUSBAND OR RELATIVES,FALSE,17796
2010,West Bengal,West Bengal,State/UT,Dowry Deaths,DOWRY DEATH,FALSE,507
2010,West Bengal,West Bengal,State/UT,Immoral Traffic (Prevention) Act,IMMORAL TRAFFIC(PREVENTION)ACT,FALSE,56
2010,West Bengal,West Bengal,State/UT,Indecent Representation of Women (Prevention) Act,INDECENT REPRESENTATION OF WOMEN(PREVENTION)ACT,FALSE,2
2010,West Bengal,West Bengal,State/UT,Insult to Modesty of Women,INSULT TO THE MODESTY OF WOMEN,FALSE,163
2010,West Bengal,West Bengal,State/UT,Kidnapping & Abduction of Women,KIDNAPPING & ABDUCTION,FALSE,2764
2010,West Bengal,West Bengal,State/UT,Rape,RAPE,FALSE,2311
2010,West Bengal,West Bengal,State/UT,Total Crimes against Women,TOTAL CRIMES AGAINST WOMEN,FALSE,26125
2011,All India (Total),All India,Aggregate,Assault on Women with Intent to Outrage Modesty,ASSAULT ON WOMEN WITH INTENT TO OUTRAGE HER MODESTY,FALSE,42968
2011,All India (Total),All India,Aggregate,Cruelty by Husband or Relatives,CRUELTY BY HUSBAND OR RELATIVES,FALSE,99135
2011,All India (Total),ALL INDIA,Aggregate,Dowry Deaths,DOWRY DEATH,FALSE,8618
2011,All India (Total),All India,Aggregate,Immoral Traffic (Prevention) Act,IMMORAL TRAFFIC(PREVENTION)ACT,FALSE,2436
2011,All India (Total),All India,Aggregate,Indecent Representation of Women (Prevention) Act,INDECENT REPRESENTATION OF WOMEN(PREVENTION)ACT,FALSE,453
2011,All India (Total),All India,Aggregate,Insult to Modesty of Women,INSULT TO THE MODESTY OF WOMEN,FALSE,8570
2011,All India (Total),ALL INDIA K&A,Aggregate,Kidnapping & Abduction of Women,KIDNAPPING & ABDUCTION,FALSE,35565
2011,All India (Total),All India,Aggregate,Rape,RAPE,FALSE,24206
2011,All India (Total),TOTAL Crime against Women,Aggregate,Total Crimes against Women,TOTAL CRIMES AGAINST WOMEN,FALSE,228650
2011,Andaman & Nicobar Islands,A&N Islands,State/UT,Assault on Women with Intent to Outrage Modesty,ASSAULT ON WOMEN WITH INTENT TO OUTRAGE HER MODESTY,FALSE,15
2011,Andaman & Nicobar Islands,A&N Islands,State/UT,Cruelty by Husband or Relatives,CRUELTY BY HUSBAND OR RELATIVES,FALSE,5
2011,Andaman & Nicobar Islands,A&N Islands,State/UT,Dowry Deaths,DOWRY DEATH,FALSE,0
2011,Andaman & Nicobar Islands,A&N Islands,State/UT,Immoral Traffic (Prevention) Act,IMMORAL TRAFFIC(PREVENTION)ACT,FALSE,3
2011,Andaman & Nicobar Islands,A&N Islands,State/UT,Indecent Representation of Women (Prevention) Act,INDECENT REPRESENTATION OF WOMEN(PREVENTION)ACT,FALSE,0
2011,Andaman & Nicobar Islands,A&N Islands,State/UT,Insult to Modesty of Women,INSULT TO THE MODESTY OF WOMEN,FALSE,3
2011,Andaman & Nicobar Islands,A&N Islands,State/UT,Kidnapping & Abduction of Women,KIDNAPPING & ABDUCTION,FALSE,12
2011,Andaman & Nicobar Islands,A&N Islands,State/UT,Rape,RAPE,FALSE,13
2011,Andaman & Nicobar Islands,A&N Islands,State/UT,Total Crimes against Women,TOTAL CRIMES AGAINST WOMEN,FALSE,51
2011,Andhra Pradesh,Andhra Pradesh,State/UT,Assault on Women with Intent to Outrage Modesty,ASSAULT ON WOMEN WITH INTENT TO OUTRAGE HER MODESTY,FALSE,4849
2011,Andhra Pradesh,Andhra Pradesh,State/UT,Cruelty by Husband or Relatives,CRUELTY BY HUSBAND OR RELATIVES,FALSE,13376
2011,Andhra Pradesh,Andhra Pradesh,State/UT,Dowry Deaths,DOWRY DEATH,FALSE,599
2011,Andhra Pradesh,Andhra Pradesh,State/UT,Immoral Traffic (Prevention) Act,IMMORAL TRAFFIC(PREVENTION)ACT,FALSE,497
2011,Andhra Pradesh,Andhra Pradesh,State/UT,Indecent Representation of Women (Prevention) Act,INDECENT REPRESENTATION OF WOMEN(PREVENTION)ACT,FALSE,314
2011,Andhra Pradesh,Andhra Pradesh,State/UT,Insult to Modesty of Women,INSULT TO THE MODESTY OF WOMEN,FALSE,3658
2011,Andhra Pradesh,Andhra Pradesh,State/UT,Kidnapping & Abduction of Women,KIDNAPPING & ABDUCTION,FALSE,1612
2011,Andhra Pradesh,Andhra Pradesh,State/UT,Rape,RAPE,FALSE,1442
2011,Andhra Pradesh,Andhra Pradesh,State/UT,Total Crimes against Women,TOTAL CRIMES AGAINST WOMEN,FALSE,28246
2011,Arunachal Pradesh,Arunachal Pradesh,State/UT,Assault on Women with Intent to Outrage Modesty,ASSAULT ON WOMEN WITH INTENT TO OUTRAGE HER MODESTY,FALSE,51
2011,Arunachal Pradesh,Arunachal Pradesh,State/UT,Cruelty by Husband or Relatives,CRUELTY BY HUSBAND OR RELATIVES,FALSE,18
2011,Arunachal Pradesh,Arunachal Pradesh,State/UT,Dowry Deaths,DOWRY DEATH,FALSE,0
2011,Arunachal Pradesh,Arunachal Pradesh,State/UT,Immoral Traffic (Prevention) Act,IMMORAL TRAFFIC(PREVENTION)ACT,FALSE,0
2011,Arunachal Pradesh,Arunachal Pradesh,State/UT,Indecent Representation of Women (Prevention) Act,INDECENT REPRESENTATION OF WOMEN(PREVENTION)ACT,FALSE,0
2011,Arunachal Pradesh,Arunachal Pradesh,State/UT,Insult to Modesty of Women,INSULT TO THE MODESTY OF WOMEN,FALSE,0
2011,Arunachal Pradesh,Arunachal Pradesh,State/UT,Kidnapping & Abduction of Women,KIDNAPPING & ABDUCTION,FALSE,60
2011,Arunachal Pradesh,Arunachal Pradesh,State/UT,Rape,RAPE,FALSE,42
2011,Arunachal Pradesh,Arunachal Pradesh,State/UT,Total Crimes against Women,TOTAL CRIMES AGAINST WOMEN,FALSE,171
2011,Assam,Assam,State/UT,Assault on Women with Intent to Outrage Modesty,ASSAULT ON WOMEN WITH INTENT TO OUTRAGE HER MODESTY,FALSE,1193
2011,Assam,Assam,State/UT,Cruelty by Husband or Relatives,CRUELTY BY HUSBAND OR RELATIVES,FALSE,5246
2011,Assam,Assam,State/UT,Dowry Deaths,DOWRY DEATH,FALSE,121
2011,Assam,Assam,State/UT,Immoral Traffic (Prevention) Act,IMMORAL TRAFFIC(PREVENTION)ACT,FALSE,21
2011,Assam,Assam,State/UT,Indecent Representation of Women (Prevention) Act,INDECENT REPRESENTATION OF WOMEN(PREVENTION)ACT,FALSE,1
2011,Assam,Assam,State/UT,Insult to Modesty of Women,INSULT TO THE MODESTY OF WOMEN,FALSE,8
2011,Assam,Assam,State/UT,Kidnapping & Abduction of Women,KIDNAPPING & ABDUCTION,FALSE,3192
2011,Assam,Assam,State/UT,Rape,RAPE,FALSE,1700
2011,Assam,Assam,State/UT,Total Crimes against Women,TOTAL CRIMES AGAINST WOMEN,FALSE,11503
2011,Bihar,Bihar,State/UT,Assault on Women with Intent to Outrage Modesty,ASSAULT ON WOMEN WITH INTENT TO OUTRAGE HER MODESTY,FALSE,790
2011,Bihar,Bihar,State/UT,Cruelty by Husband or Relatives,CRUELTY BY HUSBAND OR RELATIVES,FALSE,2607
2011,Bihar,Bihar,State/UT,Dowry Deaths,DOWRY DEATH,FALSE,1413
2011,Bihar,Bihar,State/UT,Immoral Traffic (Prevention) Act,IMMORAL TRAFFIC(PREVENTION)ACT,FALSE,23
2011,Bihar,Bihar,State/UT,Indecent Representation of Women (Prevention) Act,INDECENT REPRESENTATION OF WOMEN(PREVENTION)ACT,FALSE,0
2011,Bihar,Bihar,State/UT,Insult to Modesty of Women,INSULT TO THE MODESTY OF WOMEN,FALSE,11
2011,Bihar,Bihar,State/UT,Kidnapping & Abduction of Women,KIDNAPPING & ABDUCTION,FALSE,3050
2011,Bihar,Bihar,State/UT,Rape,RAPE,FALSE,934
2011,Bihar,Bihar,State/UT,Total Crimes against Women,TOTAL CRIMES AGAINST WOMEN,FALSE,10231
2011,Chandigarh,Chandigarh,State/UT,Assault on Women with Intent to Outrage Modesty,ASSAULT ON WOMEN WITH INTENT TO OUTRAGE HER MODESTY,FALSE,21
2011,Chandigarh,Chandigarh,State/UT,Cruelty by Husband or Relatives,CRUELTY BY HUSBAND OR RELATIVES,FALSE,46
2011,Chandigarh,Chandigarh,State/UT,Dowry Deaths,DOWRY DEATH,FALSE,2
2011,Chandigarh,Chandigarh,State/UT,Immoral Traffic (Prevention) Act,IMMORAL TRAFFIC(PREVENTION)ACT,FALSE,1
2011,Chandigarh,Chandigarh,State/UT,Indecent Representation of Women (Prevention) Act,INDECENT REPRESENTATION OF WOMEN(PREVENTION)ACT,FALSE,0
2011,Chandigarh,Chandigarh,State/UT,Insult to Modesty of Women,INSULT TO THE MODESTY OF WOMEN,FALSE,12
2011,Chandigarh,Chandigarh,State/UT,Kidnapping & Abduction of Women,KIDNAPPING & ABDUCTION,FALSE,46
2011,Chandigarh,Chandigarh,State/UT,Rape,RAPE,FALSE,27
2011,Chandigarh,Chandigarh,State/UT,Total Crimes against Women,TOTAL CRIMES AGAINST WOMEN,FALSE,156
2011,Chhattisgarh,Chhattisgarh,State/UT,Assault on Women with Intent to Outrage Modesty,ASSAULT ON WOMEN WITH INTENT TO OUTRAGE HER MODESTY,FALSE,1654
2011,Chhattisgarh,Chhattisgarh,State/UT,Cruelty by Husband or Relatives,CRUELTY BY HUSBAND OR RELATIVES,FALSE,834
2011,Chhattisgarh,Chhattisgarh,State/UT,Dowry Deaths,DOWRY DEATH,FALSE,104
2011,Chhattisgarh,Chhattisgarh,State/UT,Immoral Traffic (Prevention) Act,IMMORAL TRAFFIC(PREVENTION)ACT,FALSE,15
2011,Chhattisgarh,Chhattisgarh,State/UT,Indecent Representation of Women (Prevention) Act,INDECENT REPRESENTATION OF WOMEN(PREVENTION)ACT,FALSE,0
2011,Chhattisgarh,Chhattisgarh,State/UT,Insult to Modesty of Women,INSULT TO THE MODESTY OF WOMEN,FALSE,174
2011,Chhattisgarh,Chhattisgarh,State/UT,Kidnapping & Abduction of Women,KIDNAPPING & ABDUCTION,FALSE,365
2011,Chhattisgarh,Chhattisgarh,State/UT,Rape,RAPE,FALSE,1053
2011,Chhattisgarh,Chhattisgarh,State/UT,Total Crimes against Women,TOTAL CRIMES AGAINST WOMEN,FALSE,4219
2011,"Dadra & Nagar Haveli (pre-2020, separate UT)",D&N Haveli,State/UT,Assault on Women with Intent to Outrage Modesty,ASSAULT ON WOMEN WITH INTENT TO OUTRAGE HER MODESTY,FALSE,2
2011,"Dadra & Nagar Haveli (pre-2020, separate UT)",D&N Haveli,State/UT,Cruelty by Husband or Relatives,CRUELTY BY HUSBAND OR RELATIVES,FALSE,3
2011,"Dadra & Nagar Haveli (pre-2020, separate UT)",D&N Haveli,State/UT,Dowry Deaths,DOWRY DEATH,FALSE,0
2011,"Dadra & Nagar Haveli (pre-2020, separate UT)",D&N Haveli,State/UT,Immoral Traffic (Prevention) Act,IMMORAL TRAFFIC(PREVENTION)ACT,FALSE,1
2011,"Dadra & Nagar Haveli (pre-2020, separate UT)",D&N Haveli,State/UT,Indecent Representation of Women (Prevention) Act,INDECENT REPRESENTATION OF WOMEN(PREVENTION)ACT,FALSE,0
2011,"Dadra & Nagar Haveli (pre-2020, separate UT)",D&N Haveli,State/UT,Insult to Modesty of Women,INSULT TO THE MODESTY OF WOMEN,FALSE,0
2011,"Dadra & Nagar Haveli (pre-2020, separate UT)",D&N Haveli,State/UT,Kidnapping & Abduction of Women,KIDNAPPING & ABDUCTION,FALSE,8
2011,"Dadra & Nagar Haveli (pre-2020, separate UT)",D&N Haveli,State/UT,Rape,RAPE,FALSE,4
2011,"Dadra & Nagar Haveli (pre-2020, separate UT)",D&N Haveli,State/UT,Total Crimes against Women,TOTAL CRIMES AGAINST WOMEN,FALSE,18
2011,"Daman & Diu (pre-2020, separate UT)",Daman & Diu,State/UT,Assault on Women with Intent to Outrage Modesty,ASSAULT ON WOMEN WITH INTENT TO OUTRAGE HER MODESTY,FALSE,0
2011,"Daman & Diu (pre-2020, separate UT)",Daman & Diu,State/UT,Cruelty by Husband or Relatives,CRUELTY BY HUSBAND OR RELATIVES,FALSE,2
2011,"Daman & Diu (pre-2020, separate UT)",Daman & Diu,State/UT,Dowry Deaths,DOWRY DEATH,FALSE,0
2011,"Daman & Diu (pre-2020, separate UT)",Daman & Diu,State/UT,Immoral Traffic (Prevention) Act,IMMORAL TRAFFIC(PREVENTION)ACT,FALSE,6
2011,"Daman & Diu (pre-2020, separate UT)",Daman & Diu,State/UT,Indecent Representation of Women (Prevention) Act,INDECENT REPRESENTATION OF WOMEN(PREVENTION)ACT,FALSE,0
2011,"Daman & Diu (pre-2020, separate UT)",Daman & Diu,State/UT,Insult to Modesty of Women,INSULT TO THE MODESTY OF WOMEN,FALSE,0
2011,"Daman & Diu (pre-2020, separate UT)",Daman & Diu,State/UT,Kidnapping & Abduction of Women,KIDNAPPING & ABDUCTION,FALSE,2
2011,"Daman & Diu (pre-2020, separate UT)",Daman & Diu,State/UT,Rape,RAPE,FALSE,1
2011,"Daman & Diu (pre-2020, separate UT)",Daman & Diu,State/UT,Total Crimes against Women,TOTAL CRIMES AGAINST WOMEN,FALSE,11
2011,Delhi,Delhi UT,State/UT,Assault on Women with Intent to Outrage Modesty,ASSAULT ON WOMEN WITH INTENT TO OUTRAGE HER MODESTY,FALSE,657
2011,Delhi,Delhi UT,State/UT,Cruelty by Husband or Relatives,CRUELTY BY HUSBAND OR RELATIVES,FALSE,1575
2011,Delhi,Delhi UT,State/UT,Dowry Deaths,DOWRY DEATH,FALSE,142
2011,Delhi,Delhi UT,State/UT,Immoral Traffic (Prevention) Act,IMMORAL TRAFFIC(PREVENTION)ACT,FALSE,33
2011,Delhi,Delhi UT,State/UT,Indecent Representation of Women (Prevention) Act,INDECENT REPRESENTATION OF WOMEN(PREVENTION)ACT,FALSE,1
2011,Delhi,Delhi UT,State/UT,Insult to Modesty of Women,INSULT TO THE MODESTY OF WOMEN,FALSE,162
2011,Delhi,Delhi UT,State/UT,Kidnapping & Abduction of Women,KIDNAPPING & ABDUCTION,FALSE,2085
2011,Delhi,Delhi UT,State/UT,Rape,RAPE,FALSE,572
2011,Delhi,Delhi UT,State/UT,Total Crimes against Women,TOTAL CRIMES AGAINST WOMEN,FALSE,5234
2011,Goa,Goa,State/UT,Assault on Women with Intent to Outrage Modesty,ASSAULT ON WOMEN WITH INTENT TO OUTRAGE HER MODESTY,FALSE,29
2011,Goa,Goa,State/UT,Cruelty by Husband or Relatives,CRUELTY BY HUSBAND OR RELATIVES,FALSE,18
2011,Goa,Goa,State/UT,Dowry Deaths,DOWRY DEATH,FALSE,1
2011,Goa,Goa,State/UT,Immoral Traffic (Prevention) Act,IMMORAL TRAFFIC(PREVENTION)ACT,FALSE,18
2011,Goa,Goa,State/UT,Indecent Representation of Women (Prevention) Act,INDECENT REPRESENTATION OF WOMEN(PREVENTION)ACT,FALSE,3
2011,Goa,Goa,State/UT,Insult to Modesty of Women,INSULT TO THE MODESTY OF WOMEN,FALSE,12
2011,Goa,Goa,State/UT,Kidnapping & Abduction of Women,KIDNAPPING & ABDUCTION,FALSE,17
2011,Goa,Goa,State/UT,Rape,RAPE,FALSE,29
2011,Goa,Goa,State/UT,Total Crimes against Women,TOTAL CRIMES AGAINST WOMEN,FALSE,127
2011,Gujarat,Gujarat,State/UT,Assault on Women with Intent to Outrage Modesty,ASSAULT ON WOMEN WITH INTENT TO OUTRAGE HER MODESTY,FALSE,685
2011,Gujarat,Gujarat,State/UT,Cruelty by Husband or Relatives,CRUELTY BY HUSBAND OR RELATIVES,FALSE,6052
2011,Gujarat,Gujarat,State/UT,Dowry Deaths,DOWRY DEATH,FALSE,30
2011,Gujarat,Gujarat,State/UT,Immoral Traffic (Prevention) Act,IMMORAL TRAFFIC(PREVENTION)ACT,FALSE,46
2011,Gujarat,Gujarat,State/UT,Indecent Representation of Women (Prevention) Act,INDECENT REPRESENTATION OF WOMEN(PREVENTION)ACT,FALSE,0
2011,Gujarat,Gujarat,State/UT,Insult to Modesty of Women,INSULT TO THE MODESTY OF WOMEN,FALSE,93
2011,Gujarat,Gujarat,State/UT,Kidnapping & Abduction of Women,KIDNAPPING & ABDUCTION,FALSE,1442
2011,Gujarat,Gujarat,State/UT,Rape,RAPE,FALSE,439
2011,Gujarat,Gujarat,State/UT,Total Crimes against Women,TOTAL CRIMES AGAINST WOMEN,FALSE,8815
2011,Haryana,Haryana,State/UT,Assault on Women with Intent to Outrage Modesty,ASSAULT ON WOMEN WITH INTENT TO OUTRAGE HER MODESTY,FALSE,474
2011,Haryana,Haryana,State/UT,Cruelty by Husband or Relatives,CRUELTY BY HUSBAND OR RELATIVES,FALSE,2740
2011,Haryana,Haryana,State/UT,Dowry Deaths,DOWRY DEATH,FALSE,255
2011,Haryana,Haryana,State/UT,Immoral Traffic (Prevention) Act,IMMORAL TRAFFIC(PREVENTION)ACT,FALSE,57
2011,Haryana,Haryana,State/UT,Indecent Representation of Women (Prevention) Act,INDECENT REPRESENTATION OF WOMEN(PREVENTION)ACT,FALSE,0
2011,Haryana,Haryana,State/UT,Insult to Modesty of Women,INSULT TO THE MODESTY OF WOMEN,FALSE,490
2011,Haryana,Haryana,State/UT,Kidnapping & Abduction of Women,KIDNAPPING & ABDUCTION,FALSE,733
2011,Haryana,Haryana,State/UT,Rape,RAPE,FALSE,733
2011,Haryana,Haryana,State/UT,Total Crimes against Women,TOTAL CRIMES AGAINST WOMEN,FALSE,5491
2011,Himachal Pradesh,Himachal Pradesh,State/UT,Assault on Women with Intent to Outrage Modesty,ASSAULT ON WOMEN WITH INTENT TO OUTRAGE HER MODESTY,FALSE,331
2011,Himachal Pradesh,Himachal Pradesh,State/UT,Cruelty by Husband or Relatives,CRUELTY BY HUSBAND OR RELATIVES,FALSE,239
2011,Himachal Pradesh,Himachal Pradesh,State/UT,Dowry Deaths,DOWRY DEATH,FALSE,4
2011,Himachal Pradesh,Himachal Pradesh,State/UT,Immoral Traffic (Prevention) Act,IMMORAL TRAFFIC(PREVENTION)ACT,FALSE,2
2011,Himachal Pradesh,Himachal Pradesh,State/UT,Indecent Representation of Women (Prevention) Act,INDECENT REPRESENTATION OF WOMEN(PREVENTION)ACT,FALSE,0
2011,Himachal Pradesh,Himachal Pradesh,State/UT,Insult to Modesty of Women,INSULT TO THE MODESTY OF WOMEN,FALSE,62
2011,Himachal Pradesh,Himachal Pradesh,State/UT,Kidnapping & Abduction of Women,KIDNAPPING & ABDUCTION,FALSE,191
2011,Himachal Pradesh,Himachal Pradesh,State/UT,Rape,RAPE,FALSE,168
2011,Himachal Pradesh,Himachal Pradesh,State/UT,Total Crimes against Women,TOTAL CRIMES AGAINST WOMEN,FALSE,997
2011,Jammu & Kashmir,Jammu & Kashmir,State/UT,Assault on Women with Intent to Outrage Modesty,ASSAULT ON WOMEN WITH INTENT TO OUTRAGE HER MODESTY,FALSE,1194
2011,Jammu & Kashmir,Jammu & Kashmir,State/UT,Cruelty by Husband or Relatives,CRUELTY BY HUSBAND OR RELATIVES,FALSE,286
2011,Jammu & Kashmir,Jammu & Kashmir,State/UT,Dowry Deaths,DOWRY DEATH,FALSE,11
2011,Jammu & Kashmir,Jammu & Kashmir,State/UT,Immoral Traffic (Prevention) Act,IMMORAL TRAFFIC(PREVENTION)ACT,FALSE,2
2011,Jammu & Kashmir,Jammu & Kashmir,State/UT,Indecent Representation of Women (Prevention) Act,INDECENT REPRESENTATION OF WOMEN(PREVENTION)ACT,FALSE,0
2011,Jammu & Kashmir,Jammu & Kashmir,State/UT,Insult to Modesty of Women,INSULT TO THE MODESTY OF WOMEN,FALSE,350
2011,Jammu & Kashmir,Jammu & Kashmir,State/UT,Kidnapping & Abduction of Women,KIDNAPPING & ABDUCTION,FALSE,1023
2011,Jammu & Kashmir,Jammu & Kashmir,State/UT,Rape,RAPE,FALSE,277
2011,Jammu & Kashmir,Jammu & Kashmir,State/UT,Total Crimes against Women,TOTAL CRIMES AGAINST WOMEN,FALSE,3146
2011,Jharkhand,Jharkhand,State/UT,Assault on Women with Intent to Outrage Modesty,ASSAULT ON WOMEN WITH INTENT TO OUTRAGE HER MODESTY,FALSE,317
2011,Jharkhand,Jharkhand,State/UT,Cruelty by Husband or Relatives,CRUELTY BY HUSBAND OR RELATIVES,FALSE,659
2011,Jharkhand,Jharkhand,State/UT,Dowry Deaths,DOWRY DEATH,FALSE,282
2011,Jharkhand,Jharkhand,State/UT,Immoral Traffic (Prevention) Act,IMMORAL TRAFFIC(PREVENTION)ACT,FALSE,15
2011,Jharkhand,Jharkhand,State/UT,Indecent Representation of Women (Prevention) Act,INDECENT REPRESENTATION OF WOMEN(PREVENTION)ACT,FALSE,0
2011,Jharkhand,Jharkhand,State/UT,Insult to Modesty of Women,INSULT TO THE MODESTY OF WOMEN,FALSE,7
2011,Jharkhand,Jharkhand,State/UT,Kidnapping & Abduction of Women,KIDNAPPING & ABDUCTION,FALSE,660
2011,Jharkhand,Jharkhand,State/UT,Rape,RAPE,FALSE,784
2011,Jharkhand,Jharkhand,State/UT,Total Crimes against Women,TOTAL CRIMES AGAINST WOMEN,FALSE,3132
2011,Karnataka,Karnataka,State/UT,Assault on Women with Intent to Outrage Modesty,ASSAULT ON WOMEN WITH INTENT TO OUTRAGE HER MODESTY,FALSE,2608
2011,Karnataka,Karnataka,State/UT,Cruelty by Husband or Relatives,CRUELTY BY HUSBAND OR RELATIVES,FALSE,3712
2011,Karnataka,Karnataka,State/UT,Dowry Deaths,DOWRY DEATH,FALSE,267
2011,Karnataka,Karnataka,State/UT,Immoral Traffic (Prevention) Act,IMMORAL TRAFFIC(PREVENTION)ACT,FALSE,351
2011,Karnataka,Karnataka,State/UT,Indecent Representation of Women (Prevention) Act,INDECENT REPRESENTATION OF WOMEN(PREVENTION)ACT,FALSE,2
2011,Karnataka,Karnataka,State/UT,Insult to Modesty of Women,INSULT TO THE MODESTY OF WOMEN,FALSE,81
2011,Karnataka,Karnataka,State/UT,Kidnapping & Abduction of Women,KIDNAPPING & ABDUCTION,FALSE,715
2011,Karnataka,Karnataka,State/UT,Rape,RAPE,FALSE,636
2011,Karnataka,Karnataka,State/UT,Total Crimes against Women,TOTAL CRIMES AGAINST WOMEN,FALSE,9594
2011,Kerala,Kerala,State/UT,Assault on Women with Intent to Outrage Modesty,ASSAULT ON WOMEN WITH INTENT TO OUTRAGE HER MODESTY,FALSE,3756
2011,Kerala,Kerala,State/UT,Cruelty by Husband or Relatives,CRUELTY BY HUSBAND OR RELATIVES,FALSE,5377
2011,Kerala,Kerala,State/UT,Dowry Deaths,DOWRY DEATH,FALSE,15
2011,Kerala,Kerala,State/UT,Immoral Traffic (Prevention) Act,IMMORAL TRAFFIC(PREVENTION)ACT,FALSE,197
2011,Kerala,Kerala,State/UT,Indecent Representation of Women (Prevention) Act,INDECENT REPRESENTATION OF WOMEN(PREVENTION)ACT,FALSE,12
2011,Kerala,Kerala,State/UT,Insult to Modesty of Women,INSULT TO THE MODESTY OF WOMEN,FALSE,573
2011,Kerala,Kerala,State/UT,Kidnapping & Abduction of Women,KIDNAPPING & ABDUCTION,FALSE,221
2011,Kerala,Kerala,State/UT,Rape,RAPE,FALSE,1132
2011,Kerala,Kerala,State/UT,Total Crimes against Women,TOTAL CRIMES AGAINST WOMEN,FALSE,11288
2011,Lakshadweep,Lakshadweep,State/UT,Assault on Women with Intent to Outrage Modesty,ASSAULT ON WOMEN WITH INTENT TO OUTRAGE HER MODESTY,FALSE,0
2011,Lakshadweep,Lakshadweep,State/UT,Cruelty by Husband or Relatives,CRUELTY BY HUSBAND OR RELATIVES,FALSE,0
2011,Lakshadweep,Lakshadweep,State/UT,Dowry Deaths,DOWRY DEATH,FALSE,0
2011,Lakshadweep,Lakshadweep,State/UT,Immoral Traffic (Prevention) Act,IMMORAL TRAFFIC(PREVENTION)ACT,FALSE,0
2011,Lakshadweep,Lakshadweep,State/UT,Indecent Representation of Women (Prevention) Act,INDECENT REPRESENTATION OF WOMEN(PREVENTION)ACT,FALSE,0
2011,Lakshadweep,Lakshadweep,State/UT,Insult to Modesty of Women,INSULT TO THE MODESTY OF WOMEN,FALSE,0
2011,Lakshadweep,Lakshadweep,State/UT,Kidnapping & Abduction of Women,KIDNAPPING & ABDUCTION,FALSE,0
2011,Lakshadweep,Lakshadweep,State/UT,Rape,RAPE,FALSE,0
2011,Lakshadweep,Lakshadweep,State/UT,Total Crimes against Women,TOTAL CRIMES AGAINST WOMEN,FALSE,0
2011,Madhya Pradesh,Madhya Pradesh,State/UT,Assault on Women with Intent to Outrage Modesty,ASSAULT ON WOMEN WITH INTENT TO OUTRAGE HER MODESTY,FALSE,6665
2011,Madhya Pradesh,Madhya Pradesh,State/UT,Cruelty by Husband or Relatives,CRUELTY BY HUSBAND OR RELATIVES,FALSE,3732
2011,Madhya Pradesh,Madhya Pradesh,State/UT,Dowry Deaths,DOWRY DEATH,FALSE,811
2011,Madhya Pradesh,Madhya Pradesh,State/UT,Immoral Traffic (Prevention) Act,IMMORAL TRAFFIC(PREVENTION)ACT,FALSE,24
2011,Madhya Pradesh,Madhya Pradesh,State/UT,Indecent Representation of Women (Prevention) Act,INDECENT REPRESENTATION OF WOMEN(PREVENTION)ACT,FALSE,0
2011,Madhya Pradesh,Madhya Pradesh,State/UT,Insult to Modesty of Women,INSULT TO THE MODESTY OF WOMEN,FALSE,762
2011,Madhya Pradesh,Madhya Pradesh,State/UT,Kidnapping & Abduction of Women,KIDNAPPING & ABDUCTION,FALSE,1088
2011,Madhya Pradesh,Madhya Pradesh,State/UT,Rape,RAPE,FALSE,3406
2011,Madhya Pradesh,Madhya Pradesh,State/UT,Total Crimes against Women,TOTAL CRIMES AGAINST WOMEN,FALSE,16599
2011,Maharashtra,Maharashtra,State/UT,Assault on Women with Intent to Outrage Modesty,ASSAULT ON WOMEN WITH INTENT TO OUTRAGE HER MODESTY,FALSE,3794
2011,Maharashtra,Maharashtra,State/UT,Cruelty by Husband or Relatives,CRUELTY BY HUSBAND OR RELATIVES,FALSE,7136
2011,Maharashtra,Maharashtra,State/UT,Dowry Deaths,DOWRY DEATH,FALSE,339
2011,Maharashtra,Maharashtra,State/UT,Immoral Traffic (Prevention) Act,IMMORAL TRAFFIC(PREVENTION)ACT,FALSE,390
2011,Maharashtra,Maharashtra,State/UT,Indecent Representation of Women (Prevention) Act,INDECENT REPRESENTATION OF WOMEN(PREVENTION)ACT,FALSE,1
2011,Maharashtra,Maharashtra,State/UT,Insult to Modesty of Women,INSULT TO THE MODESTY OF WOMEN,FALSE,1071
2011,Maharashtra,Maharashtra,State/UT,Kidnapping & Abduction of Women,KIDNAPPING & ABDUCTION,FALSE,1252
2011,Maharashtra,Maharashtra,State/UT,Rape,RAPE,FALSE,1701
2011,Maharashtra,Maharashtra,State/UT,Total Crimes against Women,TOTAL CRIMES AGAINST WOMEN,FALSE,15728
2011,Manipur,Manipur,State/UT,Assault on Women with Intent to Outrage Modesty,ASSAULT ON WOMEN WITH INTENT TO OUTRAGE HER MODESTY,FALSE,38
2011,Manipur,Manipur,State/UT,Cruelty by Husband or Relatives,CRUELTY BY HUSBAND OR RELATIVES,FALSE,39
2011,Manipur,Manipur,State/UT,Dowry Deaths,DOWRY DEATH,FALSE,1
2011,Manipur,Manipur,State/UT,Immoral Traffic (Prevention) Act,IMMORAL TRAFFIC(PREVENTION)ACT,FALSE,0
2011,Manipur,Manipur,State/UT,Indecent Representation of Women (Prevention) Act,INDECENT REPRESENTATION OF WOMEN(PREVENTION)ACT,FALSE,0
2011,Manipur,Manipur,State/UT,Insult to Modesty of Women,INSULT TO THE MODESTY OF WOMEN,FALSE,0
2011,Manipur,Manipur,State/UT,Kidnapping & Abduction of Women,KIDNAPPING & ABDUCTION,FALSE,116
2011,Manipur,Manipur,State/UT,Rape,RAPE,FALSE,53
2011,Manipur,Manipur,State/UT,Total Crimes against Women,TOTAL CRIMES AGAINST WOMEN,FALSE,247
2011,Meghalaya,Meghalaya,State/UT,Assault on Women with Intent to Outrage Modesty,ASSAULT ON WOMEN WITH INTENT TO OUTRAGE HER MODESTY,FALSE,74
2011,Meghalaya,Meghalaya,State/UT,Cruelty by Husband or Relatives,CRUELTY BY HUSBAND OR RELATIVES,FALSE,21
2011,Meghalaya,Meghalaya,State/UT,Dowry Deaths,DOWRY DEATH,FALSE,1
2011,Meghalaya,Meghalaya,State/UT,Immoral Traffic (Prevention) Act,IMMORAL TRAFFIC(PREVENTION)ACT,FALSE,2
2011,Meghalaya,Meghalaya,State/UT,Indecent Representation of Women (Prevention) Act,INDECENT REPRESENTATION OF WOMEN(PREVENTION)ACT,FALSE,0
2011,Meghalaya,Meghalaya,State/UT,Insult to Modesty of Women,INSULT TO THE MODESTY OF WOMEN,FALSE,1
2011,Meghalaya,Meghalaya,State/UT,Kidnapping & Abduction of Women,KIDNAPPING & ABDUCTION,FALSE,37
2011,Meghalaya,Meghalaya,State/UT,Rape,RAPE,FALSE,130
2011,Meghalaya,Meghalaya,State/UT,Total Crimes against Women,TOTAL CRIMES AGAINST WOMEN,FALSE,269
2011,Mizoram,Mizoram,State/UT,Assault on Women with Intent to Outrage Modesty,ASSAULT ON WOMEN WITH INTENT TO OUTRAGE HER MODESTY,FALSE,72
2011,Mizoram,Mizoram,State/UT,Cruelty by Husband or Relatives,CRUELTY BY HUSBAND OR RELATIVES,FALSE,9
2011,Mizoram,Mizoram,State/UT,Dowry Deaths,DOWRY DEATH,FALSE,0
2011,Mizoram,Mizoram,State/UT,Immoral Traffic (Prevention) Act,IMMORAL TRAFFIC(PREVENTION)ACT,FALSE,8
2011,Mizoram,Mizoram,State/UT,Indecent Representation of Women (Prevention) Act,INDECENT REPRESENTATION OF WOMEN(PREVENTION)ACT,FALSE,0
2011,Mizoram,Mizoram,State/UT,Insult to Modesty of Women,INSULT TO THE MODESTY OF WOMEN,FALSE,1
2011,Mizoram,Mizoram,State/UT,Kidnapping & Abduction of Women,KIDNAPPING & ABDUCTION,FALSE,0
2011,Mizoram,Mizoram,State/UT,Rape,RAPE,FALSE,77
2011,Mizoram,Mizoram,State/UT,Total Crimes against Women,TOTAL CRIMES AGAINST WOMEN,FALSE,167
2011,Nagaland,Nagaland,State/UT,Assault on Women with Intent to Outrage Modesty,ASSAULT ON WOMEN WITH INTENT TO OUTRAGE HER MODESTY,FALSE,9
2011,Nagaland,Nagaland,State/UT,Cruelty by Husband or Relatives,CRUELTY BY HUSBAND OR RELATIVES,FALSE,1
2011,Nagaland,Nagaland,State/UT,Dowry Deaths,DOWRY DEATH,FALSE,0
2011,Nagaland,Nagaland,State/UT,Immoral Traffic (Prevention) Act,IMMORAL TRAFFIC(PREVENTION)ACT,FALSE,2
2011,Nagaland,Nagaland,State/UT,Indecent Representation of Women (Prevention) Act,INDECENT REPRESENTATION OF WOMEN(PREVENTION)ACT,FALSE,0
2011,Nagaland,Nagaland,State/UT,Insult to Modesty of Women,INSULT TO THE MODESTY OF WOMEN,FALSE,0
2011,Nagaland,Nagaland,State/UT,Kidnapping & Abduction of Women,KIDNAPPING & ABDUCTION,FALSE,3
2011,Nagaland,Nagaland,State/UT,Rape,RAPE,FALSE,23
2011,Nagaland,Nagaland,State/UT,Total Crimes against Women,TOTAL CRIMES AGAINST WOMEN,FALSE,38
2011,Odisha,Odisha,State/UT,Assault on Women with Intent to Outrage Modesty,ASSAULT ON WOMEN WITH INTENT TO OUTRAGE HER MODESTY,FALSE,3207
2011,Odisha,Odisha,State/UT,Cruelty by Husband or Relatives,CRUELTY BY HUSBAND OR RELATIVES,FALSE,2320
2011,Odisha,Odisha,State/UT,Dowry Deaths,DOWRY DEATH,FALSE,465
2011,Odisha,Odisha,State/UT,Immoral Traffic (Prevention) Act,IMMORAL TRAFFIC(PREVENTION)ACT,FALSE,23
2011,Odisha,Odisha,State/UT,Indecent Representation of Women (Prevention) Act,INDECENT REPRESENTATION OF WOMEN(PREVENTION)ACT,FALSE,1
2011,Odisha,Odisha,State/UT,Insult to Modesty of Women,INSULT TO THE MODESTY OF WOMEN,FALSE,235
2011,Odisha,Odisha,State/UT,Kidnapping & Abduction of Women,KIDNAPPING & ABDUCTION,FALSE,1008
2011,Odisha,Odisha,State/UT,Rape,RAPE,FALSE,1112
2011,Odisha,Odisha,State/UT,Total Crimes against Women,TOTAL CRIMES AGAINST WOMEN,FALSE,9433
2011,Puducherry,Puducherry,State/UT,Assault on Women with Intent to Outrage Modesty,ASSAULT ON WOMEN WITH INTENT TO OUTRAGE HER MODESTY,FALSE,35
2011,Puducherry,Puducherry,State/UT,Cruelty by Husband or Relatives,CRUELTY BY HUSBAND OR RELATIVES,FALSE,10
2011,Puducherry,Puducherry,State/UT,Dowry Deaths,DOWRY DEATH,FALSE,1
2011,Puducherry,Puducherry,State/UT,Immoral Traffic (Prevention) Act,IMMORAL TRAFFIC(PREVENTION)ACT,FALSE,3
2011,Puducherry,Puducherry,State/UT,Indecent Representation of Women (Prevention) Act,INDECENT REPRESENTATION OF WOMEN(PREVENTION)ACT,FALSE,0
2011,Puducherry,Puducherry,State/UT,Insult to Modesty of Women,INSULT TO THE MODESTY OF WOMEN,FALSE,16
2011,Puducherry,Puducherry,State/UT,Kidnapping & Abduction of Women,KIDNAPPING & ABDUCTION,FALSE,9
2011,Puducherry,Puducherry,State/UT,Rape,RAPE,FALSE,7
2011,Puducherry,Puducherry,State/UT,Total Crimes against Women,TOTAL CRIMES AGAINST WOMEN,FALSE,89
2011,Punjab,Punjab,State/UT,Assault on Women with Intent to Outrage Modesty,ASSAULT ON WOMEN WITH INTENT TO OUTRAGE HER MODESTY,FALSE,282
2011,Punjab,Punjab,State/UT,Cruelty by Husband or Relatives,CRUELTY BY HUSBAND OR RELATIVES,FALSE,1136
2011,Punjab,Punjab,State/UT,Dowry Deaths,DOWRY DEATH,FALSE,143
2011,Punjab,Punjab,State/UT,Immoral Traffic (Prevention) Act,IMMORAL TRAFFIC(PREVENTION)ACT,FALSE,50
2011,Punjab,Punjab,State/UT,Indecent Representation of Women (Prevention) Act,INDECENT REPRESENTATION OF WOMEN(PREVENTION)ACT,FALSE,0
2011,Punjab,Punjab,State/UT,Insult to Modesty of Women,INSULT TO THE MODESTY OF WOMEN,FALSE,31
2011,Punjab,Punjab,State/UT,Kidnapping & Abduction of Women,KIDNAPPING & ABDUCTION,FALSE,517
2011,Punjab,Punjab,State/UT,Rape,RAPE,FALSE,479
2011,Punjab,Punjab,State/UT,Total Crimes against Women,TOTAL CRIMES AGAINST WOMEN,FALSE,2641
2011,Rajasthan,Rajasthan,State/UT,Assault on Women with Intent to Outrage Modesty,ASSAULT ON WOMEN WITH INTENT TO OUTRAGE HER MODESTY,FALSE,2447
2011,Rajasthan,Rajasthan,State/UT,Cruelty by Husband or Relatives,CRUELTY BY HUSBAND OR RELATIVES,FALSE,12218
2011,Rajasthan,Rajasthan,State/UT,Dowry Deaths,DOWRY DEATH,FALSE,514
2011,Rajasthan,Rajasthan,State/UT,Immoral Traffic (Prevention) Act,IMMORAL TRAFFIC(PREVENTION)ACT,FALSE,81
2011,Rajasthan,Rajasthan,State/UT,Indecent Representation of Women (Prevention) Act,INDECENT REPRESENTATION OF WOMEN(PREVENTION)ACT,FALSE,102
2011,Rajasthan,Rajasthan,State/UT,Insult to Modesty of Women,INSULT TO THE MODESTY OF WOMEN,FALSE,9
2011,Rajasthan,Rajasthan,State/UT,Kidnapping & Abduction of Women,KIDNAPPING & ABDUCTION,FALSE,2713
2011,Rajasthan,Rajasthan,State/UT,Rape,RAPE,FALSE,1800
2011,Rajasthan,Rajasthan,State/UT,Total Crimes against Women,TOTAL CRIMES AGAINST WOMEN,FALSE,19888
2011,Sikkim,Sikkim,State/UT,Assault on Women with Intent to Outrage Modesty,ASSAULT ON WOMEN WITH INTENT TO OUTRAGE HER MODESTY,FALSE,24
2011,Sikkim,Sikkim,State/UT,Cruelty by Husband or Relatives,CRUELTY BY HUSBAND OR RELATIVES,FALSE,4
2011,Sikkim,Sikkim,State/UT,Dowry Deaths,DOWRY DEATH,FALSE,0
2011,Sikkim,Sikkim,State/UT,Immoral Traffic (Prevention) Act,IMMORAL TRAFFIC(PREVENTION)ACT,FALSE,1
2011,Sikkim,Sikkim,State/UT,Indecent Representation of Women (Prevention) Act,INDECENT REPRESENTATION OF WOMEN(PREVENTION)ACT,FALSE,0
2011,Sikkim,Sikkim,State/UT,Insult to Modesty of Women,INSULT TO THE MODESTY OF WOMEN,FALSE,0
2011,Sikkim,Sikkim,State/UT,Kidnapping & Abduction of Women,KIDNAPPING & ABDUCTION,FALSE,10
2011,Sikkim,Sikkim,State/UT,Rape,RAPE,FALSE,16
2011,Sikkim,Sikkim,State/UT,Total Crimes against Women,TOTAL CRIMES AGAINST WOMEN,FALSE,55
2011,Tamil Nadu,Tamil Nadu,State/UT,Assault on Women with Intent to Outrage Modesty,ASSAULT ON WOMEN WITH INTENT TO OUTRAGE HER MODESTY,FALSE,1467
2011,Tamil Nadu,Tamil Nadu,State/UT,Cruelty by Husband or Relatives,CRUELTY BY HUSBAND OR RELATIVES,FALSE,1812
2011,Tamil Nadu,Tamil Nadu,State/UT,Dowry Deaths,DOWRY DEATH,FALSE,152
2011,Tamil Nadu,Tamil Nadu,State/UT,Immoral Traffic (Prevention) Act,IMMORAL TRAFFIC(PREVENTION)ACT,FALSE,420
2011,Tamil Nadu,Tamil Nadu,State/UT,Indecent Representation of Women (Prevention) Act,INDECENT REPRESENTATION OF WOMEN(PREVENTION)ACT,FALSE,10
2011,Tamil Nadu,Tamil Nadu,State/UT,Insult to Modesty of Women,INSULT TO THE MODESTY OF WOMEN,FALSE,464
2011,Tamil Nadu,Tamil Nadu,State/UT,Kidnapping & Abduction of Women,KIDNAPPING & ABDUCTION,FALSE,1743
2011,Tamil Nadu,Tamil Nadu,State/UT,Rape,RAPE,FALSE,677
2011,Tamil Nadu,Tamil Nadu,State/UT,Total Crimes against Women,TOTAL CRIMES AGAINST WOMEN,FALSE,6940
2011,Tripura,Tripura,State/UT,Assault on Women with Intent to Outrage Modesty,ASSAULT ON WOMEN WITH INTENT TO OUTRAGE HER MODESTY,FALSE,294
2011,Tripura,Tripura,State/UT,Cruelty by Husband or Relatives,CRUELTY BY HUSBAND OR RELATIVES,FALSE,702
2011,Tripura,Tripura,State/UT,Dowry Deaths,DOWRY DEATH,FALSE,30
2011,Tripura,Tripura,State/UT,Immoral Traffic (Prevention) Act,IMMORAL TRAFFIC(PREVENTION)ACT,FALSE,2
2011,Tripura,Tripura,State/UT,Indecent Representation of Women (Prevention) Act,INDECENT REPRESENTATION OF WOMEN(PREVENTION)ACT,FALSE,0
2011,Tripura,Tripura,State/UT,Insult to Modesty of Women,INSULT TO THE MODESTY OF WOMEN,FALSE,9
2011,Tripura,Tripura,State/UT,Kidnapping & Abduction of Women,KIDNAPPING & ABDUCTION,FALSE,116
2011,Tripura,Tripura,State/UT,Rape,RAPE,FALSE,205
2011,Tripura,Tripura,State/UT,Total Crimes against Women,TOTAL CRIMES AGAINST WOMEN,FALSE,1358
2011,Uttar Pradesh,Uttar Pradesh,State/UT,Assault on Women with Intent to Outrage Modesty,ASSAULT ON WOMEN WITH INTENT TO OUTRAGE HER MODESTY,FALSE,3455
2011,Uttar Pradesh,Uttar Pradesh,State/UT,Cruelty by Husband or Relatives,CRUELTY BY HUSBAND OR RELATIVES,FALSE,7121
2011,Uttar Pradesh,Uttar Pradesh,State/UT,Dowry Deaths,DOWRY DEATH,FALSE,2322
2011,Uttar Pradesh,Uttar Pradesh,State/UT,Immoral Traffic (Prevention) Act,IMMORAL TRAFFIC(PREVENTION)ACT,FALSE,43
2011,Uttar Pradesh,Uttar Pradesh,State/UT,Indecent Representation of Women (Prevention) Act,INDECENT REPRESENTATION OF WOMEN(PREVENTION)ACT,FALSE,4
2011,Uttar Pradesh,Uttar Pradesh,State/UT,Insult to Modesty of Women,INSULT TO THE MODESTY OF WOMEN,FALSE,3
2011,Uttar Pradesh,Uttar Pradesh,State/UT,Kidnapping & Abduction of Women,KIDNAPPING & ABDUCTION,FALSE,7525
2011,Uttar Pradesh,Uttar Pradesh,State/UT,Rape,RAPE,FALSE,2042
2011,Uttar Pradesh,Uttar Pradesh,State/UT,Total Crimes against Women,TOTAL CRIMES AGAINST WOMEN,FALSE,22639
2011,Uttarakhand,Uttarakhand,State/UT,Assault on Women with Intent to Outrage Modesty,ASSAULT ON WOMEN WITH INTENT TO OUTRAGE HER MODESTY,FALSE,116
2011,Uttarakhand,Uttarakhand,State/UT,Cruelty by Husband or Relatives,CRUELTY BY HUSBAND OR RELATIVES,FALSE,307
2011,Uttarakhand,Uttarakhand,State/UT,Dowry Deaths,DOWRY DEATH,FALSE,83
2011,Uttarakhand,Uttarakhand,State/UT,Immoral Traffic (Prevention) Act,IMMORAL TRAFFIC(PREVENTION)ACT,FALSE,3
2011,Uttarakhand,Uttarakhand,State/UT,Indecent Representation of Women (Prevention) Act,INDECENT REPRESENTATION OF WOMEN(PREVENTION)ACT,FALSE,0
2011,Uttarakhand,Uttarakhand,State/UT,Insult to Modesty of Women,INSULT TO THE MODESTY OF WOMEN,FALSE,72
2011,Uttarakhand,Uttarakhand,State/UT,Kidnapping & Abduction of Women,KIDNAPPING & ABDUCTION,FALSE,283
2011,Uttarakhand,Uttarakhand,State/UT,Rape,RAPE,FALSE,129
2011,Uttarakhand,Uttarakhand,State/UT,Total Crimes against Women,TOTAL CRIMES AGAINST WOMEN,FALSE,996
2011,West Bengal,West Bengal,State/UT,Assault on Women with Intent to Outrage Modesty,ASSAULT ON WOMEN WITH INTENT TO OUTRAGE HER MODESTY,FALSE,2363
2011,West Bengal,West Bengal,State/UT,Cruelty by Husband or Relatives,CRUELTY BY HUSBAND OR RELATIVES,FALSE,19772
2011,West Bengal,West Bengal,State/UT,Dowry Deaths,DOWRY DEATH,FALSE,510
2011,West Bengal,West Bengal,State/UT,Immoral Traffic (Prevention) Act,IMMORAL TRAFFIC(PREVENTION)ACT,FALSE,96
2011,West Bengal,West Bengal,State/UT,Indecent Representation of Women (Prevention) Act,INDECENT REPRESENTATION OF WOMEN(PREVENTION)ACT,FALSE,2
2011,West Bengal,West Bengal,State/UT,Insult to Modesty of Women,INSULT TO THE MODESTY OF WOMEN,FALSE,200
2011,West Bengal,West Bengal,State/UT,Kidnapping & Abduction of Women,KIDNAPPING & ABDUCTION,FALSE,3711
2011,West Bengal,West Bengal,State/UT,Rape,RAPE,FALSE,2363
2011,West Bengal,West Bengal,State/UT,Total Crimes against Women,TOTAL CRIMES AGAINST WOMEN,FALSE,29133
2012,All India (Total),All India,Aggregate,Assault on Women with Intent to Outrage Modesty,ASSAULT ON WOMEN WITH INTENT TO OUTRAGE HER MODESTY,FALSE,45351
2012,All India (Total),All India,Aggregate,Cruelty by Husband or Relatives,CRUELTY BY HUSBAND OR RELATIVES,FALSE,106527
2012,All India (Total),ALL INDIA,Aggregate,Dowry Deaths,DOWRY DEATH,FALSE,8233
2012,All India (Total),All India,Aggregate,Immoral Traffic (Prevention) Act,IMMORAL TRAFFIC(PREVENTION)ACT,FALSE,2563
2012,All India (Total),All India,Aggregate,Indecent Representation of Women (Prevention) Act,INDECENT REPRESENTATION OF WOMEN(PREVENTION)ACT,FALSE,141
2012,All India (Total),All India,Aggregate,Insult to Modesty of Women,INSULT TO THE MODESTY OF WOMEN,FALSE,9173
2012,All India (Total),ALL INDIA K&A,Aggregate,Kidnapping & Abduction of Women,KIDNAPPING & ABDUCTION,FALSE,38262
2012,All India (Total),All India,Aggregate,Rape,RAPE,FALSE,24923
2012,All India (Total),TOTAL Crime against Women,Aggregate,Total Crimes against Women,TOTAL CRIMES AGAINST WOMEN,FALSE,244270
2012,Andaman & Nicobar Islands,A&N Islands,State/UT,Assault on Women with Intent to Outrage Modesty,ASSAULT ON WOMEN WITH INTENT TO OUTRAGE HER MODESTY,FALSE,17
2012,Andaman & Nicobar Islands,A&N Islands,State/UT,Cruelty by Husband or Relatives,CRUELTY BY HUSBAND OR RELATIVES,FALSE,5
2012,Andaman & Nicobar Islands,A&N Islands,State/UT,Dowry Deaths,DOWRY DEATH,FALSE,2
2012,Andaman & Nicobar Islands,A&N Islands,State/UT,Immoral Traffic (Prevention) Act,IMMORAL TRAFFIC(PREVENTION)ACT,FALSE,2
2012,Andaman & Nicobar Islands,A&N Islands,State/UT,Indecent Representation of Women (Prevention) Act,INDECENT REPRESENTATION OF WOMEN(PREVENTION)ACT,FALSE,0
2012,Andaman & Nicobar Islands,A&N Islands,State/UT,Insult to Modesty of Women,INSULT TO THE MODESTY OF WOMEN,FALSE,4
2012,Andaman & Nicobar Islands,A&N Islands,State/UT,Kidnapping & Abduction of Women,KIDNAPPING & ABDUCTION,FALSE,7
2012,Andaman & Nicobar Islands,A&N Islands,State/UT,Rape,RAPE,FALSE,12
2012,Andaman & Nicobar Islands,A&N Islands,State/UT,Total Crimes against Women,TOTAL CRIMES AGAINST WOMEN,FALSE,49
2012,Andhra Pradesh,Andhra Pradesh,State/UT,Assault on Women with Intent to Outrage Modesty,ASSAULT ON WOMEN WITH INTENT TO OUTRAGE HER MODESTY,FALSE,4816
2012,Andhra Pradesh,Andhra Pradesh,State/UT,Cruelty by Husband or Relatives,CRUELTY BY HUSBAND OR RELATIVES,FALSE,13389
2012,Andhra Pradesh,Andhra Pradesh,State/UT,Dowry Deaths,DOWRY DEATH,FALSE,504
2012,Andhra Pradesh,Andhra Pradesh,State/UT,Immoral Traffic (Prevention) Act,IMMORAL TRAFFIC(PREVENTION)ACT,FALSE,472
2012,Andhra Pradesh,Andhra Pradesh,State/UT,Indecent Representation of Women (Prevention) Act,INDECENT REPRESENTATION OF WOMEN(PREVENTION)ACT,FALSE,21
2012,Andhra Pradesh,Andhra Pradesh,State/UT,Insult to Modesty of Women,INSULT TO THE MODESTY OF WOMEN,FALSE,3714
2012,Andhra Pradesh,Andhra Pradesh,State/UT,Kidnapping & Abduction of Women,KIDNAPPING & ABDUCTION,FALSE,1403
2012,Andhra Pradesh,Andhra Pradesh,State/UT,Rape,RAPE,FALSE,1341
2012,Andhra Pradesh,Andhra Pradesh,State/UT,Total Crimes against Women,TOTAL CRIMES AGAINST WOMEN,FALSE,28171
2012,Arunachal Pradesh,Arunachal Pradesh,State/UT,Assault on Women with Intent to Outrage Modesty,ASSAULT ON WOMEN WITH INTENT TO OUTRAGE HER MODESTY,FALSE,67
2012,Arunachal Pradesh,Arunachal Pradesh,State/UT,Cruelty by Husband or Relatives,CRUELTY BY HUSBAND OR RELATIVES,FALSE,26
2012,Arunachal Pradesh,Arunachal Pradesh,State/UT,Dowry Deaths,DOWRY DEATH,FALSE,1
2012,Arunachal Pradesh,Arunachal Pradesh,State/UT,Immoral Traffic (Prevention) Act,IMMORAL TRAFFIC(PREVENTION)ACT,FALSE,1
2012,Arunachal Pradesh,Arunachal Pradesh,State/UT,Indecent Representation of Women (Prevention) Act,INDECENT REPRESENTATION OF WOMEN(PREVENTION)ACT,FALSE,0
2012,Arunachal Pradesh,Arunachal Pradesh,State/UT,Insult to Modesty of Women,INSULT TO THE MODESTY OF WOMEN,FALSE,2
2012,Arunachal Pradesh,Arunachal Pradesh,State/UT,Kidnapping & Abduction of Women,KIDNAPPING & ABDUCTION,FALSE,58
2012,Arunachal Pradesh,Arunachal Pradesh,State/UT,Rape,RAPE,FALSE,46
2012,Arunachal Pradesh,Arunachal Pradesh,State/UT,Total Crimes against Women,TOTAL CRIMES AGAINST WOMEN,FALSE,201
2012,Assam,Assam,State/UT,Assault on Women with Intent to Outrage Modesty,ASSAULT ON WOMEN WITH INTENT TO OUTRAGE HER MODESTY,FALSE,1840
2012,Assam,Assam,State/UT,Cruelty by Husband or Relatives,CRUELTY BY HUSBAND OR RELATIVES,FALSE,6407
2012,Assam,Assam,State/UT,Dowry Deaths,DOWRY DEATH,FALSE,140
2012,Assam,Assam,State/UT,Immoral Traffic (Prevention) Act,IMMORAL TRAFFIC(PREVENTION)ACT,FALSE,30
2012,Assam,Assam,State/UT,Indecent Representation of Women (Prevention) Act,INDECENT REPRESENTATION OF WOMEN(PREVENTION)ACT,FALSE,3
2012,Assam,Assam,State/UT,Insult to Modesty of Women,INSULT TO THE MODESTY OF WOMEN,FALSE,5
2012,Assam,Assam,State/UT,Kidnapping & Abduction of Women,KIDNAPPING & ABDUCTION,FALSE,3360
2012,Assam,Assam,State/UT,Rape,RAPE,FALSE,1716
2012,Assam,Assam,State/UT,Total Crimes against Women,TOTAL CRIMES AGAINST WOMEN,FALSE,13544
2012,Bihar,Bihar,State/UT,Assault on Women with Intent to Outrage Modesty,ASSAULT ON WOMEN WITH INTENT TO OUTRAGE HER MODESTY,FALSE,118
2012,Bihar,Bihar,State/UT,Cruelty by Husband or Relatives,CRUELTY BY HUSBAND OR RELATIVES,FALSE,3686
2012,Bihar,Bihar,State/UT,Dowry Deaths,DOWRY DEATH,FALSE,1275
2012,Bihar,Bihar,State/UT,Immoral Traffic (Prevention) Act,IMMORAL TRAFFIC(PREVENTION)ACT,FALSE,35
2012,Bihar,Bihar,State/UT,Indecent Representation of Women (Prevention) Act,INDECENT REPRESENTATION OF WOMEN(PREVENTION)ACT,FALSE,5
2012,Bihar,Bihar,State/UT,Insult to Modesty of Women,INSULT TO THE MODESTY OF WOMEN,FALSE,37
2012,Bihar,Bihar,State/UT,Kidnapping & Abduction of Women,KIDNAPPING & ABDUCTION,FALSE,3789
2012,Bihar,Bihar,State/UT,Rape,RAPE,FALSE,927
2012,Bihar,Bihar,State/UT,Total Crimes against Women,TOTAL CRIMES AGAINST WOMEN,FALSE,11229
2012,Chandigarh,Chandigarh,State/UT,Assault on Women with Intent to Outrage Modesty,ASSAULT ON WOMEN WITH INTENT TO OUTRAGE HER MODESTY,FALSE,45
2012,Chandigarh,Chandigarh,State/UT,Cruelty by Husband or Relatives,CRUELTY BY HUSBAND OR RELATIVES,FALSE,73
2012,Chandigarh,Chandigarh,State/UT,Dowry Deaths,DOWRY DEATH,FALSE,5
2012,Chandigarh,Chandigarh,State/UT,Immoral Traffic (Prevention) Act,IMMORAL TRAFFIC(PREVENTION)ACT,FALSE,0
2012,Chandigarh,Chandigarh,State/UT,Indecent Representation of Women (Prevention) Act,INDECENT REPRESENTATION OF WOMEN(PREVENTION)ACT,FALSE,0
2012,Chandigarh,Chandigarh,State/UT,Insult to Modesty of Women,INSULT TO THE MODESTY OF WOMEN,FALSE,25
2012,Chandigarh,Chandigarh,State/UT,Kidnapping & Abduction of Women,KIDNAPPING & ABDUCTION,FALSE,66
2012,Chandigarh,Chandigarh,State/UT,Rape,RAPE,FALSE,27
2012,Chandigarh,Chandigarh,State/UT,Total Crimes against Women,TOTAL CRIMES AGAINST WOMEN,FALSE,241
2012,Chhattisgarh,Chhattisgarh,State/UT,Assault on Women with Intent to Outrage Modesty,ASSAULT ON WOMEN WITH INTENT TO OUTRAGE HER MODESTY,FALSE,1601
2012,Chhattisgarh,Chhattisgarh,State/UT,Cruelty by Husband or Relatives,CRUELTY BY HUSBAND OR RELATIVES,FALSE,980
2012,Chhattisgarh,Chhattisgarh,State/UT,Dowry Deaths,DOWRY DEATH,FALSE,81
2012,Chhattisgarh,Chhattisgarh,State/UT,Immoral Traffic (Prevention) Act,IMMORAL TRAFFIC(PREVENTION)ACT,FALSE,5
2012,Chhattisgarh,Chhattisgarh,State/UT,Indecent Representation of Women (Prevention) Act,INDECENT REPRESENTATION OF WOMEN(PREVENTION)ACT,FALSE,1
2012,Chhattisgarh,Chhattisgarh,State/UT,Insult to Modesty of Women,INSULT TO THE MODESTY OF WOMEN,FALSE,162
2012,Chhattisgarh,Chhattisgarh,State/UT,Kidnapping & Abduction of Women,KIDNAPPING & ABDUCTION,FALSE,350
2012,Chhattisgarh,Chhattisgarh,State/UT,Rape,RAPE,FALSE,1034
2012,Chhattisgarh,Chhattisgarh,State/UT,Total Crimes against Women,TOTAL CRIMES AGAINST WOMEN,FALSE,4228
2012,"Dadra & Nagar Haveli (pre-2020, separate UT)",D&N Haveli,State/UT,Assault on Women with Intent to Outrage Modesty,ASSAULT ON WOMEN WITH INTENT TO OUTRAGE HER MODESTY,FALSE,2
2012,"Dadra & Nagar Haveli (pre-2020, separate UT)",D&N Haveli,State/UT,Cruelty by Husband or Relatives,CRUELTY BY HUSBAND OR RELATIVES,FALSE,0
2012,"Dadra & Nagar Haveli (pre-2020, separate UT)",D&N Haveli,State/UT,Dowry Deaths,DOWRY DEATH,FALSE,0
2012,"Dadra & Nagar Haveli (pre-2020, separate UT)",D&N Haveli,State/UT,Immoral Traffic (Prevention) Act,IMMORAL TRAFFIC(PREVENTION)ACT,FALSE,2
2012,"Dadra & Nagar Haveli (pre-2020, separate UT)",D&N Haveli,State/UT,Indecent Representation of Women (Prevention) Act,INDECENT REPRESENTATION OF WOMEN(PREVENTION)ACT,FALSE,0
2012,"Dadra & Nagar Haveli (pre-2020, separate UT)",D&N Haveli,State/UT,Insult to Modesty of Women,INSULT TO THE MODESTY OF WOMEN,FALSE,0
2012,"Dadra & Nagar Haveli (pre-2020, separate UT)",D&N Haveli,State/UT,Kidnapping & Abduction of Women,KIDNAPPING & ABDUCTION,FALSE,9
2012,"Dadra & Nagar Haveli (pre-2020, separate UT)",D&N Haveli,State/UT,Rape,RAPE,FALSE,3
2012,"Dadra & Nagar Haveli (pre-2020, separate UT)",D&N Haveli,State/UT,Total Crimes against Women,TOTAL CRIMES AGAINST WOMEN,FALSE,16
2012,"Daman & Diu (pre-2020, separate UT)",Daman & Diu,State/UT,Assault on Women with Intent to Outrage Modesty,ASSAULT ON WOMEN WITH INTENT TO OUTRAGE HER MODESTY,FALSE,0
2012,"Daman & Diu (pre-2020, separate UT)",Daman & Diu,State/UT,Cruelty by Husband or Relatives,CRUELTY BY HUSBAND OR RELATIVES,FALSE,3
2012,"Daman & Diu (pre-2020, separate UT)",Daman & Diu,State/UT,Dowry Deaths,DOWRY DEATH,FALSE,0
2012,"Daman & Diu (pre-2020, separate UT)",Daman & Diu,State/UT,Immoral Traffic (Prevention) Act,IMMORAL TRAFFIC(PREVENTION)ACT,FALSE,3
2012,"Daman & Diu (pre-2020, separate UT)",Daman & Diu,State/UT,Indecent Representation of Women (Prevention) Act,INDECENT REPRESENTATION OF WOMEN(PREVENTION)ACT,FALSE,0
2012,"Daman & Diu (pre-2020, separate UT)",Daman & Diu,State/UT,Insult to Modesty of Women,INSULT TO THE MODESTY OF WOMEN,FALSE,0
2012,"Daman & Diu (pre-2020, separate UT)",Daman & Diu,State/UT,Kidnapping & Abduction of Women,KIDNAPPING & ABDUCTION,FALSE,0
2012,"Daman & Diu (pre-2020, separate UT)",Daman & Diu,State/UT,Rape,RAPE,FALSE,5
2012,"Daman & Diu (pre-2020, separate UT)",Daman & Diu,State/UT,Total Crimes against Women,TOTAL CRIMES AGAINST WOMEN,FALSE,11
2012,Delhi,Delhi UT,State/UT,Assault on Women with Intent to Outrage Modesty,ASSAULT ON WOMEN WITH INTENT TO OUTRAGE HER MODESTY,FALSE,727
2012,Delhi,Delhi UT,State/UT,Cruelty by Husband or Relatives,CRUELTY BY HUSBAND OR RELATIVES,FALSE,1985
2012,Delhi,Delhi UT,State/UT,Dowry Deaths,DOWRY DEATH,FALSE,134
2012,Delhi,Delhi UT,State/UT,Immoral Traffic (Prevention) Act,IMMORAL TRAFFIC(PREVENTION)ACT,FALSE,24
2012,Delhi,Delhi UT,State/UT,Indecent Representation of Women (Prevention) Act,INDECENT REPRESENTATION OF WOMEN(PREVENTION)ACT,FALSE,0
2012,Delhi,Delhi UT,State/UT,Insult to Modesty of Women,INSULT TO THE MODESTY OF WOMEN,FALSE,208
2012,Delhi,Delhi UT,State/UT,Kidnapping & Abduction of Women,KIDNAPPING & ABDUCTION,FALSE,2160
2012,Delhi,Delhi UT,State/UT,Rape,RAPE,FALSE,706
2012,Delhi,Delhi UT,State/UT,Total Crimes against Women,TOTAL CRIMES AGAINST WOMEN,FALSE,5959
2012,Goa,Goa,State/UT,Assault on Women with Intent to Outrage Modesty,ASSAULT ON WOMEN WITH INTENT TO OUTRAGE HER MODESTY,FALSE,49
2012,Goa,Goa,State/UT,Cruelty by Husband or Relatives,CRUELTY BY HUSBAND OR RELATIVES,FALSE,24
2012,Goa,Goa,State/UT,Dowry Deaths,DOWRY DEATH,FALSE,0
2012,Goa,Goa,State/UT,Immoral Traffic (Prevention) Act,IMMORAL TRAFFIC(PREVENTION)ACT,FALSE,40
2012,Goa,Goa,State/UT,Indecent Representation of Women (Prevention) Act,INDECENT REPRESENTATION OF WOMEN(PREVENTION)ACT,FALSE,0
2012,Goa,Goa,State/UT,Insult to Modesty of Women,INSULT TO THE MODESTY OF WOMEN,FALSE,16
2012,Goa,Goa,State/UT,Kidnapping & Abduction of Women,KIDNAPPING & ABDUCTION,FALSE,16
2012,Goa,Goa,State/UT,Rape,RAPE,FALSE,55
2012,Goa,Goa,State/UT,Total Crimes against Women,TOTAL CRIMES AGAINST WOMEN,FALSE,200
2012,Gujarat,Gujarat,State/UT,Assault on Women with Intent to Outrage Modesty,ASSAULT ON WOMEN WITH INTENT TO OUTRAGE HER MODESTY,FALSE,745
2012,Gujarat,Gujarat,State/UT,Cruelty by Husband or Relatives,CRUELTY BY HUSBAND OR RELATIVES,FALSE,6658
2012,Gujarat,Gujarat,State/UT,Dowry Deaths,DOWRY DEATH,FALSE,21
2012,Gujarat,Gujarat,State/UT,Immoral Traffic (Prevention) Act,IMMORAL TRAFFIC(PREVENTION)ACT,FALSE,44
2012,Gujarat,Gujarat,State/UT,Indecent Representation of Women (Prevention) Act,INDECENT REPRESENTATION OF WOMEN(PREVENTION)ACT,FALSE,0
2012,Gujarat,Gujarat,State/UT,Insult to Modesty of Women,INSULT TO THE MODESTY OF WOMEN,FALSE,93
2012,Gujarat,Gujarat,State/UT,Kidnapping & Abduction of Women,KIDNAPPING & ABDUCTION,FALSE,1527
2012,Gujarat,Gujarat,State/UT,Rape,RAPE,FALSE,473
2012,Gujarat,Gujarat,State/UT,Total Crimes against Women,TOTAL CRIMES AGAINST WOMEN,FALSE,9561
2012,Haryana,Haryana,State/UT,Assault on Women with Intent to Outrage Modesty,ASSAULT ON WOMEN WITH INTENT TO OUTRAGE HER MODESTY,FALSE,525
2012,Haryana,Haryana,State/UT,Cruelty by Husband or Relatives,CRUELTY BY HUSBAND OR RELATIVES,FALSE,3137
2012,Haryana,Haryana,State/UT,Dowry Deaths,DOWRY DEATH,FALSE,258
2012,Haryana,Haryana,State/UT,Immoral Traffic (Prevention) Act,IMMORAL TRAFFIC(PREVENTION)ACT,FALSE,69
2012,Haryana,Haryana,State/UT,Indecent Representation of Women (Prevention) Act,INDECENT REPRESENTATION OF WOMEN(PREVENTION)ACT,FALSE,2
2012,Haryana,Haryana,State/UT,Insult to Modesty of Women,INSULT TO THE MODESTY OF WOMEN,FALSE,434
2012,Haryana,Haryana,State/UT,Kidnapping & Abduction of Women,KIDNAPPING & ABDUCTION,FALSE,900
2012,Haryana,Haryana,State/UT,Rape,RAPE,FALSE,668
2012,Haryana,Haryana,State/UT,Total Crimes against Women,TOTAL CRIMES AGAINST WOMEN,FALSE,6002
2012,Himachal Pradesh,Himachal Pradesh,State/UT,Assault on Women with Intent to Outrage Modesty,ASSAULT ON WOMEN WITH INTENT TO OUTRAGE HER MODESTY,FALSE,250
2012,Himachal Pradesh,Himachal Pradesh,State/UT,Cruelty by Husband or Relatives,CRUELTY BY HUSBAND OR RELATIVES,FALSE,251
2012,Himachal Pradesh,Himachal Pradesh,State/UT,Dowry Deaths,DOWRY DEATH,FALSE,2
2012,Himachal Pradesh,Himachal Pradesh,State/UT,Immoral Traffic (Prevention) Act,IMMORAL TRAFFIC(PREVENTION)ACT,FALSE,6
2012,Himachal Pradesh,Himachal Pradesh,State/UT,Indecent Representation of Women (Prevention) Act,INDECENT REPRESENTATION OF WOMEN(PREVENTION)ACT,FALSE,0
2012,Himachal Pradesh,Himachal Pradesh,State/UT,Insult to Modesty of Women,INSULT TO THE MODESTY OF WOMEN,FALSE,68
2012,Himachal Pradesh,Himachal Pradesh,State/UT,Kidnapping & Abduction of Women,KIDNAPPING & ABDUCTION,FALSE,152
2012,Himachal Pradesh,Himachal Pradesh,State/UT,Rape,RAPE,FALSE,183
2012,Himachal Pradesh,Himachal Pradesh,State/UT,Total Crimes against Women,TOTAL CRIMES AGAINST WOMEN,FALSE,912
2012,Jammu & Kashmir,Jammu & Kashmir,State/UT,Assault on Women with Intent to Outrage Modesty,ASSAULT ON WOMEN WITH INTENT TO OUTRAGE HER MODESTY,FALSE,1322
2012,Jammu & Kashmir,Jammu & Kashmir,State/UT,Cruelty by Husband or Relatives,CRUELTY BY HUSBAND OR RELATIVES,FALSE,301
2012,Jammu & Kashmir,Jammu & Kashmir,State/UT,Dowry Deaths,DOWRY DEATH,FALSE,8
2012,Jammu & Kashmir,Jammu & Kashmir,State/UT,Immoral Traffic (Prevention) Act,IMMORAL TRAFFIC(PREVENTION)ACT,FALSE,3
2012,Jammu & Kashmir,Jammu & Kashmir,State/UT,Indecent Representation of Women (Prevention) Act,INDECENT REPRESENTATION OF WOMEN(PREVENTION)ACT,FALSE,0
2012,Jammu & Kashmir,Jammu & Kashmir,State/UT,Insult to Modesty of Women,INSULT TO THE MODESTY OF WOMEN,FALSE,347
2012,Jammu & Kashmir,Jammu & Kashmir,State/UT,Kidnapping & Abduction of Women,KIDNAPPING & ABDUCTION,FALSE,1041
2012,Jammu & Kashmir,Jammu & Kashmir,State/UT,Rape,RAPE,FALSE,303
2012,Jammu & Kashmir,Jammu & Kashmir,State/UT,Total Crimes against Women,TOTAL CRIMES AGAINST WOMEN,FALSE,3328
2012,Jharkhand,Jharkhand,State/UT,Assault on Women with Intent to Outrage Modesty,ASSAULT ON WOMEN WITH INTENT TO OUTRAGE HER MODESTY,FALSE,284
2012,Jharkhand,Jharkhand,State/UT,Cruelty by Husband or Relatives,CRUELTY BY HUSBAND OR RELATIVES,FALSE,1261
2012,Jharkhand,Jharkhand,State/UT,Dowry Deaths,DOWRY DEATH,FALSE,302
2012,Jharkhand,Jharkhand,State/UT,Immoral Traffic (Prevention) Act,IMMORAL TRAFFIC(PREVENTION)ACT,FALSE,12
2012,Jharkhand,Jharkhand,State/UT,Indecent Representation of Women (Prevention) Act,INDECENT REPRESENTATION OF WOMEN(PREVENTION)ACT,FALSE,0
2012,Jharkhand,Jharkhand,State/UT,Insult to Modesty of Women,INSULT TO THE MODESTY OF WOMEN,FALSE,10
2012,Jharkhand,Jharkhand,State/UT,Kidnapping & Abduction of Women,KIDNAPPING & ABDUCTION,FALSE,786
2012,Jharkhand,Jharkhand,State/UT,Rape,RAPE,FALSE,812
2012,Jharkhand,Jharkhand,State/UT,Total Crimes against Women,TOTAL CRIMES AGAINST WOMEN,FALSE,4536
2012,Karnataka,Karnataka,State/UT,Assault on Women with Intent to Outrage Modesty,ASSAULT ON WOMEN WITH INTENT TO OUTRAGE HER MODESTY,FALSE,2978
2012,Karnataka,Karnataka,State/UT,Cruelty by Husband or Relatives,CRUELTY BY HUSBAND OR RELATIVES,FALSE,3684
2012,Karnataka,Karnataka,State/UT,Dowry Deaths,DOWRY DEATH,FALSE,218
2012,Karnataka,Karnataka,State/UT,Immoral Traffic (Prevention) Act,IMMORAL TRAFFIC(PREVENTION)ACT,FALSE,335
2012,Karnataka,Karnataka,State/UT,Indecent Representation of Women (Prevention) Act,INDECENT REPRESENTATION OF WOMEN(PREVENTION)ACT,FALSE,0
2012,Karnataka,Karnataka,State/UT,Insult to Modesty of Women,INSULT TO THE MODESTY OF WOMEN,FALSE,100
2012,Karnataka,Karnataka,State/UT,Kidnapping & Abduction of Women,KIDNAPPING & ABDUCTION,FALSE,1070
2012,Karnataka,Karnataka,State/UT,Rape,RAPE,FALSE,621
2012,Karnataka,Karnataka,State/UT,Total Crimes against Women,TOTAL CRIMES AGAINST WOMEN,FALSE,10366
2012,Kerala,Kerala,State/UT,Assault on Women with Intent to Outrage Modesty,ASSAULT ON WOMEN WITH INTENT TO OUTRAGE HER MODESTY,FALSE,3735
2012,Kerala,Kerala,State/UT,Cruelty by Husband or Relatives,CRUELTY BY HUSBAND OR RELATIVES,FALSE,5216
2012,Kerala,Kerala,State/UT,Dowry Deaths,DOWRY DEATH,FALSE,32
2012,Kerala,Kerala,State/UT,Immoral Traffic (Prevention) Act,IMMORAL TRAFFIC(PREVENTION)ACT,FALSE,210
2012,Kerala,Kerala,State/UT,Indecent Representation of Women (Prevention) Act,INDECENT REPRESENTATION OF WOMEN(PREVENTION)ACT,FALSE,3
2012,Kerala,Kerala,State/UT,Insult to Modesty of Women,INSULT TO THE MODESTY OF WOMEN,FALSE,498
2012,Kerala,Kerala,State/UT,Kidnapping & Abduction of Women,KIDNAPPING & ABDUCTION,FALSE,214
2012,Kerala,Kerala,State/UT,Rape,RAPE,FALSE,1019
2012,Kerala,Kerala,State/UT,Total Crimes against Women,TOTAL CRIMES AGAINST WOMEN,FALSE,10930
2012,Lakshadweep,Lakshadweep,State/UT,Assault on Women with Intent to Outrage Modesty,ASSAULT ON WOMEN WITH INTENT TO OUTRAGE HER MODESTY,FALSE,1
2012,Lakshadweep,Lakshadweep,State/UT,Cruelty by Husband or Relatives,CRUELTY BY HUSBAND OR RELATIVES,FALSE,1
2012,Lakshadweep,Lakshadweep,State/UT,Dowry Deaths,DOWRY DEATH,FALSE,0
2012,Lakshadweep,Lakshadweep,State/UT,Immoral Traffic (Prevention) Act,IMMORAL TRAFFIC(PREVENTION)ACT,FALSE,0
2012,Lakshadweep,Lakshadweep,State/UT,Indecent Representation of Women (Prevention) Act,INDECENT REPRESENTATION OF WOMEN(PREVENTION)ACT,FALSE,0
2012,Lakshadweep,Lakshadweep,State/UT,Insult to Modesty of Women,INSULT TO THE MODESTY OF WOMEN,FALSE,0
2012,Lakshadweep,Lakshadweep,State/UT,Kidnapping & Abduction of Women,KIDNAPPING & ABDUCTION,FALSE,0
2012,Lakshadweep,Lakshadweep,State/UT,Rape,RAPE,FALSE,0
2012,Lakshadweep,Lakshadweep,State/UT,Total Crimes against Women,TOTAL CRIMES AGAINST WOMEN,FALSE,2
2012,Madhya Pradesh,Madhya Pradesh,State/UT,Assault on Women with Intent to Outrage Modesty,ASSAULT ON WOMEN WITH INTENT TO OUTRAGE HER MODESTY,FALSE,6655
2012,Madhya Pradesh,Madhya Pradesh,State/UT,Cruelty by Husband or Relatives,CRUELTY BY HUSBAND OR RELATIVES,FALSE,3988
2012,Madhya Pradesh,Madhya Pradesh,State/UT,Dowry Deaths,DOWRY DEATH,FALSE,743
2012,Madhya Pradesh,Madhya Pradesh,State/UT,Immoral Traffic (Prevention) Act,IMMORAL TRAFFIC(PREVENTION)ACT,FALSE,13
2012,Madhya Pradesh,Madhya Pradesh,State/UT,Indecent Representation of Women (Prevention) Act,INDECENT REPRESENTATION OF WOMEN(PREVENTION)ACT,FALSE,0
2012,Madhya Pradesh,Madhya Pradesh,State/UT,Insult to Modesty of Women,INSULT TO THE MODESTY OF WOMEN,FALSE,774
2012,Madhya Pradesh,Madhya Pradesh,State/UT,Kidnapping & Abduction of Women,KIDNAPPING & ABDUCTION,FALSE,1127
2012,Madhya Pradesh,Madhya Pradesh,State/UT,Rape,RAPE,FALSE,3425
2012,Madhya Pradesh,Madhya Pradesh,State/UT,Total Crimes against Women,TOTAL CRIMES AGAINST WOMEN,FALSE,16832
2012,Maharashtra,Maharashtra,State/UT,Assault on Women with Intent to Outrage Modesty,ASSAULT ON WOMEN WITH INTENT TO OUTRAGE HER MODESTY,FALSE,3935
2012,Maharashtra,Maharashtra,State/UT,Cruelty by Husband or Relatives,CRUELTY BY HUSBAND OR RELATIVES,FALSE,7415
2012,Maharashtra,Maharashtra,State/UT,Dowry Deaths,DOWRY DEATH,FALSE,329
2012,Maharashtra,Maharashtra,State/UT,Immoral Traffic (Prevention) Act,IMMORAL TRAFFIC(PREVENTION)ACT,FALSE,366
2012,Maharashtra,Maharashtra,State/UT,Indecent Representation of Women (Prevention) Act,INDECENT REPRESENTATION OF WOMEN(PREVENTION)ACT,FALSE,2
2012,Maharashtra,Maharashtra,State/UT,Insult to Modesty of Women,INSULT TO THE MODESTY OF WOMEN,FALSE,1294
2012,Maharashtra,Maharashtra,State/UT,Kidnapping & Abduction of Women,KIDNAPPING & ABDUCTION,FALSE,1140
2012,Maharashtra,Maharashtra,State/UT,Rape,RAPE,FALSE,1839
2012,Maharashtra,Maharashtra,State/UT,Total Crimes against Women,TOTAL CRIMES AGAINST WOMEN,FALSE,16353
2012,Manipur,Manipur,State/UT,Assault on Women with Intent to Outrage Modesty,ASSAULT ON WOMEN WITH INTENT TO OUTRAGE HER MODESTY,FALSE,49
2012,Manipur,Manipur,State/UT,Cruelty by Husband or Relatives,CRUELTY BY HUSBAND OR RELATIVES,FALSE,43
2012,Manipur,Manipur,State/UT,Dowry Deaths,DOWRY DEATH,FALSE,0
2012,Manipur,Manipur,State/UT,Immoral Traffic (Prevention) Act,IMMORAL TRAFFIC(PREVENTION)ACT,FALSE,15
2012,Manipur,Manipur,State/UT,Indecent Representation of Women (Prevention) Act,INDECENT REPRESENTATION OF WOMEN(PREVENTION)ACT,FALSE,0
2012,Manipur,Manipur,State/UT,Insult to Modesty of Women,INSULT TO THE MODESTY OF WOMEN,FALSE,1
2012,Manipur,Manipur,State/UT,Kidnapping & Abduction of Women,KIDNAPPING & ABDUCTION,FALSE,133
2012,Manipur,Manipur,State/UT,Rape,RAPE,FALSE,63
2012,Manipur,Manipur,State/UT,Total Crimes against Women,TOTAL CRIMES AGAINST WOMEN,FALSE,304
2012,Meghalaya,Meghalaya,State/UT,Assault on Women with Intent to Outrage Modesty,ASSAULT ON WOMEN WITH INTENT TO OUTRAGE HER MODESTY,FALSE,43
2012,Meghalaya,Meghalaya,State/UT,Cruelty by Husband or Relatives,CRUELTY BY HUSBAND OR RELATIVES,FALSE,16
2012,Meghalaya,Meghalaya,State/UT,Dowry Deaths,DOWRY DEATH,FALSE,1
2012,Meghalaya,Meghalaya,State/UT,Immoral Traffic (Prevention) Act,IMMORAL TRAFFIC(PREVENTION)ACT,FALSE,7
2012,Meghalaya,Meghalaya,State/UT,Indecent Representation of Women (Prevention) Act,INDECENT REPRESENTATION OF WOMEN(PREVENTION)ACT,FALSE,0
2012,Meghalaya,Meghalaya,State/UT,Insult to Modesty of Women,INSULT TO THE MODESTY OF WOMEN,FALSE,0
2012,Meghalaya,Meghalaya,State/UT,Kidnapping & Abduction of Women,KIDNAPPING & ABDUCTION,FALSE,24
2012,Meghalaya,Meghalaya,State/UT,Rape,RAPE,FALSE,164
2012,Meghalaya,Meghalaya,State/UT,Total Crimes against Women,TOTAL CRIMES AGAINST WOMEN,FALSE,255
2012,Mizoram,Mizoram,State/UT,Assault on Women with Intent to Outrage Modesty,ASSAULT ON WOMEN WITH INTENT TO OUTRAGE HER MODESTY,FALSE,85
2012,Mizoram,Mizoram,State/UT,Cruelty by Husband or Relatives,CRUELTY BY HUSBAND OR RELATIVES,FALSE,8
2012,Mizoram,Mizoram,State/UT,Dowry Deaths,DOWRY DEATH,FALSE,0
2012,Mizoram,Mizoram,State/UT,Immoral Traffic (Prevention) Act,IMMORAL TRAFFIC(PREVENTION)ACT,FALSE,0
2012,Mizoram,Mizoram,State/UT,Indecent Representation of Women (Prevention) Act,INDECENT REPRESENTATION OF WOMEN(PREVENTION)ACT,FALSE,0
2012,Mizoram,Mizoram,State/UT,Insult to Modesty of Women,INSULT TO THE MODESTY OF WOMEN,FALSE,0
2012,Mizoram,Mizoram,State/UT,Kidnapping & Abduction of Women,KIDNAPPING & ABDUCTION,FALSE,3
2012,Mizoram,Mizoram,State/UT,Rape,RAPE,FALSE,103
2012,Mizoram,Mizoram,State/UT,Total Crimes against Women,TOTAL CRIMES AGAINST WOMEN,FALSE,199
2012,Nagaland,Nagaland,State/UT,Assault on Women with Intent to Outrage Modesty,ASSAULT ON WOMEN WITH INTENT TO OUTRAGE HER MODESTY,FALSE,16
2012,Nagaland,Nagaland,State/UT,Cruelty by Husband or Relatives,CRUELTY BY HUSBAND OR RELATIVES,FALSE,0
2012,Nagaland,Nagaland,State/UT,Dowry Deaths,DOWRY DEATH,FALSE,0
2012,Nagaland,Nagaland,State/UT,Immoral Traffic (Prevention) Act,IMMORAL TRAFFIC(PREVENTION)ACT,FALSE,4
2012,Nagaland,Nagaland,State/UT,Indecent Representation of Women (Prevention) Act,INDECENT REPRESENTATION OF WOMEN(PREVENTION)ACT,FALSE,0
2012,Nagaland,Nagaland,State/UT,Insult to Modesty of Women,INSULT TO THE MODESTY OF WOMEN,FALSE,0
2012,Nagaland,Nagaland,State/UT,Kidnapping & Abduction of Women,KIDNAPPING & ABDUCTION,FALSE,10
2012,Nagaland,Nagaland,State/UT,Rape,RAPE,FALSE,21
2012,Nagaland,Nagaland,State/UT,Total Crimes against Women,TOTAL CRIMES AGAINST WOMEN,FALSE,51
2012,Odisha,Odisha,State/UT,Assault on Women with Intent to Outrage Modesty,ASSAULT ON WOMEN WITH INTENT TO OUTRAGE HER MODESTY,FALSE,4187
2012,Odisha,Odisha,State/UT,Cruelty by Husband or Relatives,CRUELTY BY HUSBAND OR RELATIVES,FALSE,2638
2012,Odisha,Odisha,State/UT,Dowry Deaths,DOWRY DEATH,FALSE,525
2012,Odisha,Odisha,State/UT,Immoral Traffic (Prevention) Act,IMMORAL TRAFFIC(PREVENTION)ACT,FALSE,24
2012,Odisha,Odisha,State/UT,Indecent Representation of Women (Prevention) Act,INDECENT REPRESENTATION OF WOMEN(PREVENTION)ACT,FALSE,1
2012,Odisha,Odisha,State/UT,Insult to Modesty of Women,INSULT TO THE MODESTY OF WOMEN,FALSE,304
2012,Odisha,Odisha,State/UT,Kidnapping & Abduction of Women,KIDNAPPING & ABDUCTION,FALSE,1364
2012,Odisha,Odisha,State/UT,Rape,RAPE,FALSE,1458
2012,Odisha,Odisha,State/UT,Total Crimes against Women,TOTAL CRIMES AGAINST WOMEN,FALSE,11988
2012,Puducherry,Puducherry,State/UT,Assault on Women with Intent to Outrage Modesty,ASSAULT ON WOMEN WITH INTENT TO OUTRAGE HER MODESTY,FALSE,9
2012,Puducherry,Puducherry,State/UT,Cruelty by Husband or Relatives,CRUELTY BY HUSBAND OR RELATIVES,FALSE,6
2012,Puducherry,Puducherry,State/UT,Dowry Deaths,DOWRY DEATH,FALSE,0
2012,Puducherry,Puducherry,State/UT,Immoral Traffic (Prevention) Act,IMMORAL TRAFFIC(PREVENTION)ACT,FALSE,4
2012,Puducherry,Puducherry,State/UT,Indecent Representation of Women (Prevention) Act,INDECENT REPRESENTATION OF WOMEN(PREVENTION)ACT,FALSE,0
2012,Puducherry,Puducherry,State/UT,Insult to Modesty of Women,INSULT TO THE MODESTY OF WOMEN,FALSE,2
2012,Puducherry,Puducherry,State/UT,Kidnapping & Abduction of Women,KIDNAPPING & ABDUCTION,FALSE,16
2012,Puducherry,Puducherry,State/UT,Rape,RAPE,FALSE,13
2012,Puducherry,Puducherry,State/UT,Total Crimes against Women,TOTAL CRIMES AGAINST WOMEN,FALSE,61
2012,Punjab,Punjab,State/UT,Assault on Women with Intent to Outrage Modesty,ASSAULT ON WOMEN WITH INTENT TO OUTRAGE HER MODESTY,FALSE,340
2012,Punjab,Punjab,State/UT,Cruelty by Husband or Relatives,CRUELTY BY HUSBAND OR RELATIVES,FALSE,1293
2012,Punjab,Punjab,State/UT,Dowry Deaths,DOWRY DEATH,FALSE,118
2012,Punjab,Punjab,State/UT,Immoral Traffic (Prevention) Act,IMMORAL TRAFFIC(PREVENTION)ACT,FALSE,86
2012,Punjab,Punjab,State/UT,Indecent Representation of Women (Prevention) Act,INDECENT REPRESENTATION OF WOMEN(PREVENTION)ACT,FALSE,0
2012,Punjab,Punjab,State/UT,Insult to Modesty of Women,INSULT TO THE MODESTY OF WOMEN,FALSE,31
2012,Punjab,Punjab,State/UT,Kidnapping & Abduction of Women,KIDNAPPING & ABDUCTION,FALSE,689
2012,Punjab,Punjab,State/UT,Rape,RAPE,FALSE,680
2012,Punjab,Punjab,State/UT,Total Crimes against Women,TOTAL CRIMES AGAINST WOMEN,FALSE,3238
2012,Rajasthan,Rajasthan,State/UT,Assault on Women with Intent to Outrage Modesty,ASSAULT ON WOMEN WITH INTENT TO OUTRAGE HER MODESTY,FALSE,2352
2012,Rajasthan,Rajasthan,State/UT,Cruelty by Husband or Relatives,CRUELTY BY HUSBAND OR RELATIVES,FALSE,13312
2012,Rajasthan,Rajasthan,State/UT,Dowry Deaths,DOWRY DEATH,FALSE,478
2012,Rajasthan,Rajasthan,State/UT,Immoral Traffic (Prevention) Act,IMMORAL TRAFFIC(PREVENTION)ACT,FALSE,99
2012,Rajasthan,Rajasthan,State/UT,Indecent Representation of Women (Prevention) Act,INDECENT REPRESENTATION OF WOMEN(PREVENTION)ACT,FALSE,62
2012,Rajasthan,Rajasthan,State/UT,Insult to Modesty of Women,INSULT TO THE MODESTY OF WOMEN,FALSE,18
2012,Rajasthan,Rajasthan,State/UT,Kidnapping & Abduction of Women,KIDNAPPING & ABDUCTION,FALSE,2697
2012,Rajasthan,Rajasthan,State/UT,Rape,RAPE,FALSE,2049
2012,Rajasthan,Rajasthan,State/UT,Total Crimes against Women,TOTAL CRIMES AGAINST WOMEN,FALSE,21106
2012,Sikkim,Sikkim,State/UT,Assault on Women with Intent to Outrage Modesty,ASSAULT ON WOMEN WITH INTENT TO OUTRAGE HER MODESTY,FALSE,19
2012,Sikkim,Sikkim,State/UT,Cruelty by Husband or Relatives,CRUELTY BY HUSBAND OR RELATIVES,FALSE,4
2012,Sikkim,Sikkim,State/UT,Dowry Deaths,DOWRY DEATH,FALSE,1
2012,Sikkim,Sikkim,State/UT,Immoral Traffic (Prevention) Act,IMMORAL TRAFFIC(PREVENTION)ACT,FALSE,0
2012,Sikkim,Sikkim,State/UT,Indecent Representation of Women (Prevention) Act,INDECENT REPRESENTATION OF WOMEN(PREVENTION)ACT,FALSE,0
2012,Sikkim,Sikkim,State/UT,Insult to Modesty of Women,INSULT TO THE MODESTY OF WOMEN,FALSE,0
2012,Sikkim,Sikkim,State/UT,Kidnapping & Abduction of Women,KIDNAPPING & ABDUCTION,FALSE,10
2012,Sikkim,Sikkim,State/UT,Rape,RAPE,FALSE,34
2012,Sikkim,Sikkim,State/UT,Total Crimes against Women,TOTAL CRIMES AGAINST WOMEN,FALSE,68
2012,Tamil Nadu,Tamil Nadu,State/UT,Assault on Women with Intent to Outrage Modesty,ASSAULT ON WOMEN WITH INTENT TO OUTRAGE HER MODESTY,FALSE,1494
2012,Tamil Nadu,Tamil Nadu,State/UT,Cruelty by Husband or Relatives,CRUELTY BY HUSBAND OR RELATIVES,FALSE,1965
2012,Tamil Nadu,Tamil Nadu,State/UT,Dowry Deaths,DOWRY DEATH,FALSE,110
2012,Tamil Nadu,Tamil Nadu,State/UT,Immoral Traffic (Prevention) Act,IMMORAL TRAFFIC(PREVENTION)ACT,FALSE,500
2012,Tamil Nadu,Tamil Nadu,State/UT,Indecent Representation of Women (Prevention) Act,INDECENT REPRESENTATION OF WOMEN(PREVENTION)ACT,FALSE,34
2012,Tamil Nadu,Tamil Nadu,State/UT,Insult to Modesty of Women,INSULT TO THE MODESTY OF WOMEN,FALSE,382
2012,Tamil Nadu,Tamil Nadu,State/UT,Kidnapping & Abduction of Women,KIDNAPPING & ABDUCTION,FALSE,1693
2012,Tamil Nadu,Tamil Nadu,State/UT,Rape,RAPE,FALSE,737
2012,Tamil Nadu,Tamil Nadu,State/UT,Total Crimes against Women,TOTAL CRIMES AGAINST WOMEN,FALSE,7192
2012,Tripura,Tripura,State/UT,Assault on Women with Intent to Outrage Modesty,ASSAULT ON WOMEN WITH INTENT TO OUTRAGE HER MODESTY,FALSE,314
2012,Tripura,Tripura,State/UT,Cruelty by Husband or Relatives,CRUELTY BY HUSBAND OR RELATIVES,FALSE,858
2012,Tripura,Tripura,State/UT,Dowry Deaths,DOWRY DEATH,FALSE,37
2012,Tripura,Tripura,State/UT,Immoral Traffic (Prevention) Act,IMMORAL TRAFFIC(PREVENTION)ACT,FALSE,0
2012,Tripura,Tripura,State/UT,Indecent Representation of Women (Prevention) Act,INDECENT REPRESENTATION OF WOMEN(PREVENTION)ACT,FALSE,0
2012,Tripura,Tripura,State/UT,Insult to Modesty of Women,INSULT TO THE MODESTY OF WOMEN,FALSE,7
2012,Tripura,Tripura,State/UT,Kidnapping & Abduction of Women,KIDNAPPING & ABDUCTION,FALSE,114
2012,Tripura,Tripura,State/UT,Rape,RAPE,FALSE,229
2012,Tripura,Tripura,State/UT,Total Crimes against Women,TOTAL CRIMES AGAINST WOMEN,FALSE,1559
2012,Uttar Pradesh,Uttar Pradesh,State/UT,Assault on Women with Intent to Outrage Modesty,ASSAULT ON WOMEN WITH INTENT TO OUTRAGE HER MODESTY,FALSE,3247
2012,Uttar Pradesh,Uttar Pradesh,State/UT,Cruelty by Husband or Relatives,CRUELTY BY HUSBAND OR RELATIVES,FALSE,7661
2012,Uttar Pradesh,Uttar Pradesh,State/UT,Dowry Deaths,DOWRY DEATH,FALSE,2244
2012,Uttar Pradesh,Uttar Pradesh,State/UT,Immoral Traffic (Prevention) Act,IMMORAL TRAFFIC(PREVENTION)ACT,FALSE,31
2012,Uttar Pradesh,Uttar Pradesh,State/UT,Indecent Representation of Women (Prevention) Act,INDECENT REPRESENTATION OF WOMEN(PREVENTION)ACT,FALSE,0
2012,Uttar Pradesh,Uttar Pradesh,State/UT,Insult to Modesty of Women,INSULT TO THE MODESTY OF WOMEN,FALSE,8
2012,Uttar Pradesh,Uttar Pradesh,State/UT,Kidnapping & Abduction of Women,KIDNAPPING & ABDUCTION,FALSE,7910
2012,Uttar Pradesh,Uttar Pradesh,State/UT,Rape,RAPE,FALSE,1963
2012,Uttar Pradesh,Uttar Pradesh,State/UT,Total Crimes against Women,TOTAL CRIMES AGAINST WOMEN,FALSE,23569
2012,Uttarakhand,Uttarakhand,State/UT,Assault on Women with Intent to Outrage Modesty,ASSAULT ON WOMEN WITH INTENT TO OUTRAGE HER MODESTY,FALSE,139
2012,Uttarakhand,Uttarakhand,State/UT,Cruelty by Husband or Relatives,CRUELTY BY HUSBAND OR RELATIVES,FALSE,368
2012,Uttarakhand,Uttarakhand,State/UT,Dowry Deaths,DOWRY DEATH,FALSE,71
2012,Uttarakhand,Uttarakhand,State/UT,Immoral Traffic (Prevention) Act,IMMORAL TRAFFIC(PREVENTION)ACT,FALSE,12
2012,Uttarakhand,Uttarakhand,State/UT,Indecent Representation of Women (Prevention) Act,INDECENT REPRESENTATION OF WOMEN(PREVENTION)ACT,FALSE,0
2012,Uttarakhand,Uttarakhand,State/UT,Insult to Modesty of Women,INSULT TO THE MODESTY OF WOMEN,FALSE,73
2012,Uttarakhand,Uttarakhand,State/UT,Kidnapping & Abduction of Women,KIDNAPPING & ABDUCTION,FALSE,256
2012,Uttarakhand,Uttarakhand,State/UT,Rape,RAPE,FALSE,148
2012,Uttarakhand,Uttarakhand,State/UT,Total Crimes against Women,TOTAL CRIMES AGAINST WOMEN,FALSE,1067
2012,West Bengal,West Bengal,State/UT,Assault on Women with Intent to Outrage Modesty,ASSAULT ON WOMEN WITH INTENT TO OUTRAGE HER MODESTY,FALSE,3345
2012,West Bengal,West Bengal,State/UT,Cruelty by Husband or Relatives,CRUELTY BY HUSBAND OR RELATIVES,FALSE,19865
2012,West Bengal,West Bengal,State/UT,Dowry Deaths,DOWRY DEATH,FALSE,593
2012,West Bengal,West Bengal,State/UT,Immoral Traffic (Prevention) Act,IMMORAL TRAFFIC(PREVENTION)ACT,FALSE,109
2012,West Bengal,West Bengal,State/UT,Indecent Representation of Women (Prevention) Act,INDECENT REPRESENTATION OF WOMEN(PREVENTION)ACT,FALSE,7
2012,West Bengal,West Bengal,State/UT,Insult to Modesty of Women,INSULT TO THE MODESTY OF WOMEN,FALSE,556
2012,West Bengal,West Bengal,State/UT,Kidnapping & Abduction of Women,KIDNAPPING & ABDUCTION,FALSE,4168
2012,West Bengal,West Bengal,State/UT,Rape,RAPE,FALSE,2046
2012,West Bengal,West Bengal,State/UT,Total Crimes against Women,TOTAL CRIMES AGAINST WOMEN,FALSE,30942
2013,All India (Total),Total (State),Aggregate,Assault on Women with Intent to Outrage Modesty,Assault on women with intent to outrage her Modest,FALSE,67020
2013,All India (Total),Total (UTs),Aggregate,Assault on Women with Intent to Outrage Modesty,Assault on women with intent to outrage her Modest,FALSE,3719
2013,All India (Total),Total (All-India),Aggregate,Assault on Women with Intent to Outrage Modesty,Assault on women with intent to outrage her Modest,FALSE,70739
2013,All India (Total),Total (State),Aggregate,Commission of Sati (Prevention) Act,Commission of Sati (P) Act,FALSE,0
2013,All India (Total),Total (UTs),Aggregate,Commission of Sati (Prevention) Act,Commission of Sati (P) Act,FALSE,0
2013,All India (Total),Total (All-India),Aggregate,Commission of Sati (Prevention) Act,Commission of Sati (P) Act,FALSE,0
2013,All India (Total),Total (State),Aggregate,Cruelty by Husband or Relatives,Cruelty by Husband or his relatives,FALSE,115721
2013,All India (Total),Total (UTs),Aggregate,Cruelty by Husband or Relatives,Cruelty by Husband or his relatives,FALSE,3145
2013,All India (Total),Total (All-India),Aggregate,Cruelty by Husband or Relatives,Cruelty by Husband or his relatives,FALSE,118866
2013,All India (Total),Total (State),Aggregate,Dowry Deaths,Dowry Deaths,FALSE,7936
2013,All India (Total),Total (UTs),Aggregate,Dowry Deaths,Dowry Deaths,FALSE,147
2013,All India (Total),Total (All-India),Aggregate,Dowry Deaths,Dowry Deaths,FALSE,8083
2013,All India (Total),Total (State),Aggregate,Dowry Prohibition Act,Dowry Prohibition Act,FALSE,10680
2013,All India (Total),Total (UTs),Aggregate,Dowry Prohibition Act,Dowry Prohibition Act,FALSE,29
2013,All India (Total),Total (All-India),Aggregate,Dowry Prohibition Act,Dowry Prohibition Act,FALSE,10709
2013,All India (Total),Total (State),Aggregate,Immoral Traffic (Prevention) Act,Immoral Traffic (P) Act,FALSE,2541
2013,All India (Total),Total (UTs),Aggregate,Immoral Traffic (Prevention) Act,Immoral Traffic (P) Act,FALSE,38
2013,All India (Total),Total (All-India),Aggregate,Immoral Traffic (Prevention) Act,Immoral Traffic (P) Act,FALSE,2579
2013,All India (Total),Total (State),Aggregate,Importation of Girls from Foreign Country,Importation of Girls from Foreign Country,FALSE,31
2013,All India (Total),Total (UTs),Aggregate,Importation of Girls from Foreign Country,Importation of Girls from Foreign Country,FALSE,0
2013,All India (Total),Total (All-India),Aggregate,Importation of Girls from Foreign Country,Importation of Girls from Foreign Country,FALSE,31
2013,All India (Total),Total (State),Aggregate,Indecent Representation of Women (Prevention) Act,Indecent Representation of Women (P) Act,FALSE,360
2013,All India (Total),Total (UTs),Aggregate,Indecent Representation of Women (Prevention) Act,Indecent Representation of Women (P) Act,FALSE,2
2013,All India (Total),Total (All-India),Aggregate,Indecent Representation of Women (Prevention) Act,Indecent Representation of Women (P) Act,FALSE,362
2013,All India (Total),Total (State),Aggregate,Insult to Modesty of Women,Insult to the modesty of Women,FALSE,11630
2013,All India (Total),Total (UTs),Aggregate,Insult to Modesty of Women,Insult to the modesty of Women,FALSE,959
2013,All India (Total),Total (All-India),Aggregate,Insult to Modesty of Women,Insult to the modesty of Women,FALSE,12589
2013,All India (Total),Total (State),Aggregate,Kidnapping & Abduction of Women,Kidnapping & Abduction of Women & Grils,FALSE,48044
2013,All India (Total),Total (UTs),Aggregate,Kidnapping & Abduction of Women,Kidnapping & Abduction of Women & Grils,FALSE,3837
2013,All India (Total),Total (All-India),Aggregate,Kidnapping & Abduction of Women,Kidnapping & Abduction of Women & Grils,FALSE,51881
2013,All India (Total),Total (State),Aggregate,Rape,Rape,FALSE,31967
2013,All India (Total),Total (UTs),Aggregate,Rape,Rape,FALSE,1740
2013,All India (Total),Total (All-India),Aggregate,Rape,Rape,FALSE,33707
2013,All India (Total),Total (State),Aggregate,Total Crimes against Women,Total Crimes against Women,FALSE,295930
2013,All India (Total),Total (UTs),Aggregate,Total Crimes against Women,Total Crimes against Women,FALSE,13616
2013,All India (Total),Total (All-India),Aggregate,Total Crimes against Women,Total Crimes against Women,FALSE,309546
2013,Andaman & Nicobar Islands,A&N Islands,State/UT,Assault on Women with Intent to Outrage Modesty,Assault on women with intent to outrage her Modest,FALSE,45
2013,Andaman & Nicobar Islands,A&N Islands,State/UT,Commission of Sati (Prevention) Act,Commission of Sati (P) Act,FALSE,0
2013,Andaman & Nicobar Islands,A&N Islands,State/UT,Cruelty by Husband or Relatives,Cruelty by Husband or his relatives,FALSE,9
2013,Andaman & Nicobar Islands,A&N Islands,State/UT,Dowry Deaths,Dowry Deaths,FALSE,1
2013,Andaman & Nicobar Islands,A&N Islands,State/UT,Dowry Prohibition Act,Dowry Prohibition Act,FALSE,0
2013,Andaman & Nicobar Islands,A&N Islands,State/UT,Immoral Traffic (Prevention) Act,Immoral Traffic (P) Act,FALSE,4
2013,Andaman & Nicobar Islands,A&N Islands,State/UT,Importation of Girls from Foreign Country,Importation of Girls from Foreign Country,FALSE,0
2013,Andaman & Nicobar Islands,A&N Islands,State/UT,Indecent Representation of Women (Prevention) Act,Indecent Representation of Women (P) Act,FALSE,0
2013,Andaman & Nicobar Islands,A&N Islands,State/UT,Insult to Modesty of Women,Insult to the modesty of Women,FALSE,8
2013,Andaman & Nicobar Islands,A&N Islands,State/UT,Kidnapping & Abduction of Women,Kidnapping & Abduction of Women & Grils,FALSE,12
2013,Andaman & Nicobar Islands,A&N Islands,State/UT,Rape,Rape,FALSE,27
2013,Andaman & Nicobar Islands,A&N Islands,State/UT,Total Crimes against Women,Total Crimes against Women,FALSE,106
2013,Andhra Pradesh,Andhra Pradesh,State/UT,Assault on Women with Intent to Outrage Modesty,Assault on women with intent to outrage her Modest,FALSE,6930
2013,Andhra Pradesh,Andhra Pradesh,State/UT,Commission of Sati (Prevention) Act,Commission of Sati (P) Act,FALSE,0
2013,Andhra Pradesh,Andhra Pradesh,State/UT,Cruelty by Husband or Relatives,Cruelty by Husband or his relatives,FALSE,15084
2013,Andhra Pradesh,Andhra Pradesh,State/UT,Dowry Deaths,Dowry Deaths,FALSE,492
2013,Andhra Pradesh,Andhra Pradesh,State/UT,Dowry Prohibition Act,Dowry Prohibition Act,FALSE,1631
2013,Andhra Pradesh,Andhra Pradesh,State/UT,Immoral Traffic (Prevention) Act,Immoral Traffic (P) Act,FALSE,489
2013,Andhra Pradesh,Andhra Pradesh,State/UT,Importation of Girls from Foreign Country,Importation of Girls from Foreign Country,FALSE,0
2013,Andhra Pradesh,Andhra Pradesh,State/UT,Indecent Representation of Women (Prevention) Act,Indecent Representation of Women (P) Act,FALSE,251
2013,Andhra Pradesh,Andhra Pradesh,State/UT,Insult to Modesty of Women,Insult to the modesty of Women,FALSE,4702
2013,Andhra Pradesh,Andhra Pradesh,State/UT,Kidnapping & Abduction of Women,Kidnapping & Abduction of Women & Grils,FALSE,1595
2013,Andhra Pradesh,Andhra Pradesh,State/UT,Rape,Rape,FALSE,1635
2013,Andhra Pradesh,Andhra Pradesh,State/UT,Total Crimes against Women,Total Crimes against Women,FALSE,32809
2013,Arunachal Pradesh,Arunachal Pradesh,State/UT,Assault on Women with Intent to Outrage Modesty,Assault on women with intent to outrage her Modest,FALSE,93
2013,Arunachal Pradesh,Arunachal Pradesh,State/UT,Commission of Sati (Prevention) Act,Commission of Sati (P) Act,FALSE,0
2013,Arunachal Pradesh,Arunachal Pradesh,State/UT,Cruelty by Husband or Relatives,Cruelty by Husband or his relatives,FALSE,29
2013,Arunachal Pradesh,Arunachal Pradesh,State/UT,Dowry Deaths,Dowry Deaths,FALSE,0
2013,Arunachal Pradesh,Arunachal Pradesh,State/UT,Dowry Prohibition Act,Dowry Prohibition Act,FALSE,0
2013,Arunachal Pradesh,Arunachal Pradesh,State/UT,Immoral Traffic (Prevention) Act,Immoral Traffic (P) Act,FALSE,2
2013,Arunachal Pradesh,Arunachal Pradesh,State/UT,Importation of Girls from Foreign Country,Importation of Girls from Foreign Country,FALSE,0
2013,Arunachal Pradesh,Arunachal Pradesh,State/UT,Indecent Representation of Women (Prevention) Act,Indecent Representation of Women (P) Act,FALSE,0
2013,Arunachal Pradesh,Arunachal Pradesh,State/UT,Insult to Modesty of Women,Insult to the modesty of Women,FALSE,3
2013,Arunachal Pradesh,Arunachal Pradesh,State/UT,Kidnapping & Abduction of Women,Kidnapping & Abduction of Women & Grils,FALSE,86
2013,Arunachal Pradesh,Arunachal Pradesh,State/UT,Rape,Rape,FALSE,75
2013,Arunachal Pradesh,Arunachal Pradesh,State/UT,Total Crimes against Women,Total Crimes against Women,FALSE,288
2013,Assam,Assam,State/UT,Assault on Women with Intent to Outrage Modesty,Assault on women with intent to outrage her Modest,FALSE,2409
2013,Assam,Assam,State/UT,Commission of Sati (Prevention) Act,Commission of Sati (P) Act,FALSE,0
2013,Assam,Assam,State/UT,Cruelty by Husband or Relatives,Cruelty by Husband or his relatives,FALSE,8636
2013,Assam,Assam,State/UT,Dowry Deaths,Dowry Deaths,FALSE,170
2013,Assam,Assam,State/UT,Dowry Prohibition Act,Dowry Prohibition Act,FALSE,40
2013,Assam,Assam,State/UT,Immoral Traffic (Prevention) Act,Immoral Traffic (P) Act,FALSE,18
2013,Assam,Assam,State/UT,Importation of Girls from Foreign Country,Importation of Girls from Foreign Country,FALSE,2
2013,Assam,Assam,State/UT,Indecent Representation of Women (Prevention) Act,Indecent Representation of Women (P) Act,FALSE,1
2013,Assam,Assam,State/UT,Insult to Modesty of Women,Insult to the modesty of Women,FALSE,14
2013,Assam,Assam,State/UT,Kidnapping & Abduction of Women,Kidnapping & Abduction of Women & Grils,FALSE,4222
2013,Assam,Assam,State/UT,Rape,Rape,FALSE,1937
2013,Assam,Assam,State/UT,Total Crimes against Women,Total Crimes against Women,FALSE,17449
2013,Bihar,Bihar,State/UT,Assault on Women with Intent to Outrage Modesty,Assault on women with intent to outrage her Modest,FALSE,331
2013,Bihar,Bihar,State/UT,Commission of Sati (Prevention) Act,Commission of Sati (P) Act,FALSE,0
2013,Bihar,Bihar,State/UT,Cruelty by Husband or Relatives,Cruelty by Husband or his relatives,FALSE,4533
2013,Bihar,Bihar,State/UT,Dowry Deaths,Dowry Deaths,FALSE,1182
2013,Bihar,Bihar,State/UT,Dowry Prohibition Act,Dowry Prohibition Act,FALSE,1893
2013,Bihar,Bihar,State/UT,Immoral Traffic (Prevention) Act,Immoral Traffic (P) Act,FALSE,64
2013,Bihar,Bihar,State/UT,Importation of Girls from Foreign Country,Importation of Girls from Foreign Country,FALSE,7
2013,Bihar,Bihar,State/UT,Indecent Representation of Women (Prevention) Act,Indecent Representation of Women (P) Act,FALSE,0
2013,Bihar,Bihar,State/UT,Insult to Modesty of Women,Insult to the modesty of Women,FALSE,52
2013,Bihar,Bihar,State/UT,Kidnapping & Abduction of Women,Kidnapping & Abduction of Women & Grils,FALSE,4419
2013,Bihar,Bihar,State/UT,Rape,Rape,FALSE,1128
2013,Bihar,Bihar,State/UT,Total Crimes against Women,Total Crimes against Women,FALSE,13609
2013,Chandigarh,Chandigarh,State/UT,Assault on Women with Intent to Outrage Modesty,Assault on women with intent to outrage her Modest,FALSE,143
2013,Chandigarh,Chandigarh,State/UT,Commission of Sati (Prevention) Act,Commission of Sati (P) Act,FALSE,0
2013,Chandigarh,Chandigarh,State/UT,Cruelty by Husband or Relatives,Cruelty by Husband or his relatives,FALSE,92
2013,Chandigarh,Chandigarh,State/UT,Dowry Deaths,Dowry Deaths,FALSE,1
2013,Chandigarh,Chandigarh,State/UT,Dowry Prohibition Act,Dowry Prohibition Act,FALSE,0
2013,Chandigarh,Chandigarh,State/UT,Immoral Traffic (Prevention) Act,Immoral Traffic (P) Act,FALSE,6
2013,Chandigarh,Chandigarh,State/UT,Importation of Girls from Foreign Country,Importation of Girls from Foreign Country,FALSE,0
2013,Chandigarh,Chandigarh,State/UT,Indecent Representation of Women (Prevention) Act,Indecent Representation of Women (P) Act,FALSE,1
2013,Chandigarh,Chandigarh,State/UT,Insult to Modesty of Women,Insult to the modesty of Women,FALSE,26
2013,Chandigarh,Chandigarh,State/UT,Kidnapping & Abduction of Women,Kidnapping & Abduction of Women & Grils,FALSE,174
2013,Chandigarh,Chandigarh,State/UT,Rape,Rape,FALSE,45
2013,Chandigarh,Chandigarh,State/UT,Total Crimes against Women,Total Crimes against Women,FALSE,488
2013,Chhattisgarh,Chhattisgarh,State/UT,Assault on Women with Intent to Outrage Modesty,Assault on women with intent to outrage her Modest,FALSE,2261
2013,Chhattisgarh,Chhattisgarh,State/UT,Commission of Sati (Prevention) Act,Commission of Sati (P) Act,FALSE,0
2013,Chhattisgarh,Chhattisgarh,State/UT,Cruelty by Husband or Relatives,Cruelty by Husband or his relatives,FALSE,1181
2013,Chhattisgarh,Chhattisgarh,State/UT,Dowry Deaths,Dowry Deaths,FALSE,109
2013,Chhattisgarh,Chhattisgarh,State/UT,Dowry Prohibition Act,Dowry Prohibition Act,FALSE,11
2013,Chhattisgarh,Chhattisgarh,State/UT,Immoral Traffic (Prevention) Act,Immoral Traffic (P) Act,FALSE,8
2013,Chhattisgarh,Chhattisgarh,State/UT,Importation of Girls from Foreign Country,Importation of Girls from Foreign Country,FALSE,1
2013,Chhattisgarh,Chhattisgarh,State/UT,Indecent Representation of Women (Prevention) Act,Indecent Representation of Women (P) Act,FALSE,0
2013,Chhattisgarh,Chhattisgarh,State/UT,Insult to Modesty of Women,Insult to the modesty of Women,FALSE,180
2013,Chhattisgarh,Chhattisgarh,State/UT,Kidnapping & Abduction of Women,Kidnapping & Abduction of Women & Grils,FALSE,1881
2013,Chhattisgarh,Chhattisgarh,State/UT,Rape,Rape,FALSE,1380
2013,Chhattisgarh,Chhattisgarh,State/UT,Total Crimes against Women,Total Crimes against Women,FALSE,7012
2013,"Dadra & Nagar Haveli (pre-2020, separate UT)",D&N Haveli,State/UT,Assault on Women with Intent to Outrage Modesty,Assault on women with intent to outrage her Modest,FALSE,1
2013,"Dadra & Nagar Haveli (pre-2020, separate UT)",D&N Haveli,State/UT,Commission of Sati (Prevention) Act,Commission of Sati (P) Act,FALSE,0
2013,"Dadra & Nagar Haveli (pre-2020, separate UT)",D&N Haveli,State/UT,Cruelty by Husband or Relatives,Cruelty by Husband or his relatives,FALSE,1
2013,"Dadra & Nagar Haveli (pre-2020, separate UT)",D&N Haveli,State/UT,Dowry Deaths,Dowry Deaths,FALSE,0
2013,"Dadra & Nagar Haveli (pre-2020, separate UT)",D&N Haveli,State/UT,Dowry Prohibition Act,Dowry Prohibition Act,FALSE,0
2013,"Dadra & Nagar Haveli (pre-2020, separate UT)",D&N Haveli,State/UT,Immoral Traffic (Prevention) Act,Immoral Traffic (P) Act,FALSE,2
2013,"Dadra & Nagar Haveli (pre-2020, separate UT)",D&N Haveli,State/UT,Importation of Girls from Foreign Country,Importation of Girls from Foreign Country,FALSE,0
2013,"Dadra & Nagar Haveli (pre-2020, separate UT)",D&N Haveli,State/UT,Indecent Representation of Women (Prevention) Act,Indecent Representation of Women (P) Act,FALSE,0
2013,"Dadra & Nagar Haveli (pre-2020, separate UT)",D&N Haveli,State/UT,Insult to Modesty of Women,Insult to the modesty of Women,FALSE,1
2013,"Dadra & Nagar Haveli (pre-2020, separate UT)",D&N Haveli,State/UT,Kidnapping & Abduction of Women,Kidnapping & Abduction of Women & Grils,FALSE,11
2013,"Dadra & Nagar Haveli (pre-2020, separate UT)",D&N Haveli,State/UT,Rape,Rape,FALSE,5
2013,"Dadra & Nagar Haveli (pre-2020, separate UT)",D&N Haveli,State/UT,Total Crimes against Women,Total Crimes against Women,FALSE,21
2013,"Daman & Diu (pre-2020, separate UT)",Daman & Diu,State/UT,Assault on Women with Intent to Outrage Modesty,Assault on women with intent to outrage her Modest,FALSE,2
2013,"Daman & Diu (pre-2020, separate UT)",Daman & Diu,State/UT,Commission of Sati (Prevention) Act,Commission of Sati (P) Act,FALSE,0
2013,"Daman & Diu (pre-2020, separate UT)",Daman & Diu,State/UT,Cruelty by Husband or Relatives,Cruelty by Husband or his relatives,FALSE,2
2013,"Daman & Diu (pre-2020, separate UT)",Daman & Diu,State/UT,Dowry Deaths,Dowry Deaths,FALSE,0
2013,"Daman & Diu (pre-2020, separate UT)",Daman & Diu,State/UT,Dowry Prohibition Act,Dowry Prohibition Act,FALSE,0
2013,"Daman & Diu (pre-2020, separate UT)",Daman & Diu,State/UT,Immoral Traffic (Prevention) Act,Immoral Traffic (P) Act,FALSE,6
2013,"Daman & Diu (pre-2020, separate UT)",Daman & Diu,State/UT,Importation of Girls from Foreign Country,Importation of Girls from Foreign Country,FALSE,0
2013,"Daman & Diu (pre-2020, separate UT)",Daman & Diu,State/UT,Indecent Representation of Women (Prevention) Act,Indecent Representation of Women (P) Act,FALSE,0
2013,"Daman & Diu (pre-2020, separate UT)",Daman & Diu,State/UT,Insult to Modesty of Women,Insult to the modesty of Women,FALSE,0
2013,"Daman & Diu (pre-2020, separate UT)",Daman & Diu,State/UT,Kidnapping & Abduction of Women,Kidnapping & Abduction of Women & Grils,FALSE,6
2013,"Daman & Diu (pre-2020, separate UT)",Daman & Diu,State/UT,Rape,Rape,FALSE,8
2013,"Daman & Diu (pre-2020, separate UT)",Daman & Diu,State/UT,Total Crimes against Women,Total Crimes against Women,FALSE,24
2013,Delhi,Delhi UT,State/UT,Assault on Women with Intent to Outrage Modesty,Assault on women with intent to outrage her Modest,FALSE,3515
2013,Delhi,Delhi UT,State/UT,Commission of Sati (Prevention) Act,Commission of Sati (P) Act,FALSE,0
2013,Delhi,Delhi UT,State/UT,Cruelty by Husband or Relatives,Cruelty by Husband or his relatives,FALSE,3033
2013,Delhi,Delhi UT,State/UT,Dowry Deaths,Dowry Deaths,FALSE,144
2013,Delhi,Delhi UT,State/UT,Dowry Prohibition Act,Dowry Prohibition Act,FALSE,15
2013,Delhi,Delhi UT,State/UT,Immoral Traffic (Prevention) Act,Immoral Traffic (P) Act,FALSE,20
2013,Delhi,Delhi UT,State/UT,Importation of Girls from Foreign Country,Importation of Girls from Foreign Country,FALSE,0
2013,Delhi,Delhi UT,State/UT,Indecent Representation of Women (Prevention) Act,Indecent Representation of Women (P) Act,FALSE,0
2013,Delhi,Delhi UT,State/UT,Insult to Modesty of Women,Insult to the modesty of Women,FALSE,916
2013,Delhi,Delhi UT,State/UT,Kidnapping & Abduction of Women,Kidnapping & Abduction of Women & Grils,FALSE,3609
2013,Delhi,Delhi UT,State/UT,Rape,Rape,FALSE,1636
2013,Delhi,Delhi UT,State/UT,Total Crimes against Women,Total Crimes against Women,FALSE,12888
2013,Goa,Goa,State/UT,Assault on Women with Intent to Outrage Modesty,Assault on women with intent to outrage her Modest,FALSE,162
2013,Goa,Goa,State/UT,Commission of Sati (Prevention) Act,Commission of Sati (P) Act,FALSE,0
2013,Goa,Goa,State/UT,Cruelty by Husband or Relatives,Cruelty by Husband or his relatives,FALSE,40
2013,Goa,Goa,State/UT,Dowry Deaths,Dowry Deaths,FALSE,0
2013,Goa,Goa,State/UT,Dowry Prohibition Act,Dowry Prohibition Act,FALSE,0
2013,Goa,Goa,State/UT,Immoral Traffic (Prevention) Act,Immoral Traffic (P) Act,FALSE,28
2013,Goa,Goa,State/UT,Importation of Girls from Foreign Country,Importation of Girls from Foreign Country,FALSE,0
2013,Goa,Goa,State/UT,Indecent Representation of Women (Prevention) Act,Indecent Representation of Women (P) Act,FALSE,0
2013,Goa,Goa,State/UT,Insult to Modesty of Women,Insult to the modesty of Women,FALSE,54
2013,Goa,Goa,State/UT,Kidnapping & Abduction of Women,Kidnapping & Abduction of Women & Grils,FALSE,70
2013,Goa,Goa,State/UT,Rape,Rape,FALSE,86
2013,Goa,Goa,State/UT,Total Crimes against Women,Total Crimes against Women,FALSE,440
2013,Gujarat,Gujarat,State/UT,Assault on Women with Intent to Outrage Modesty,Assault on women with intent to outrage her Modest,FALSE,1243
2013,Gujarat,Gujarat,State/UT,Commission of Sati (Prevention) Act,Commission of Sati (P) Act,FALSE,0
2013,Gujarat,Gujarat,State/UT,Cruelty by Husband or Relatives,Cruelty by Husband or his relatives,FALSE,7812
2013,Gujarat,Gujarat,State/UT,Dowry Deaths,Dowry Deaths,FALSE,29
2013,Gujarat,Gujarat,State/UT,Dowry Prohibition Act,Dowry Prohibition Act,FALSE,84
2013,Gujarat,Gujarat,State/UT,Immoral Traffic (Prevention) Act,Immoral Traffic (P) Act,FALSE,76
2013,Gujarat,Gujarat,State/UT,Importation of Girls from Foreign Country,Importation of Girls from Foreign Country,FALSE,0
2013,Gujarat,Gujarat,State/UT,Indecent Representation of Women (Prevention) Act,Indecent Representation of Women (P) Act,FALSE,0
2013,Gujarat,Gujarat,State/UT,Insult to Modesty of Women,Insult to the modesty of Women,FALSE,77
2013,Gujarat,Gujarat,State/UT,Kidnapping & Abduction of Women,Kidnapping & Abduction of Women & Grils,FALSE,2230
2013,Gujarat,Gujarat,State/UT,Rape,Rape,FALSE,732
2013,Gujarat,Gujarat,State/UT,Total Crimes against Women,Total Crimes against Women,FALSE,12283
2013,Haryana,Haryana,State/UT,Assault on Women with Intent to Outrage Modesty,Assault on women with intent to outrage her Modest,FALSE,1560
2013,Haryana,Haryana,State/UT,Commission of Sati (Prevention) Act,Commission of Sati (P) Act,FALSE,0
2013,Haryana,Haryana,State/UT,Cruelty by Husband or Relatives,Cruelty by Husband or his relatives,FALSE,3617
2013,Haryana,Haryana,State/UT,Dowry Deaths,Dowry Deaths,FALSE,263
2013,Haryana,Haryana,State/UT,Dowry Prohibition Act,Dowry Prohibition Act,FALSE,13
2013,Haryana,Haryana,State/UT,Immoral Traffic (Prevention) Act,Immoral Traffic (P) Act,FALSE,63
2013,Haryana,Haryana,State/UT,Importation of Girls from Foreign Country,Importation of Girls from Foreign Country,FALSE,2
2013,Haryana,Haryana,State/UT,Indecent Representation of Women (Prevention) Act,Indecent Representation of Women (P) Act,FALSE,0
2013,Haryana,Haryana,State/UT,Insult to Modesty of Women,Insult to the modesty of Women,FALSE,643
2013,Haryana,Haryana,State/UT,Kidnapping & Abduction of Women,Kidnapping & Abduction of Women & Grils,FALSE,1957
2013,Haryana,Haryana,State/UT,Rape,Rape,FALSE,971
2013,Haryana,Haryana,State/UT,Total Crimes against Women,Total Crimes against Women,FALSE,9089
2013,Himachal Pradesh,Himachal Pradesh,State/UT,Assault on Women with Intent to Outrage Modesty,Assault on women with intent to outrage her Modest,FALSE,493
2013,Himachal Pradesh,Himachal Pradesh,State/UT,Commission of Sati (Prevention) Act,Commission of Sati (P) Act,FALSE,0
2013,Himachal Pradesh,Himachal Pradesh,State/UT,Cruelty by Husband or Relatives,Cruelty by Husband or his relatives,FALSE,328
2013,Himachal Pradesh,Himachal Pradesh,State/UT,Dowry Deaths,Dowry Deaths,FALSE,0
2013,Himachal Pradesh,Himachal Pradesh,State/UT,Dowry Prohibition Act,Dowry Prohibition Act,FALSE,2
2013,Himachal Pradesh,Himachal Pradesh,State/UT,Immoral Traffic (Prevention) Act,Immoral Traffic (P) Act,FALSE,4
2013,Himachal Pradesh,Himachal Pradesh,State/UT,Importation of Girls from Foreign Country,Importation of Girls from Foreign Country,FALSE,0
2013,Himachal Pradesh,Himachal Pradesh,State/UT,Indecent Representation of Women (Prevention) Act,Indecent Representation of Women (P) Act,FALSE,0
2013,Himachal Pradesh,Himachal Pradesh,State/UT,Insult to Modesty of Women,Insult to the modesty of Women,FALSE,111
2013,Himachal Pradesh,Himachal Pradesh,State/UT,Kidnapping & Abduction of Women,Kidnapping & Abduction of Women & Grils,FALSE,290
2013,Himachal Pradesh,Himachal Pradesh,State/UT,Rape,Rape,FALSE,250
2013,Himachal Pradesh,Himachal Pradesh,State/UT,Total Crimes against Women,Total Crimes against Women,FALSE,1478
2013,Jammu & Kashmir,Jammu & Kashmir,State/UT,Assault on Women with Intent to Outrage Modesty,Assault on women with intent to outrage her Modest,FALSE,1389
2013,Jammu & Kashmir,Jammu & Kashmir,State/UT,Commission of Sati (Prevention) Act,Commission of Sati (P) Act,FALSE,0
2013,Jammu & Kashmir,Jammu & Kashmir,State/UT,Cruelty by Husband or Relatives,Cruelty by Husband or his relatives,FALSE,428
2013,Jammu & Kashmir,Jammu & Kashmir,State/UT,Dowry Deaths,Dowry Deaths,FALSE,7
2013,Jammu & Kashmir,Jammu & Kashmir,State/UT,Dowry Prohibition Act,Dowry Prohibition Act,FALSE,3
2013,Jammu & Kashmir,Jammu & Kashmir,State/UT,Immoral Traffic (Prevention) Act,Immoral Traffic (P) Act,FALSE,1
2013,Jammu & Kashmir,Jammu & Kashmir,State/UT,Importation of Girls from Foreign Country,Importation of Girls from Foreign Country,FALSE,0
2013,Jammu & Kashmir,Jammu & Kashmir,State/UT,Indecent Representation of Women (Prevention) Act,Indecent Representation of Women (P) Act,FALSE,0
2013,Jammu & Kashmir,Jammu & Kashmir,State/UT,Insult to Modesty of Women,Insult to the modesty of Women,FALSE,354
2013,Jammu & Kashmir,Jammu & Kashmir,State/UT,Kidnapping & Abduction of Women,Kidnapping & Abduction of Women & Grils,FALSE,949
2013,Jammu & Kashmir,Jammu & Kashmir,State/UT,Rape,Rape,FALSE,378
2013,Jammu & Kashmir,Jammu & Kashmir,State/UT,Total Crimes against Women,Total Crimes against Women,FALSE,3509
2013,Jharkhand,Jharkhand,State/UT,Assault on Women with Intent to Outrage Modesty,Assault on women with intent to outrage her Modest,FALSE,524
2013,Jharkhand,Jharkhand,State/UT,Commission of Sati (Prevention) Act,Commission of Sati (P) Act,FALSE,0
2013,Jharkhand,Jharkhand,State/UT,Cruelty by Husband or Relatives,Cruelty by Husband or his relatives,FALSE,2084
2013,Jharkhand,Jharkhand,State/UT,Dowry Deaths,Dowry Deaths,FALSE,307
2013,Jharkhand,Jharkhand,State/UT,Dowry Prohibition Act,Dowry Prohibition Act,FALSE,1428
2013,Jharkhand,Jharkhand,State/UT,Immoral Traffic (Prevention) Act,Immoral Traffic (P) Act,FALSE,11
2013,Jharkhand,Jharkhand,State/UT,Importation of Girls from Foreign Country,Importation of Girls from Foreign Country,FALSE,2
2013,Jharkhand,Jharkhand,State/UT,Indecent Representation of Women (Prevention) Act,Indecent Representation of Women (P) Act,FALSE,2
2013,Jharkhand,Jharkhand,State/UT,Insult to Modesty of Women,Insult to the modesty of Women,FALSE,18
2013,Jharkhand,Jharkhand,State/UT,Kidnapping & Abduction of Women,Kidnapping & Abduction of Women & Grils,FALSE,926
2013,Jharkhand,Jharkhand,State/UT,Rape,Rape,FALSE,1204
2013,Jharkhand,Jharkhand,State/UT,Total Crimes against Women,Total Crimes against Women,FALSE,6506
2013,Karnataka,Karnataka,State/UT,Assault on Women with Intent to Outrage Modesty,Assault on women with intent to outrage her Modest,FALSE,3913
2013,Karnataka,Karnataka,State/UT,Commission of Sati (Prevention) Act,Commission of Sati (P) Act,FALSE,0
2013,Karnataka,Karnataka,State/UT,Cruelty by Husband or Relatives,Cruelty by Husband or his relatives,FALSE,3276
2013,Karnataka,Karnataka,State/UT,Dowry Deaths,Dowry Deaths,FALSE,277
2013,Karnataka,Karnataka,State/UT,Dowry Prohibition Act,Dowry Prohibition Act,FALSE,1693
2013,Karnataka,Karnataka,State/UT,Immoral Traffic (Prevention) Act,Immoral Traffic (P) Act,FALSE,340
2013,Karnataka,Karnataka,State/UT,Importation of Girls from Foreign Country,Importation of Girls from Foreign Country,FALSE,0
2013,Karnataka,Karnataka,State/UT,Indecent Representation of Women (Prevention) Act,Indecent Representation of Women (P) Act,FALSE,2
2013,Karnataka,Karnataka,State/UT,Insult to Modesty of Women,Insult to the modesty of Women,FALSE,137
2013,Karnataka,Karnataka,State/UT,Kidnapping & Abduction of Women,Kidnapping & Abduction of Women & Grils,FALSE,1359
2013,Karnataka,Karnataka,State/UT,Rape,Rape,FALSE,1030
2013,Karnataka,Karnataka,State/UT,Total Crimes against Women,Total Crimes against Women,FALSE,12027
2013,Kerala,Kerala,State/UT,Assault on Women with Intent to Outrage Modesty,Assault on women with intent to outrage her Modest,FALSE,4362
2013,Kerala,Kerala,State/UT,Commission of Sati (Prevention) Act,Commission of Sati (P) Act,FALSE,0
2013,Kerala,Kerala,State/UT,Cruelty by Husband or Relatives,Cruelty by Husband or his relatives,FALSE,4820
2013,Kerala,Kerala,State/UT,Dowry Deaths,Dowry Deaths,FALSE,21
2013,Kerala,Kerala,State/UT,Dowry Prohibition Act,Dowry Prohibition Act,FALSE,3
2013,Kerala,Kerala,State/UT,Immoral Traffic (Prevention) Act,Immoral Traffic (P) Act,FALSE,180
2013,Kerala,Kerala,State/UT,Importation of Girls from Foreign Country,Importation of Girls from Foreign Country,FALSE,0
2013,Kerala,Kerala,State/UT,Indecent Representation of Women (Prevention) Act,Indecent Representation of Women (P) Act,FALSE,20
2013,Kerala,Kerala,State/UT,Insult to Modesty of Women,Insult to the modesty of Women,FALSE,404
2013,Kerala,Kerala,State/UT,Kidnapping & Abduction of Women,Kidnapping & Abduction of Women & Grils,FALSE,185
2013,Kerala,Kerala,State/UT,Rape,Rape,FALSE,1221
2013,Kerala,Kerala,State/UT,Total Crimes against Women,Total Crimes against Women,FALSE,11216
2013,Lakshadweep,Lakshadweep,State/UT,Assault on Women with Intent to Outrage Modesty,Assault on women with intent to outrage her Modest,FALSE,1
2013,Lakshadweep,Lakshadweep,State/UT,Commission of Sati (Prevention) Act,Commission of Sati (P) Act,FALSE,0
2013,Lakshadweep,Lakshadweep,State/UT,Cruelty by Husband or Relatives,Cruelty by Husband or his relatives,FALSE,0
2013,Lakshadweep,Lakshadweep,State/UT,Dowry Deaths,Dowry Deaths,FALSE,0
2013,Lakshadweep,Lakshadweep,State/UT,Dowry Prohibition Act,Dowry Prohibition Act,FALSE,0
2013,Lakshadweep,Lakshadweep,State/UT,Immoral Traffic (Prevention) Act,Immoral Traffic (P) Act,FALSE,0
2013,Lakshadweep,Lakshadweep,State/UT,Importation of Girls from Foreign Country,Importation of Girls from Foreign Country,FALSE,0
2013,Lakshadweep,Lakshadweep,State/UT,Indecent Representation of Women (Prevention) Act,Indecent Representation of Women (P) Act,FALSE,0
2013,Lakshadweep,Lakshadweep,State/UT,Insult to Modesty of Women,Insult to the modesty of Women,FALSE,0
2013,Lakshadweep,Lakshadweep,State/UT,Kidnapping & Abduction of Women,Kidnapping & Abduction of Women & Grils,FALSE,0
2013,Lakshadweep,Lakshadweep,State/UT,Rape,Rape,FALSE,2
2013,Lakshadweep,Lakshadweep,State/UT,Total Crimes against Women,Total Crimes against Women,FALSE,3
2013,Madhya Pradesh,Madhya Pradesh,State/UT,Assault on Women with Intent to Outrage Modesty,Assault on women with intent to outrage her Modest,FALSE,8252
2013,Madhya Pradesh,Madhya Pradesh,State/UT,Commission of Sati (Prevention) Act,Commission of Sati (P) Act,FALSE,0
2013,Madhya Pradesh,Madhya Pradesh,State/UT,Cruelty by Husband or Relatives,Cruelty by Husband or his relatives,FALSE,4988
2013,Madhya Pradesh,Madhya Pradesh,State/UT,Dowry Deaths,Dowry Deaths,FALSE,776
2013,Madhya Pradesh,Madhya Pradesh,State/UT,Dowry Prohibition Act,Dowry Prohibition Act,FALSE,72
2013,Madhya Pradesh,Madhya Pradesh,State/UT,Immoral Traffic (Prevention) Act,Immoral Traffic (P) Act,FALSE,22
2013,Madhya Pradesh,Madhya Pradesh,State/UT,Importation of Girls from Foreign Country,Importation of Girls from Foreign Country,FALSE,7
2013,Madhya Pradesh,Madhya Pradesh,State/UT,Indecent Representation of Women (Prevention) Act,Indecent Representation of Women (P) Act,FALSE,0
2013,Madhya Pradesh,Madhya Pradesh,State/UT,Insult to Modesty of Women,Insult to the modesty of Women,FALSE,736
2013,Madhya Pradesh,Madhya Pradesh,State/UT,Kidnapping & Abduction of Women,Kidnapping & Abduction of Women & Grils,FALSE,2873
2013,Madhya Pradesh,Madhya Pradesh,State/UT,Rape,Rape,FALSE,4335
2013,Madhya Pradesh,Madhya Pradesh,State/UT,Total Crimes against Women,Total Crimes against Women,FALSE,22061
2013,Maharashtra,Maharashtra,State/UT,Assault on Women with Intent to Outrage Modesty,Assault on women with intent to outrage her Modest,FALSE,8132
2013,Maharashtra,Maharashtra,State/UT,Commission of Sati (Prevention) Act,Commission of Sati (P) Act,FALSE,0
2013,Maharashtra,Maharashtra,State/UT,Cruelty by Husband or Relatives,Cruelty by Husband or his relatives,FALSE,8542
2013,Maharashtra,Maharashtra,State/UT,Dowry Deaths,Dowry Deaths,FALSE,320
2013,Maharashtra,Maharashtra,State/UT,Dowry Prohibition Act,Dowry Prohibition Act,FALSE,43
2013,Maharashtra,Maharashtra,State/UT,Immoral Traffic (Prevention) Act,Immoral Traffic (P) Act,FALSE,289
2013,Maharashtra,Maharashtra,State/UT,Importation of Girls from Foreign Country,Importation of Girls from Foreign Country,FALSE,0
2013,Maharashtra,Maharashtra,State/UT,Indecent Representation of Women (Prevention) Act,Indecent Representation of Women (P) Act,FALSE,0
2013,Maharashtra,Maharashtra,State/UT,Insult to Modesty of Women,Insult to the modesty of Women,FALSE,2632
2013,Maharashtra,Maharashtra,State/UT,Kidnapping & Abduction of Women,Kidnapping & Abduction of Women & Grils,FALSE,1874
2013,Maharashtra,Maharashtra,State/UT,Rape,Rape,FALSE,3063
2013,Maharashtra,Maharashtra,State/UT,Total Crimes against Women,Total Crimes against Women,FALSE,24895
2013,Manipur,Manipur,State/UT,Assault on Women with Intent to Outrage Modesty,Assault on women with intent to outrage her Modest,FALSE,59
2013,Manipur,Manipur,State/UT,Commission of Sati (Prevention) Act,Commission of Sati (P) Act,FALSE,0
2013,Manipur,Manipur,State/UT,Cruelty by Husband or Relatives,Cruelty by Husband or his relatives,FALSE,29
2013,Manipur,Manipur,State/UT,Dowry Deaths,Dowry Deaths,FALSE,0
2013,Manipur,Manipur,State/UT,Dowry Prohibition Act,Dowry Prohibition Act,FALSE,0
2013,Manipur,Manipur,State/UT,Immoral Traffic (Prevention) Act,Immoral Traffic (P) Act,FALSE,0
2013,Manipur,Manipur,State/UT,Importation of Girls from Foreign Country,Importation of Girls from Foreign Country,FALSE,0
2013,Manipur,Manipur,State/UT,Indecent Representation of Women (Prevention) Act,Indecent Representation of Women (P) Act,FALSE,0
2013,Manipur,Manipur,State/UT,Insult to Modesty of Women,Insult to the modesty of Women,FALSE,0
2013,Manipur,Manipur,State/UT,Kidnapping & Abduction of Women,Kidnapping & Abduction of Women & Grils,FALSE,125
2013,Manipur,Manipur,State/UT,Rape,Rape,FALSE,72
2013,Manipur,Manipur,State/UT,Total Crimes against Women,Total Crimes against Women,FALSE,285
2013,Meghalaya,Meghalaya,State/UT,Assault on Women with Intent to Outrage Modesty,Assault on women with intent to outrage her Modest,FALSE,98
2013,Meghalaya,Meghalaya,State/UT,Commission of Sati (Prevention) Act,Commission of Sati (P) Act,FALSE,0
2013,Meghalaya,Meghalaya,State/UT,Cruelty by Husband or Relatives,Cruelty by Husband or his relatives,FALSE,23
2013,Meghalaya,Meghalaya,State/UT,Dowry Deaths,Dowry Deaths,FALSE,2
2013,Meghalaya,Meghalaya,State/UT,Dowry Prohibition Act,Dowry Prohibition Act,FALSE,0
2013,Meghalaya,Meghalaya,State/UT,Immoral Traffic (Prevention) Act,Immoral Traffic (P) Act,FALSE,4
2013,Meghalaya,Meghalaya,State/UT,Importation of Girls from Foreign Country,Importation of Girls from Foreign Country,FALSE,0
2013,Meghalaya,Meghalaya,State/UT,Indecent Representation of Women (Prevention) Act,Indecent Representation of Women (P) Act,FALSE,0
2013,Meghalaya,Meghalaya,State/UT,Insult to Modesty of Women,Insult to the modesty of Women,FALSE,0
2013,Meghalaya,Meghalaya,State/UT,Kidnapping & Abduction of Women,Kidnapping & Abduction of Women & Grils,FALSE,33
2013,Meghalaya,Meghalaya,State/UT,Rape,Rape,FALSE,183
2013,Meghalaya,Meghalaya,State/UT,Total Crimes against Women,Total Crimes against Women,FALSE,343
2013,Mizoram,Mizoram,State/UT,Assault on Women with Intent to Outrage Modesty,Assault on women with intent to outrage her Modest,FALSE,81
2013,Mizoram,Mizoram,State/UT,Commission of Sati (Prevention) Act,Commission of Sati (P) Act,FALSE,0
2013,Mizoram,Mizoram,State/UT,Cruelty by Husband or Relatives,Cruelty by Husband or his relatives,FALSE,5
2013,Mizoram,Mizoram,State/UT,Dowry Deaths,Dowry Deaths,FALSE,0
2013,Mizoram,Mizoram,State/UT,Dowry Prohibition Act,Dowry Prohibition Act,FALSE,0
2013,Mizoram,Mizoram,State/UT,Immoral Traffic (Prevention) Act,Immoral Traffic (P) Act,FALSE,0
2013,Mizoram,Mizoram,State/UT,Importation of Girls from Foreign Country,Importation of Girls from Foreign Country,FALSE,0
2013,Mizoram,Mizoram,State/UT,Indecent Representation of Women (Prevention) Act,Indecent Representation of Women (P) Act,FALSE,0
2013,Mizoram,Mizoram,State/UT,Insult to Modesty of Women,Insult to the modesty of Women,FALSE,0
2013,Mizoram,Mizoram,State/UT,Kidnapping & Abduction of Women,Kidnapping & Abduction of Women & Grils,FALSE,2
2013,Mizoram,Mizoram,State/UT,Rape,Rape,FALSE,89
2013,Mizoram,Mizoram,State/UT,Total Crimes against Women,Total Crimes against Women,FALSE,177
2013,Nagaland,Nagaland,State/UT,Assault on Women with Intent to Outrage Modesty,Assault on women with intent to outrage her Modest,FALSE,18
2013,Nagaland,Nagaland,State/UT,Commission of Sati (Prevention) Act,Commission of Sati (P) Act,FALSE,0
2013,Nagaland,Nagaland,State/UT,Cruelty by Husband or Relatives,Cruelty by Husband or his relatives,FALSE,4
2013,Nagaland,Nagaland,State/UT,Dowry Deaths,Dowry Deaths,FALSE,1
2013,Nagaland,Nagaland,State/UT,Dowry Prohibition Act,Dowry Prohibition Act,FALSE,0
2013,Nagaland,Nagaland,State/UT,Immoral Traffic (Prevention) Act,Immoral Traffic (P) Act,FALSE,1
2013,Nagaland,Nagaland,State/UT,Importation of Girls from Foreign Country,Importation of Girls from Foreign Country,FALSE,0
2013,Nagaland,Nagaland,State/UT,Indecent Representation of Women (Prevention) Act,Indecent Representation of Women (P) Act,FALSE,0
2013,Nagaland,Nagaland,State/UT,Insult to Modesty of Women,Insult to the modesty of Women,FALSE,1
2013,Nagaland,Nagaland,State/UT,Kidnapping & Abduction of Women,Kidnapping & Abduction of Women & Grils,FALSE,11
2013,Nagaland,Nagaland,State/UT,Rape,Rape,FALSE,31
2013,Nagaland,Nagaland,State/UT,Total Crimes against Women,Total Crimes against Women,FALSE,67
2013,Odisha,Odisha,State/UT,Assault on Women with Intent to Outrage Modesty,Assault on women with intent to outrage her Modest,FALSE,4618
2013,Odisha,Odisha,State/UT,Commission of Sati (Prevention) Act,Commission of Sati (P) Act,FALSE,0
2013,Odisha,Odisha,State/UT,Cruelty by Husband or Relatives,Cruelty by Husband or his relatives,FALSE,2792
2013,Odisha,Odisha,State/UT,Dowry Deaths,Dowry Deaths,FALSE,395
2013,Odisha,Odisha,State/UT,Dowry Prohibition Act,Dowry Prohibition Act,FALSE,2014
2013,Odisha,Odisha,State/UT,Immoral Traffic (Prevention) Act,Immoral Traffic (P) Act,FALSE,27
2013,Odisha,Odisha,State/UT,Importation of Girls from Foreign Country,Importation of Girls from Foreign Country,FALSE,0
2013,Odisha,Odisha,State/UT,Indecent Representation of Women (Prevention) Act,Indecent Representation of Women (P) Act,FALSE,2
2013,Odisha,Odisha,State/UT,Insult to Modesty of Women,Insult to the modesty of Women,FALSE,426
2013,Odisha,Odisha,State/UT,Kidnapping & Abduction of Women,Kidnapping & Abduction of Women & Grils,FALSE,2067
2013,Odisha,Odisha,State/UT,Rape,Rape,FALSE,1832
2013,Odisha,Odisha,State/UT,Total Crimes against Women,Total Crimes against Women,FALSE,14173
2013,Puducherry,Puducherry,State/UT,Assault on Women with Intent to Outrage Modesty,Assault on women with intent to outrage her Modest,FALSE,12
2013,Puducherry,Puducherry,State/UT,Commission of Sati (Prevention) Act,Commission of Sati (P) Act,FALSE,0
2013,Puducherry,Puducherry,State/UT,Cruelty by Husband or Relatives,Cruelty by Husband or his relatives,FALSE,8
2013,Puducherry,Puducherry,State/UT,Dowry Deaths,Dowry Deaths,FALSE,1
2013,Puducherry,Puducherry,State/UT,Dowry Prohibition Act,Dowry Prohibition Act,FALSE,14
2013,Puducherry,Puducherry,State/UT,Immoral Traffic (Prevention) Act,Immoral Traffic (P) Act,FALSE,0
2013,Puducherry,Puducherry,State/UT,Importation of Girls from Foreign Country,Importation of Girls from Foreign Country,FALSE,0
2013,Puducherry,Puducherry,State/UT,Indecent Representation of Women (Prevention) Act,Indecent Representation of Women (P) Act,FALSE,1
2013,Puducherry,Puducherry,State/UT,Insult to Modesty of Women,Insult to the modesty of Women,FALSE,8
2013,Puducherry,Puducherry,State/UT,Kidnapping & Abduction of Women,Kidnapping & Abduction of Women & Grils,FALSE,25
2013,Puducherry,Puducherry,State/UT,Rape,Rape,FALSE,17
2013,Puducherry,Puducherry,State/UT,Total Crimes against Women,Total Crimes against Women,FALSE,86
2013,Punjab,Punjab,State/UT,Assault on Women with Intent to Outrage Modesty,Assault on women with intent to outrage her Modest,FALSE,1045
2013,Punjab,Punjab,State/UT,Commission of Sati (Prevention) Act,Commission of Sati (P) Act,FALSE,0
2013,Punjab,Punjab,State/UT,Cruelty by Husband or Relatives,Cruelty by Husband or his relatives,FALSE,1741
2013,Punjab,Punjab,State/UT,Dowry Deaths,Dowry Deaths,FALSE,126
2013,Punjab,Punjab,State/UT,Dowry Prohibition Act,Dowry Prohibition Act,FALSE,3
2013,Punjab,Punjab,State/UT,Immoral Traffic (Prevention) Act,Immoral Traffic (P) Act,FALSE,137
2013,Punjab,Punjab,State/UT,Importation of Girls from Foreign Country,Importation of Girls from Foreign Country,FALSE,0
2013,Punjab,Punjab,State/UT,Indecent Representation of Women (Prevention) Act,Indecent Representation of Women (P) Act,FALSE,0
2013,Punjab,Punjab,State/UT,Insult to Modesty of Women,Insult to the modesty of Women,FALSE,67
2013,Punjab,Punjab,State/UT,Kidnapping & Abduction of Women,Kidnapping & Abduction of Women & Grils,FALSE,987
2013,Punjab,Punjab,State/UT,Rape,Rape,FALSE,888
2013,Punjab,Punjab,State/UT,Total Crimes against Women,Total Crimes against Women,FALSE,4994
2013,Rajasthan,Rajasthan,State/UT,Assault on Women with Intent to Outrage Modesty,Assault on women with intent to outrage her Modest,FALSE,4829
2013,Rajasthan,Rajasthan,State/UT,Commission of Sati (Prevention) Act,Commission of Sati (P) Act,FALSE,0
2013,Rajasthan,Rajasthan,State/UT,Cruelty by Husband or Relatives,Cruelty by Husband or his relatives,FALSE,15094
2013,Rajasthan,Rajasthan,State/UT,Dowry Deaths,Dowry Deaths,FALSE,453
2013,Rajasthan,Rajasthan,State/UT,Dowry Prohibition Act,Dowry Prohibition Act,FALSE,57
2013,Rajasthan,Rajasthan,State/UT,Immoral Traffic (Prevention) Act,Immoral Traffic (P) Act,FALSE,74
2013,Rajasthan,Rajasthan,State/UT,Importation of Girls from Foreign Country,Importation of Girls from Foreign Country,FALSE,1
2013,Rajasthan,Rajasthan,State/UT,Indecent Representation of Women (Prevention) Act,Indecent Representation of Women (P) Act,FALSE,68
2013,Rajasthan,Rajasthan,State/UT,Insult to Modesty of Women,Insult to the modesty of Women,FALSE,25
2013,Rajasthan,Rajasthan,State/UT,Kidnapping & Abduction of Women,Kidnapping & Abduction of Women & Grils,FALSE,4047
2013,Rajasthan,Rajasthan,State/UT,Rape,Rape,FALSE,3285
2013,Rajasthan,Rajasthan,State/UT,Total Crimes against Women,Total Crimes against Women,FALSE,27933
2013,Sikkim,Sikkim,State/UT,Assault on Women with Intent to Outrage Modesty,Assault on women with intent to outrage her Modest,FALSE,29
2013,Sikkim,Sikkim,State/UT,Commission of Sati (Prevention) Act,Commission of Sati (P) Act,FALSE,0
2013,Sikkim,Sikkim,State/UT,Cruelty by Husband or Relatives,Cruelty by Husband or his relatives,FALSE,5
2013,Sikkim,Sikkim,State/UT,Dowry Deaths,Dowry Deaths,FALSE,0
2013,Sikkim,Sikkim,State/UT,Dowry Prohibition Act,Dowry Prohibition Act,FALSE,0
2013,Sikkim,Sikkim,State/UT,Immoral Traffic (Prevention) Act,Immoral Traffic (P) Act,FALSE,0
2013,Sikkim,Sikkim,State/UT,Importation of Girls from Foreign Country,Importation of Girls from Foreign Country,FALSE,0
2013,Sikkim,Sikkim,State/UT,Indecent Representation of Women (Prevention) Act,Indecent Representation of Women (P) Act,FALSE,0
2013,Sikkim,Sikkim,State/UT,Insult to Modesty of Women,Insult to the modesty of Women,FALSE,0
2013,Sikkim,Sikkim,State/UT,Kidnapping & Abduction of Women,Kidnapping & Abduction of Women & Grils,FALSE,16
2013,Sikkim,Sikkim,State/UT,Rape,Rape,FALSE,43
2013,Sikkim,Sikkim,State/UT,Total Crimes against Women,Total Crimes against Women,FALSE,93
2013,Tamil Nadu,Tamil Nadu,State/UT,Assault on Women with Intent to Outrage Modesty,Assault on women with intent to outrage her Modest,FALSE,1271
2013,Tamil Nadu,Tamil Nadu,State/UT,Commission of Sati (Prevention) Act,Commission of Sati (P) Act,FALSE,0
2013,Tamil Nadu,Tamil Nadu,State/UT,Cruelty by Husband or Relatives,Cruelty by Husband or his relatives,FALSE,2471
2013,Tamil Nadu,Tamil Nadu,State/UT,Dowry Deaths,Dowry Deaths,FALSE,118
2013,Tamil Nadu,Tamil Nadu,State/UT,Dowry Prohibition Act,Dowry Prohibition Act,FALSE,305
2013,Tamil Nadu,Tamil Nadu,State/UT,Immoral Traffic (Prevention) Act,Immoral Traffic (P) Act,FALSE,549
2013,Tamil Nadu,Tamil Nadu,State/UT,Importation of Girls from Foreign Country,Importation of Girls from Foreign Country,FALSE,0
2013,Tamil Nadu,Tamil Nadu,State/UT,Indecent Representation of Women (Prevention) Act,Indecent Representation of Women (P) Act,FALSE,9
2013,Tamil Nadu,Tamil Nadu,State/UT,Insult to Modesty of Women,Insult to the modesty of Women,FALSE,313
2013,Tamil Nadu,Tamil Nadu,State/UT,Kidnapping & Abduction of Women,Kidnapping & Abduction of Women & Grils,FALSE,1516
2013,Tamil Nadu,Tamil Nadu,State/UT,Rape,Rape,FALSE,923
2013,Tamil Nadu,Tamil Nadu,State/UT,Total Crimes against Women,Total Crimes against Women,FALSE,7475
2013,Tripura,Tripura,State/UT,Assault on Women with Intent to Outrage Modesty,Assault on women with intent to outrage her Modest,FALSE,407
2013,Tripura,Tripura,State/UT,Commission of Sati (Prevention) Act,Commission of Sati (P) Act,FALSE,0
2013,Tripura,Tripura,State/UT,Cruelty by Husband or Relatives,Cruelty by Husband or his relatives,FALSE,827
2013,Tripura,Tripura,State/UT,Dowry Deaths,Dowry Deaths,FALSE,29
2013,Tripura,Tripura,State/UT,Dowry Prohibition Act,Dowry Prohibition Act,FALSE,1
2013,Tripura,Tripura,State/UT,Immoral Traffic (Prevention) Act,Immoral Traffic (P) Act,FALSE,0
2013,Tripura,Tripura,State/UT,Importation of Girls from Foreign Country,Importation of Girls from Foreign Country,FALSE,0
2013,Tripura,Tripura,State/UT,Indecent Representation of Women (Prevention) Act,Indecent Representation of Women (P) Act,FALSE,0
2013,Tripura,Tripura,State/UT,Insult to Modesty of Women,Insult to the modesty of Women,FALSE,7
2013,Tripura,Tripura,State/UT,Kidnapping & Abduction of Women,Kidnapping & Abduction of Women & Grils,FALSE,124
2013,Tripura,Tripura,State/UT,Rape,Rape,FALSE,233
2013,Tripura,Tripura,State/UT,Total Crimes against Women,Total Crimes against Women,FALSE,1628
2013,Uttar Pradesh,Uttar Pradesh,State/UT,Assault on Women with Intent to Outrage Modesty,Assault on women with intent to outrage her Modest,FALSE,7303
2013,Uttar Pradesh,Uttar Pradesh,State/UT,Commission of Sati (Prevention) Act,Commission of Sati (P) Act,FALSE,0
2013,Uttar Pradesh,Uttar Pradesh,State/UT,Cruelty by Husband or Relatives,Cruelty by Husband or his relatives,FALSE,8781
2013,Uttar Pradesh,Uttar Pradesh,State/UT,Dowry Deaths,Dowry Deaths,FALSE,2335
2013,Uttar Pradesh,Uttar Pradesh,State/UT,Dowry Prohibition Act,Dowry Prohibition Act,FALSE,1277
2013,Uttar Pradesh,Uttar Pradesh,State/UT,Immoral Traffic (Prevention) Act,Immoral Traffic (P) Act,FALSE,37
2013,Uttar Pradesh,Uttar Pradesh,State/UT,Importation of Girls from Foreign Country,Importation of Girls from Foreign Country,FALSE,0
2013,Uttar Pradesh,Uttar Pradesh,State/UT,Indecent Representation of Women (Prevention) Act,Indecent Representation of Women (P) Act,FALSE,1
2013,Uttar Pradesh,Uttar Pradesh,State/UT,Insult to Modesty of Women,Insult to the modesty of Women,FALSE,25
2013,Uttar Pradesh,Uttar Pradesh,State/UT,Kidnapping & Abduction of Women,Kidnapping & Abduction of Women & Grils,FALSE,9737
2013,Uttar Pradesh,Uttar Pradesh,State/UT,Rape,Rape,FALSE,3050
2013,Uttar Pradesh,Uttar Pradesh,State/UT,Total Crimes against Women,Total Crimes against Women,FALSE,32546
2013,Uttarakhand,Uttarakhand,State/UT,Assault on Women with Intent to Outrage Modesty,Assault on women with intent to outrage her Modest,FALSE,295
2013,Uttarakhand,Uttarakhand,State/UT,Commission of Sati (Prevention) Act,Commission of Sati (P) Act,FALSE,0
2013,Uttarakhand,Uttarakhand,State/UT,Cruelty by Husband or Relatives,Cruelty by Husband or his relatives,FALSE,435
2013,Uttarakhand,Uttarakhand,State/UT,Dowry Deaths,Dowry Deaths,FALSE,43
2013,Uttarakhand,Uttarakhand,State/UT,Dowry Prohibition Act,Dowry Prohibition Act,FALSE,0
2013,Uttarakhand,Uttarakhand,State/UT,Immoral Traffic (Prevention) Act,Immoral Traffic (P) Act,FALSE,13
2013,Uttarakhand,Uttarakhand,State/UT,Importation of Girls from Foreign Country,Importation of Girls from Foreign Country,FALSE,0
2013,Uttarakhand,Uttarakhand,State/UT,Indecent Representation of Women (Prevention) Act,Indecent Representation of Women (P) Act,FALSE,0
2013,Uttarakhand,Uttarakhand,State/UT,Insult to Modesty of Women,Insult to the modesty of Women,FALSE,72
2013,Uttarakhand,Uttarakhand,State/UT,Kidnapping & Abduction of Women,Kidnapping & Abduction of Women & Grils,FALSE,633
2013,Uttarakhand,Uttarakhand,State/UT,Rape,Rape,FALSE,228
2013,Uttarakhand,Uttarakhand,State/UT,Total Crimes against Women,Total Crimes against Women,FALSE,1719
2013,West Bengal,West Bengal,State/UT,Assault on Women with Intent to Outrage Modesty,Assault on women with intent to outrage her Modest,FALSE,4913
2013,West Bengal,West Bengal,State/UT,Commission of Sati (Prevention) Act,Commission of Sati (P) Act,FALSE,0
2013,West Bengal,West Bengal,State/UT,Cruelty by Husband or Relatives,Cruelty by Husband or his relatives,FALSE,18116
2013,West Bengal,West Bengal,State/UT,Dowry Deaths,Dowry Deaths,FALSE,481
2013,West Bengal,West Bengal,State/UT,Dowry Prohibition Act,Dowry Prohibition Act,FALSE,107
2013,West Bengal,West Bengal,State/UT,Immoral Traffic (Prevention) Act,Immoral Traffic (P) Act,FALSE,104
2013,West Bengal,West Bengal,State/UT,Importation of Girls from Foreign Country,Importation of Girls from Foreign Country,FALSE,9
2013,West Bengal,West Bengal,State/UT,Indecent Representation of Women (Prevention) Act,Indecent Representation of Women (P) Act,FALSE,4
2013,West Bengal,West Bengal,State/UT,Insult to Modesty of Women,Insult to the modesty of Women,FALSE,577
2013,West Bengal,West Bengal,State/UT,Kidnapping & Abduction of Women,Kidnapping & Abduction of Women & Grils,FALSE,3830
2013,West Bengal,West Bengal,State/UT,Rape,Rape,FALSE,1685
2013,West Bengal,West Bengal,State/UT,Total Crimes against Women,Total Crimes against Women,FALSE,29826
2014,All India (Total),Total (States),Aggregate,Rape,1 - Rape (Section 376 IPC),FALSE,34530
2014,All India (Total),Total (UTs),Aggregate,Rape,1 - Rape (Section 376 IPC),FALSE,2205
2014,All India (Total),Total (All India),Aggregate,Rape,1 - Rape (Section 376 IPC),FALSE,36735
2014,All India (Total),Total (States),Aggregate,,1.1 - Custodial Rape,TRUE,197
2014,All India (Total),Total (UTs),Aggregate,,1.1 - Custodial Rape,TRUE,1
2014,All India (Total),Total (All India),Aggregate,,1.1 - Custodial Rape,TRUE,198
2014,All India (Total),Total (States),Aggregate,,1.1.1 - Custodial_Gang Rape,TRUE,7
2014,All India (Total),Total (UTs),Aggregate,,1.1.1 - Custodial_Gang Rape,TRUE,0
2014,All India (Total),Total (All India),Aggregate,,1.1.1 - Custodial_Gang Rape,TRUE,7
2014,All India (Total),Total (States),Aggregate,,1.1.2 - Custodial_Other Rape,TRUE,190
2014,All India (Total),Total (UTs),Aggregate,,1.1.2 - Custodial_Other Rape,TRUE,1
2014,All India (Total),Total (All India),Aggregate,,1.1.2 - Custodial_Other Rape,TRUE,191
2014,All India (Total),Total (States),Aggregate,,1.2 - Rape other than Custodial,TRUE,34333
2014,All India (Total),Total (UTs),Aggregate,,1.2 - Rape other than Custodial,TRUE,2204
2014,All India (Total),Total (All India),Aggregate,,1.2 - Rape other than Custodial,TRUE,36537
2014,All India (Total),Total (States),Aggregate,,1.2.1 - Rape_Gang Rape,TRUE,2197
2014,All India (Total),Total (UTs),Aggregate,,1.2.1 - Rape_Gang Rape,TRUE,149
2014,All India (Total),Total (All India),Aggregate,,1.2.1 - Rape_Gang Rape,TRUE,2346
2014,All India (Total),Total (States),Aggregate,,1.2.2 - Rape_Others,TRUE,32136
2014,All India (Total),Total (UTs),Aggregate,,1.2.2 - Rape_Others,TRUE,2055
2014,All India (Total),Total (All India),Aggregate,,1.2.2 - Rape_Others,TRUE,34191
2014,All India (Total),Total (States),Aggregate,Dowry Prohibition Act,"10 - Dowry Prohibition Act, 1961",FALSE,10021
2014,All India (Total),Total (UTs),Aggregate,Dowry Prohibition Act,"10 - Dowry Prohibition Act, 1961",FALSE,29
2014,All India (Total),Total (All India),Aggregate,Dowry Prohibition Act,"10 - Dowry Prohibition Act, 1961",FALSE,10050
2014,All India (Total),Total (States),Aggregate,Indecent Representation of Women (Prevention) Act,"11 - Indecent Representation of Women (Prohibition) Act, 1986",FALSE,47
2014,All India (Total),Total (UTs),Aggregate,Indecent Representation of Women (Prevention) Act,"11 - Indecent Representation of Women (Prohibition) Act, 1986",FALSE,0
2014,All India (Total),Total (All India),Aggregate,Indecent Representation of Women (Prevention) Act,"11 - Indecent Representation of Women (Prohibition) Act, 1986",FALSE,47
2014,All India (Total),Total (States),Aggregate,Commission of Sati (Prevention) Act,12 - Commission of Sati Prevention Act 1987,FALSE,0
2014,All India (Total),Total (UTs),Aggregate,Commission of Sati (Prevention) Act,12 - Commission of Sati Prevention Act 1987,FALSE,0
2014,All India (Total),Total (All India),Aggregate,Commission of Sati (Prevention) Act,12 - Commission of Sati Prevention Act 1987,FALSE,0
2014,All India (Total),Total (States),Aggregate,Protection of Women from Domestic Violence Act,"13 - Protection of Women from Domestic Violence Act, 2005",FALSE,419
2014,All India (Total),Total (UTs),Aggregate,Protection of Women from Domestic Violence Act,"13 - Protection of Women from Domestic Violence Act, 2005",FALSE,7
2014,All India (Total),Total (All India),Aggregate,Protection of Women from Domestic Violence Act,"13 - Protection of Women from Domestic Violence Act, 2005",FALSE,426
2014,All India (Total),Total (States),Aggregate,Immoral Traffic (Prevention) Act,14 - Immoral Traffic (Prevention) Act (Women Cases only),FALSE,2052
2014,All India (Total),Total (UTs),Aggregate,Immoral Traffic (Prevention) Act,14 - Immoral Traffic (Prevention) Act (Women Cases only),FALSE,18
2014,All India (Total),Total (All India),Aggregate,Immoral Traffic (Prevention) Act,14 - Immoral Traffic (Prevention) Act (Women Cases only),FALSE,2070
2014,All India (Total),Total (States),Aggregate,,14.1 - Under ITP Section 5,TRUE,590
2014,All India (Total),Total (UTs),Aggregate,,14.1 - Under ITP Section 5,TRUE,15
2014,All India (Total),Total (All India),Aggregate,,14.1 - Under ITP Section 5,TRUE,605
2014,All India (Total),Total (States),Aggregate,,14.2 - Under ITP Section 6,TRUE,80
2014,All India (Total),Total (UTs),Aggregate,,14.2 - Under ITP Section 6,TRUE,1
2014,All India (Total),Total (All India),Aggregate,,14.2 - Under ITP Section 6,TRUE,81
2014,All India (Total),Total (States),Aggregate,,14.3 - Under ITP Section 7,TRUE,120
2014,All India (Total),Total (UTs),Aggregate,,14.3 - Under ITP Section 7,TRUE,0
2014,All India (Total),Total (All India),Aggregate,,14.3 - Under ITP Section 7,TRUE,120
2014,All India (Total),Total (States),Aggregate,,14.4 - Under ITP Section 8,TRUE,103
2014,All India (Total),Total (UTs),Aggregate,,14.4 - Under ITP Section 8,TRUE,1
2014,All India (Total),Total (All India),Aggregate,,14.4 - Under ITP Section 8,TRUE,104
2014,All India (Total),Total (States),Aggregate,,14.5 - Other Sections under ITP Act,TRUE,1159
2014,All India (Total),Total (UTs),Aggregate,,14.5 - Other Sections under ITP Act,TRUE,1
2014,All India (Total),Total (All India),Aggregate,,14.5 - Other Sections under ITP Act,TRUE,1160
2014,All India (Total),Total (States),Aggregate,Total Crimes against Women,15 - Total Crimes against Women,FALSE,321993
2014,All India (Total),Total (UTs),Aggregate,Total Crimes against Women,15 - Total Crimes against Women,FALSE,15929
2014,All India (Total),Total (All India),Aggregate,Total Crimes against Women,15 - Total Crimes against Women,FALSE,337922
2014,All India (Total),Total (States),Aggregate,Attempt to Commit Rape,2 - Attempt to commit Rape (Section 376 & 511 IPC),FALSE,4158
2014,All India (Total),Total (UTs),Aggregate,Attempt to Commit Rape,2 - Attempt to commit Rape (Section 376 & 511 IPC),FALSE,76
2014,All India (Total),Total (All India),Aggregate,Attempt to Commit Rape,2 - Attempt to commit Rape (Section 376 & 511 IPC),FALSE,4234
2014,All India (Total),Total (States),Aggregate,Kidnapping & Abduction of Women,"3 - Kidnapping & Abduction of Women (Section 363,364,364A, 366-369 IPC)",FALSE,53112
2014,All India (Total),Total (UTs),Aggregate,Kidnapping & Abduction of Women,"3 - Kidnapping & Abduction of Women (Section 363,364,364A, 366-369 IPC)",FALSE,4199
2014,All India (Total),Total (All India),Aggregate,Kidnapping & Abduction of Women,"3 - Kidnapping & Abduction of Women (Section 363,364,364A, 366-369 IPC)",FALSE,57311
2014,All India (Total),Total (States),Aggregate,,3.1 - Kidnaping & Abduction Section 363 IPC,TRUE,13178
2014,All India (Total),Total (UTs),Aggregate,,3.1 - Kidnaping & Abduction Section 363 IPC,TRUE,3838
2014,All India (Total),Total (All India),Aggregate,,3.1 - Kidnaping & Abduction Section 363 IPC,TRUE,17016
2014,All India (Total),Total (States),Aggregate,,3.2 - Kidnaping & Abduction in order to Murder Section 364 IPC,TRUE,206
2014,All India (Total),Total (UTs),Aggregate,,3.2 - Kidnaping & Abduction in order to Murder Section 364 IPC,TRUE,0
2014,All India (Total),Total (All India),Aggregate,,3.2 - Kidnaping & Abduction in order to Murder Section 364 IPC,TRUE,206
2014,All India (Total),Total (States),Aggregate,,3.3 - Kidnapping for Ransom Section 364A,TRUE,84
2014,All India (Total),Total (UTs),Aggregate,,3.3 - Kidnapping for Ransom Section 364A,TRUE,7
2014,All India (Total),Total (All India),Aggregate,,3.3 - Kidnapping for Ransom Section 364A,TRUE,91
2014,All India (Total),Total (States),Aggregate,,3.4 - Kidnapping & Abduction of Women to compel her for marriage,TRUE,30828
2014,All India (Total),Total (UTs),Aggregate,,3.4 - Kidnapping & Abduction of Women to compel her for marriage,TRUE,46
2014,All India (Total),Total (All India),Aggregate,,3.4 - Kidnapping & Abduction of Women to compel her for marriage,TRUE,30874
2014,All India (Total),Total (States),Aggregate,,3.5 - Kidnapping & Abduction of Women-Other,TRUE,8816
2014,All India (Total),Total (UTs),Aggregate,,3.5 - Kidnapping & Abduction of Women-Other,TRUE,308
2014,All India (Total),Total (All India),Aggregate,,3.5 - Kidnapping & Abduction of Women-Other,TRUE,9124
2014,All India (Total),Total (States),Aggregate,Dowry Deaths,4 - Dowry Deaths (Section 304-B IPC),FALSE,8296
2014,All India (Total),Total (UTs),Aggregate,Dowry Deaths,4 - Dowry Deaths (Section 304-B IPC),FALSE,159
2014,All India (Total),Total (All India),Aggregate,Dowry Deaths,4 - Dowry Deaths (Section 304-B IPC),FALSE,8455
2014,All India (Total),Total (States),Aggregate,Assault on Women with Intent to Outrage Modesty,5 - Assault on Women with intent to outrage her Modesty_Total (Section 354 IPC),FALSE,77747
2014,All India (Total),Total (UTs),Aggregate,Assault on Women with Intent to Outrage Modesty,5 - Assault on Women with intent to outrage her Modesty_Total (Section 354 IPC),FALSE,4488
2014,All India (Total),Total (All India),Aggregate,Assault on Women with Intent to Outrage Modesty,5 - Assault on Women with intent to outrage her Modesty_Total (Section 354 IPC),FALSE,82235
2014,All India (Total),Total (States),Aggregate,,5.1 - Sexual Harassment,TRUE,20688
2014,All India (Total),Total (UTs),Aggregate,,5.1 - Sexual Harassment,TRUE,1250
2014,All India (Total),Total (All India),Aggregate,,5.1 - Sexual Harassment,TRUE,21938
2014,All India (Total),Total (States),Aggregate,,5.2 - Assault on women with intent to Disrobe,TRUE,6023
2014,All India (Total),Total (UTs),Aggregate,,5.2 - Assault on women with intent to Disrobe,TRUE,389
2014,All India (Total),Total (All India),Aggregate,,5.2 - Assault on women with intent to Disrobe,TRUE,6412
2014,All India (Total),Total (States),Aggregate,,5.3 - Voyeurism,TRUE,636
2014,All India (Total),Total (UTs),Aggregate,,5.3 - Voyeurism,TRUE,38
2014,All India (Total),Total (All India),Aggregate,,5.3 - Voyeurism,TRUE,674
2014,All India (Total),Total (States),Aggregate,,5.4 - Stalking,TRUE,4143
2014,All India (Total),Total (UTs),Aggregate,,5.4 - Stalking,TRUE,556
2014,All India (Total),Total (All India),Aggregate,,5.4 - Stalking,TRUE,4699
2014,All India (Total),Total (States),Aggregate,,5.5 - Others,TRUE,46257
2014,All India (Total),Total (UTs),Aggregate,,5.5 - Others,TRUE,2255
2014,All India (Total),Total (All India),Aggregate,,5.5 - Others,TRUE,48512
2014,All India (Total),Total (States),Aggregate,Insult to Modesty of Women,6 - Insult to the Modesty of Women_Total (Section 509 IPC),FALSE,8356
2014,All India (Total),Total (UTs),Aggregate,Insult to Modesty of Women,6 - Insult to the Modesty of Women_Total (Section 509 IPC),FALSE,1379
2014,All India (Total),Total (All India),Aggregate,Insult to Modesty of Women,6 - Insult to the Modesty of Women_Total (Section 509 IPC),FALSE,9735
2014,All India (Total),Total (States),Aggregate,,6.1 - At Office premises,TRUE,45
2014,All India (Total),Total (UTs),Aggregate,,6.1 - At Office premises,TRUE,12
2014,All India (Total),Total (All India),Aggregate,,6.1 - At Office premises,TRUE,57
2014,All India (Total),Total (States),Aggregate,,6.2 - Other places related to work,TRUE,442
2014,All India (Total),Total (UTs),Aggregate,,6.2 - Other places related to work,TRUE,27
2014,All India (Total),Total (All India),Aggregate,,6.2 - Other places related to work,TRUE,469
2014,All India (Total),Total (States),Aggregate,,6.3 - In Public Transport system,TRUE,113
2014,All India (Total),Total (UTs),Aggregate,,6.3 - In Public Transport system,TRUE,8
2014,All India (Total),Total (All India),Aggregate,,6.3 - In Public Transport system,TRUE,121
2014,All India (Total),Total (States),Aggregate,,6.4 - in Other Places,TRUE,7756
2014,All India (Total),Total (UTs),Aggregate,,6.4 - in Other Places,TRUE,1332
2014,All India (Total),Total (All India),Aggregate,,6.4 - in Other Places,TRUE,9088
2014,All India (Total),Total (States),Aggregate,Cruelty by Husband or Relatives,7 - Cruelty by Husband or his Relatives (Section 498A),FALSE,119538
2014,All India (Total),Total (UTs),Aggregate,Cruelty by Husband or Relatives,7 - Cruelty by Husband or his Relatives (Section 498A),FALSE,3339
2014,All India (Total),Total (All India),Aggregate,Cruelty by Husband or Relatives,7 - Cruelty by Husband or his Relatives (Section 498A),FALSE,122877
2014,All India (Total),Total (States),Aggregate,Importation of Girls from Foreign Country,8 - Importation of Girls from Foreign Country (Section 366B IPC),FALSE,13
2014,All India (Total),Total (UTs),Aggregate,Importation of Girls from Foreign Country,8 - Importation of Girls from Foreign Country (Section 366B IPC),FALSE,0
2014,All India (Total),Total (All India),Aggregate,Importation of Girls from Foreign Country,8 - Importation of Girls from Foreign Country (Section 366B IPC),FALSE,13
2014,All India (Total),Total (States),Aggregate,Abetment of Suicide of Women,9 - Abetment of Suicides of Women u/s 306 IPC,FALSE,3704
2014,All India (Total),Total (UTs),Aggregate,Abetment of Suicide of Women,9 - Abetment of Suicides of Women u/s 306 IPC,FALSE,30
2014,All India (Total),Total (All India),Aggregate,Abetment of Suicide of Women,9 - Abetment of Suicides of Women u/s 306 IPC,FALSE,3734
2014,Andaman & Nicobar Islands,A&N Islands,State/UT,Rape,1 - Rape (Section 376 IPC),FALSE,32
2014,Andaman & Nicobar Islands,A&N Islands,State/UT,,1.1 - Custodial Rape,TRUE,0
2014,Andaman & Nicobar Islands,A&N Islands,State/UT,,1.1.1 - Custodial_Gang Rape,TRUE,0
2014,Andaman & Nicobar Islands,A&N Islands,State/UT,,1.1.2 - Custodial_Other Rape,TRUE,0
2014,Andaman & Nicobar Islands,A&N Islands,State/UT,,1.2 - Rape other than Custodial,TRUE,32
2014,Andaman & Nicobar Islands,A&N Islands,State/UT,,1.2.1 - Rape_Gang Rape,TRUE,1
2014,Andaman & Nicobar Islands,A&N Islands,State/UT,,1.2.2 - Rape_Others,TRUE,31
2014,Andaman & Nicobar Islands,A&N Islands,State/UT,Dowry Prohibition Act,"10 - Dowry Prohibition Act, 1961",FALSE,0
2014,Andaman & Nicobar Islands,A&N Islands,State/UT,Indecent Representation of Women (Prevention) Act,"11 - Indecent Representation of Women (Prohibition) Act, 1986",FALSE,0
2014,Andaman & Nicobar Islands,A&N Islands,State/UT,Commission of Sati (Prevention) Act,12 - Commission of Sati Prevention Act 1987,FALSE,0
2014,Andaman & Nicobar Islands,A&N Islands,State/UT,Protection of Women from Domestic Violence Act,"13 - Protection of Women from Domestic Violence Act, 2005",FALSE,0
2014,Andaman & Nicobar Islands,A&N Islands,State/UT,Immoral Traffic (Prevention) Act,14 - Immoral Traffic (Prevention) Act (Women Cases only),FALSE,1
2014,Andaman & Nicobar Islands,A&N Islands,State/UT,,14.1 - Under ITP Section 5,TRUE,1
2014,Andaman & Nicobar Islands,A&N Islands,State/UT,,14.2 - Under ITP Section 6,TRUE,0
2014,Andaman & Nicobar Islands,A&N Islands,State/UT,,14.3 - Under ITP Section 7,TRUE,0
2014,Andaman & Nicobar Islands,A&N Islands,State/UT,,14.4 - Under ITP Section 8,TRUE,0
2014,Andaman & Nicobar Islands,A&N Islands,State/UT,,14.5 - Other Sections under ITP Act,TRUE,0
2014,Andaman & Nicobar Islands,A&N Islands,State/UT,Total Crimes against Women,15 - Total Crimes against Women,FALSE,115
2014,Andaman & Nicobar Islands,A&N Islands,State/UT,Attempt to Commit Rape,2 - Attempt to commit Rape (Section 376 & 511 IPC),FALSE,0
2014,Andaman & Nicobar Islands,A&N Islands,State/UT,Kidnapping & Abduction of Women,"3 - Kidnapping & Abduction of Women (Section 363,364,364A, 366-369 IPC)",FALSE,17
2014,Andaman & Nicobar Islands,A&N Islands,State/UT,,3.1 - Kidnaping & Abduction Section 363 IPC,TRUE,11
2014,Andaman & Nicobar Islands,A&N Islands,State/UT,,3.2 - Kidnaping & Abduction in order to Murder Section 364 IPC,TRUE,0
2014,Andaman & Nicobar Islands,A&N Islands,State/UT,,3.3 - Kidnapping for Ransom Section 364A,TRUE,0
2014,Andaman & Nicobar Islands,A&N Islands,State/UT,,3.4 - Kidnapping & Abduction of Women to compel her for marriage,TRUE,0
2014,Andaman & Nicobar Islands,A&N Islands,State/UT,,3.5 - Kidnapping & Abduction of Women-Other,TRUE,6
2014,Andaman & Nicobar Islands,A&N Islands,State/UT,Dowry Deaths,4 - Dowry Deaths (Section 304-B IPC),FALSE,3
2014,Andaman & Nicobar Islands,A&N Islands,State/UT,Assault on Women with Intent to Outrage Modesty,5 - Assault on Women with intent to outrage her Modesty_Total (Section 354 IPC),FALSE,41
2014,Andaman & Nicobar Islands,A&N Islands,State/UT,,5.1 - Sexual Harassment,TRUE,18
2014,Andaman & Nicobar Islands,A&N Islands,State/UT,,5.2 - Assault on women with intent to Disrobe,TRUE,1
2014,Andaman & Nicobar Islands,A&N Islands,State/UT,,5.3 - Voyeurism,TRUE,1
2014,Andaman & Nicobar Islands,A&N Islands,State/UT,,5.4 - Stalking,TRUE,4
2014,Andaman & Nicobar Islands,A&N Islands,State/UT,,5.5 - Others,TRUE,17
2014,Andaman & Nicobar Islands,A&N Islands,State/UT,Insult to Modesty of Women,6 - Insult to the Modesty of Women_Total (Section 509 IPC),FALSE,5
2014,Andaman & Nicobar Islands,A&N Islands,State/UT,,6.1 - At Office premises,TRUE,0
2014,Andaman & Nicobar Islands,A&N Islands,State/UT,,6.2 - Other places related to work,TRUE,0
2014,Andaman & Nicobar Islands,A&N Islands,State/UT,,6.3 - In Public Transport system,TRUE,0
2014,Andaman & Nicobar Islands,A&N Islands,State/UT,,6.4 - in Other Places,TRUE,5
2014,Andaman & Nicobar Islands,A&N Islands,State/UT,Cruelty by Husband or Relatives,7 - Cruelty by Husband or his Relatives (Section 498A),FALSE,14
2014,Andaman & Nicobar Islands,A&N Islands,State/UT,Importation of Girls from Foreign Country,8 - Importation of Girls from Foreign Country (Section 366B IPC),FALSE,0
2014,Andaman & Nicobar Islands,A&N Islands,State/UT,Abetment of Suicide of Women,9 - Abetment of Suicides of Women u/s 306 IPC,FALSE,2
2014,Andhra Pradesh,Andhra Pradesh,State/UT,Rape,1 - Rape (Section 376 IPC),FALSE,961
2014,Andhra Pradesh,Andhra Pradesh,State/UT,,1.1 - Custodial Rape,TRUE,0
2014,Andhra Pradesh,Andhra Pradesh,State/UT,,1.1.1 - Custodial_Gang Rape,TRUE,0
2014,Andhra Pradesh,Andhra Pradesh,State/UT,,1.1.2 - Custodial_Other Rape,TRUE,0
2014,Andhra Pradesh,Andhra Pradesh,State/UT,,1.2 - Rape other than Custodial,TRUE,961
2014,Andhra Pradesh,Andhra Pradesh,State/UT,,1.2.1 - Rape_Gang Rape,TRUE,14
2014,Andhra Pradesh,Andhra Pradesh,State/UT,,1.2.2 - Rape_Others,TRUE,947
2014,Andhra Pradesh,Andhra Pradesh,State/UT,Dowry Prohibition Act,"10 - Dowry Prohibition Act, 1961",FALSE,468
2014,Andhra Pradesh,Andhra Pradesh,State/UT,Indecent Representation of Women (Prevention) Act,"11 - Indecent Representation of Women (Prohibition) Act, 1986",FALSE,3
2014,Andhra Pradesh,Andhra Pradesh,State/UT,Commission of Sati (Prevention) Act,12 - Commission of Sati Prevention Act 1987,FALSE,0
2014,Andhra Pradesh,Andhra Pradesh,State/UT,Protection of Women from Domestic Violence Act,"13 - Protection of Women from Domestic Violence Act, 2005",FALSE,0
2014,Andhra Pradesh,Andhra Pradesh,State/UT,Immoral Traffic (Prevention) Act,14 - Immoral Traffic (Prevention) Act (Women Cases only),FALSE,204
2014,Andhra Pradesh,Andhra Pradesh,State/UT,,14.1 - Under ITP Section 5,TRUE,23
2014,Andhra Pradesh,Andhra Pradesh,State/UT,,14.2 - Under ITP Section 6,TRUE,0
2014,Andhra Pradesh,Andhra Pradesh,State/UT,,14.3 - Under ITP Section 7,TRUE,0
2014,Andhra Pradesh,Andhra Pradesh,State/UT,,14.4 - Under ITP Section 8,TRUE,2
2014,Andhra Pradesh,Andhra Pradesh,State/UT,,14.5 - Other Sections under ITP Act,TRUE,179
2014,Andhra Pradesh,Andhra Pradesh,State/UT,Total Crimes against Women,15 - Total Crimes against Women,FALSE,16512
2014,Andhra Pradesh,Andhra Pradesh,State/UT,Attempt to Commit Rape,2 - Attempt to commit Rape (Section 376 & 511 IPC),FALSE,165
2014,Andhra Pradesh,Andhra Pradesh,State/UT,Kidnapping & Abduction of Women,"3 - Kidnapping & Abduction of Women (Section 363,364,364A, 366-369 IPC)",FALSE,721
2014,Andhra Pradesh,Andhra Pradesh,State/UT,,3.1 - Kidnaping & Abduction Section 363 IPC,TRUE,180
2014,Andhra Pradesh,Andhra Pradesh,State/UT,,3.2 - Kidnaping & Abduction in order to Murder Section 364 IPC,TRUE,1
2014,Andhra Pradesh,Andhra Pradesh,State/UT,,3.3 - Kidnapping for Ransom Section 364A,TRUE,3
2014,Andhra Pradesh,Andhra Pradesh,State/UT,,3.4 - Kidnapping & Abduction of Women to compel her for marriage,TRUE,274
2014,Andhra Pradesh,Andhra Pradesh,State/UT,,3.5 - Kidnapping & Abduction of Women-Other,TRUE,263
2014,Andhra Pradesh,Andhra Pradesh,State/UT,Dowry Deaths,4 - Dowry Deaths (Section 304-B IPC),FALSE,215
2014,Andhra Pradesh,Andhra Pradesh,State/UT,Assault on Women with Intent to Outrage Modesty,5 - Assault on Women with intent to outrage her Modesty_Total (Section 354 IPC),FALSE,4547
2014,Andhra Pradesh,Andhra Pradesh,State/UT,,5.1 - Sexual Harassment,TRUE,1072
2014,Andhra Pradesh,Andhra Pradesh,State/UT,,5.2 - Assault on women with intent to Disrobe,TRUE,334
2014,Andhra Pradesh,Andhra Pradesh,State/UT,,5.3 - Voyeurism,TRUE,71
2014,Andhra Pradesh,Andhra Pradesh,State/UT,,5.4 - Stalking,TRUE,504
2014,Andhra Pradesh,Andhra Pradesh,State/UT,,5.5 - Others,TRUE,2566
2014,Andhra Pradesh,Andhra Pradesh,State/UT,Insult to Modesty of Women,6 - Insult to the Modesty of Women_Total (Section 509 IPC),FALSE,2649
2014,Andhra Pradesh,Andhra Pradesh,State/UT,,6.1 - At Office premises,TRUE,3
2014,Andhra Pradesh,Andhra Pradesh,State/UT,,6.2 - Other places related to work,TRUE,84
2014,Andhra Pradesh,Andhra Pradesh,State/UT,,6.3 - In Public Transport system,TRUE,65
2014,Andhra Pradesh,Andhra Pradesh,State/UT,,6.4 - in Other Places,TRUE,2497
2014,Andhra Pradesh,Andhra Pradesh,State/UT,Cruelty by Husband or Relatives,7 - Cruelty by Husband or his Relatives (Section 498A),FALSE,6362
2014,Andhra Pradesh,Andhra Pradesh,State/UT,Importation of Girls from Foreign Country,8 - Importation of Girls from Foreign Country (Section 366B IPC),FALSE,0
2014,Andhra Pradesh,Andhra Pradesh,State/UT,Abetment of Suicide of Women,9 - Abetment of Suicides of Women u/s 306 IPC,FALSE,217
2014,Arunachal Pradesh,Arunachal Pradesh,State/UT,Rape,1 - Rape (Section 376 IPC),FALSE,83
2014,Arunachal Pradesh,Arunachal Pradesh,State/UT,,1.1 - Custodial Rape,TRUE,4
2014,Arunachal Pradesh,Arunachal Pradesh,State/UT,,1.1.1 - Custodial_Gang Rape,TRUE,0
2014,Arunachal Pradesh,Arunachal Pradesh,State/UT,,1.1.2 - Custodial_Other Rape,TRUE,4
2014,Arunachal Pradesh,Arunachal Pradesh,State/UT,,1.2 - Rape other than Custodial,TRUE,79
2014,Arunachal Pradesh,Arunachal Pradesh,State/UT,,1.2.1 - Rape_Gang Rape,TRUE,5
2014,Arunachal Pradesh,Arunachal Pradesh,State/UT,,1.2.2 - Rape_Others,TRUE,74
2014,Arunachal Pradesh,Arunachal Pradesh,State/UT,Dowry Prohibition Act,"10 - Dowry Prohibition Act, 1961",FALSE,0
2014,Arunachal Pradesh,Arunachal Pradesh,State/UT,Indecent Representation of Women (Prevention) Act,"11 - Indecent Representation of Women (Prohibition) Act, 1986",FALSE,0
2014,Arunachal Pradesh,Arunachal Pradesh,State/UT,Commission of Sati (Prevention) Act,12 - Commission of Sati Prevention Act 1987,FALSE,0
2014,Arunachal Pradesh,Arunachal Pradesh,State/UT,Protection of Women from Domestic Violence Act,"13 - Protection of Women from Domestic Violence Act, 2005",FALSE,0
2014,Arunachal Pradesh,Arunachal Pradesh,State/UT,Immoral Traffic (Prevention) Act,14 - Immoral Traffic (Prevention) Act (Women Cases only),FALSE,0
2014,Arunachal Pradesh,Arunachal Pradesh,State/UT,,14.1 - Under ITP Section 5,TRUE,0
2014,Arunachal Pradesh,Arunachal Pradesh,State/UT,,14.2 - Under ITP Section 6,TRUE,0
2014,Arunachal Pradesh,Arunachal Pradesh,State/UT,,14.3 - Under ITP Section 7,TRUE,0
2014,Arunachal Pradesh,Arunachal Pradesh,State/UT,,14.4 - Under ITP Section 8,TRUE,0
2014,Arunachal Pradesh,Arunachal Pradesh,State/UT,,14.5 - Other Sections under ITP Act,TRUE,0
2014,Arunachal Pradesh,Arunachal Pradesh,State/UT,Total Crimes against Women,15 - Total Crimes against Women,FALSE,351
2014,Arunachal Pradesh,Arunachal Pradesh,State/UT,Attempt to Commit Rape,2 - Attempt to commit Rape (Section 376 & 511 IPC),FALSE,10
2014,Arunachal Pradesh,Arunachal Pradesh,State/UT,Kidnapping & Abduction of Women,"3 - Kidnapping & Abduction of Women (Section 363,364,364A, 366-369 IPC)",FALSE,91
2014,Arunachal Pradesh,Arunachal Pradesh,State/UT,,3.1 - Kidnaping & Abduction Section 363 IPC,TRUE,25
2014,Arunachal Pradesh,Arunachal Pradesh,State/UT,,3.2 - Kidnaping & Abduction in order to Murder Section 364 IPC,TRUE,1
2014,Arunachal Pradesh,Arunachal Pradesh,State/UT,,3.3 - Kidnapping for Ransom Section 364A,TRUE,1
2014,Arunachal Pradesh,Arunachal Pradesh,State/UT,,3.4 - Kidnapping & Abduction of Women to compel her for marriage,TRUE,20
2014,Arunachal Pradesh,Arunachal Pradesh,State/UT,,3.5 - Kidnapping & Abduction of Women-Other,TRUE,44
2014,Arunachal Pradesh,Arunachal Pradesh,State/UT,Dowry Deaths,4 - Dowry Deaths (Section 304-B IPC),FALSE,1
2014,Arunachal Pradesh,Arunachal Pradesh,State/UT,Assault on Women with Intent to Outrage Modesty,5 - Assault on Women with intent to outrage her Modesty_Total (Section 354 IPC),FALSE,121
2014,Arunachal Pradesh,Arunachal Pradesh,State/UT,,5.1 - Sexual Harassment,TRUE,21
2014,Arunachal Pradesh,Arunachal Pradesh,State/UT,,5.2 - Assault on women with intent to Disrobe,TRUE,0
2014,Arunachal Pradesh,Arunachal Pradesh,State/UT,,5.3 - Voyeurism,TRUE,6
2014,Arunachal Pradesh,Arunachal Pradesh,State/UT,,5.4 - Stalking,TRUE,1
2014,Arunachal Pradesh,Arunachal Pradesh,State/UT,,5.5 - Others,TRUE,93
2014,Arunachal Pradesh,Arunachal Pradesh,State/UT,Insult to Modesty of Women,6 - Insult to the Modesty of Women_Total (Section 509 IPC),FALSE,3
2014,Arunachal Pradesh,Arunachal Pradesh,State/UT,,6.1 - At Office premises,TRUE,0
2014,Arunachal Pradesh,Arunachal Pradesh,State/UT,,6.2 - Other places related to work,TRUE,0
2014,Arunachal Pradesh,Arunachal Pradesh,State/UT,,6.3 - In Public Transport system,TRUE,0
2014,Arunachal Pradesh,Arunachal Pradesh,State/UT,,6.4 - in Other Places,TRUE,3
2014,Arunachal Pradesh,Arunachal Pradesh,State/UT,Cruelty by Husband or Relatives,7 - Cruelty by Husband or his Relatives (Section 498A),FALSE,42
2014,Arunachal Pradesh,Arunachal Pradesh,State/UT,Importation of Girls from Foreign Country,8 - Importation of Girls from Foreign Country (Section 366B IPC),FALSE,0
2014,Arunachal Pradesh,Arunachal Pradesh,State/UT,Abetment of Suicide of Women,9 - Abetment of Suicides of Women u/s 306 IPC,FALSE,0
2014,Assam,Assam,State/UT,Rape,1 - Rape (Section 376 IPC),FALSE,1980
2014,Assam,Assam,State/UT,,1.1 - Custodial Rape,TRUE,0
2014,Assam,Assam,State/UT,,1.1.1 - Custodial_Gang Rape,TRUE,0
2014,Assam,Assam,State/UT,,1.1.2 - Custodial_Other Rape,TRUE,0
2014,Assam,Assam,State/UT,,1.2 - Rape other than Custodial,TRUE,1980
2014,Assam,Assam,State/UT,,1.2.1 - Rape_Gang Rape,TRUE,23
2014,Assam,Assam,State/UT,,1.2.2 - Rape_Others,TRUE,1957
2014,Assam,Assam,State/UT,Dowry Prohibition Act,"10 - Dowry Prohibition Act, 1961",FALSE,92
2014,Assam,Assam,State/UT,Indecent Representation of Women (Prevention) Act,"11 - Indecent Representation of Women (Prohibition) Act, 1986",FALSE,0
2014,Assam,Assam,State/UT,Commission of Sati (Prevention) Act,12 - Commission of Sati Prevention Act 1987,FALSE,0
2014,Assam,Assam,State/UT,Protection of Women from Domestic Violence Act,"13 - Protection of Women from Domestic Violence Act, 2005",FALSE,1
2014,Assam,Assam,State/UT,Immoral Traffic (Prevention) Act,14 - Immoral Traffic (Prevention) Act (Women Cases only),FALSE,29
2014,Assam,Assam,State/UT,,14.1 - Under ITP Section 5,TRUE,6
2014,Assam,Assam,State/UT,,14.2 - Under ITP Section 6,TRUE,1
2014,Assam,Assam,State/UT,,14.3 - Under ITP Section 7,TRUE,2
2014,Assam,Assam,State/UT,,14.4 - Under ITP Section 8,TRUE,0
2014,Assam,Assam,State/UT,,14.5 - Other Sections under ITP Act,TRUE,20
2014,Assam,Assam,State/UT,Total Crimes against Women,15 - Total Crimes against Women,FALSE,19139
2014,Assam,Assam,State/UT,Attempt to Commit Rape,2 - Attempt to commit Rape (Section 376 & 511 IPC),FALSE,227
2014,Assam,Assam,State/UT,Kidnapping & Abduction of Women,"3 - Kidnapping & Abduction of Women (Section 363,364,364A, 366-369 IPC)",FALSE,3895
2014,Assam,Assam,State/UT,,3.1 - Kidnaping & Abduction Section 363 IPC,TRUE,0
2014,Assam,Assam,State/UT,,3.2 - Kidnaping & Abduction in order to Murder Section 364 IPC,TRUE,1
2014,Assam,Assam,State/UT,,3.3 - Kidnapping for Ransom Section 364A,TRUE,3
2014,Assam,Assam,State/UT,,3.4 - Kidnapping & Abduction of Women to compel her for marriage,TRUE,3883
2014,Assam,Assam,State/UT,,3.5 - Kidnapping & Abduction of Women-Other,TRUE,8
2014,Assam,Assam,State/UT,Dowry Deaths,4 - Dowry Deaths (Section 304-B IPC),FALSE,188
2014,Assam,Assam,State/UT,Assault on Women with Intent to Outrage Modesty,5 - Assault on Women with intent to outrage her Modesty_Total (Section 354 IPC),FALSE,3099
2014,Assam,Assam,State/UT,,5.1 - Sexual Harassment,TRUE,458
2014,Assam,Assam,State/UT,,5.2 - Assault on women with intent to Disrobe,TRUE,399
2014,Assam,Assam,State/UT,,5.3 - Voyeurism,TRUE,0
2014,Assam,Assam,State/UT,,5.4 - Stalking,TRUE,0
2014,Assam,Assam,State/UT,,5.5 - Others,TRUE,2242
2014,Assam,Assam,State/UT,Insult to Modesty of Women,6 - Insult to the Modesty of Women_Total (Section 509 IPC),FALSE,1
2014,Assam,Assam,State/UT,,6.1 - At Office premises,TRUE,0
2014,Assam,Assam,State/UT,,6.2 - Other places related to work,TRUE,1
2014,Assam,Assam,State/UT,,6.3 - In Public Transport system,TRUE,0
2014,Assam,Assam,State/UT,,6.4 - in Other Places,TRUE,0
2014,Assam,Assam,State/UT,Cruelty by Husband or Relatives,7 - Cruelty by Husband or his Relatives (Section 498A),FALSE,9626
2014,Assam,Assam,State/UT,Importation of Girls from Foreign Country,8 - Importation of Girls from Foreign Country (Section 366B IPC),FALSE,1
2014,Assam,Assam,State/UT,Abetment of Suicide of Women,9 - Abetment of Suicides of Women u/s 306 IPC,FALSE,0
2014,Bihar,Bihar,State/UT,Rape,1 - Rape (Section 376 IPC),FALSE,1127
2014,Bihar,Bihar,State/UT,,1.1 - Custodial Rape,TRUE,0
2014,Bihar,Bihar,State/UT,,1.1.1 - Custodial_Gang Rape,TRUE,0
2014,Bihar,Bihar,State/UT,,1.1.2 - Custodial_Other Rape,TRUE,0
2014,Bihar,Bihar,State/UT,,1.2 - Rape other than Custodial,TRUE,1127
2014,Bihar,Bihar,State/UT,,1.2.1 - Rape_Gang Rape,TRUE,24
2014,Bihar,Bihar,State/UT,,1.2.2 - Rape_Others,TRUE,1103
2014,Bihar,Bihar,State/UT,Dowry Prohibition Act,"10 - Dowry Prohibition Act, 1961",FALSE,2203
2014,Bihar,Bihar,State/UT,Indecent Representation of Women (Prevention) Act,"11 - Indecent Representation of Women (Prohibition) Act, 1986",FALSE,0
2014,Bihar,Bihar,State/UT,Commission of Sati (Prevention) Act,12 - Commission of Sati Prevention Act 1987,FALSE,0
2014,Bihar,Bihar,State/UT,Protection of Women from Domestic Violence Act,"13 - Protection of Women from Domestic Violence Act, 2005",FALSE,112
2014,Bihar,Bihar,State/UT,Immoral Traffic (Prevention) Act,14 - Immoral Traffic (Prevention) Act (Women Cases only),FALSE,31
2014,Bihar,Bihar,State/UT,,14.1 - Under ITP Section 5,TRUE,29
2014,Bihar,Bihar,State/UT,,14.2 - Under ITP Section 6,TRUE,2
2014,Bihar,Bihar,State/UT,,14.3 - Under ITP Section 7,TRUE,0
2014,Bihar,Bihar,State/UT,,14.4 - Under ITP Section 8,TRUE,0
2014,Bihar,Bihar,State/UT,,14.5 - Other Sections under ITP Act,TRUE,0
2014,Bihar,Bihar,State/UT,Total Crimes against Women,15 - Total Crimes against Women,FALSE,15383
2014,Bihar,Bihar,State/UT,Attempt to Commit Rape,2 - Attempt to commit Rape (Section 376 & 511 IPC),FALSE,484
2014,Bihar,Bihar,State/UT,Kidnapping & Abduction of Women,"3 - Kidnapping & Abduction of Women (Section 363,364,364A, 366-369 IPC)",FALSE,4735
2014,Bihar,Bihar,State/UT,,3.1 - Kidnaping & Abduction Section 363 IPC,TRUE,55
2014,Bihar,Bihar,State/UT,,3.2 - Kidnaping & Abduction in order to Murder Section 364 IPC,TRUE,9
2014,Bihar,Bihar,State/UT,,3.3 - Kidnapping for Ransom Section 364A,TRUE,2
2014,Bihar,Bihar,State/UT,,3.4 - Kidnapping & Abduction of Women to compel her for marriage,TRUE,4641
2014,Bihar,Bihar,State/UT,,3.5 - Kidnapping & Abduction of Women-Other,TRUE,28
2014,Bihar,Bihar,State/UT,Dowry Deaths,4 - Dowry Deaths (Section 304-B IPC),FALSE,1373
2014,Bihar,Bihar,State/UT,Assault on Women with Intent to Outrage Modesty,5 - Assault on Women with intent to outrage her Modesty_Total (Section 354 IPC),FALSE,572
2014,Bihar,Bihar,State/UT,,5.1 - Sexual Harassment,TRUE,271
2014,Bihar,Bihar,State/UT,,5.2 - Assault on women with intent to Disrobe,TRUE,61
2014,Bihar,Bihar,State/UT,,5.3 - Voyeurism,TRUE,4
2014,Bihar,Bihar,State/UT,,5.4 - Stalking,TRUE,7
2014,Bihar,Bihar,State/UT,,5.5 - Others,TRUE,229
2014,Bihar,Bihar,State/UT,Insult to Modesty of Women,6 - Insult to the Modesty of Women_Total (Section 509 IPC),FALSE,69
2014,Bihar,Bihar,State/UT,,6.1 - At Office premises,TRUE,0
2014,Bihar,Bihar,State/UT,,6.2 - Other places related to work,TRUE,0
2014,Bihar,Bihar,State/UT,,6.3 - In Public Transport system,TRUE,0
2014,Bihar,Bihar,State/UT,,6.4 - in Other Places,TRUE,69
2014,Bihar,Bihar,State/UT,Cruelty by Husband or Relatives,7 - Cruelty by Husband or his Relatives (Section 498A),FALSE,4672
2014,Bihar,Bihar,State/UT,Importation of Girls from Foreign Country,8 - Importation of Girls from Foreign Country (Section 366B IPC),FALSE,5
2014,Bihar,Bihar,State/UT,Abetment of Suicide of Women,9 - Abetment of Suicides of Women u/s 306 IPC,FALSE,0
2014,Chandigarh,Chandigarh,State/UT,Rape,1 - Rape (Section 376 IPC),FALSE,59
2014,Chandigarh,Chandigarh,State/UT,,1.1 - Custodial Rape,TRUE,0
2014,Chandigarh,Chandigarh,State/UT,,1.1.1 - Custodial_Gang Rape,TRUE,0
2014,Chandigarh,Chandigarh,State/UT,,1.1.2 - Custodial_Other Rape,TRUE,0
2014,Chandigarh,Chandigarh,State/UT,,1.2 - Rape other than Custodial,TRUE,59
2014,Chandigarh,Chandigarh,State/UT,,1.2.1 - Rape_Gang Rape,TRUE,0
2014,Chandigarh,Chandigarh,State/UT,,1.2.2 - Rape_Others,TRUE,59
2014,Chandigarh,Chandigarh,State/UT,Dowry Prohibition Act,"10 - Dowry Prohibition Act, 1961",FALSE,2
2014,Chandigarh,Chandigarh,State/UT,Indecent Representation of Women (Prevention) Act,"11 - Indecent Representation of Women (Prohibition) Act, 1986",FALSE,0
2014,Chandigarh,Chandigarh,State/UT,Commission of Sati (Prevention) Act,12 - Commission of Sati Prevention Act 1987,FALSE,0
2014,Chandigarh,Chandigarh,State/UT,Protection of Women from Domestic Violence Act,"13 - Protection of Women from Domestic Violence Act, 2005",FALSE,0
2014,Chandigarh,Chandigarh,State/UT,Immoral Traffic (Prevention) Act,14 - Immoral Traffic (Prevention) Act (Women Cases only),FALSE,0
2014,Chandigarh,Chandigarh,State/UT,,14.1 - Under ITP Section 5,TRUE,0
2014,Chandigarh,Chandigarh,State/UT,,14.2 - Under ITP Section 6,TRUE,0
2014,Chandigarh,Chandigarh,State/UT,,14.3 - Under ITP Section 7,TRUE,0
2014,Chandigarh,Chandigarh,State/UT,,14.4 - Under ITP Section 8,TRUE,0
2014,Chandigarh,Chandigarh,State/UT,,14.5 - Other Sections under ITP Act,TRUE,0
2014,Chandigarh,Chandigarh,State/UT,Total Crimes against Women,15 - Total Crimes against Women,FALSE,432
2014,Chandigarh,Chandigarh,State/UT,Attempt to Commit Rape,2 - Attempt to commit Rape (Section 376 & 511 IPC),FALSE,6
2014,Chandigarh,Chandigarh,State/UT,Kidnapping & Abduction of Women,"3 - Kidnapping & Abduction of Women (Section 363,364,364A, 366-369 IPC)",FALSE,133
2014,Chandigarh,Chandigarh,State/UT,,3.1 - Kidnaping & Abduction Section 363 IPC,TRUE,84
2014,Chandigarh,Chandigarh,State/UT,,3.2 - Kidnaping & Abduction in order to Murder Section 364 IPC,TRUE,0
2014,Chandigarh,Chandigarh,State/UT,,3.3 - Kidnapping for Ransom Section 364A,TRUE,0
2014,Chandigarh,Chandigarh,State/UT,,3.4 - Kidnapping & Abduction of Women to compel her for marriage,TRUE,43
2014,Chandigarh,Chandigarh,State/UT,,3.5 - Kidnapping & Abduction of Women-Other,TRUE,6
2014,Chandigarh,Chandigarh,State/UT,Dowry Deaths,4 - Dowry Deaths (Section 304-B IPC),FALSE,2
2014,Chandigarh,Chandigarh,State/UT,Assault on Women with Intent to Outrage Modesty,5 - Assault on Women with intent to outrage her Modesty_Total (Section 354 IPC),FALSE,87
2014,Chandigarh,Chandigarh,State/UT,,5.1 - Sexual Harassment,TRUE,31
2014,Chandigarh,Chandigarh,State/UT,,5.2 - Assault on women with intent to Disrobe,TRUE,3
2014,Chandigarh,Chandigarh,State/UT,,5.3 - Voyeurism,TRUE,2
2014,Chandigarh,Chandigarh,State/UT,,5.4 - Stalking,TRUE,10
2014,Chandigarh,Chandigarh,State/UT,,5.5 - Others,TRUE,41
2014,Chandigarh,Chandigarh,State/UT,Insult to Modesty of Women,6 - Insult to the Modesty of Women_Total (Section 509 IPC),FALSE,2
2014,Chandigarh,Chandigarh,State/UT,,6.1 - At Office premises,TRUE,0
2014,Chandigarh,Chandigarh,State/UT,,6.2 - Other places related to work,TRUE,0
2014,Chandigarh,Chandigarh,State/UT,,6.3 - In Public Transport system,TRUE,0
2014,Chandigarh,Chandigarh,State/UT,,6.4 - in Other Places,TRUE,2
2014,Chandigarh,Chandigarh,State/UT,Cruelty by Husband or Relatives,7 - Cruelty by Husband or his Relatives (Section 498A),FALSE,141
2014,Chandigarh,Chandigarh,State/UT,Importation of Girls from Foreign Country,8 - Importation of Girls from Foreign Country (Section 366B IPC),FALSE,0
2014,Chandigarh,Chandigarh,State/UT,Abetment of Suicide of Women,9 - Abetment of Suicides of Women u/s 306 IPC,FALSE,0
2014,Chhattisgarh,Chhattisgarh,State/UT,Rape,1 - Rape (Section 376 IPC),FALSE,1436
2014,Chhattisgarh,Chhattisgarh,State/UT,,1.1 - Custodial Rape,TRUE,0
2014,Chhattisgarh,Chhattisgarh,State/UT,,1.1.1 - Custodial_Gang Rape,TRUE,0
2014,Chhattisgarh,Chhattisgarh,State/UT,,1.1.2 - Custodial_Other Rape,TRUE,0
2014,Chhattisgarh,Chhattisgarh,State/UT,,1.2 - Rape other than Custodial,TRUE,1436
2014,Chhattisgarh,Chhattisgarh,State/UT,,1.2.1 - Rape_Gang Rape,TRUE,64
2014,Chhattisgarh,Chhattisgarh,State/UT,,1.2.2 - Rape_Others,TRUE,1372
2014,Chhattisgarh,Chhattisgarh,State/UT,Dowry Prohibition Act,"10 - Dowry Prohibition Act, 1961",FALSE,8
2014,Chhattisgarh,Chhattisgarh,State/UT,Indecent Representation of Women (Prevention) Act,"11 - Indecent Representation of Women (Prohibition) Act, 1986",FALSE,0
2014,Chhattisgarh,Chhattisgarh,State/UT,Commission of Sati (Prevention) Act,12 - Commission of Sati Prevention Act 1987,FALSE,0
2014,Chhattisgarh,Chhattisgarh,State/UT,Protection of Women from Domestic Violence Act,"13 - Protection of Women from Domestic Violence Act, 2005",FALSE,0
2014,Chhattisgarh,Chhattisgarh,State/UT,Immoral Traffic (Prevention) Act,14 - Immoral Traffic (Prevention) Act (Women Cases only),FALSE,2
2014,Chhattisgarh,Chhattisgarh,State/UT,,14.1 - Under ITP Section 5,TRUE,2
2014,Chhattisgarh,Chhattisgarh,State/UT,,14.2 - Under ITP Section 6,TRUE,0
2014,Chhattisgarh,Chhattisgarh,State/UT,,14.3 - Under ITP Section 7,TRUE,0
2014,Chhattisgarh,Chhattisgarh,State/UT,,14.4 - Under ITP Section 8,TRUE,0
2014,Chhattisgarh,Chhattisgarh,State/UT,,14.5 - Other Sections under ITP Act,TRUE,0
2014,Chhattisgarh,Chhattisgarh,State/UT,Total Crimes against Women,15 - Total Crimes against Women,FALSE,6255
2014,Chhattisgarh,Chhattisgarh,State/UT,Attempt to Commit Rape,2 - Attempt to commit Rape (Section 376 & 511 IPC),FALSE,21
2014,Chhattisgarh,Chhattisgarh,State/UT,Kidnapping & Abduction of Women,"3 - Kidnapping & Abduction of Women (Section 363,364,364A, 366-369 IPC)",FALSE,1393
2014,Chhattisgarh,Chhattisgarh,State/UT,,3.1 - Kidnaping & Abduction Section 363 IPC,TRUE,922
2014,Chhattisgarh,Chhattisgarh,State/UT,,3.2 - Kidnaping & Abduction in order to Murder Section 364 IPC,TRUE,5
2014,Chhattisgarh,Chhattisgarh,State/UT,,3.3 - Kidnapping for Ransom Section 364A,TRUE,0
2014,Chhattisgarh,Chhattisgarh,State/UT,,3.4 - Kidnapping & Abduction of Women to compel her for marriage,TRUE,263
2014,Chhattisgarh,Chhattisgarh,State/UT,,3.5 - Kidnapping & Abduction of Women-Other,TRUE,203
2014,Chhattisgarh,Chhattisgarh,State/UT,Dowry Deaths,4 - Dowry Deaths (Section 304-B IPC),FALSE,128
2014,Chhattisgarh,Chhattisgarh,State/UT,Assault on Women with Intent to Outrage Modesty,5 - Assault on Women with intent to outrage her Modesty_Total (Section 354 IPC),FALSE,2122
2014,Chhattisgarh,Chhattisgarh,State/UT,,5.1 - Sexual Harassment,TRUE,649
2014,Chhattisgarh,Chhattisgarh,State/UT,,5.2 - Assault on women with intent to Disrobe,TRUE,76
2014,Chhattisgarh,Chhattisgarh,State/UT,,5.3 - Voyeurism,TRUE,9
2014,Chhattisgarh,Chhattisgarh,State/UT,,5.4 - Stalking,TRUE,72
2014,Chhattisgarh,Chhattisgarh,State/UT,,5.5 - Others,TRUE,1316
2014,Chhattisgarh,Chhattisgarh,State/UT,Insult to Modesty of Women,6 - Insult to the Modesty of Women_Total (Section 509 IPC),FALSE,79
2014,Chhattisgarh,Chhattisgarh,State/UT,,6.1 - At Office premises,TRUE,0
2014,Chhattisgarh,Chhattisgarh,State/UT,,6.2 - Other places related to work,TRUE,13
2014,Chhattisgarh,Chhattisgarh,State/UT,,6.3 - In Public Transport system,TRUE,0
2014,Chhattisgarh,Chhattisgarh,State/UT,,6.4 - in Other Places,TRUE,66
2014,Chhattisgarh,Chhattisgarh,State/UT,Cruelty by Husband or Relatives,7 - Cruelty by Husband or his Relatives (Section 498A),FALSE,964
2014,Chhattisgarh,Chhattisgarh,State/UT,Importation of Girls from Foreign Country,8 - Importation of Girls from Foreign Country (Section 366B IPC),FALSE,0
2014,Chhattisgarh,Chhattisgarh,State/UT,Abetment of Suicide of Women,9 - Abetment of Suicides of Women u/s 306 IPC,FALSE,102
2014,"Dadra & Nagar Haveli (pre-2020, separate UT)",D&N Haveli,State/UT,Rape,1 - Rape (Section 376 IPC),FALSE,5
2014,"Dadra & Nagar Haveli (pre-2020, separate UT)",D&N Haveli,State/UT,,1.1 - Custodial Rape,TRUE,0
2014,"Dadra & Nagar Haveli (pre-2020, separate UT)",D&N Haveli,State/UT,,1.1.1 - Custodial_Gang Rape,TRUE,0
2014,"Dadra & Nagar Haveli (pre-2020, separate UT)",D&N Haveli,State/UT,,1.1.2 - Custodial_Other Rape,TRUE,0
2014,"Dadra & Nagar Haveli (pre-2020, separate UT)",D&N Haveli,State/UT,,1.2 - Rape other than Custodial,TRUE,5
2014,"Dadra & Nagar Haveli (pre-2020, separate UT)",D&N Haveli,State/UT,,1.2.1 - Rape_Gang Rape,TRUE,0
2014,"Dadra & Nagar Haveli (pre-2020, separate UT)",D&N Haveli,State/UT,,1.2.2 - Rape_Others,TRUE,5
2014,"Dadra & Nagar Haveli (pre-2020, separate UT)",D&N Haveli,State/UT,Dowry Prohibition Act,"10 - Dowry Prohibition Act, 1961",FALSE,0
2014,"Dadra & Nagar Haveli (pre-2020, separate UT)",D&N Haveli,State/UT,Indecent Representation of Women (Prevention) Act,"11 - Indecent Representation of Women (Prohibition) Act, 1986",FALSE,0
2014,"Dadra & Nagar Haveli (pre-2020, separate UT)",D&N Haveli,State/UT,Commission of Sati (Prevention) Act,12 - Commission of Sati Prevention Act 1987,FALSE,0
2014,"Dadra & Nagar Haveli (pre-2020, separate UT)",D&N Haveli,State/UT,Protection of Women from Domestic Violence Act,"13 - Protection of Women from Domestic Violence Act, 2005",FALSE,0
2014,"Dadra & Nagar Haveli (pre-2020, separate UT)",D&N Haveli,State/UT,Immoral Traffic (Prevention) Act,14 - Immoral Traffic (Prevention) Act (Women Cases only),FALSE,0
2014,"Dadra & Nagar Haveli (pre-2020, separate UT)",D&N Haveli,State/UT,,14.1 - Under ITP Section 5,TRUE,0
2014,"Dadra & Nagar Haveli (pre-2020, separate UT)",D&N Haveli,State/UT,,14.2 - Under ITP Section 6,TRUE,0
2014,"Dadra & Nagar Haveli (pre-2020, separate UT)",D&N Haveli,State/UT,,14.3 - Under ITP Section 7,TRUE,0
2014,"Dadra & Nagar Haveli (pre-2020, separate UT)",D&N Haveli,State/UT,,14.4 - Under ITP Section 8,TRUE,0
2014,"Dadra & Nagar Haveli (pre-2020, separate UT)",D&N Haveli,State/UT,,14.5 - Other Sections under ITP Act,TRUE,0
2014,"Dadra & Nagar Haveli (pre-2020, separate UT)",D&N Haveli,State/UT,Total Crimes against Women,15 - Total Crimes against Women,FALSE,21
2014,"Dadra & Nagar Haveli (pre-2020, separate UT)",D&N Haveli,State/UT,Attempt to Commit Rape,2 - Attempt to commit Rape (Section 376 & 511 IPC),FALSE,0
2014,"Dadra & Nagar Haveli (pre-2020, separate UT)",D&N Haveli,State/UT,Kidnapping & Abduction of Women,"3 - Kidnapping & Abduction of Women (Section 363,364,364A, 366-369 IPC)",FALSE,7
2014,"Dadra & Nagar Haveli (pre-2020, separate UT)",D&N Haveli,State/UT,,3.1 - Kidnaping & Abduction Section 363 IPC,TRUE,7
2014,"Dadra & Nagar Haveli (pre-2020, separate UT)",D&N Haveli,State/UT,,3.2 - Kidnaping & Abduction in order to Murder Section 364 IPC,TRUE,0
2014,"Dadra & Nagar Haveli (pre-2020, separate UT)",D&N Haveli,State/UT,,3.3 - Kidnapping for Ransom Section 364A,TRUE,0
2014,"Dadra & Nagar Haveli (pre-2020, separate UT)",D&N Haveli,State/UT,,3.4 - Kidnapping & Abduction of Women to compel her for marriage,TRUE,0
2014,"Dadra & Nagar Haveli (pre-2020, separate UT)",D&N Haveli,State/UT,,3.5 - Kidnapping & Abduction of Women-Other,TRUE,0
2014,"Dadra & Nagar Haveli (pre-2020, separate UT)",D&N Haveli,State/UT,Dowry Deaths,4 - Dowry Deaths (Section 304-B IPC),FALSE,0
2014,"Dadra & Nagar Haveli (pre-2020, separate UT)",D&N Haveli,State/UT,Assault on Women with Intent to Outrage Modesty,5 - Assault on Women with intent to outrage her Modesty_Total (Section 354 IPC),FALSE,2
2014,"Dadra & Nagar Haveli (pre-2020, separate UT)",D&N Haveli,State/UT,,5.1 - Sexual Harassment,TRUE,0
2014,"Dadra & Nagar Haveli (pre-2020, separate UT)",D&N Haveli,State/UT,,5.2 - Assault on women with intent to Disrobe,TRUE,0
2014,"Dadra & Nagar Haveli (pre-2020, separate UT)",D&N Haveli,State/UT,,5.3 - Voyeurism,TRUE,0
2014,"Dadra & Nagar Haveli (pre-2020, separate UT)",D&N Haveli,State/UT,,5.4 - Stalking,TRUE,0
2014,"Dadra & Nagar Haveli (pre-2020, separate UT)",D&N Haveli,State/UT,,5.5 - Others,TRUE,2
2014,"Dadra & Nagar Haveli (pre-2020, separate UT)",D&N Haveli,State/UT,Insult to Modesty of Women,6 - Insult to the Modesty of Women_Total (Section 509 IPC),FALSE,1
2014,"Dadra & Nagar Haveli (pre-2020, separate UT)",D&N Haveli,State/UT,,6.1 - At Office premises,TRUE,0
2014,"Dadra & Nagar Haveli (pre-2020, separate UT)",D&N Haveli,State/UT,,6.2 - Other places related to work,TRUE,0
2014,"Dadra & Nagar Haveli (pre-2020, separate UT)",D&N Haveli,State/UT,,6.3 - In Public Transport system,TRUE,0
2014,"Dadra & Nagar Haveli (pre-2020, separate UT)",D&N Haveli,State/UT,,6.4 - in Other Places,TRUE,1
2014,"Dadra & Nagar Haveli (pre-2020, separate UT)",D&N Haveli,State/UT,Cruelty by Husband or Relatives,7 - Cruelty by Husband or his Relatives (Section 498A),FALSE,6
2014,"Dadra & Nagar Haveli (pre-2020, separate UT)",D&N Haveli,State/UT,Importation of Girls from Foreign Country,8 - Importation of Girls from Foreign Country (Section 366B IPC),FALSE,0
2014,"Dadra & Nagar Haveli (pre-2020, separate UT)",D&N Haveli,State/UT,Abetment of Suicide of Women,9 - Abetment of Suicides of Women u/s 306 IPC,FALSE,0
2014,"Daman & Diu (pre-2020, separate UT)",Daman & Diu,State/UT,Rape,1 - Rape (Section 376 IPC),FALSE,2
2014,"Daman & Diu (pre-2020, separate UT)",Daman & Diu,State/UT,,1.1 - Custodial Rape,TRUE,0
2014,"Daman & Diu (pre-2020, separate UT)",Daman & Diu,State/UT,,1.1.1 - Custodial_Gang Rape,TRUE,0
2014,"Daman & Diu (pre-2020, separate UT)",Daman & Diu,State/UT,,1.1.2 - Custodial_Other Rape,TRUE,0
2014,"Daman & Diu (pre-2020, separate UT)",Daman & Diu,State/UT,,1.2 - Rape other than Custodial,TRUE,2
2014,"Daman & Diu (pre-2020, separate UT)",Daman & Diu,State/UT,,1.2.1 - Rape_Gang Rape,TRUE,0
2014,"Daman & Diu (pre-2020, separate UT)",Daman & Diu,State/UT,,1.2.2 - Rape_Others,TRUE,2
2014,"Daman & Diu (pre-2020, separate UT)",Daman & Diu,State/UT,Dowry Prohibition Act,"10 - Dowry Prohibition Act, 1961",FALSE,0
2014,"Daman & Diu (pre-2020, separate UT)",Daman & Diu,State/UT,Indecent Representation of Women (Prevention) Act,"11 - Indecent Representation of Women (Prohibition) Act, 1986",FALSE,0
2014,"Daman & Diu (pre-2020, separate UT)",Daman & Diu,State/UT,Commission of Sati (Prevention) Act,12 - Commission of Sati Prevention Act 1987,FALSE,0
2014,"Daman & Diu (pre-2020, separate UT)",Daman & Diu,State/UT,Protection of Women from Domestic Violence Act,"13 - Protection of Women from Domestic Violence Act, 2005",FALSE,0
2014,"Daman & Diu (pre-2020, separate UT)",Daman & Diu,State/UT,Immoral Traffic (Prevention) Act,14 - Immoral Traffic (Prevention) Act (Women Cases only),FALSE,8
2014,"Daman & Diu (pre-2020, separate UT)",Daman & Diu,State/UT,,14.1 - Under ITP Section 5,TRUE,8
2014,"Daman & Diu (pre-2020, separate UT)",Daman & Diu,State/UT,,14.2 - Under ITP Section 6,TRUE,0
2014,"Daman & Diu (pre-2020, separate UT)",Daman & Diu,State/UT,,14.3 - Under ITP Section 7,TRUE,0
2014,"Daman & Diu (pre-2020, separate UT)",Daman & Diu,State/UT,,14.4 - Under ITP Section 8,TRUE,0
2014,"Daman & Diu (pre-2020, separate UT)",Daman & Diu,State/UT,,14.5 - Other Sections under ITP Act,TRUE,0
2014,"Daman & Diu (pre-2020, separate UT)",Daman & Diu,State/UT,Total Crimes against Women,15 - Total Crimes against Women,FALSE,15
2014,"Daman & Diu (pre-2020, separate UT)",Daman & Diu,State/UT,Attempt to Commit Rape,2 - Attempt to commit Rape (Section 376 & 511 IPC),FALSE,0
2014,"Daman & Diu (pre-2020, separate UT)",Daman & Diu,State/UT,Kidnapping & Abduction of Women,"3 - Kidnapping & Abduction of Women (Section 363,364,364A, 366-369 IPC)",FALSE,1
2014,"Daman & Diu (pre-2020, separate UT)",Daman & Diu,State/UT,,3.1 - Kidnaping & Abduction Section 363 IPC,TRUE,1
2014,"Daman & Diu (pre-2020, separate UT)",Daman & Diu,State/UT,,3.2 - Kidnaping & Abduction in order to Murder Section 364 IPC,TRUE,0
2014,"Daman & Diu (pre-2020, separate UT)",Daman & Diu,State/UT,,3.3 - Kidnapping for Ransom Section 364A,TRUE,0
2014,"Daman & Diu (pre-2020, separate UT)",Daman & Diu,State/UT,,3.4 - Kidnapping & Abduction of Women to compel her for marriage,TRUE,0
2014,"Daman & Diu (pre-2020, separate UT)",Daman & Diu,State/UT,,3.5 - Kidnapping & Abduction of Women-Other,TRUE,0
2014,"Daman & Diu (pre-2020, separate UT)",Daman & Diu,State/UT,Dowry Deaths,4 - Dowry Deaths (Section 304-B IPC),FALSE,0
2014,"Daman & Diu (pre-2020, separate UT)",Daman & Diu,State/UT,Assault on Women with Intent to Outrage Modesty,5 - Assault on Women with intent to outrage her Modesty_Total (Section 354 IPC),FALSE,3
2014,"Daman & Diu (pre-2020, separate UT)",Daman & Diu,State/UT,,5.1 - Sexual Harassment,TRUE,3
2014,"Daman & Diu (pre-2020, separate UT)",Daman & Diu,State/UT,,5.2 - Assault on women with intent to Disrobe,TRUE,0
2014,"Daman & Diu (pre-2020, separate UT)",Daman & Diu,State/UT,,5.3 - Voyeurism,TRUE,0
2014,"Daman & Diu (pre-2020, separate UT)",Daman & Diu,State/UT,,5.4 - Stalking,TRUE,0
2014,"Daman & Diu (pre-2020, separate UT)",Daman & Diu,State/UT,,5.5 - Others,TRUE,0
2014,"Daman & Diu (pre-2020, separate UT)",Daman & Diu,State/UT,Insult to Modesty of Women,6 - Insult to the Modesty of Women_Total (Section 509 IPC),FALSE,0
2014,"Daman & Diu (pre-2020, separate UT)",Daman & Diu,State/UT,,6.1 - At Office premises,TRUE,0
2014,"Daman & Diu (pre-2020, separate UT)",Daman & Diu,State/UT,,6.2 - Other places related to work,TRUE,0
2014,"Daman & Diu (pre-2020, separate UT)",Daman & Diu,State/UT,,6.3 - In Public Transport system,TRUE,0
2014,"Daman & Diu (pre-2020, separate UT)",Daman & Diu,State/UT,,6.4 - in Other Places,TRUE,0
2014,"Daman & Diu (pre-2020, separate UT)",Daman & Diu,State/UT,Cruelty by Husband or Relatives,7 - Cruelty by Husband or his Relatives (Section 498A),FALSE,1
2014,"Daman & Diu (pre-2020, separate UT)",Daman & Diu,State/UT,Importation of Girls from Foreign Country,8 - Importation of Girls from Foreign Country (Section 366B IPC),FALSE,0
2014,"Daman & Diu (pre-2020, separate UT)",Daman & Diu,State/UT,Abetment of Suicide of Women,9 - Abetment of Suicides of Women u/s 306 IPC,FALSE,0
2014,Delhi,Delhi UT,State/UT,Rape,1 - Rape (Section 376 IPC),FALSE,2096
2014,Delhi,Delhi UT,State/UT,,1.1 - Custodial Rape,TRUE,0
2014,Delhi,Delhi UT,State/UT,,1.1.1 - Custodial_Gang Rape,TRUE,0
2014,Delhi,Delhi UT,State/UT,,1.1.2 - Custodial_Other Rape,TRUE,0
2014,Delhi,Delhi UT,State/UT,,1.2 - Rape other than Custodial,TRUE,2096
2014,Delhi,Delhi UT,State/UT,,1.2.1 - Rape_Gang Rape,TRUE,147
2014,Delhi,Delhi UT,State/UT,,1.2.2 - Rape_Others,TRUE,1949
2014,Delhi,Delhi UT,State/UT,Dowry Prohibition Act,"10 - Dowry Prohibition Act, 1961",FALSE,13
2014,Delhi,Delhi UT,State/UT,Indecent Representation of Women (Prevention) Act,"11 - Indecent Representation of Women (Prohibition) Act, 1986",FALSE,0
2014,Delhi,Delhi UT,State/UT,Commission of Sati (Prevention) Act,12 - Commission of Sati Prevention Act 1987,FALSE,0
2014,Delhi,Delhi UT,State/UT,Protection of Women from Domestic Violence Act,"13 - Protection of Women from Domestic Violence Act, 2005",FALSE,7
2014,Delhi,Delhi UT,State/UT,Immoral Traffic (Prevention) Act,14 - Immoral Traffic (Prevention) Act (Women Cases only),FALSE,8
2014,Delhi,Delhi UT,State/UT,,14.1 - Under ITP Section 5,TRUE,6
2014,Delhi,Delhi UT,State/UT,,14.2 - Under ITP Section 6,TRUE,0
2014,Delhi,Delhi UT,State/UT,,14.3 - Under ITP Section 7,TRUE,0
2014,Delhi,Delhi UT,State/UT,,14.4 - Under ITP Section 8,TRUE,1
2014,Delhi,Delhi UT,State/UT,,14.5 - Other Sections under ITP Act,TRUE,1
2014,Delhi,Delhi UT,State/UT,Total Crimes against Women,15 - Total Crimes against Women,FALSE,15265
2014,Delhi,Delhi UT,State/UT,Attempt to Commit Rape,2 - Attempt to commit Rape (Section 376 & 511 IPC),FALSE,70
2014,Delhi,Delhi UT,State/UT,Kidnapping & Abduction of Women,"3 - Kidnapping & Abduction of Women (Section 363,364,364A, 366-369 IPC)",FALSE,4034
2014,Delhi,Delhi UT,State/UT,,3.1 - Kidnaping & Abduction Section 363 IPC,TRUE,3731
2014,Delhi,Delhi UT,State/UT,,3.2 - Kidnaping & Abduction in order to Murder Section 364 IPC,TRUE,0
2014,Delhi,Delhi UT,State/UT,,3.3 - Kidnapping for Ransom Section 364A,TRUE,7
2014,Delhi,Delhi UT,State/UT,,3.4 - Kidnapping & Abduction of Women to compel her for marriage,TRUE,2
2014,Delhi,Delhi UT,State/UT,,3.5 - Kidnapping & Abduction of Women-Other,TRUE,294
2014,Delhi,Delhi UT,State/UT,Dowry Deaths,4 - Dowry Deaths (Section 304-B IPC),FALSE,153
2014,Delhi,Delhi UT,State/UT,Assault on Women with Intent to Outrage Modesty,5 - Assault on Women with intent to outrage her Modesty_Total (Section 354 IPC),FALSE,4322
2014,Delhi,Delhi UT,State/UT,,5.1 - Sexual Harassment,TRUE,1186
2014,Delhi,Delhi UT,State/UT,,5.2 - Assault on women with intent to Disrobe,TRUE,379
2014,Delhi,Delhi UT,State/UT,,5.3 - Voyeurism,TRUE,34
2014,Delhi,Delhi UT,State/UT,,5.4 - Stalking,TRUE,541
2014,Delhi,Delhi UT,State/UT,,5.5 - Others,TRUE,2182
2014,Delhi,Delhi UT,State/UT,Insult to Modesty of Women,6 - Insult to the Modesty of Women_Total (Section 509 IPC),FALSE,1361
2014,Delhi,Delhi UT,State/UT,,6.1 - At Office premises,TRUE,11
2014,Delhi,Delhi UT,State/UT,,6.2 - Other places related to work,TRUE,25
2014,Delhi,Delhi UT,State/UT,,6.3 - In Public Transport system,TRUE,8
2014,Delhi,Delhi UT,State/UT,,6.4 - in Other Places,TRUE,1317
2014,Delhi,Delhi UT,State/UT,Cruelty by Husband or Relatives,7 - Cruelty by Husband or his Relatives (Section 498A),FALSE,3173
2014,Delhi,Delhi UT,State/UT,Importation of Girls from Foreign Country,8 - Importation of Girls from Foreign Country (Section 366B IPC),FALSE,0
2014,Delhi,Delhi UT,State/UT,Abetment of Suicide of Women,9 - Abetment of Suicides of Women u/s 306 IPC,FALSE,28
2014,Goa,Goa,State/UT,Rape,1 - Rape (Section 376 IPC),FALSE,95
2014,Goa,Goa,State/UT,,1.1 - Custodial Rape,TRUE,0
2014,Goa,Goa,State/UT,,1.1.1 - Custodial_Gang Rape,TRUE,0
2014,Goa,Goa,State/UT,,1.1.2 - Custodial_Other Rape,TRUE,0
2014,Goa,Goa,State/UT,,1.2 - Rape other than Custodial,TRUE,95
2014,Goa,Goa,State/UT,,1.2.1 - Rape_Gang Rape,TRUE,2
2014,Goa,Goa,State/UT,,1.2.2 - Rape_Others,TRUE,93
2014,Goa,Goa,State/UT,Dowry Prohibition Act,"10 - Dowry Prohibition Act, 1961",FALSE,0
2014,Goa,Goa,State/UT,Indecent Representation of Women (Prevention) Act,"11 - Indecent Representation of Women (Prohibition) Act, 1986",FALSE,0
2014,Goa,Goa,State/UT,Commission of Sati (Prevention) Act,12 - Commission of Sati Prevention Act 1987,FALSE,0
2014,Goa,Goa,State/UT,Protection of Women from Domestic Violence Act,"13 - Protection of Women from Domestic Violence Act, 2005",FALSE,2
2014,Goa,Goa,State/UT,Immoral Traffic (Prevention) Act,14 - Immoral Traffic (Prevention) Act (Women Cases only),FALSE,9
2014,Goa,Goa,State/UT,,14.1 - Under ITP Section 5,TRUE,5
2014,Goa,Goa,State/UT,,14.2 - Under ITP Section 6,TRUE,0
2014,Goa,Goa,State/UT,,14.3 - Under ITP Section 7,TRUE,0
2014,Goa,Goa,State/UT,,14.4 - Under ITP Section 8,TRUE,0
2014,Goa,Goa,State/UT,,14.5 - Other Sections under ITP Act,TRUE,4
2014,Goa,Goa,State/UT,Total Crimes against Women,15 - Total Crimes against Women,FALSE,488
2014,Goa,Goa,State/UT,Attempt to Commit Rape,2 - Attempt to commit Rape (Section 376 & 511 IPC),FALSE,2
2014,Goa,Goa,State/UT,Kidnapping & Abduction of Women,"3 - Kidnapping & Abduction of Women (Section 363,364,364A, 366-369 IPC)",FALSE,86
2014,Goa,Goa,State/UT,,3.1 - Kidnaping & Abduction Section 363 IPC,TRUE,77
2014,Goa,Goa,State/UT,,3.2 - Kidnaping & Abduction in order to Murder Section 364 IPC,TRUE,0
2014,Goa,Goa,State/UT,,3.3 - Kidnapping for Ransom Section 364A,TRUE,0
2014,Goa,Goa,State/UT,,3.4 - Kidnapping & Abduction of Women to compel her for marriage,TRUE,0
2014,Goa,Goa,State/UT,,3.5 - Kidnapping & Abduction of Women-Other,TRUE,9
2014,Goa,Goa,State/UT,Dowry Deaths,4 - Dowry Deaths (Section 304-B IPC),FALSE,0
2014,Goa,Goa,State/UT,Assault on Women with Intent to Outrage Modesty,5 - Assault on Women with intent to outrage her Modesty_Total (Section 354 IPC),FALSE,202
2014,Goa,Goa,State/UT,,5.1 - Sexual Harassment,TRUE,50
2014,Goa,Goa,State/UT,,5.2 - Assault on women with intent to Disrobe,TRUE,7
2014,Goa,Goa,State/UT,,5.3 - Voyeurism,TRUE,11
2014,Goa,Goa,State/UT,,5.4 - Stalking,TRUE,25
2014,Goa,Goa,State/UT,,5.5 - Others,TRUE,109
2014,Goa,Goa,State/UT,Insult to Modesty of Women,6 - Insult to the Modesty of Women_Total (Section 509 IPC),FALSE,57
2014,Goa,Goa,State/UT,,6.1 - At Office premises,TRUE,1
2014,Goa,Goa,State/UT,,6.2 - Other places related to work,TRUE,1
2014,Goa,Goa,State/UT,,6.3 - In Public Transport system,TRUE,0
2014,Goa,Goa,State/UT,,6.4 - in Other Places,TRUE,55
2014,Goa,Goa,State/UT,Cruelty by Husband or Relatives,7 - Cruelty by Husband or his Relatives (Section 498A),FALSE,35
2014,Goa,Goa,State/UT,Importation of Girls from Foreign Country,8 - Importation of Girls from Foreign Country (Section 366B IPC),FALSE,0
2014,Goa,Goa,State/UT,Abetment of Suicide of Women,9 - Abetment of Suicides of Women u/s 306 IPC,FALSE,0
2014,Gujarat,Gujarat,State/UT,Rape,1 - Rape (Section 376 IPC),FALSE,841
2014,Gujarat,Gujarat,State/UT,,1.1 - Custodial Rape,TRUE,0
2014,Gujarat,Gujarat,State/UT,,1.1.1 - Custodial_Gang Rape,TRUE,0
2014,Gujarat,Gujarat,State/UT,,1.1.2 - Custodial_Other Rape,TRUE,0
2014,Gujarat,Gujarat,State/UT,,1.2 - Rape other than Custodial,TRUE,841
2014,Gujarat,Gujarat,State/UT,,1.2.1 - Rape_Gang Rape,TRUE,16
2014,Gujarat,Gujarat,State/UT,,1.2.2 - Rape_Others,TRUE,825
2014,Gujarat,Gujarat,State/UT,Dowry Prohibition Act,"10 - Dowry Prohibition Act, 1961",FALSE,53
2014,Gujarat,Gujarat,State/UT,Indecent Representation of Women (Prevention) Act,"11 - Indecent Representation of Women (Prohibition) Act, 1986",FALSE,0
2014,Gujarat,Gujarat,State/UT,Commission of Sati (Prevention) Act,12 - Commission of Sati Prevention Act 1987,FALSE,0
2014,Gujarat,Gujarat,State/UT,Protection of Women from Domestic Violence Act,"13 - Protection of Women from Domestic Violence Act, 2005",FALSE,2
2014,Gujarat,Gujarat,State/UT,Immoral Traffic (Prevention) Act,14 - Immoral Traffic (Prevention) Act (Women Cases only),FALSE,45
2014,Gujarat,Gujarat,State/UT,,14.1 - Under ITP Section 5,TRUE,18
2014,Gujarat,Gujarat,State/UT,,14.2 - Under ITP Section 6,TRUE,5
2014,Gujarat,Gujarat,State/UT,,14.3 - Under ITP Section 7,TRUE,1
2014,Gujarat,Gujarat,State/UT,,14.4 - Under ITP Section 8,TRUE,3
2014,Gujarat,Gujarat,State/UT,,14.5 - Other Sections under ITP Act,TRUE,18
2014,Gujarat,Gujarat,State/UT,Total Crimes against Women,15 - Total Crimes against Women,FALSE,10837
2014,Gujarat,Gujarat,State/UT,Attempt to Commit Rape,2 - Attempt to commit Rape (Section 376 & 511 IPC),FALSE,6
2014,Gujarat,Gujarat,State/UT,Kidnapping & Abduction of Women,"3 - Kidnapping & Abduction of Women (Section 363,364,364A, 366-369 IPC)",FALSE,2187
2014,Gujarat,Gujarat,State/UT,,3.1 - Kidnaping & Abduction Section 363 IPC,TRUE,617
2014,Gujarat,Gujarat,State/UT,,3.2 - Kidnaping & Abduction in order to Murder Section 364 IPC,TRUE,0
2014,Gujarat,Gujarat,State/UT,,3.3 - Kidnapping for Ransom Section 364A,TRUE,2
2014,Gujarat,Gujarat,State/UT,,3.4 - Kidnapping & Abduction of Women to compel her for marriage,TRUE,1378
2014,Gujarat,Gujarat,State/UT,,3.5 - Kidnapping & Abduction of Women-Other,TRUE,190
2014,Gujarat,Gujarat,State/UT,Dowry Deaths,4 - Dowry Deaths (Section 304-B IPC),FALSE,23
2014,Gujarat,Gujarat,State/UT,Assault on Women with Intent to Outrage Modesty,5 - Assault on Women with intent to outrage her Modesty_Total (Section 354 IPC),FALSE,1352
2014,Gujarat,Gujarat,State/UT,,5.1 - Sexual Harassment,TRUE,405
2014,Gujarat,Gujarat,State/UT,,5.2 - Assault on women with intent to Disrobe,TRUE,51
2014,Gujarat,Gujarat,State/UT,,5.3 - Voyeurism,TRUE,7
2014,Gujarat,Gujarat,State/UT,,5.4 - Stalking,TRUE,62
2014,Gujarat,Gujarat,State/UT,,5.5 - Others,TRUE,827
2014,Gujarat,Gujarat,State/UT,Insult to Modesty of Women,6 - Insult to the Modesty of Women_Total (Section 509 IPC),FALSE,173
2014,Gujarat,Gujarat,State/UT,,6.1 - At Office premises,TRUE,1
2014,Gujarat,Gujarat,State/UT,,6.2 - Other places related to work,TRUE,3
2014,Gujarat,Gujarat,State/UT,,6.3 - In Public Transport system,TRUE,0
2014,Gujarat,Gujarat,State/UT,,6.4 - in Other Places,TRUE,169
2014,Gujarat,Gujarat,State/UT,Cruelty by Husband or Relatives,7 - Cruelty by Husband or his Relatives (Section 498A),FALSE,5991
2014,Gujarat,Gujarat,State/UT,Importation of Girls from Foreign Country,8 - Importation of Girls from Foreign Country (Section 366B IPC),FALSE,0
2014,Gujarat,Gujarat,State/UT,Abetment of Suicide of Women,9 - Abetment of Suicides of Women u/s 306 IPC,FALSE,164
2014,Haryana,Haryana,State/UT,Rape,1 - Rape (Section 376 IPC),FALSE,1174
2014,Haryana,Haryana,State/UT,,1.1 - Custodial Rape,TRUE,0
2014,Haryana,Haryana,State/UT,,1.1.1 - Custodial_Gang Rape,TRUE,0
2014,Haryana,Haryana,State/UT,,1.1.2 - Custodial_Other Rape,TRUE,0
2014,Haryana,Haryana,State/UT,,1.2 - Rape other than Custodial,TRUE,1174
2014,Haryana,Haryana,State/UT,,1.2.1 - Rape_Gang Rape,TRUE,230
2014,Haryana,Haryana,State/UT,,1.2.2 - Rape_Others,TRUE,944
2014,Haryana,Haryana,State/UT,Dowry Prohibition Act,"10 - Dowry Prohibition Act, 1961",FALSE,13
2014,Haryana,Haryana,State/UT,Indecent Representation of Women (Prevention) Act,"11 - Indecent Representation of Women (Prohibition) Act, 1986",FALSE,1
2014,Haryana,Haryana,State/UT,Commission of Sati (Prevention) Act,12 - Commission of Sati Prevention Act 1987,FALSE,0
2014,Haryana,Haryana,State/UT,Protection of Women from Domestic Violence Act,"13 - Protection of Women from Domestic Violence Act, 2005",FALSE,4
2014,Haryana,Haryana,State/UT,Immoral Traffic (Prevention) Act,14 - Immoral Traffic (Prevention) Act (Women Cases only),FALSE,43
2014,Haryana,Haryana,State/UT,,14.1 - Under ITP Section 5,TRUE,17
2014,Haryana,Haryana,State/UT,,14.2 - Under ITP Section 6,TRUE,9
2014,Haryana,Haryana,State/UT,,14.3 - Under ITP Section 7,TRUE,1
2014,Haryana,Haryana,State/UT,,14.4 - Under ITP Section 8,TRUE,0
2014,Haryana,Haryana,State/UT,,14.5 - Other Sections under ITP Act,TRUE,16
2014,Haryana,Haryana,State/UT,Total Crimes against Women,15 - Total Crimes against Women,FALSE,8974
2014,Haryana,Haryana,State/UT,Attempt to Commit Rape,2 - Attempt to commit Rape (Section 376 & 511 IPC),FALSE,136
2014,Haryana,Haryana,State/UT,Kidnapping & Abduction of Women,"3 - Kidnapping & Abduction of Women (Section 363,364,364A, 366-369 IPC)",FALSE,1922
2014,Haryana,Haryana,State/UT,,3.1 - Kidnaping & Abduction Section 363 IPC,TRUE,113
2014,Haryana,Haryana,State/UT,,3.2 - Kidnaping & Abduction in order to Murder Section 364 IPC,TRUE,5
2014,Haryana,Haryana,State/UT,,3.3 - Kidnapping for Ransom Section 364A,TRUE,1
2014,Haryana,Haryana,State/UT,,3.4 - Kidnapping & Abduction of Women to compel her for marriage,TRUE,886
2014,Haryana,Haryana,State/UT,,3.5 - Kidnapping & Abduction of Women-Other,TRUE,917
2014,Haryana,Haryana,State/UT,Dowry Deaths,4 - Dowry Deaths (Section 304-B IPC),FALSE,293
2014,Haryana,Haryana,State/UT,Assault on Women with Intent to Outrage Modesty,5 - Assault on Women with intent to outrage her Modesty_Total (Section 354 IPC),FALSE,1688
2014,Haryana,Haryana,State/UT,,5.1 - Sexual Harassment,TRUE,599
2014,Haryana,Haryana,State/UT,,5.2 - Assault on women with intent to Disrobe,TRUE,229
2014,Haryana,Haryana,State/UT,,5.3 - Voyeurism,TRUE,26
2014,Haryana,Haryana,State/UT,,5.4 - Stalking,TRUE,284
2014,Haryana,Haryana,State/UT,,5.5 - Others,TRUE,550
2014,Haryana,Haryana,State/UT,Insult to Modesty of Women,6 - Insult to the Modesty of Women_Total (Section 509 IPC),FALSE,102
2014,Haryana,Haryana,State/UT,,6.1 - At Office premises,TRUE,1
2014,Haryana,Haryana,State/UT,,6.2 - Other places related to work,TRUE,1
2014,Haryana,Haryana,State/UT,,6.3 - In Public Transport system,TRUE,2
2014,Haryana,Haryana,State/UT,,6.4 - in Other Places,TRUE,98
2014,Haryana,Haryana,State/UT,Cruelty by Husband or Relatives,7 - Cruelty by Husband or his Relatives (Section 498A),FALSE,3478
2014,Haryana,Haryana,State/UT,Importation of Girls from Foreign Country,8 - Importation of Girls from Foreign Country (Section 366B IPC),FALSE,0
2014,Haryana,Haryana,State/UT,Abetment of Suicide of Women,9 - Abetment of Suicides of Women u/s 306 IPC,FALSE,120
2014,Himachal Pradesh,Himachal Pradesh,State/UT,Rape,1 - Rape (Section 376 IPC),FALSE,283
2014,Himachal Pradesh,Himachal Pradesh,State/UT,,1.1 - Custodial Rape,TRUE,0
2014,Himachal Pradesh,Himachal Pradesh,State/UT,,1.1.1 - Custodial_Gang Rape,TRUE,0
2014,Himachal Pradesh,Himachal Pradesh,State/UT,,1.1.2 - Custodial_Other Rape,TRUE,0
2014,Himachal Pradesh,Himachal Pradesh,State/UT,,1.2 - Rape other than Custodial,TRUE,283
2014,Himachal Pradesh,Himachal Pradesh,State/UT,,1.2.1 - Rape_Gang Rape,TRUE,6
2014,Himachal Pradesh,Himachal Pradesh,State/UT,,1.2.2 - Rape_Others,TRUE,277
2014,Himachal Pradesh,Himachal Pradesh,State/UT,Dowry Prohibition Act,"10 - Dowry Prohibition Act, 1961",FALSE,2
2014,Himachal Pradesh,Himachal Pradesh,State/UT,Indecent Representation of Women (Prevention) Act,"11 - Indecent Representation of Women (Prohibition) Act, 1986",FALSE,0
2014,Himachal Pradesh,Himachal Pradesh,State/UT,Commission of Sati (Prevention) Act,12 - Commission of Sati Prevention Act 1987,FALSE,0
2014,Himachal Pradesh,Himachal Pradesh,State/UT,Protection of Women from Domestic Violence Act,"13 - Protection of Women from Domestic Violence Act, 2005",FALSE,5
2014,Himachal Pradesh,Himachal Pradesh,State/UT,Immoral Traffic (Prevention) Act,14 - Immoral Traffic (Prevention) Act (Women Cases only),FALSE,5
2014,Himachal Pradesh,Himachal Pradesh,State/UT,,14.1 - Under ITP Section 5,TRUE,3
2014,Himachal Pradesh,Himachal Pradesh,State/UT,,14.2 - Under ITP Section 6,TRUE,1
2014,Himachal Pradesh,Himachal Pradesh,State/UT,,14.3 - Under ITP Section 7,TRUE,0
2014,Himachal Pradesh,Himachal Pradesh,State/UT,,14.4 - Under ITP Section 8,TRUE,0
2014,Himachal Pradesh,Himachal Pradesh,State/UT,,14.5 - Other Sections under ITP Act,TRUE,1
2014,Himachal Pradesh,Himachal Pradesh,State/UT,Total Crimes against Women,15 - Total Crimes against Women,FALSE,1517
2014,Himachal Pradesh,Himachal Pradesh,State/UT,Attempt to Commit Rape,2 - Attempt to commit Rape (Section 376 & 511 IPC),FALSE,5
2014,Himachal Pradesh,Himachal Pradesh,State/UT,Kidnapping & Abduction of Women,"3 - Kidnapping & Abduction of Women (Section 363,364,364A, 366-369 IPC)",FALSE,227
2014,Himachal Pradesh,Himachal Pradesh,State/UT,,3.1 - Kidnaping & Abduction Section 363 IPC,TRUE,32
2014,Himachal Pradesh,Himachal Pradesh,State/UT,,3.2 - Kidnaping & Abduction in order to Murder Section 364 IPC,TRUE,1
2014,Himachal Pradesh,Himachal Pradesh,State/UT,,3.3 - Kidnapping for Ransom Section 364A,TRUE,1
2014,Himachal Pradesh,Himachal Pradesh,State/UT,,3.4 - Kidnapping & Abduction of Women to compel her for marriage,TRUE,175
2014,Himachal Pradesh,Himachal Pradesh,State/UT,,3.5 - Kidnapping & Abduction of Women-Other,TRUE,18
2014,Himachal Pradesh,Himachal Pradesh,State/UT,Dowry Deaths,4 - Dowry Deaths (Section 304-B IPC),FALSE,1
2014,Himachal Pradesh,Himachal Pradesh,State/UT,Assault on Women with Intent to Outrage Modesty,5 - Assault on Women with intent to outrage her Modesty_Total (Section 354 IPC),FALSE,538
2014,Himachal Pradesh,Himachal Pradesh,State/UT,,5.1 - Sexual Harassment,TRUE,159
2014,Himachal Pradesh,Himachal Pradesh,State/UT,,5.2 - Assault on women with intent to Disrobe,TRUE,18
2014,Himachal Pradesh,Himachal Pradesh,State/UT,,5.3 - Voyeurism,TRUE,3
2014,Himachal Pradesh,Himachal Pradesh,State/UT,,5.4 - Stalking,TRUE,62
2014,Himachal Pradesh,Himachal Pradesh,State/UT,,5.5 - Others,TRUE,296
2014,Himachal Pradesh,Himachal Pradesh,State/UT,Insult to Modesty of Women,6 - Insult to the Modesty of Women_Total (Section 509 IPC),FALSE,60
2014,Himachal Pradesh,Himachal Pradesh,State/UT,,6.1 - At Office premises,TRUE,0
2014,Himachal Pradesh,Himachal Pradesh,State/UT,,6.2 - Other places related to work,TRUE,0
2014,Himachal Pradesh,Himachal Pradesh,State/UT,,6.3 - In Public Transport system,TRUE,0
2014,Himachal Pradesh,Himachal Pradesh,State/UT,,6.4 - in Other Places,TRUE,60
2014,Himachal Pradesh,Himachal Pradesh,State/UT,Cruelty by Husband or Relatives,7 - Cruelty by Husband or his Relatives (Section 498A),FALSE,325
2014,Himachal Pradesh,Himachal Pradesh,State/UT,Importation of Girls from Foreign Country,8 - Importation of Girls from Foreign Country (Section 366B IPC),FALSE,0
2014,Himachal Pradesh,Himachal Pradesh,State/UT,Abetment of Suicide of Women,9 - Abetment of Suicides of Women u/s 306 IPC,FALSE,66
2014,Jammu & Kashmir,Jammu & Kashmir,State/UT,Rape,1 - Rape (Section 376 IPC),FALSE,331
2014,Jammu & Kashmir,Jammu & Kashmir,State/UT,,1.1 - Custodial Rape,TRUE,0
2014,Jammu & Kashmir,Jammu & Kashmir,State/UT,,1.1.1 - Custodial_Gang Rape,TRUE,0
2014,Jammu & Kashmir,Jammu & Kashmir,State/UT,,1.1.2 - Custodial_Other Rape,TRUE,0
2014,Jammu & Kashmir,Jammu & Kashmir,State/UT,,1.2 - Rape other than Custodial,TRUE,331
2014,Jammu & Kashmir,Jammu & Kashmir,State/UT,,1.2.1 - Rape_Gang Rape,TRUE,0
2014,Jammu & Kashmir,Jammu & Kashmir,State/UT,,1.2.2 - Rape_Others,TRUE,331
2014,Jammu & Kashmir,Jammu & Kashmir,State/UT,Dowry Prohibition Act,"10 - Dowry Prohibition Act, 1961",FALSE,1
2014,Jammu & Kashmir,Jammu & Kashmir,State/UT,Indecent Representation of Women (Prevention) Act,"11 - Indecent Representation of Women (Prohibition) Act, 1986",FALSE,0
2014,Jammu & Kashmir,Jammu & Kashmir,State/UT,Commission of Sati (Prevention) Act,12 - Commission of Sati Prevention Act 1987,FALSE,0
2014,Jammu & Kashmir,Jammu & Kashmir,State/UT,Protection of Women from Domestic Violence Act,"13 - Protection of Women from Domestic Violence Act, 2005",FALSE,0
2014,Jammu & Kashmir,Jammu & Kashmir,State/UT,Immoral Traffic (Prevention) Act,14 - Immoral Traffic (Prevention) Act (Women Cases only),FALSE,1
2014,Jammu & Kashmir,Jammu & Kashmir,State/UT,,14.1 - Under ITP Section 5,TRUE,1
2014,Jammu & Kashmir,Jammu & Kashmir,State/UT,,14.2 - Under ITP Section 6,TRUE,0
2014,Jammu & Kashmir,Jammu & Kashmir,State/UT,,14.3 - Under ITP Section 7,TRUE,0
2014,Jammu & Kashmir,Jammu & Kashmir,State/UT,,14.4 - Under ITP Section 8,TRUE,0
2014,Jammu & Kashmir,Jammu & Kashmir,State/UT,,14.5 - Other Sections under ITP Act,TRUE,0
2014,Jammu & Kashmir,Jammu & Kashmir,State/UT,Total Crimes against Women,15 - Total Crimes against Women,FALSE,3321
2014,Jammu & Kashmir,Jammu & Kashmir,State/UT,Attempt to Commit Rape,2 - Attempt to commit Rape (Section 376 & 511 IPC),FALSE,20
2014,Jammu & Kashmir,Jammu & Kashmir,State/UT,Kidnapping & Abduction of Women,"3 - Kidnapping & Abduction of Women (Section 363,364,364A, 366-369 IPC)",FALSE,813
2014,Jammu & Kashmir,Jammu & Kashmir,State/UT,,3.1 - Kidnaping & Abduction Section 363 IPC,TRUE,285
2014,Jammu & Kashmir,Jammu & Kashmir,State/UT,,3.2 - Kidnaping & Abduction in order to Murder Section 364 IPC,TRUE,1
2014,Jammu & Kashmir,Jammu & Kashmir,State/UT,,3.3 - Kidnapping for Ransom Section 364A,TRUE,0
2014,Jammu & Kashmir,Jammu & Kashmir,State/UT,,3.4 - Kidnapping & Abduction of Women to compel her for marriage,TRUE,236
2014,Jammu & Kashmir,Jammu & Kashmir,State/UT,,3.5 - Kidnapping & Abduction of Women-Other,TRUE,291
2014,Jammu & Kashmir,Jammu & Kashmir,State/UT,Dowry Deaths,4 - Dowry Deaths (Section 304-B IPC),FALSE,5
2014,Jammu & Kashmir,Jammu & Kashmir,State/UT,Assault on Women with Intent to Outrage Modesty,5 - Assault on Women with intent to outrage her Modesty_Total (Section 354 IPC),FALSE,1421
2014,Jammu & Kashmir,Jammu & Kashmir,State/UT,,5.1 - Sexual Harassment,TRUE,242
2014,Jammu & Kashmir,Jammu & Kashmir,State/UT,,5.2 - Assault on women with intent to Disrobe,TRUE,123
2014,Jammu & Kashmir,Jammu & Kashmir,State/UT,,5.3 - Voyeurism,TRUE,0
2014,Jammu & Kashmir,Jammu & Kashmir,State/UT,,5.4 - Stalking,TRUE,1
2014,Jammu & Kashmir,Jammu & Kashmir,State/UT,,5.5 - Others,TRUE,1055
2014,Jammu & Kashmir,Jammu & Kashmir,State/UT,Insult to Modesty of Women,6 - Insult to the Modesty of Women_Total (Section 509 IPC),FALSE,237
2014,Jammu & Kashmir,Jammu & Kashmir,State/UT,,6.1 - At Office premises,TRUE,0
2014,Jammu & Kashmir,Jammu & Kashmir,State/UT,,6.2 - Other places related to work,TRUE,8
2014,Jammu & Kashmir,Jammu & Kashmir,State/UT,,6.3 - In Public Transport system,TRUE,6
2014,Jammu & Kashmir,Jammu & Kashmir,State/UT,,6.4 - in Other Places,TRUE,223
2014,Jammu & Kashmir,Jammu & Kashmir,State/UT,Cruelty by Husband or Relatives,7 - Cruelty by Husband or his Relatives (Section 498A),FALSE,467
2014,Jammu & Kashmir,Jammu & Kashmir,State/UT,Importation of Girls from Foreign Country,8 - Importation of Girls from Foreign Country (Section 366B IPC),FALSE,0
2014,Jammu & Kashmir,Jammu & Kashmir,State/UT,Abetment of Suicide of Women,9 - Abetment of Suicides of Women u/s 306 IPC,FALSE,25
2014,Jharkhand,Jharkhand,State/UT,Rape,1 - Rape (Section 376 IPC),FALSE,1050
2014,Jharkhand,Jharkhand,State/UT,,1.1 - Custodial Rape,TRUE,0
2014,Jharkhand,Jharkhand,State/UT,,1.1.1 - Custodial_Gang Rape,TRUE,0
2014,Jharkhand,Jharkhand,State/UT,,1.1.2 - Custodial_Other Rape,TRUE,0
2014,Jharkhand,Jharkhand,State/UT,,1.2 - Rape other than Custodial,TRUE,1050
2014,Jharkhand,Jharkhand,State/UT,,1.2.1 - Rape_Gang Rape,TRUE,52
2014,Jharkhand,Jharkhand,State/UT,,1.2.2 - Rape_Others,TRUE,998
2014,Jharkhand,Jharkhand,State/UT,Dowry Prohibition Act,"10 - Dowry Prohibition Act, 1961",FALSE,1538
2014,Jharkhand,Jharkhand,State/UT,Indecent Representation of Women (Prevention) Act,"11 - Indecent Representation of Women (Prohibition) Act, 1986",FALSE,2
2014,Jharkhand,Jharkhand,State/UT,Commission of Sati (Prevention) Act,12 - Commission of Sati Prevention Act 1987,FALSE,0
2014,Jharkhand,Jharkhand,State/UT,Protection of Women from Domestic Violence Act,"13 - Protection of Women from Domestic Violence Act, 2005",FALSE,5
2014,Jharkhand,Jharkhand,State/UT,Immoral Traffic (Prevention) Act,14 - Immoral Traffic (Prevention) Act (Women Cases only),FALSE,11
2014,Jharkhand,Jharkhand,State/UT,,14.1 - Under ITP Section 5,TRUE,6
2014,Jharkhand,Jharkhand,State/UT,,14.2 - Under ITP Section 6,TRUE,1
2014,Jharkhand,Jharkhand,State/UT,,14.3 - Under ITP Section 7,TRUE,0
2014,Jharkhand,Jharkhand,State/UT,,14.4 - Under ITP Section 8,TRUE,0
2014,Jharkhand,Jharkhand,State/UT,,14.5 - Other Sections under ITP Act,TRUE,4
2014,Jharkhand,Jharkhand,State/UT,Total Crimes against Women,15 - Total Crimes against Women,FALSE,5972
2014,Jharkhand,Jharkhand,State/UT,Attempt to Commit Rape,2 - Attempt to commit Rape (Section 376 & 511 IPC),FALSE,208
2014,Jharkhand,Jharkhand,State/UT,Kidnapping & Abduction of Women,"3 - Kidnapping & Abduction of Women (Section 363,364,364A, 366-369 IPC)",FALSE,885
2014,Jharkhand,Jharkhand,State/UT,,3.1 - Kidnaping & Abduction Section 363 IPC,TRUE,26
2014,Jharkhand,Jharkhand,State/UT,,3.2 - Kidnaping & Abduction in order to Murder Section 364 IPC,TRUE,2
2014,Jharkhand,Jharkhand,State/UT,,3.3 - Kidnapping for Ransom Section 364A,TRUE,2
2014,Jharkhand,Jharkhand,State/UT,,3.4 - Kidnapping & Abduction of Women to compel her for marriage,TRUE,819
2014,Jharkhand,Jharkhand,State/UT,,3.5 - Kidnapping & Abduction of Women-Other,TRUE,36
2014,Jharkhand,Jharkhand,State/UT,Dowry Deaths,4 - Dowry Deaths (Section 304-B IPC),FALSE,350
2014,Jharkhand,Jharkhand,State/UT,Assault on Women with Intent to Outrage Modesty,5 - Assault on Women with intent to outrage her Modesty_Total (Section 354 IPC),FALSE,440
2014,Jharkhand,Jharkhand,State/UT,,5.1 - Sexual Harassment,TRUE,114
2014,Jharkhand,Jharkhand,State/UT,,5.2 - Assault on women with intent to Disrobe,TRUE,65
2014,Jharkhand,Jharkhand,State/UT,,5.3 - Voyeurism,TRUE,0
2014,Jharkhand,Jharkhand,State/UT,,5.4 - Stalking,TRUE,5
2014,Jharkhand,Jharkhand,State/UT,,5.5 - Others,TRUE,256
2014,Jharkhand,Jharkhand,State/UT,Insult to Modesty of Women,6 - Insult to the Modesty of Women_Total (Section 509 IPC),FALSE,18
2014,Jharkhand,Jharkhand,State/UT,,6.1 - At Office premises,TRUE,0
2014,Jharkhand,Jharkhand,State/UT,,6.2 - Other places related to work,TRUE,1
2014,Jharkhand,Jharkhand,State/UT,,6.3 - In Public Transport system,TRUE,0
2014,Jharkhand,Jharkhand,State/UT,,6.4 - in Other Places,TRUE,17
2014,Jharkhand,Jharkhand,State/UT,Cruelty by Husband or Relatives,7 - Cruelty by Husband or his Relatives (Section 498A),FALSE,1462
2014,Jharkhand,Jharkhand,State/UT,Importation of Girls from Foreign Country,8 - Importation of Girls from Foreign Country (Section 366B IPC),FALSE,2
2014,Jharkhand,Jharkhand,State/UT,Abetment of Suicide of Women,9 - Abetment of Suicides of Women u/s 306 IPC,FALSE,1
2014,Karnataka,Karnataka,State/UT,Rape,1 - Rape (Section 376 IPC),FALSE,1324
2014,Karnataka,Karnataka,State/UT,,1.1 - Custodial Rape,TRUE,0
2014,Karnataka,Karnataka,State/UT,,1.1.1 - Custodial_Gang Rape,TRUE,0
2014,Karnataka,Karnataka,State/UT,,1.1.2 - Custodial_Other Rape,TRUE,0
2014,Karnataka,Karnataka,State/UT,,1.2 - Rape other than Custodial,TRUE,1324
2014,Karnataka,Karnataka,State/UT,,1.2.1 - Rape_Gang Rape,TRUE,25
2014,Karnataka,Karnataka,State/UT,,1.2.2 - Rape_Others,TRUE,1299
2014,Karnataka,Karnataka,State/UT,Dowry Prohibition Act,"10 - Dowry Prohibition Act, 1961",FALSE,1730
2014,Karnataka,Karnataka,State/UT,Indecent Representation of Women (Prevention) Act,"11 - Indecent Representation of Women (Prohibition) Act, 1986",FALSE,0
2014,Karnataka,Karnataka,State/UT,Commission of Sati (Prevention) Act,12 - Commission of Sati Prevention Act 1987,FALSE,0
2014,Karnataka,Karnataka,State/UT,Protection of Women from Domestic Violence Act,"13 - Protection of Women from Domestic Violence Act, 2005",FALSE,0
2014,Karnataka,Karnataka,State/UT,Immoral Traffic (Prevention) Act,14 - Immoral Traffic (Prevention) Act (Women Cases only),FALSE,388
2014,Karnataka,Karnataka,State/UT,,14.1 - Under ITP Section 5,TRUE,104
2014,Karnataka,Karnataka,State/UT,,14.2 - Under ITP Section 6,TRUE,4
2014,Karnataka,Karnataka,State/UT,,14.3 - Under ITP Section 7,TRUE,39
2014,Karnataka,Karnataka,State/UT,,14.4 - Under ITP Section 8,TRUE,21
2014,Karnataka,Karnataka,State/UT,,14.5 - Other Sections under ITP Act,TRUE,220
2014,Karnataka,Karnataka,State/UT,Total Crimes against Women,15 - Total Crimes against Women,FALSE,13914
2014,Karnataka,Karnataka,State/UT,Attempt to Commit Rape,2 - Attempt to commit Rape (Section 376 & 511 IPC),FALSE,22
2014,Karnataka,Karnataka,State/UT,Kidnapping & Abduction of Women,"3 - Kidnapping & Abduction of Women (Section 363,364,364A, 366-369 IPC)",FALSE,1457
2014,Karnataka,Karnataka,State/UT,,3.1 - Kidnaping & Abduction Section 363 IPC,TRUE,769
2014,Karnataka,Karnataka,State/UT,,3.2 - Kidnaping & Abduction in order to Murder Section 364 IPC,TRUE,0
2014,Karnataka,Karnataka,State/UT,,3.3 - Kidnapping for Ransom Section 364A,TRUE,8
2014,Karnataka,Karnataka,State/UT,,3.4 - Kidnapping & Abduction of Women to compel her for marriage,TRUE,210
2014,Karnataka,Karnataka,State/UT,,3.5 - Kidnapping & Abduction of Women-Other,TRUE,470
2014,Karnataka,Karnataka,State/UT,Dowry Deaths,4 - Dowry Deaths (Section 304-B IPC),FALSE,313
2014,Karnataka,Karnataka,State/UT,Assault on Women with Intent to Outrage Modesty,5 - Assault on Women with intent to outrage her Modesty_Total (Section 354 IPC),FALSE,5263
2014,Karnataka,Karnataka,State/UT,,5.1 - Sexual Harassment,TRUE,253
2014,Karnataka,Karnataka,State/UT,,5.2 - Assault on women with intent to Disrobe,TRUE,163
2014,Karnataka,Karnataka,State/UT,,5.3 - Voyeurism,TRUE,8
2014,Karnataka,Karnataka,State/UT,,5.4 - Stalking,TRUE,64
2014,Karnataka,Karnataka,State/UT,,5.5 - Others,TRUE,4775
2014,Karnataka,Karnataka,State/UT,Insult to Modesty of Women,6 - Insult to the Modesty of Women_Total (Section 509 IPC),FALSE,170
2014,Karnataka,Karnataka,State/UT,,6.1 - At Office premises,TRUE,3
2014,Karnataka,Karnataka,State/UT,,6.2 - Other places related to work,TRUE,9
2014,Karnataka,Karnataka,State/UT,,6.3 - In Public Transport system,TRUE,1
2014,Karnataka,Karnataka,State/UT,,6.4 - in Other Places,TRUE,157
2014,Karnataka,Karnataka,State/UT,Cruelty by Husband or Relatives,7 - Cruelty by Husband or his Relatives (Section 498A),FALSE,3025
2014,Karnataka,Karnataka,State/UT,Importation of Girls from Foreign Country,8 - Importation of Girls from Foreign Country (Section 366B IPC),FALSE,0
2014,Karnataka,Karnataka,State/UT,Abetment of Suicide of Women,9 - Abetment of Suicides of Women u/s 306 IPC,FALSE,222
2014,Kerala,Kerala,State/UT,Rape,1 - Rape (Section 376 IPC),FALSE,1347
2014,Kerala,Kerala,State/UT,,1.1 - Custodial Rape,TRUE,0
2014,Kerala,Kerala,State/UT,,1.1.1 - Custodial_Gang Rape,TRUE,0
2014,Kerala,Kerala,State/UT,,1.1.2 - Custodial_Other Rape,TRUE,0
2014,Kerala,Kerala,State/UT,,1.2 - Rape other than Custodial,TRUE,1347
2014,Kerala,Kerala,State/UT,,1.2.1 - Rape_Gang Rape,TRUE,8
2014,Kerala,Kerala,State/UT,,1.2.2 - Rape_Others,TRUE,1339
2014,Kerala,Kerala,State/UT,Dowry Prohibition Act,"10 - Dowry Prohibition Act, 1961",FALSE,3
2014,Kerala,Kerala,State/UT,Indecent Representation of Women (Prevention) Act,"11 - Indecent Representation of Women (Prohibition) Act, 1986",FALSE,11
2014,Kerala,Kerala,State/UT,Commission of Sati (Prevention) Act,12 - Commission of Sati Prevention Act 1987,FALSE,0
2014,Kerala,Kerala,State/UT,Protection of Women from Domestic Violence Act,"13 - Protection of Women from Domestic Violence Act, 2005",FALSE,140
2014,Kerala,Kerala,State/UT,Immoral Traffic (Prevention) Act,14 - Immoral Traffic (Prevention) Act (Women Cases only),FALSE,91
2014,Kerala,Kerala,State/UT,,14.1 - Under ITP Section 5,TRUE,4
2014,Kerala,Kerala,State/UT,,14.2 - Under ITP Section 6,TRUE,0
2014,Kerala,Kerala,State/UT,,14.3 - Under ITP Section 7,TRUE,28
2014,Kerala,Kerala,State/UT,,14.4 - Under ITP Section 8,TRUE,48
2014,Kerala,Kerala,State/UT,,14.5 - Other Sections under ITP Act,TRUE,11
2014,Kerala,Kerala,State/UT,Total Crimes against Women,15 - Total Crimes against Women,FALSE,11380
2014,Kerala,Kerala,State/UT,Attempt to Commit Rape,2 - Attempt to commit Rape (Section 376 & 511 IPC),FALSE,36
2014,Kerala,Kerala,State/UT,Kidnapping & Abduction of Women,"3 - Kidnapping & Abduction of Women (Section 363,364,364A, 366-369 IPC)",FALSE,143
2014,Kerala,Kerala,State/UT,,3.1 - Kidnaping & Abduction Section 363 IPC,TRUE,24
2014,Kerala,Kerala,State/UT,,3.2 - Kidnaping & Abduction in order to Murder Section 364 IPC,TRUE,0
2014,Kerala,Kerala,State/UT,,3.3 - Kidnapping for Ransom Section 364A,TRUE,0
2014,Kerala,Kerala,State/UT,,3.4 - Kidnapping & Abduction of Women to compel her for marriage,TRUE,89
2014,Kerala,Kerala,State/UT,,3.5 - Kidnapping & Abduction of Women-Other,TRUE,30
2014,Kerala,Kerala,State/UT,Dowry Deaths,4 - Dowry Deaths (Section 304-B IPC),FALSE,28
2014,Kerala,Kerala,State/UT,Assault on Women with Intent to Outrage Modesty,5 - Assault on Women with intent to outrage her Modesty_Total (Section 354 IPC),FALSE,4367
2014,Kerala,Kerala,State/UT,,5.1 - Sexual Harassment,TRUE,980
2014,Kerala,Kerala,State/UT,,5.2 - Assault on women with intent to Disrobe,TRUE,398
2014,Kerala,Kerala,State/UT,,5.3 - Voyeurism,TRUE,18
2014,Kerala,Kerala,State/UT,,5.4 - Stalking,TRUE,37
2014,Kerala,Kerala,State/UT,,5.5 - Others,TRUE,2934
2014,Kerala,Kerala,State/UT,Insult to Modesty of Women,6 - Insult to the Modesty of Women_Total (Section 509 IPC),FALSE,257
2014,Kerala,Kerala,State/UT,,6.1 - At Office premises,TRUE,6
2014,Kerala,Kerala,State/UT,,6.2 - Other places related to work,TRUE,3
2014,Kerala,Kerala,State/UT,,6.3 - In Public Transport system,TRUE,11
2014,Kerala,Kerala,State/UT,,6.4 - in Other Places,TRUE,237
2014,Kerala,Kerala,State/UT,Cruelty by Husband or Relatives,7 - Cruelty by Husband or his Relatives (Section 498A),FALSE,4919
2014,Kerala,Kerala,State/UT,Importation of Girls from Foreign Country,8 - Importation of Girls from Foreign Country (Section 366B IPC),FALSE,0
2014,Kerala,Kerala,State/UT,Abetment of Suicide of Women,9 - Abetment of Suicides of Women u/s 306 IPC,FALSE,38
2014,Lakshadweep,Lakshadweep,State/UT,Rape,1 - Rape (Section 376 IPC),FALSE,1
2014,Lakshadweep,Lakshadweep,State/UT,,1.1 - Custodial Rape,TRUE,0
2014,Lakshadweep,Lakshadweep,State/UT,,1.1.1 - Custodial_Gang Rape,TRUE,0
2014,Lakshadweep,Lakshadweep,State/UT,,1.1.2 - Custodial_Other Rape,TRUE,0
2014,Lakshadweep,Lakshadweep,State/UT,,1.2 - Rape other than Custodial,TRUE,1
2014,Lakshadweep,Lakshadweep,State/UT,,1.2.1 - Rape_Gang Rape,TRUE,0
2014,Lakshadweep,Lakshadweep,State/UT,,1.2.2 - Rape_Others,TRUE,1
2014,Lakshadweep,Lakshadweep,State/UT,Dowry Prohibition Act,"10 - Dowry Prohibition Act, 1961",FALSE,0
2014,Lakshadweep,Lakshadweep,State/UT,Indecent Representation of Women (Prevention) Act,"11 - Indecent Representation of Women (Prohibition) Act, 1986",FALSE,0
2014,Lakshadweep,Lakshadweep,State/UT,Commission of Sati (Prevention) Act,12 - Commission of Sati Prevention Act 1987,FALSE,0
2014,Lakshadweep,Lakshadweep,State/UT,Protection of Women from Domestic Violence Act,"13 - Protection of Women from Domestic Violence Act, 2005",FALSE,0
2014,Lakshadweep,Lakshadweep,State/UT,Immoral Traffic (Prevention) Act,14 - Immoral Traffic (Prevention) Act (Women Cases only),FALSE,0
2014,Lakshadweep,Lakshadweep,State/UT,,14.1 - Under ITP Section 5,TRUE,0
2014,Lakshadweep,Lakshadweep,State/UT,,14.2 - Under ITP Section 6,TRUE,0
2014,Lakshadweep,Lakshadweep,State/UT,,14.3 - Under ITP Section 7,TRUE,0
2014,Lakshadweep,Lakshadweep,State/UT,,14.4 - Under ITP Section 8,TRUE,0
2014,Lakshadweep,Lakshadweep,State/UT,,14.5 - Other Sections under ITP Act,TRUE,0
2014,Lakshadweep,Lakshadweep,State/UT,Total Crimes against Women,15 - Total Crimes against Women,FALSE,4
2014,Lakshadweep,Lakshadweep,State/UT,Attempt to Commit Rape,2 - Attempt to commit Rape (Section 376 & 511 IPC),FALSE,0
2014,Lakshadweep,Lakshadweep,State/UT,Kidnapping & Abduction of Women,"3 - Kidnapping & Abduction of Women (Section 363,364,364A, 366-369 IPC)",FALSE,0
2014,Lakshadweep,Lakshadweep,State/UT,,3.1 - Kidnaping & Abduction Section 363 IPC,TRUE,0
2014,Lakshadweep,Lakshadweep,State/UT,,3.2 - Kidnaping & Abduction in order to Murder Section 364 IPC,TRUE,0
2014,Lakshadweep,Lakshadweep,State/UT,,3.3 - Kidnapping for Ransom Section 364A,TRUE,0
2014,Lakshadweep,Lakshadweep,State/UT,,3.4 - Kidnapping & Abduction of Women to compel her for marriage,TRUE,0
2014,Lakshadweep,Lakshadweep,State/UT,,3.5 - Kidnapping & Abduction of Women-Other,TRUE,0
2014,Lakshadweep,Lakshadweep,State/UT,Dowry Deaths,4 - Dowry Deaths (Section 304-B IPC),FALSE,0
2014,Lakshadweep,Lakshadweep,State/UT,Assault on Women with Intent to Outrage Modesty,5 - Assault on Women with intent to outrage her Modesty_Total (Section 354 IPC),FALSE,1
2014,Lakshadweep,Lakshadweep,State/UT,,5.1 - Sexual Harassment,TRUE,0
2014,Lakshadweep,Lakshadweep,State/UT,,5.2 - Assault on women with intent to Disrobe,TRUE,0
2014,Lakshadweep,Lakshadweep,State/UT,,5.3 - Voyeurism,TRUE,0
2014,Lakshadweep,Lakshadweep,State/UT,,5.4 - Stalking,TRUE,0
2014,Lakshadweep,Lakshadweep,State/UT,,5.5 - Others,TRUE,1
2014,Lakshadweep,Lakshadweep,State/UT,Insult to Modesty of Women,6 - Insult to the Modesty of Women_Total (Section 509 IPC),FALSE,2
2014,Lakshadweep,Lakshadweep,State/UT,,6.1 - At Office premises,TRUE,0
2014,Lakshadweep,Lakshadweep,State/UT,,6.2 - Other places related to work,TRUE,0
2014,Lakshadweep,Lakshadweep,State/UT,,6.3 - In Public Transport system,TRUE,0
2014,Lakshadweep,Lakshadweep,State/UT,,6.4 - in Other Places,TRUE,2
2014,Lakshadweep,Lakshadweep,State/UT,Cruelty by Husband or Relatives,7 - Cruelty by Husband or his Relatives (Section 498A),FALSE,0
2014,Lakshadweep,Lakshadweep,State/UT,Importation of Girls from Foreign Country,8 - Importation of Girls from Foreign Country (Section 366B IPC),FALSE,0
2014,Lakshadweep,Lakshadweep,State/UT,Abetment of Suicide of Women,9 - Abetment of Suicides of Women u/s 306 IPC,FALSE,0
2014,Madhya Pradesh,Madhya Pradesh,State/UT,Rape,1 - Rape (Section 376 IPC),FALSE,5076
2014,Madhya Pradesh,Madhya Pradesh,State/UT,,1.1 - Custodial Rape,TRUE,0
2014,Madhya Pradesh,Madhya Pradesh,State/UT,,1.1.1 - Custodial_Gang Rape,TRUE,0
2014,Madhya Pradesh,Madhya Pradesh,State/UT,,1.1.2 - Custodial_Other Rape,TRUE,0
2014,Madhya Pradesh,Madhya Pradesh,State/UT,,1.2 - Rape other than Custodial,TRUE,5076
2014,Madhya Pradesh,Madhya Pradesh,State/UT,,1.2.1 - Rape_Gang Rape,TRUE,284
2014,Madhya Pradesh,Madhya Pradesh,State/UT,,1.2.2 - Rape_Others,TRUE,4792
2014,Madhya Pradesh,Madhya Pradesh,State/UT,Dowry Prohibition Act,"10 - Dowry Prohibition Act, 1961",FALSE,113
2014,Madhya Pradesh,Madhya Pradesh,State/UT,Indecent Representation of Women (Prevention) Act,"11 - Indecent Representation of Women (Prohibition) Act, 1986",FALSE,0
2014,Madhya Pradesh,Madhya Pradesh,State/UT,Commission of Sati (Prevention) Act,12 - Commission of Sati Prevention Act 1987,FALSE,0
2014,Madhya Pradesh,Madhya Pradesh,State/UT,Protection of Women from Domestic Violence Act,"13 - Protection of Women from Domestic Violence Act, 2005",FALSE,53
2014,Madhya Pradesh,Madhya Pradesh,State/UT,Immoral Traffic (Prevention) Act,14 - Immoral Traffic (Prevention) Act (Women Cases only),FALSE,15
2014,Madhya Pradesh,Madhya Pradesh,State/UT,,14.1 - Under ITP Section 5,TRUE,2
2014,Madhya Pradesh,Madhya Pradesh,State/UT,,14.2 - Under ITP Section 6,TRUE,0
2014,Madhya Pradesh,Madhya Pradesh,State/UT,,14.3 - Under ITP Section 7,TRUE,2
2014,Madhya Pradesh,Madhya Pradesh,State/UT,,14.4 - Under ITP Section 8,TRUE,0
2014,Madhya Pradesh,Madhya Pradesh,State/UT,,14.5 - Other Sections under ITP Act,TRUE,11
2014,Madhya Pradesh,Madhya Pradesh,State/UT,Total Crimes against Women,15 - Total Crimes against Women,FALSE,28678
2014,Madhya Pradesh,Madhya Pradesh,State/UT,Attempt to Commit Rape,2 - Attempt to commit Rape (Section 376 & 511 IPC),FALSE,56
2014,Madhya Pradesh,Madhya Pradesh,State/UT,Kidnapping & Abduction of Women,"3 - Kidnapping & Abduction of Women (Section 363,364,364A, 366-369 IPC)",FALSE,5688
2014,Madhya Pradesh,Madhya Pradesh,State/UT,,3.1 - Kidnaping & Abduction Section 363 IPC,TRUE,2233
2014,Madhya Pradesh,Madhya Pradesh,State/UT,,3.2 - Kidnaping & Abduction in order to Murder Section 364 IPC,TRUE,9
2014,Madhya Pradesh,Madhya Pradesh,State/UT,,3.3 - Kidnapping for Ransom Section 364A,TRUE,2
2014,Madhya Pradesh,Madhya Pradesh,State/UT,,3.4 - Kidnapping & Abduction of Women to compel her for marriage,TRUE,2364
2014,Madhya Pradesh,Madhya Pradesh,State/UT,,3.5 - Kidnapping & Abduction of Women-Other,TRUE,1080
2014,Madhya Pradesh,Madhya Pradesh,State/UT,Dowry Deaths,4 - Dowry Deaths (Section 304-B IPC),FALSE,733
2014,Madhya Pradesh,Madhya Pradesh,State/UT,Assault on Women with Intent to Outrage Modesty,5 - Assault on Women with intent to outrage her Modesty_Total (Section 354 IPC),FALSE,9609
2014,Madhya Pradesh,Madhya Pradesh,State/UT,,5.1 - Sexual Harassment,TRUE,3163
2014,Madhya Pradesh,Madhya Pradesh,State/UT,,5.2 - Assault on women with intent to Disrobe,TRUE,132
2014,Madhya Pradesh,Madhya Pradesh,State/UT,,5.3 - Voyeurism,TRUE,86
2014,Madhya Pradesh,Madhya Pradesh,State/UT,,5.4 - Stalking,TRUE,401
2014,Madhya Pradesh,Madhya Pradesh,State/UT,,5.5 - Others,TRUE,5827
2014,Madhya Pradesh,Madhya Pradesh,State/UT,Insult to Modesty of Women,6 - Insult to the Modesty of Women_Total (Section 509 IPC),FALSE,429
2014,Madhya Pradesh,Madhya Pradesh,State/UT,,6.1 - At Office premises,TRUE,1
2014,Madhya Pradesh,Madhya Pradesh,State/UT,,6.2 - Other places related to work,TRUE,21
2014,Madhya Pradesh,Madhya Pradesh,State/UT,,6.3 - In Public Transport system,TRUE,3
2014,Madhya Pradesh,Madhya Pradesh,State/UT,,6.4 - in Other Places,TRUE,404
2014,Madhya Pradesh,Madhya Pradesh,State/UT,Cruelty by Husband or Relatives,7 - Cruelty by Husband or his Relatives (Section 498A),FALSE,6451
2014,Madhya Pradesh,Madhya Pradesh,State/UT,Importation of Girls from Foreign Country,8 - Importation of Girls from Foreign Country (Section 366B IPC),FALSE,0
2014,Madhya Pradesh,Madhya Pradesh,State/UT,Abetment of Suicide of Women,9 - Abetment of Suicides of Women u/s 306 IPC,FALSE,455
2014,Maharashtra,Maharashtra,State/UT,Rape,1 - Rape (Section 376 IPC),FALSE,3438
2014,Maharashtra,Maharashtra,State/UT,,1.1 - Custodial Rape,TRUE,0
2014,Maharashtra,Maharashtra,State/UT,,1.1.1 - Custodial_Gang Rape,TRUE,0
2014,Maharashtra,Maharashtra,State/UT,,1.1.2 - Custodial_Other Rape,TRUE,0
2014,Maharashtra,Maharashtra,State/UT,,1.2 - Rape other than Custodial,TRUE,3438
2014,Maharashtra,Maharashtra,State/UT,,1.2.1 - Rape_Gang Rape,TRUE,126
2014,Maharashtra,Maharashtra,State/UT,,1.2.2 - Rape_Others,TRUE,3312
2014,Maharashtra,Maharashtra,State/UT,Dowry Prohibition Act,"10 - Dowry Prohibition Act, 1961",FALSE,39
2014,Maharashtra,Maharashtra,State/UT,Indecent Representation of Women (Prevention) Act,"11 - Indecent Representation of Women (Prohibition) Act, 1986",FALSE,0
2014,Maharashtra,Maharashtra,State/UT,Commission of Sati (Prevention) Act,12 - Commission of Sati Prevention Act 1987,FALSE,0
2014,Maharashtra,Maharashtra,State/UT,Protection of Women from Domestic Violence Act,"13 - Protection of Women from Domestic Violence Act, 2005",FALSE,4
2014,Maharashtra,Maharashtra,State/UT,Immoral Traffic (Prevention) Act,14 - Immoral Traffic (Prevention) Act (Women Cases only),FALSE,202
2014,Maharashtra,Maharashtra,State/UT,,14.1 - Under ITP Section 5,TRUE,79
2014,Maharashtra,Maharashtra,State/UT,,14.2 - Under ITP Section 6,TRUE,5
2014,Maharashtra,Maharashtra,State/UT,,14.3 - Under ITP Section 7,TRUE,33
2014,Maharashtra,Maharashtra,State/UT,,14.4 - Under ITP Section 8,TRUE,7
2014,Maharashtra,Maharashtra,State/UT,,14.5 - Other Sections under ITP Act,TRUE,78
2014,Maharashtra,Maharashtra,State/UT,Total Crimes against Women,15 - Total Crimes against Women,FALSE,26693
2014,Maharashtra,Maharashtra,State/UT,Attempt to Commit Rape,2 - Attempt to commit Rape (Section 376 & 511 IPC),FALSE,15
2014,Maharashtra,Maharashtra,State/UT,Kidnapping & Abduction of Women,"3 - Kidnapping & Abduction of Women (Section 363,364,364A, 366-369 IPC)",FALSE,2457
2014,Maharashtra,Maharashtra,State/UT,,3.1 - Kidnaping & Abduction Section 363 IPC,TRUE,1042
2014,Maharashtra,Maharashtra,State/UT,,3.2 - Kidnaping & Abduction in order to Murder Section 364 IPC,TRUE,1
2014,Maharashtra,Maharashtra,State/UT,,3.3 - Kidnapping for Ransom Section 364A,TRUE,8
2014,Maharashtra,Maharashtra,State/UT,,3.4 - Kidnapping & Abduction of Women to compel her for marriage,TRUE,1046
2014,Maharashtra,Maharashtra,State/UT,,3.5 - Kidnapping & Abduction of Women-Other,TRUE,360
2014,Maharashtra,Maharashtra,State/UT,Dowry Deaths,4 - Dowry Deaths (Section 304-B IPC),FALSE,279
2014,Maharashtra,Maharashtra,State/UT,Assault on Women with Intent to Outrage Modesty,5 - Assault on Women with intent to outrage her Modesty_Total (Section 354 IPC),FALSE,10001
2014,Maharashtra,Maharashtra,State/UT,,5.1 - Sexual Harassment,TRUE,4052
2014,Maharashtra,Maharashtra,State/UT,,5.2 - Assault on women with intent to Disrobe,TRUE,309
2014,Maharashtra,Maharashtra,State/UT,,5.3 - Voyeurism,TRUE,105
2014,Maharashtra,Maharashtra,State/UT,,5.4 - Stalking,TRUE,797
2014,Maharashtra,Maharashtra,State/UT,,5.5 - Others,TRUE,4738
2014,Maharashtra,Maharashtra,State/UT,Insult to Modesty of Women,6 - Insult to the Modesty of Women_Total (Section 509 IPC),FALSE,1575
2014,Maharashtra,Maharashtra,State/UT,,6.1 - At Office premises,TRUE,10
2014,Maharashtra,Maharashtra,State/UT,,6.2 - Other places related to work,TRUE,48
2014,Maharashtra,Maharashtra,State/UT,,6.3 - In Public Transport system,TRUE,8
2014,Maharashtra,Maharashtra,State/UT,,6.4 - in Other Places,TRUE,1509
2014,Maharashtra,Maharashtra,State/UT,Cruelty by Husband or Relatives,7 - Cruelty by Husband or his Relatives (Section 498A),FALSE,7696
2014,Maharashtra,Maharashtra,State/UT,Importation of Girls from Foreign Country,8 - Importation of Girls from Foreign Country (Section 366B IPC),FALSE,1
2014,Maharashtra,Maharashtra,State/UT,Abetment of Suicide of Women,9 - Abetment of Suicides of Women u/s 306 IPC,FALSE,986
2014,Manipur,Manipur,State/UT,Rape,1 - Rape (Section 376 IPC),FALSE,75
2014,Manipur,Manipur,State/UT,,1.1 - Custodial Rape,TRUE,0
2014,Manipur,Manipur,State/UT,,1.1.1 - Custodial_Gang Rape,TRUE,0
2014,Manipur,Manipur,State/UT,,1.1.2 - Custodial_Other Rape,TRUE,0
2014,Manipur,Manipur,State/UT,,1.2 - Rape other than Custodial,TRUE,75
2014,Manipur,Manipur,State/UT,,1.2.1 - Rape_Gang Rape,TRUE,0
2014,Manipur,Manipur,State/UT,,1.2.2 - Rape_Others,TRUE,75
2014,Manipur,Manipur,State/UT,Dowry Prohibition Act,"10 - Dowry Prohibition Act, 1961",FALSE,0
2014,Manipur,Manipur,State/UT,Indecent Representation of Women (Prevention) Act,"11 - Indecent Representation of Women (Prohibition) Act, 1986",FALSE,0
2014,Manipur,Manipur,State/UT,Commission of Sati (Prevention) Act,12 - Commission of Sati Prevention Act 1987,FALSE,0
2014,Manipur,Manipur,State/UT,Protection of Women from Domestic Violence Act,"13 - Protection of Women from Domestic Violence Act, 2005",FALSE,0
2014,Manipur,Manipur,State/UT,Immoral Traffic (Prevention) Act,14 - Immoral Traffic (Prevention) Act (Women Cases only),FALSE,0
2014,Manipur,Manipur,State/UT,,14.1 - Under ITP Section 5,TRUE,0
2014,Manipur,Manipur,State/UT,,14.2 - Under ITP Section 6,TRUE,0
2014,Manipur,Manipur,State/UT,,14.3 - Under ITP Section 7,TRUE,0
2014,Manipur,Manipur,State/UT,,14.4 - Under ITP Section 8,TRUE,0
2014,Manipur,Manipur,State/UT,,14.5 - Other Sections under ITP Act,TRUE,0
2014,Manipur,Manipur,State/UT,Total Crimes against Women,15 - Total Crimes against Women,FALSE,337
2014,Manipur,Manipur,State/UT,Attempt to Commit Rape,2 - Attempt to commit Rape (Section 376 & 511 IPC),FALSE,1
2014,Manipur,Manipur,State/UT,Kidnapping & Abduction of Women,"3 - Kidnapping & Abduction of Women (Section 363,364,364A, 366-369 IPC)",FALSE,121
2014,Manipur,Manipur,State/UT,,3.1 - Kidnaping & Abduction Section 363 IPC,TRUE,2
2014,Manipur,Manipur,State/UT,,3.2 - Kidnaping & Abduction in order to Murder Section 364 IPC,TRUE,0
2014,Manipur,Manipur,State/UT,,3.3 - Kidnapping for Ransom Section 364A,TRUE,5
2014,Manipur,Manipur,State/UT,,3.4 - Kidnapping & Abduction of Women to compel her for marriage,TRUE,102
2014,Manipur,Manipur,State/UT,,3.5 - Kidnapping & Abduction of Women-Other,TRUE,12
2014,Manipur,Manipur,State/UT,Dowry Deaths,4 - Dowry Deaths (Section 304-B IPC),FALSE,1
2014,Manipur,Manipur,State/UT,Assault on Women with Intent to Outrage Modesty,5 - Assault on Women with intent to outrage her Modesty_Total (Section 354 IPC),FALSE,98
2014,Manipur,Manipur,State/UT,,5.1 - Sexual Harassment,TRUE,5
2014,Manipur,Manipur,State/UT,,5.2 - Assault on women with intent to Disrobe,TRUE,4
2014,Manipur,Manipur,State/UT,,5.3 - Voyeurism,TRUE,0
2014,Manipur,Manipur,State/UT,,5.4 - Stalking,TRUE,2
2014,Manipur,Manipur,State/UT,,5.5 - Others,TRUE,87
2014,Manipur,Manipur,State/UT,Insult to Modesty of Women,6 - Insult to the Modesty of Women_Total (Section 509 IPC),FALSE,0
2014,Manipur,Manipur,State/UT,,6.1 - At Office premises,TRUE,0
2014,Manipur,Manipur,State/UT,,6.2 - Other places related to work,TRUE,0
2014,Manipur,Manipur,State/UT,,6.3 - In Public Transport system,TRUE,0
2014,Manipur,Manipur,State/UT,,6.4 - in Other Places,TRUE,0
2014,Manipur,Manipur,State/UT,Cruelty by Husband or Relatives,7 - Cruelty by Husband or his Relatives (Section 498A),FALSE,41
2014,Manipur,Manipur,State/UT,Importation of Girls from Foreign Country,8 - Importation of Girls from Foreign Country (Section 366B IPC),FALSE,0
2014,Manipur,Manipur,State/UT,Abetment of Suicide of Women,9 - Abetment of Suicides of Women u/s 306 IPC,FALSE,0
2014,Meghalaya,Meghalaya,State/UT,Rape,1 - Rape (Section 376 IPC),FALSE,118
2014,Meghalaya,Meghalaya,State/UT,,1.1 - Custodial Rape,TRUE,0
2014,Meghalaya,Meghalaya,State/UT,,1.1.1 - Custodial_Gang Rape,TRUE,0
2014,Meghalaya,Meghalaya,State/UT,,1.1.2 - Custodial_Other Rape,TRUE,0
2014,Meghalaya,Meghalaya,State/UT,,1.2 - Rape other than Custodial,TRUE,118
2014,Meghalaya,Meghalaya,State/UT,,1.2.1 - Rape_Gang Rape,TRUE,3
2014,Meghalaya,Meghalaya,State/UT,,1.2.2 - Rape_Others,TRUE,115
2014,Meghalaya,Meghalaya,State/UT,Dowry Prohibition Act,"10 - Dowry Prohibition Act, 1961",FALSE,1
2014,Meghalaya,Meghalaya,State/UT,Indecent Representation of Women (Prevention) Act,"11 - Indecent Representation of Women (Prohibition) Act, 1986",FALSE,0
2014,Meghalaya,Meghalaya,State/UT,Commission of Sati (Prevention) Act,12 - Commission of Sati Prevention Act 1987,FALSE,0
2014,Meghalaya,Meghalaya,State/UT,Protection of Women from Domestic Violence Act,"13 - Protection of Women from Domestic Violence Act, 2005",FALSE,0
2014,Meghalaya,Meghalaya,State/UT,Immoral Traffic (Prevention) Act,14 - Immoral Traffic (Prevention) Act (Women Cases only),FALSE,3
2014,Meghalaya,Meghalaya,State/UT,,14.1 - Under ITP Section 5,TRUE,3
2014,Meghalaya,Meghalaya,State/UT,,14.2 - Under ITP Section 6,TRUE,0
2014,Meghalaya,Meghalaya,State/UT,,14.3 - Under ITP Section 7,TRUE,0
2014,Meghalaya,Meghalaya,State/UT,,14.4 - Under ITP Section 8,TRUE,0
2014,Meghalaya,Meghalaya,State/UT,,14.5 - Other Sections under ITP Act,TRUE,0
2014,Meghalaya,Meghalaya,State/UT,Total Crimes against Women,15 - Total Crimes against Women,FALSE,388
2014,Meghalaya,Meghalaya,State/UT,Attempt to Commit Rape,2 - Attempt to commit Rape (Section 376 & 511 IPC),FALSE,26
2014,Meghalaya,Meghalaya,State/UT,Kidnapping & Abduction of Women,"3 - Kidnapping & Abduction of Women (Section 363,364,364A, 366-369 IPC)",FALSE,38
2014,Meghalaya,Meghalaya,State/UT,,3.1 - Kidnaping & Abduction Section 363 IPC,TRUE,9
2014,Meghalaya,Meghalaya,State/UT,,3.2 - Kidnaping & Abduction in order to Murder Section 364 IPC,TRUE,0
2014,Meghalaya,Meghalaya,State/UT,,3.3 - Kidnapping for Ransom Section 364A,TRUE,1
2014,Meghalaya,Meghalaya,State/UT,,3.4 - Kidnapping & Abduction of Women to compel her for marriage,TRUE,9
2014,Meghalaya,Meghalaya,State/UT,,3.5 - Kidnapping & Abduction of Women-Other,TRUE,19
2014,Meghalaya,Meghalaya,State/UT,Dowry Deaths,4 - Dowry Deaths (Section 304-B IPC),FALSE,1
2014,Meghalaya,Meghalaya,State/UT,Assault on Women with Intent to Outrage Modesty,5 - Assault on Women with intent to outrage her Modesty_Total (Section 354 IPC),FALSE,105
2014,Meghalaya,Meghalaya,State/UT,,5.1 - Sexual Harassment,TRUE,0
2014,Meghalaya,Meghalaya,State/UT,,5.2 - Assault on women with intent to Disrobe,TRUE,10
2014,Meghalaya,Meghalaya,State/UT,,5.3 - Voyeurism,TRUE,1
2014,Meghalaya,Meghalaya,State/UT,,5.4 - Stalking,TRUE,4
2014,Meghalaya,Meghalaya,State/UT,,5.5 - Others,TRUE,90
2014,Meghalaya,Meghalaya,State/UT,Insult to Modesty of Women,6 - Insult to the Modesty of Women_Total (Section 509 IPC),FALSE,54
2014,Meghalaya,Meghalaya,State/UT,,6.1 - At Office premises,TRUE,0
2014,Meghalaya,Meghalaya,State/UT,,6.2 - Other places related to work,TRUE,0
2014,Meghalaya,Meghalaya,State/UT,,6.3 - In Public Transport system,TRUE,0
2014,Meghalaya,Meghalaya,State/UT,,6.4 - in Other Places,TRUE,54
2014,Meghalaya,Meghalaya,State/UT,Cruelty by Husband or Relatives,7 - Cruelty by Husband or his Relatives (Section 498A),FALSE,42
2014,Meghalaya,Meghalaya,State/UT,Importation of Girls from Foreign Country,8 - Importation of Girls from Foreign Country (Section 366B IPC),FALSE,0
2014,Meghalaya,Meghalaya,State/UT,Abetment of Suicide of Women,9 - Abetment of Suicides of Women u/s 306 IPC,FALSE,0
2014,Mizoram,Mizoram,State/UT,Rape,1 - Rape (Section 376 IPC),FALSE,120
2014,Mizoram,Mizoram,State/UT,,1.1 - Custodial Rape,TRUE,0
2014,Mizoram,Mizoram,State/UT,,1.1.1 - Custodial_Gang Rape,TRUE,0
2014,Mizoram,Mizoram,State/UT,,1.1.2 - Custodial_Other Rape,TRUE,0
2014,Mizoram,Mizoram,State/UT,,1.2 - Rape other than Custodial,TRUE,120
2014,Mizoram,Mizoram,State/UT,,1.2.1 - Rape_Gang Rape,TRUE,7
2014,Mizoram,Mizoram,State/UT,,1.2.2 - Rape_Others,TRUE,113
2014,Mizoram,Mizoram,State/UT,Dowry Prohibition Act,"10 - Dowry Prohibition Act, 1961",FALSE,0
2014,Mizoram,Mizoram,State/UT,Indecent Representation of Women (Prevention) Act,"11 - Indecent Representation of Women (Prohibition) Act, 1986",FALSE,0
2014,Mizoram,Mizoram,State/UT,Commission of Sati (Prevention) Act,12 - Commission of Sati Prevention Act 1987,FALSE,0
2014,Mizoram,Mizoram,State/UT,Protection of Women from Domestic Violence Act,"13 - Protection of Women from Domestic Violence Act, 2005",FALSE,0
2014,Mizoram,Mizoram,State/UT,Immoral Traffic (Prevention) Act,14 - Immoral Traffic (Prevention) Act (Women Cases only),FALSE,0
2014,Mizoram,Mizoram,State/UT,,14.1 - Under ITP Section 5,TRUE,0
2014,Mizoram,Mizoram,State/UT,,14.2 - Under ITP Section 6,TRUE,0
2014,Mizoram,Mizoram,State/UT,,14.3 - Under ITP Section 7,TRUE,0
2014,Mizoram,Mizoram,State/UT,,14.4 - Under ITP Section 8,TRUE,0
2014,Mizoram,Mizoram,State/UT,,14.5 - Other Sections under ITP Act,TRUE,0
2014,Mizoram,Mizoram,State/UT,Total Crimes against Women,15 - Total Crimes against Women,FALSE,258
2014,Mizoram,Mizoram,State/UT,Attempt to Commit Rape,2 - Attempt to commit Rape (Section 376 & 511 IPC),FALSE,1
2014,Mizoram,Mizoram,State/UT,Kidnapping & Abduction of Women,"3 - Kidnapping & Abduction of Women (Section 363,364,364A, 366-369 IPC)",FALSE,3
2014,Mizoram,Mizoram,State/UT,,3.1 - Kidnaping & Abduction Section 363 IPC,TRUE,2
2014,Mizoram,Mizoram,State/UT,,3.2 - Kidnaping & Abduction in order to Murder Section 364 IPC,TRUE,0
2014,Mizoram,Mizoram,State/UT,,3.3 - Kidnapping for Ransom Section 364A,TRUE,0
2014,Mizoram,Mizoram,State/UT,,3.4 - Kidnapping & Abduction of Women to compel her for marriage,TRUE,0
2014,Mizoram,Mizoram,State/UT,,3.5 - Kidnapping & Abduction of Women-Other,TRUE,1
2014,Mizoram,Mizoram,State/UT,Dowry Deaths,4 - Dowry Deaths (Section 304-B IPC),FALSE,0
2014,Mizoram,Mizoram,State/UT,Assault on Women with Intent to Outrage Modesty,5 - Assault on Women with intent to outrage her Modesty_Total (Section 354 IPC),FALSE,97
2014,Mizoram,Mizoram,State/UT,,5.1 - Sexual Harassment,TRUE,53
2014,Mizoram,Mizoram,State/UT,,5.2 - Assault on women with intent to Disrobe,TRUE,12
2014,Mizoram,Mizoram,State/UT,,5.3 - Voyeurism,TRUE,2
2014,Mizoram,Mizoram,State/UT,,5.4 - Stalking,TRUE,6
2014,Mizoram,Mizoram,State/UT,,5.5 - Others,TRUE,24
2014,Mizoram,Mizoram,State/UT,Insult to Modesty of Women,6 - Insult to the Modesty of Women_Total (Section 509 IPC),FALSE,29
2014,Mizoram,Mizoram,State/UT,,6.1 - At Office premises,TRUE,0
2014,Mizoram,Mizoram,State/UT,,6.2 - Other places related to work,TRUE,29
2014,Mizoram,Mizoram,State/UT,,6.3 - In Public Transport system,TRUE,0
2014,Mizoram,Mizoram,State/UT,,6.4 - in Other Places,TRUE,0
2014,Mizoram,Mizoram,State/UT,Cruelty by Husband or Relatives,7 - Cruelty by Husband or his Relatives (Section 498A),FALSE,8
2014,Mizoram,Mizoram,State/UT,Importation of Girls from Foreign Country,8 - Importation of Girls from Foreign Country (Section 366B IPC),FALSE,0
2014,Mizoram,Mizoram,State/UT,Abetment of Suicide of Women,9 - Abetment of Suicides of Women u/s 306 IPC,FALSE,0
2014,Nagaland,Nagaland,State/UT,Rape,1 - Rape (Section 376 IPC),FALSE,30
2014,Nagaland,Nagaland,State/UT,,1.1 - Custodial Rape,TRUE,0
2014,Nagaland,Nagaland,State/UT,,1.1.1 - Custodial_Gang Rape,TRUE,0
2014,Nagaland,Nagaland,State/UT,,1.1.2 - Custodial_Other Rape,TRUE,0
2014,Nagaland,Nagaland,State/UT,,1.2 - Rape other than Custodial,TRUE,30
2014,Nagaland,Nagaland,State/UT,,1.2.1 - Rape_Gang Rape,TRUE,4
2014,Nagaland,Nagaland,State/UT,,1.2.2 - Rape_Others,TRUE,26
2014,Nagaland,Nagaland,State/UT,Dowry Prohibition Act,"10 - Dowry Prohibition Act, 1961",FALSE,0
2014,Nagaland,Nagaland,State/UT,Indecent Representation of Women (Prevention) Act,"11 - Indecent Representation of Women (Prohibition) Act, 1986",FALSE,0
2014,Nagaland,Nagaland,State/UT,Commission of Sati (Prevention) Act,12 - Commission of Sati Prevention Act 1987,FALSE,0
2014,Nagaland,Nagaland,State/UT,Protection of Women from Domestic Violence Act,"13 - Protection of Women from Domestic Violence Act, 2005",FALSE,0
2014,Nagaland,Nagaland,State/UT,Immoral Traffic (Prevention) Act,14 - Immoral Traffic (Prevention) Act (Women Cases only),FALSE,1
2014,Nagaland,Nagaland,State/UT,,14.1 - Under ITP Section 5,TRUE,1
2014,Nagaland,Nagaland,State/UT,,14.2 - Under ITP Section 6,TRUE,0
2014,Nagaland,Nagaland,State/UT,,14.3 - Under ITP Section 7,TRUE,0
2014,Nagaland,Nagaland,State/UT,,14.4 - Under ITP Section 8,TRUE,0
2014,Nagaland,Nagaland,State/UT,,14.5 - Other Sections under ITP Act,TRUE,0
2014,Nagaland,Nagaland,State/UT,Total Crimes against Women,15 - Total Crimes against Women,FALSE,67
2014,Nagaland,Nagaland,State/UT,Attempt to Commit Rape,2 - Attempt to commit Rape (Section 376 & 511 IPC),FALSE,3
2014,Nagaland,Nagaland,State/UT,Kidnapping & Abduction of Women,"3 - Kidnapping & Abduction of Women (Section 363,364,364A, 366-369 IPC)",FALSE,13
2014,Nagaland,Nagaland,State/UT,,3.1 - Kidnaping & Abduction Section 363 IPC,TRUE,3
2014,Nagaland,Nagaland,State/UT,,3.2 - Kidnaping & Abduction in order to Murder Section 364 IPC,TRUE,0
2014,Nagaland,Nagaland,State/UT,,3.3 - Kidnapping for Ransom Section 364A,TRUE,0
2014,Nagaland,Nagaland,State/UT,,3.4 - Kidnapping & Abduction of Women to compel her for marriage,TRUE,2
2014,Nagaland,Nagaland,State/UT,,3.5 - Kidnapping & Abduction of Women-Other,TRUE,8
2014,Nagaland,Nagaland,State/UT,Dowry Deaths,4 - Dowry Deaths (Section 304-B IPC),FALSE,0
2014,Nagaland,Nagaland,State/UT,Assault on Women with Intent to Outrage Modesty,5 - Assault on Women with intent to outrage her Modesty_Total (Section 354 IPC),FALSE,16
2014,Nagaland,Nagaland,State/UT,,5.1 - Sexual Harassment,TRUE,5
2014,Nagaland,Nagaland,State/UT,,5.2 - Assault on women with intent to Disrobe,TRUE,5
2014,Nagaland,Nagaland,State/UT,,5.3 - Voyeurism,TRUE,0
2014,Nagaland,Nagaland,State/UT,,5.4 - Stalking,TRUE,1
2014,Nagaland,Nagaland,State/UT,,5.5 - Others,TRUE,5
2014,Nagaland,Nagaland,State/UT,Insult to Modesty of Women,6 - Insult to the Modesty of Women_Total (Section 509 IPC),FALSE,1
2014,Nagaland,Nagaland,State/UT,,6.1 - At Office premises,TRUE,0
2014,Nagaland,Nagaland,State/UT,,6.2 - Other places related to work,TRUE,0
2014,Nagaland,Nagaland,State/UT,,6.3 - In Public Transport system,TRUE,0
2014,Nagaland,Nagaland,State/UT,,6.4 - in Other Places,TRUE,1
2014,Nagaland,Nagaland,State/UT,Cruelty by Husband or Relatives,7 - Cruelty by Husband or his Relatives (Section 498A),FALSE,3
2014,Nagaland,Nagaland,State/UT,Importation of Girls from Foreign Country,8 - Importation of Girls from Foreign Country (Section 366B IPC),FALSE,0
2014,Nagaland,Nagaland,State/UT,Abetment of Suicide of Women,9 - Abetment of Suicides of Women u/s 306 IPC,FALSE,0
2014,Odisha,Odisha,State/UT,Rape,1 - Rape (Section 376 IPC),FALSE,1978
2014,Odisha,Odisha,State/UT,,1.1 - Custodial Rape,TRUE,0
2014,Odisha,Odisha,State/UT,,1.1.1 - Custodial_Gang Rape,TRUE,0
2014,Odisha,Odisha,State/UT,,1.1.2 - Custodial_Other Rape,TRUE,0
2014,Odisha,Odisha,State/UT,,1.2 - Rape other than Custodial,TRUE,1978
2014,Odisha,Odisha,State/UT,,1.2.1 - Rape_Gang Rape,TRUE,82
2014,Odisha,Odisha,State/UT,,1.2.2 - Rape_Others,TRUE,1896
2014,Odisha,Odisha,State/UT,Dowry Prohibition Act,"10 - Dowry Prohibition Act, 1961",FALSE,646
2014,Odisha,Odisha,State/UT,Indecent Representation of Women (Prevention) Act,"11 - Indecent Representation of Women (Prohibition) Act, 1986",FALSE,0
2014,Odisha,Odisha,State/UT,Commission of Sati (Prevention) Act,12 - Commission of Sati Prevention Act 1987,FALSE,0
2014,Odisha,Odisha,State/UT,Protection of Women from Domestic Violence Act,"13 - Protection of Women from Domestic Violence Act, 2005",FALSE,0
2014,Odisha,Odisha,State/UT,Immoral Traffic (Prevention) Act,14 - Immoral Traffic (Prevention) Act (Women Cases only),FALSE,32
2014,Odisha,Odisha,State/UT,,14.1 - Under ITP Section 5,TRUE,7
2014,Odisha,Odisha,State/UT,,14.2 - Under ITP Section 6,TRUE,0
2014,Odisha,Odisha,State/UT,,14.3 - Under ITP Section 7,TRUE,1
2014,Odisha,Odisha,State/UT,,14.4 - Under ITP Section 8,TRUE,0
2014,Odisha,Odisha,State/UT,,14.5 - Other Sections under ITP Act,TRUE,24
2014,Odisha,Odisha,State/UT,Total Crimes against Women,15 - Total Crimes against Women,FALSE,14606
2014,Odisha,Odisha,State/UT,Attempt to Commit Rape,2 - Attempt to commit Rape (Section 376 & 511 IPC),FALSE,33
2014,Odisha,Odisha,State/UT,Kidnapping & Abduction of Women,"3 - Kidnapping & Abduction of Women (Section 363,364,364A, 366-369 IPC)",FALSE,2436
2014,Odisha,Odisha,State/UT,,3.1 - Kidnaping & Abduction Section 363 IPC,TRUE,849
2014,Odisha,Odisha,State/UT,,3.2 - Kidnaping & Abduction in order to Murder Section 364 IPC,TRUE,2
2014,Odisha,Odisha,State/UT,,3.3 - Kidnapping for Ransom Section 364A,TRUE,4
2014,Odisha,Odisha,State/UT,,3.4 - Kidnapping & Abduction of Women to compel her for marriage,TRUE,1313
2014,Odisha,Odisha,State/UT,,3.5 - Kidnapping & Abduction of Women-Other,TRUE,268
2014,Odisha,Odisha,State/UT,Dowry Deaths,4 - Dowry Deaths (Section 304-B IPC),FALSE,441
2014,Odisha,Odisha,State/UT,Assault on Women with Intent to Outrage Modesty,5 - Assault on Women with intent to outrage her Modesty_Total (Section 354 IPC),FALSE,5543
2014,Odisha,Odisha,State/UT,,5.1 - Sexual Harassment,TRUE,802
2014,Odisha,Odisha,State/UT,,5.2 - Assault on women with intent to Disrobe,TRUE,1142
2014,Odisha,Odisha,State/UT,,5.3 - Voyeurism,TRUE,28
2014,Odisha,Odisha,State/UT,,5.4 - Stalking,TRUE,134
2014,Odisha,Odisha,State/UT,,5.5 - Others,TRUE,3437
2014,Odisha,Odisha,State/UT,Insult to Modesty of Women,6 - Insult to the Modesty of Women_Total (Section 509 IPC),FALSE,379
2014,Odisha,Odisha,State/UT,,6.1 - At Office premises,TRUE,8
2014,Odisha,Odisha,State/UT,,6.2 - Other places related to work,TRUE,10
2014,Odisha,Odisha,State/UT,,6.3 - In Public Transport system,TRUE,1
2014,Odisha,Odisha,State/UT,,6.4 - in Other Places,TRUE,360
2014,Odisha,Odisha,State/UT,Cruelty by Husband or Relatives,7 - Cruelty by Husband or his Relatives (Section 498A),FALSE,3114
2014,Odisha,Odisha,State/UT,Importation of Girls from Foreign Country,8 - Importation of Girls from Foreign Country (Section 366B IPC),FALSE,0
2014,Odisha,Odisha,State/UT,Abetment of Suicide of Women,9 - Abetment of Suicides of Women u/s 306 IPC,FALSE,4
2014,Puducherry,Puducherry,State/UT,Rape,1 - Rape (Section 376 IPC),FALSE,10
2014,Puducherry,Puducherry,State/UT,,1.1 - Custodial Rape,TRUE,1
2014,Puducherry,Puducherry,State/UT,,1.1.1 - Custodial_Gang Rape,TRUE,0
2014,Puducherry,Puducherry,State/UT,,1.1.2 - Custodial_Other Rape,TRUE,1
2014,Puducherry,Puducherry,State/UT,,1.2 - Rape other than Custodial,TRUE,9
2014,Puducherry,Puducherry,State/UT,,1.2.1 - Rape_Gang Rape,TRUE,1
2014,Puducherry,Puducherry,State/UT,,1.2.2 - Rape_Others,TRUE,8
2014,Puducherry,Puducherry,State/UT,Dowry Prohibition Act,"10 - Dowry Prohibition Act, 1961",FALSE,14
2014,Puducherry,Puducherry,State/UT,Indecent Representation of Women (Prevention) Act,"11 - Indecent Representation of Women (Prohibition) Act, 1986",FALSE,0
2014,Puducherry,Puducherry,State/UT,Commission of Sati (Prevention) Act,12 - Commission of Sati Prevention Act 1987,FALSE,0
2014,Puducherry,Puducherry,State/UT,Protection of Women from Domestic Violence Act,"13 - Protection of Women from Domestic Violence Act, 2005",FALSE,0
2014,Puducherry,Puducherry,State/UT,Immoral Traffic (Prevention) Act,14 - Immoral Traffic (Prevention) Act (Women Cases only),FALSE,1
2014,Puducherry,Puducherry,State/UT,,14.1 - Under ITP Section 5,TRUE,0
2014,Puducherry,Puducherry,State/UT,,14.2 - Under ITP Section 6,TRUE,1
2014,Puducherry,Puducherry,State/UT,,14.3 - Under ITP Section 7,TRUE,0
2014,Puducherry,Puducherry,State/UT,,14.4 - Under ITP Section 8,TRUE,0
2014,Puducherry,Puducherry,State/UT,,14.5 - Other Sections under ITP Act,TRUE,0
2014,Puducherry,Puducherry,State/UT,Total Crimes against Women,15 - Total Crimes against Women,FALSE,77
2014,Puducherry,Puducherry,State/UT,Attempt to Commit Rape,2 - Attempt to commit Rape (Section 376 & 511 IPC),FALSE,0
2014,Puducherry,Puducherry,State/UT,Kidnapping & Abduction of Women,"3 - Kidnapping & Abduction of Women (Section 363,364,364A, 366-369 IPC)",FALSE,7
2014,Puducherry,Puducherry,State/UT,,3.1 - Kidnaping & Abduction Section 363 IPC,TRUE,4
2014,Puducherry,Puducherry,State/UT,,3.2 - Kidnaping & Abduction in order to Murder Section 364 IPC,TRUE,0
2014,Puducherry,Puducherry,State/UT,,3.3 - Kidnapping for Ransom Section 364A,TRUE,0
2014,Puducherry,Puducherry,State/UT,,3.4 - Kidnapping & Abduction of Women to compel her for marriage,TRUE,1
2014,Puducherry,Puducherry,State/UT,,3.5 - Kidnapping & Abduction of Women-Other,TRUE,2
2014,Puducherry,Puducherry,State/UT,Dowry Deaths,4 - Dowry Deaths (Section 304-B IPC),FALSE,1
2014,Puducherry,Puducherry,State/UT,Assault on Women with Intent to Outrage Modesty,5 - Assault on Women with intent to outrage her Modesty_Total (Section 354 IPC),FALSE,32
2014,Puducherry,Puducherry,State/UT,,5.1 - Sexual Harassment,TRUE,12
2014,Puducherry,Puducherry,State/UT,,5.2 - Assault on women with intent to Disrobe,TRUE,6
2014,Puducherry,Puducherry,State/UT,,5.3 - Voyeurism,TRUE,1
2014,Puducherry,Puducherry,State/UT,,5.4 - Stalking,TRUE,1
2014,Puducherry,Puducherry,State/UT,,5.5 - Others,TRUE,12
2014,Puducherry,Puducherry,State/UT,Insult to Modesty of Women,6 - Insult to the Modesty of Women_Total (Section 509 IPC),FALSE,8
2014,Puducherry,Puducherry,State/UT,,6.1 - At Office premises,TRUE,1
2014,Puducherry,Puducherry,State/UT,,6.2 - Other places related to work,TRUE,2
2014,Puducherry,Puducherry,State/UT,,6.3 - In Public Transport system,TRUE,0
2014,Puducherry,Puducherry,State/UT,,6.4 - in Other Places,TRUE,5
2014,Puducherry,Puducherry,State/UT,Cruelty by Husband or Relatives,7 - Cruelty by Husband or his Relatives (Section 498A),FALSE,4
2014,Puducherry,Puducherry,State/UT,Importation of Girls from Foreign Country,8 - Importation of Girls from Foreign Country (Section 366B IPC),FALSE,0
2014,Puducherry,Puducherry,State/UT,Abetment of Suicide of Women,9 - Abetment of Suicides of Women u/s 306 IPC,FALSE,0
2014,Punjab,Punjab,State/UT,Rape,1 - Rape (Section 376 IPC),FALSE,981
2014,Punjab,Punjab,State/UT,,1.1 - Custodial Rape,TRUE,0
2014,Punjab,Punjab,State/UT,,1.1.1 - Custodial_Gang Rape,TRUE,0
2014,Punjab,Punjab,State/UT,,1.1.2 - Custodial_Other Rape,TRUE,0
2014,Punjab,Punjab,State/UT,,1.2 - Rape other than Custodial,TRUE,981
2014,Punjab,Punjab,State/UT,,1.2.1 - Rape_Gang Rape,TRUE,24
2014,Punjab,Punjab,State/UT,,1.2.2 - Rape_Others,TRUE,957
2014,Punjab,Punjab,State/UT,Dowry Prohibition Act,"10 - Dowry Prohibition Act, 1961",FALSE,5
2014,Punjab,Punjab,State/UT,Indecent Representation of Women (Prevention) Act,"11 - Indecent Representation of Women (Prohibition) Act, 1986",FALSE,1
2014,Punjab,Punjab,State/UT,Commission of Sati (Prevention) Act,12 - Commission of Sati Prevention Act 1987,FALSE,0
2014,Punjab,Punjab,State/UT,Protection of Women from Domestic Violence Act,"13 - Protection of Women from Domestic Violence Act, 2005",FALSE,2
2014,Punjab,Punjab,State/UT,Immoral Traffic (Prevention) Act,14 - Immoral Traffic (Prevention) Act (Women Cases only),FALSE,63
2014,Punjab,Punjab,State/UT,,14.1 - Under ITP Section 5,TRUE,33
2014,Punjab,Punjab,State/UT,,14.2 - Under ITP Section 6,TRUE,0
2014,Punjab,Punjab,State/UT,,14.3 - Under ITP Section 7,TRUE,0
2014,Punjab,Punjab,State/UT,,14.4 - Under ITP Section 8,TRUE,1
2014,Punjab,Punjab,State/UT,,14.5 - Other Sections under ITP Act,TRUE,29
2014,Punjab,Punjab,State/UT,Total Crimes against Women,15 - Total Crimes against Women,FALSE,5425
2014,Punjab,Punjab,State/UT,Attempt to Commit Rape,2 - Attempt to commit Rape (Section 376 & 511 IPC),FALSE,154
2014,Punjab,Punjab,State/UT,Kidnapping & Abduction of Women,"3 - Kidnapping & Abduction of Women (Section 363,364,364A, 366-369 IPC)",FALSE,1176
2014,Punjab,Punjab,State/UT,,3.1 - Kidnaping & Abduction Section 363 IPC,TRUE,86
2014,Punjab,Punjab,State/UT,,3.2 - Kidnaping & Abduction in order to Murder Section 364 IPC,TRUE,0
2014,Punjab,Punjab,State/UT,,3.3 - Kidnapping for Ransom Section 364A,TRUE,1
2014,Punjab,Punjab,State/UT,,3.4 - Kidnapping & Abduction of Women to compel her for marriage,TRUE,806
2014,Punjab,Punjab,State/UT,,3.5 - Kidnapping & Abduction of Women-Other,TRUE,283
2014,Punjab,Punjab,State/UT,Dowry Deaths,4 - Dowry Deaths (Section 304-B IPC),FALSE,90
2014,Punjab,Punjab,State/UT,Assault on Women with Intent to Outrage Modesty,5 - Assault on Women with intent to outrage her Modesty_Total (Section 354 IPC),FALSE,1113
2014,Punjab,Punjab,State/UT,,5.1 - Sexual Harassment,TRUE,344
2014,Punjab,Punjab,State/UT,,5.2 - Assault on women with intent to Disrobe,TRUE,41
2014,Punjab,Punjab,State/UT,,5.3 - Voyeurism,TRUE,48
2014,Punjab,Punjab,State/UT,,5.4 - Stalking,TRUE,48
2014,Punjab,Punjab,State/UT,,5.5 - Others,TRUE,632
2014,Punjab,Punjab,State/UT,Insult to Modesty of Women,6 - Insult to the Modesty of Women_Total (Section 509 IPC),FALSE,35
2014,Punjab,Punjab,State/UT,,6.1 - At Office premises,TRUE,0
2014,Punjab,Punjab,State/UT,,6.2 - Other places related to work,TRUE,3
2014,Punjab,Punjab,State/UT,,6.3 - In Public Transport system,TRUE,0
2014,Punjab,Punjab,State/UT,,6.4 - in Other Places,TRUE,32
2014,Punjab,Punjab,State/UT,Cruelty by Husband or Relatives,7 - Cruelty by Husband or his Relatives (Section 498A),FALSE,1681
2014,Punjab,Punjab,State/UT,Importation of Girls from Foreign Country,8 - Importation of Girls from Foreign Country (Section 366B IPC),FALSE,0
2014,Punjab,Punjab,State/UT,Abetment of Suicide of Women,9 - Abetment of Suicides of Women u/s 306 IPC,FALSE,124
2014,Rajasthan,Rajasthan,State/UT,Rape,1 - Rape (Section 376 IPC),FALSE,3759
2014,Rajasthan,Rajasthan,State/UT,,1.1 - Custodial Rape,TRUE,3
2014,Rajasthan,Rajasthan,State/UT,,1.1.1 - Custodial_Gang Rape,TRUE,2
2014,Rajasthan,Rajasthan,State/UT,,1.1.2 - Custodial_Other Rape,TRUE,1
2014,Rajasthan,Rajasthan,State/UT,,1.2 - Rape other than Custodial,TRUE,3756
2014,Rajasthan,Rajasthan,State/UT,,1.2.1 - Rape_Gang Rape,TRUE,414
2014,Rajasthan,Rajasthan,State/UT,,1.2.2 - Rape_Others,TRUE,3342
2014,Rajasthan,Rajasthan,State/UT,Dowry Prohibition Act,"10 - Dowry Prohibition Act, 1961",FALSE,12
2014,Rajasthan,Rajasthan,State/UT,Indecent Representation of Women (Prevention) Act,"11 - Indecent Representation of Women (Prohibition) Act, 1986",FALSE,18
2014,Rajasthan,Rajasthan,State/UT,Commission of Sati (Prevention) Act,12 - Commission of Sati Prevention Act 1987,FALSE,0
2014,Rajasthan,Rajasthan,State/UT,Protection of Women from Domestic Violence Act,"13 - Protection of Women from Domestic Violence Act, 2005",FALSE,17
2014,Rajasthan,Rajasthan,State/UT,Immoral Traffic (Prevention) Act,14 - Immoral Traffic (Prevention) Act (Women Cases only),FALSE,78
2014,Rajasthan,Rajasthan,State/UT,,14.1 - Under ITP Section 5,TRUE,18
2014,Rajasthan,Rajasthan,State/UT,,14.2 - Under ITP Section 6,TRUE,8
2014,Rajasthan,Rajasthan,State/UT,,14.3 - Under ITP Section 7,TRUE,0
2014,Rajasthan,Rajasthan,State/UT,,14.4 - Under ITP Section 8,TRUE,1
2014,Rajasthan,Rajasthan,State/UT,,14.5 - Other Sections under ITP Act,TRUE,51
2014,Rajasthan,Rajasthan,State/UT,Total Crimes against Women,15 - Total Crimes against Women,FALSE,31151
2014,Rajasthan,Rajasthan,State/UT,Attempt to Commit Rape,2 - Attempt to commit Rape (Section 376 & 511 IPC),FALSE,373
2014,Rajasthan,Rajasthan,State/UT,Kidnapping & Abduction of Women,"3 - Kidnapping & Abduction of Women (Section 363,364,364A, 366-369 IPC)",FALSE,4421
2014,Rajasthan,Rajasthan,State/UT,,3.1 - Kidnaping & Abduction Section 363 IPC,TRUE,1057
2014,Rajasthan,Rajasthan,State/UT,,3.2 - Kidnaping & Abduction in order to Murder Section 364 IPC,TRUE,88
2014,Rajasthan,Rajasthan,State/UT,,3.3 - Kidnapping for Ransom Section 364A,TRUE,0
2014,Rajasthan,Rajasthan,State/UT,,3.4 - Kidnapping & Abduction of Women to compel her for marriage,TRUE,2360
2014,Rajasthan,Rajasthan,State/UT,,3.5 - Kidnapping & Abduction of Women-Other,TRUE,916
2014,Rajasthan,Rajasthan,State/UT,Dowry Deaths,4 - Dowry Deaths (Section 304-B IPC),FALSE,408
2014,Rajasthan,Rajasthan,State/UT,Assault on Women with Intent to Outrage Modesty,5 - Assault on Women with intent to outrage her Modesty_Total (Section 354 IPC),FALSE,5999
2014,Rajasthan,Rajasthan,State/UT,,5.1 - Sexual Harassment,TRUE,727
2014,Rajasthan,Rajasthan,State/UT,,5.2 - Assault on women with intent to Disrobe,TRUE,235
2014,Rajasthan,Rajasthan,State/UT,,5.3 - Voyeurism,TRUE,23
2014,Rajasthan,Rajasthan,State/UT,,5.4 - Stalking,TRUE,88
2014,Rajasthan,Rajasthan,State/UT,,5.5 - Others,TRUE,4926
2014,Rajasthan,Rajasthan,State/UT,Insult to Modesty of Women,6 - Insult to the Modesty of Women_Total (Section 509 IPC),FALSE,18
2014,Rajasthan,Rajasthan,State/UT,,6.1 - At Office premises,TRUE,0
2014,Rajasthan,Rajasthan,State/UT,,6.2 - Other places related to work,TRUE,0
2014,Rajasthan,Rajasthan,State/UT,,6.3 - In Public Transport system,TRUE,2
2014,Rajasthan,Rajasthan,State/UT,,6.4 - in Other Places,TRUE,16
2014,Rajasthan,Rajasthan,State/UT,Cruelty by Husband or Relatives,7 - Cruelty by Husband or his Relatives (Section 498A),FALSE,15905
2014,Rajasthan,Rajasthan,State/UT,Importation of Girls from Foreign Country,8 - Importation of Girls from Foreign Country (Section 366B IPC),FALSE,0
2014,Rajasthan,Rajasthan,State/UT,Abetment of Suicide of Women,9 - Abetment of Suicides of Women u/s 306 IPC,FALSE,143
2014,Sikkim,Sikkim,State/UT,Rape,1 - Rape (Section 376 IPC),FALSE,47
2014,Sikkim,Sikkim,State/UT,,1.1 - Custodial Rape,TRUE,1
2014,Sikkim,Sikkim,State/UT,,1.1.1 - Custodial_Gang Rape,TRUE,0
2014,Sikkim,Sikkim,State/UT,,1.1.2 - Custodial_Other Rape,TRUE,1
2014,Sikkim,Sikkim,State/UT,,1.2 - Rape other than Custodial,TRUE,46
2014,Sikkim,Sikkim,State/UT,,1.2.1 - Rape_Gang Rape,TRUE,1
2014,Sikkim,Sikkim,State/UT,,1.2.2 - Rape_Others,TRUE,45
2014,Sikkim,Sikkim,State/UT,Dowry Prohibition Act,"10 - Dowry Prohibition Act, 1961",FALSE,0
2014,Sikkim,Sikkim,State/UT,Indecent Representation of Women (Prevention) Act,"11 - Indecent Representation of Women (Prohibition) Act, 1986",FALSE,0
2014,Sikkim,Sikkim,State/UT,Commission of Sati (Prevention) Act,12 - Commission of Sati Prevention Act 1987,FALSE,0
2014,Sikkim,Sikkim,State/UT,Protection of Women from Domestic Violence Act,"13 - Protection of Women from Domestic Violence Act, 2005",FALSE,0
2014,Sikkim,Sikkim,State/UT,Immoral Traffic (Prevention) Act,14 - Immoral Traffic (Prevention) Act (Women Cases only),FALSE,0
2014,Sikkim,Sikkim,State/UT,,14.1 - Under ITP Section 5,TRUE,0
2014,Sikkim,Sikkim,State/UT,,14.2 - Under ITP Section 6,TRUE,0
2014,Sikkim,Sikkim,State/UT,,14.3 - Under ITP Section 7,TRUE,0
2014,Sikkim,Sikkim,State/UT,,14.4 - Under ITP Section 8,TRUE,0
2014,Sikkim,Sikkim,State/UT,,14.5 - Other Sections under ITP Act,TRUE,0
2014,Sikkim,Sikkim,State/UT,Total Crimes against Women,15 - Total Crimes against Women,FALSE,110
2014,Sikkim,Sikkim,State/UT,Attempt to Commit Rape,2 - Attempt to commit Rape (Section 376 & 511 IPC),FALSE,9
2014,Sikkim,Sikkim,State/UT,Kidnapping & Abduction of Women,"3 - Kidnapping & Abduction of Women (Section 363,364,364A, 366-369 IPC)",FALSE,12
2014,Sikkim,Sikkim,State/UT,,3.1 - Kidnaping & Abduction Section 363 IPC,TRUE,9
2014,Sikkim,Sikkim,State/UT,,3.2 - Kidnaping & Abduction in order to Murder Section 364 IPC,TRUE,0
2014,Sikkim,Sikkim,State/UT,,3.3 - Kidnapping for Ransom Section 364A,TRUE,0
2014,Sikkim,Sikkim,State/UT,,3.4 - Kidnapping & Abduction of Women to compel her for marriage,TRUE,0
2014,Sikkim,Sikkim,State/UT,,3.5 - Kidnapping & Abduction of Women-Other,TRUE,3
2014,Sikkim,Sikkim,State/UT,Dowry Deaths,4 - Dowry Deaths (Section 304-B IPC),FALSE,0
2014,Sikkim,Sikkim,State/UT,Assault on Women with Intent to Outrage Modesty,5 - Assault on Women with intent to outrage her Modesty_Total (Section 354 IPC),FALSE,34
2014,Sikkim,Sikkim,State/UT,,5.1 - Sexual Harassment,TRUE,14
2014,Sikkim,Sikkim,State/UT,,5.2 - Assault on women with intent to Disrobe,TRUE,1
2014,Sikkim,Sikkim,State/UT,,5.3 - Voyeurism,TRUE,0
2014,Sikkim,Sikkim,State/UT,,5.4 - Stalking,TRUE,2
2014,Sikkim,Sikkim,State/UT,,5.5 - Others,TRUE,17
2014,Sikkim,Sikkim,State/UT,Insult to Modesty of Women,6 - Insult to the Modesty of Women_Total (Section 509 IPC),FALSE,3
2014,Sikkim,Sikkim,State/UT,,6.1 - At Office premises,TRUE,0
2014,Sikkim,Sikkim,State/UT,,6.2 - Other places related to work,TRUE,0
2014,Sikkim,Sikkim,State/UT,,6.3 - In Public Transport system,TRUE,0
2014,Sikkim,Sikkim,State/UT,,6.4 - in Other Places,TRUE,3
2014,Sikkim,Sikkim,State/UT,Cruelty by Husband or Relatives,7 - Cruelty by Husband or his Relatives (Section 498A),FALSE,5
2014,Sikkim,Sikkim,State/UT,Importation of Girls from Foreign Country,8 - Importation of Girls from Foreign Country (Section 366B IPC),FALSE,0
2014,Sikkim,Sikkim,State/UT,Abetment of Suicide of Women,9 - Abetment of Suicides of Women u/s 306 IPC,FALSE,0
2014,Tamil Nadu,Tamil Nadu,State/UT,Rape,1 - Rape (Section 376 IPC),FALSE,455
2014,Tamil Nadu,Tamil Nadu,State/UT,,1.1 - Custodial Rape,TRUE,0
2014,Tamil Nadu,Tamil Nadu,State/UT,,1.1.1 - Custodial_Gang Rape,TRUE,0
2014,Tamil Nadu,Tamil Nadu,State/UT,,1.1.2 - Custodial_Other Rape,TRUE,0
2014,Tamil Nadu,Tamil Nadu,State/UT,,1.2 - Rape other than Custodial,TRUE,455
2014,Tamil Nadu,Tamil Nadu,State/UT,,1.2.1 - Rape_Gang Rape,TRUE,2
2014,Tamil Nadu,Tamil Nadu,State/UT,,1.2.2 - Rape_Others,TRUE,453
2014,Tamil Nadu,Tamil Nadu,State/UT,Dowry Prohibition Act,"10 - Dowry Prohibition Act, 1961",FALSE,292
2014,Tamil Nadu,Tamil Nadu,State/UT,Indecent Representation of Women (Prevention) Act,"11 - Indecent Representation of Women (Prohibition) Act, 1986",FALSE,4
2014,Tamil Nadu,Tamil Nadu,State/UT,Commission of Sati (Prevention) Act,12 - Commission of Sati Prevention Act 1987,FALSE,0
2014,Tamil Nadu,Tamil Nadu,State/UT,Protection of Women from Domestic Violence Act,"13 - Protection of Women from Domestic Violence Act, 2005",FALSE,4
2014,Tamil Nadu,Tamil Nadu,State/UT,Immoral Traffic (Prevention) Act,14 - Immoral Traffic (Prevention) Act (Women Cases only),FALSE,471
2014,Tamil Nadu,Tamil Nadu,State/UT,,14.1 - Under ITP Section 5,TRUE,94
2014,Tamil Nadu,Tamil Nadu,State/UT,,14.2 - Under ITP Section 6,TRUE,2
2014,Tamil Nadu,Tamil Nadu,State/UT,,14.3 - Under ITP Section 7,TRUE,0
2014,Tamil Nadu,Tamil Nadu,State/UT,,14.4 - Under ITP Section 8,TRUE,19
2014,Tamil Nadu,Tamil Nadu,State/UT,,14.5 - Other Sections under ITP Act,TRUE,356
2014,Tamil Nadu,Tamil Nadu,State/UT,Total Crimes against Women,15 - Total Crimes against Women,FALSE,6325
2014,Tamil Nadu,Tamil Nadu,State/UT,Attempt to Commit Rape,2 - Attempt to commit Rape (Section 376 & 511 IPC),FALSE,16
2014,Tamil Nadu,Tamil Nadu,State/UT,Kidnapping & Abduction of Women,"3 - Kidnapping & Abduction of Women (Section 363,364,364A, 366-369 IPC)",FALSE,1502
2014,Tamil Nadu,Tamil Nadu,State/UT,,3.1 - Kidnaping & Abduction Section 363 IPC,TRUE,231
2014,Tamil Nadu,Tamil Nadu,State/UT,,3.2 - Kidnaping & Abduction in order to Murder Section 364 IPC,TRUE,0
2014,Tamil Nadu,Tamil Nadu,State/UT,,3.3 - Kidnapping for Ransom Section 364A,TRUE,1
2014,Tamil Nadu,Tamil Nadu,State/UT,,3.4 - Kidnapping & Abduction of Women to compel her for marriage,TRUE,1080
2014,Tamil Nadu,Tamil Nadu,State/UT,,3.5 - Kidnapping & Abduction of Women-Other,TRUE,190
2014,Tamil Nadu,Tamil Nadu,State/UT,Dowry Deaths,4 - Dowry Deaths (Section 304-B IPC),FALSE,95
2014,Tamil Nadu,Tamil Nadu,State/UT,Assault on Women with Intent to Outrage Modesty,5 - Assault on Women with intent to outrage her Modesty_Total (Section 354 IPC),FALSE,1102
2014,Tamil Nadu,Tamil Nadu,State/UT,,5.1 - Sexual Harassment,TRUE,46
2014,Tamil Nadu,Tamil Nadu,State/UT,,5.2 - Assault on women with intent to Disrobe,TRUE,71
2014,Tamil Nadu,Tamil Nadu,State/UT,,5.3 - Voyeurism,TRUE,1
2014,Tamil Nadu,Tamil Nadu,State/UT,,5.4 - Stalking,TRUE,1
2014,Tamil Nadu,Tamil Nadu,State/UT,,5.5 - Others,TRUE,983
2014,Tamil Nadu,Tamil Nadu,State/UT,Insult to Modesty of Women,6 - Insult to the Modesty of Women_Total (Section 509 IPC),FALSE,229
2014,Tamil Nadu,Tamil Nadu,State/UT,,6.1 - At Office premises,TRUE,2
2014,Tamil Nadu,Tamil Nadu,State/UT,,6.2 - Other places related to work,TRUE,157
2014,Tamil Nadu,Tamil Nadu,State/UT,,6.3 - In Public Transport system,TRUE,0
2014,Tamil Nadu,Tamil Nadu,State/UT,,6.4 - in Other Places,TRUE,70
2014,Tamil Nadu,Tamil Nadu,State/UT,Cruelty by Husband or Relatives,7 - Cruelty by Husband or his Relatives (Section 498A),FALSE,2103
2014,Tamil Nadu,Tamil Nadu,State/UT,Importation of Girls from Foreign Country,8 - Importation of Girls from Foreign Country (Section 366B IPC),FALSE,0
2014,Tamil Nadu,Tamil Nadu,State/UT,Abetment of Suicide of Women,9 - Abetment of Suicides of Women u/s 306 IPC,FALSE,52
2014,Telangana,Telangana,State/UT,Rape,1 - Rape (Section 376 IPC),FALSE,979
2014,Telangana,Telangana,State/UT,,1.1 - Custodial Rape,TRUE,0
2014,Telangana,Telangana,State/UT,,1.1.1 - Custodial_Gang Rape,TRUE,0
2014,Telangana,Telangana,State/UT,,1.1.2 - Custodial_Other Rape,TRUE,0
2014,Telangana,Telangana,State/UT,,1.2 - Rape other than Custodial,TRUE,979
2014,Telangana,Telangana,State/UT,,1.2.1 - Rape_Gang Rape,TRUE,14
2014,Telangana,Telangana,State/UT,,1.2.2 - Rape_Others,TRUE,965
2014,Telangana,Telangana,State/UT,Dowry Prohibition Act,"10 - Dowry Prohibition Act, 1961",FALSE,563
2014,Telangana,Telangana,State/UT,Indecent Representation of Women (Prevention) Act,"11 - Indecent Representation of Women (Prohibition) Act, 1986",FALSE,2
2014,Telangana,Telangana,State/UT,Commission of Sati (Prevention) Act,12 - Commission of Sati Prevention Act 1987,FALSE,0
2014,Telangana,Telangana,State/UT,Protection of Women from Domestic Violence Act,"13 - Protection of Women from Domestic Violence Act, 2005",FALSE,1
2014,Telangana,Telangana,State/UT,Immoral Traffic (Prevention) Act,14 - Immoral Traffic (Prevention) Act (Women Cases only),FALSE,192
2014,Telangana,Telangana,State/UT,,14.1 - Under ITP Section 5,TRUE,82
2014,Telangana,Telangana,State/UT,,14.2 - Under ITP Section 6,TRUE,29
2014,Telangana,Telangana,State/UT,,14.3 - Under ITP Section 7,TRUE,8
2014,Telangana,Telangana,State/UT,,14.4 - Under ITP Section 8,TRUE,0
2014,Telangana,Telangana,State/UT,,14.5 - Other Sections under ITP Act,TRUE,73
2014,Telangana,Telangana,State/UT,Total Crimes against Women,15 - Total Crimes against Women,FALSE,14136
2014,Telangana,Telangana,State/UT,Attempt to Commit Rape,2 - Attempt to commit Rape (Section 376 & 511 IPC),FALSE,73
2014,Telangana,Telangana,State/UT,Kidnapping & Abduction of Women,"3 - Kidnapping & Abduction of Women (Section 363,364,364A, 366-369 IPC)",FALSE,711
2014,Telangana,Telangana,State/UT,,3.1 - Kidnaping & Abduction Section 363 IPC,TRUE,243
2014,Telangana,Telangana,State/UT,,3.2 - Kidnaping & Abduction in order to Murder Section 364 IPC,TRUE,0
2014,Telangana,Telangana,State/UT,,3.3 - Kidnapping for Ransom Section 364A,TRUE,2
2014,Telangana,Telangana,State/UT,,3.4 - Kidnapping & Abduction of Women to compel her for marriage,TRUE,247
2014,Telangana,Telangana,State/UT,,3.5 - Kidnapping & Abduction of Women-Other,TRUE,219
2014,Telangana,Telangana,State/UT,Dowry Deaths,4 - Dowry Deaths (Section 304-B IPC),FALSE,289
2014,Telangana,Telangana,State/UT,Assault on Women with Intent to Outrage Modesty,5 - Assault on Women with intent to outrage her Modesty_Total (Section 354 IPC),FALSE,3188
2014,Telangana,Telangana,State/UT,,5.1 - Sexual Harassment,TRUE,620
2014,Telangana,Telangana,State/UT,,5.2 - Assault on women with intent to Disrobe,TRUE,176
2014,Telangana,Telangana,State/UT,,5.3 - Voyeurism,TRUE,45
2014,Telangana,Telangana,State/UT,,5.4 - Stalking,TRUE,426
2014,Telangana,Telangana,State/UT,,5.5 - Others,TRUE,1921
2014,Telangana,Telangana,State/UT,Insult to Modesty of Women,6 - Insult to the Modesty of Women_Total (Section 509 IPC),FALSE,1142
2014,Telangana,Telangana,State/UT,,6.1 - At Office premises,TRUE,5
2014,Telangana,Telangana,State/UT,,6.2 - Other places related to work,TRUE,43
2014,Telangana,Telangana,State/UT,,6.3 - In Public Transport system,TRUE,3
2014,Telangana,Telangana,State/UT,,6.4 - in Other Places,TRUE,1091
2014,Telangana,Telangana,State/UT,Cruelty by Husband or Relatives,7 - Cruelty by Husband or his Relatives (Section 498A),FALSE,6369
2014,Telangana,Telangana,State/UT,Importation of Girls from Foreign Country,8 - Importation of Girls from Foreign Country (Section 366B IPC),FALSE,0
2014,Telangana,Telangana,State/UT,Abetment of Suicide of Women,9 - Abetment of Suicides of Women u/s 306 IPC,FALSE,627
2014,Tripura,Tripura,State/UT,Rape,1 - Rape (Section 376 IPC),FALSE,239
2014,Tripura,Tripura,State/UT,,1.1 - Custodial Rape,TRUE,0
2014,Tripura,Tripura,State/UT,,1.1.1 - Custodial_Gang Rape,TRUE,0
2014,Tripura,Tripura,State/UT,,1.1.2 - Custodial_Other Rape,TRUE,0
2014,Tripura,Tripura,State/UT,,1.2 - Rape other than Custodial,TRUE,239
2014,Tripura,Tripura,State/UT,,1.2.1 - Rape_Gang Rape,TRUE,15
2014,Tripura,Tripura,State/UT,,1.2.2 - Rape_Others,TRUE,224
2014,Tripura,Tripura,State/UT,Dowry Prohibition Act,"10 - Dowry Prohibition Act, 1961",FALSE,1
2014,Tripura,Tripura,State/UT,Indecent Representation of Women (Prevention) Act,"11 - Indecent Representation of Women (Prohibition) Act, 1986",FALSE,0
2014,Tripura,Tripura,State/UT,Commission of Sati (Prevention) Act,12 - Commission of Sati Prevention Act 1987,FALSE,0
2014,Tripura,Tripura,State/UT,Protection of Women from Domestic Violence Act,"13 - Protection of Women from Domestic Violence Act, 2005",FALSE,0
2014,Tripura,Tripura,State/UT,Immoral Traffic (Prevention) Act,14 - Immoral Traffic (Prevention) Act (Women Cases only),FALSE,0
2014,Tripura,Tripura,State/UT,,14.1 - Under ITP Section 5,TRUE,0
2014,Tripura,Tripura,State/UT,,14.2 - Under ITP Section 6,TRUE,0
2014,Tripura,Tripura,State/UT,,14.3 - Under ITP Section 7,TRUE,0
2014,Tripura,Tripura,State/UT,,14.4 - Under ITP Section 8,TRUE,0
2014,Tripura,Tripura,State/UT,,14.5 - Other Sections under ITP Act,TRUE,0
2014,Tripura,Tripura,State/UT,Total Crimes against Women,15 - Total Crimes against Women,FALSE,1615
2014,Tripura,Tripura,State/UT,Attempt to Commit Rape,2 - Attempt to commit Rape (Section 376 & 511 IPC),FALSE,35
2014,Tripura,Tripura,State/UT,Kidnapping & Abduction of Women,"3 - Kidnapping & Abduction of Women (Section 363,364,364A, 366-369 IPC)",FALSE,102
2014,Tripura,Tripura,State/UT,,3.1 - Kidnaping & Abduction Section 363 IPC,TRUE,0
2014,Tripura,Tripura,State/UT,,3.2 - Kidnaping & Abduction in order to Murder Section 364 IPC,TRUE,0
2014,Tripura,Tripura,State/UT,,3.3 - Kidnapping for Ransom Section 364A,TRUE,0
2014,Tripura,Tripura,State/UT,,3.4 - Kidnapping & Abduction of Women to compel her for marriage,TRUE,79
2014,Tripura,Tripura,State/UT,,3.5 - Kidnapping & Abduction of Women-Other,TRUE,23
2014,Tripura,Tripura,State/UT,Dowry Deaths,4 - Dowry Deaths (Section 304-B IPC),FALSE,33
2014,Tripura,Tripura,State/UT,Assault on Women with Intent to Outrage Modesty,5 - Assault on Women with intent to outrage her Modesty_Total (Section 354 IPC),FALSE,492
2014,Tripura,Tripura,State/UT,,5.1 - Sexual Harassment,TRUE,82
2014,Tripura,Tripura,State/UT,,5.2 - Assault on women with intent to Disrobe,TRUE,184
2014,Tripura,Tripura,State/UT,,5.3 - Voyeurism,TRUE,1
2014,Tripura,Tripura,State/UT,,5.4 - Stalking,TRUE,8
2014,Tripura,Tripura,State/UT,,5.5 - Others,TRUE,217
2014,Tripura,Tripura,State/UT,Insult to Modesty of Women,6 - Insult to the Modesty of Women_Total (Section 509 IPC),FALSE,11
2014,Tripura,Tripura,State/UT,,6.1 - At Office premises,TRUE,0
2014,Tripura,Tripura,State/UT,,6.2 - Other places related to work,TRUE,0
2014,Tripura,Tripura,State/UT,,6.3 - In Public Transport system,TRUE,0
2014,Tripura,Tripura,State/UT,,6.4 - in Other Places,TRUE,11
2014,Tripura,Tripura,State/UT,Cruelty by Husband or Relatives,7 - Cruelty by Husband or his Relatives (Section 498A),FALSE,702
2014,Tripura,Tripura,State/UT,Importation of Girls from Foreign Country,8 - Importation of Girls from Foreign Country (Section 366B IPC),FALSE,0
2014,Tripura,Tripura,State/UT,Abetment of Suicide of Women,9 - Abetment of Suicides of Women u/s 306 IPC,FALSE,0
2014,Uttar Pradesh,Uttar Pradesh,State/UT,Rape,1 - Rape (Section 376 IPC),FALSE,3467
2014,Uttar Pradesh,Uttar Pradesh,State/UT,,1.1 - Custodial Rape,TRUE,189
2014,Uttar Pradesh,Uttar Pradesh,State/UT,,1.1.1 - Custodial_Gang Rape,TRUE,5
2014,Uttar Pradesh,Uttar Pradesh,State/UT,,1.1.2 - Custodial_Other Rape,TRUE,184
2014,Uttar Pradesh,Uttar Pradesh,State/UT,,1.2 - Rape other than Custodial,TRUE,3278
2014,Uttar Pradesh,Uttar Pradesh,State/UT,,1.2.1 - Rape_Gang Rape,TRUE,573
2014,Uttar Pradesh,Uttar Pradesh,State/UT,,1.2.2 - Rape_Others,TRUE,2705
2014,Uttar Pradesh,Uttar Pradesh,State/UT,Dowry Prohibition Act,"10 - Dowry Prohibition Act, 1961",FALSE,2133
2014,Uttar Pradesh,Uttar Pradesh,State/UT,Indecent Representation of Women (Prevention) Act,"11 - Indecent Representation of Women (Prohibition) Act, 1986",FALSE,1
2014,Uttar Pradesh,Uttar Pradesh,State/UT,Commission of Sati (Prevention) Act,12 - Commission of Sati Prevention Act 1987,FALSE,0
2014,Uttar Pradesh,Uttar Pradesh,State/UT,Protection of Women from Domestic Violence Act,"13 - Protection of Women from Domestic Violence Act, 2005",FALSE,66
2014,Uttar Pradesh,Uttar Pradesh,State/UT,Immoral Traffic (Prevention) Act,14 - Immoral Traffic (Prevention) Act (Women Cases only),FALSE,37
2014,Uttar Pradesh,Uttar Pradesh,State/UT,,14.1 - Under ITP Section 5,TRUE,21
2014,Uttar Pradesh,Uttar Pradesh,State/UT,,14.2 - Under ITP Section 6,TRUE,10
2014,Uttar Pradesh,Uttar Pradesh,State/UT,,14.3 - Under ITP Section 7,TRUE,0
2014,Uttar Pradesh,Uttar Pradesh,State/UT,,14.4 - Under ITP Section 8,TRUE,0
2014,Uttar Pradesh,Uttar Pradesh,State/UT,,14.5 - Other Sections under ITP Act,TRUE,6
2014,Uttar Pradesh,Uttar Pradesh,State/UT,Total Crimes against Women,15 - Total Crimes against Women,FALSE,38467
2014,Uttar Pradesh,Uttar Pradesh,State/UT,Attempt to Commit Rape,2 - Attempt to commit Rape (Section 376 & 511 IPC),FALSE,324
2014,Uttar Pradesh,Uttar Pradesh,State/UT,Kidnapping & Abduction of Women,"3 - Kidnapping & Abduction of Women (Section 363,364,364A, 366-369 IPC)",FALSE,10626
2014,Uttar Pradesh,Uttar Pradesh,State/UT,,3.1 - Kidnaping & Abduction Section 363 IPC,TRUE,2621
2014,Uttar Pradesh,Uttar Pradesh,State/UT,,3.2 - Kidnaping & Abduction in order to Murder Section 364 IPC,TRUE,68
2014,Uttar Pradesh,Uttar Pradesh,State/UT,,3.3 - Kidnapping for Ransom Section 364A,TRUE,1
2014,Uttar Pradesh,Uttar Pradesh,State/UT,,3.4 - Kidnapping & Abduction of Women to compel her for marriage,TRUE,7338
2014,Uttar Pradesh,Uttar Pradesh,State/UT,,3.5 - Kidnapping & Abduction of Women-Other,TRUE,598
2014,Uttar Pradesh,Uttar Pradesh,State/UT,Dowry Deaths,4 - Dowry Deaths (Section 304-B IPC),FALSE,2469
2014,Uttar Pradesh,Uttar Pradesh,State/UT,Assault on Women with Intent to Outrage Modesty,5 - Assault on Women with intent to outrage her Modesty_Total (Section 354 IPC),FALSE,8605
2014,Uttar Pradesh,Uttar Pradesh,State/UT,,5.1 - Sexual Harassment,TRUE,4435
2014,Uttar Pradesh,Uttar Pradesh,State/UT,,5.2 - Assault on women with intent to Disrobe,TRUE,1066
2014,Uttar Pradesh,Uttar Pradesh,State/UT,,5.3 - Voyeurism,TRUE,75
2014,Uttar Pradesh,Uttar Pradesh,State/UT,,5.4 - Stalking,TRUE,835
2014,Uttar Pradesh,Uttar Pradesh,State/UT,,5.5 - Others,TRUE,2194
2014,Uttar Pradesh,Uttar Pradesh,State/UT,Insult to Modesty of Women,6 - Insult to the Modesty of Women_Total (Section 509 IPC),FALSE,29
2014,Uttar Pradesh,Uttar Pradesh,State/UT,,6.1 - At Office premises,TRUE,0
2014,Uttar Pradesh,Uttar Pradesh,State/UT,,6.2 - Other places related to work,TRUE,2
2014,Uttar Pradesh,Uttar Pradesh,State/UT,,6.3 - In Public Transport system,TRUE,3
2014,Uttar Pradesh,Uttar Pradesh,State/UT,,6.4 - in Other Places,TRUE,24
2014,Uttar Pradesh,Uttar Pradesh,State/UT,Cruelty by Husband or Relatives,7 - Cruelty by Husband or his Relatives (Section 498A),FALSE,10471
2014,Uttar Pradesh,Uttar Pradesh,State/UT,Importation of Girls from Foreign Country,8 - Importation of Girls from Foreign Country (Section 366B IPC),FALSE,0
2014,Uttar Pradesh,Uttar Pradesh,State/UT,Abetment of Suicide of Women,9 - Abetment of Suicides of Women u/s 306 IPC,FALSE,239
2014,Uttarakhand,Uttarakhand,State/UT,Rape,1 - Rape (Section 376 IPC),FALSE,270
2014,Uttarakhand,Uttarakhand,State/UT,,1.1 - Custodial Rape,TRUE,0
2014,Uttarakhand,Uttarakhand,State/UT,,1.1.1 - Custodial_Gang Rape,TRUE,0
2014,Uttarakhand,Uttarakhand,State/UT,,1.1.2 - Custodial_Other Rape,TRUE,0
2014,Uttarakhand,Uttarakhand,State/UT,,1.2 - Rape other than Custodial,TRUE,270
2014,Uttarakhand,Uttarakhand,State/UT,,1.2.1 - Rape_Gang Rape,TRUE,1
2014,Uttarakhand,Uttarakhand,State/UT,,1.2.2 - Rape_Others,TRUE,269
2014,Uttarakhand,Uttarakhand,State/UT,Dowry Prohibition Act,"10 - Dowry Prohibition Act, 1961",FALSE,104
2014,Uttarakhand,Uttarakhand,State/UT,Indecent Representation of Women (Prevention) Act,"11 - Indecent Representation of Women (Prohibition) Act, 1986",FALSE,0
2014,Uttarakhand,Uttarakhand,State/UT,Commission of Sati (Prevention) Act,12 - Commission of Sati Prevention Act 1987,FALSE,0
2014,Uttarakhand,Uttarakhand,State/UT,Protection of Women from Domestic Violence Act,"13 - Protection of Women from Domestic Violence Act, 2005",FALSE,0
2014,Uttarakhand,Uttarakhand,State/UT,Immoral Traffic (Prevention) Act,14 - Immoral Traffic (Prevention) Act (Women Cases only),FALSE,19
2014,Uttarakhand,Uttarakhand,State/UT,,14.1 - Under ITP Section 5,TRUE,12
2014,Uttarakhand,Uttarakhand,State/UT,,14.2 - Under ITP Section 6,TRUE,0
2014,Uttarakhand,Uttarakhand,State/UT,,14.3 - Under ITP Section 7,TRUE,0
2014,Uttarakhand,Uttarakhand,State/UT,,14.4 - Under ITP Section 8,TRUE,0
2014,Uttarakhand,Uttarakhand,State/UT,,14.5 - Other Sections under ITP Act,TRUE,7
2014,Uttarakhand,Uttarakhand,State/UT,Total Crimes against Women,15 - Total Crimes against Women,FALSE,1395
2014,Uttarakhand,Uttarakhand,State/UT,Attempt to Commit Rape,2 - Attempt to commit Rape (Section 376 & 511 IPC),FALSE,41
2014,Uttarakhand,Uttarakhand,State/UT,Kidnapping & Abduction of Women,"3 - Kidnapping & Abduction of Women (Section 363,364,364A, 366-369 IPC)",FALSE,275
2014,Uttarakhand,Uttarakhand,State/UT,,3.1 - Kidnaping & Abduction Section 363 IPC,TRUE,62
2014,Uttarakhand,Uttarakhand,State/UT,,3.2 - Kidnaping & Abduction in order to Murder Section 364 IPC,TRUE,1
2014,Uttarakhand,Uttarakhand,State/UT,,3.3 - Kidnapping for Ransom Section 364A,TRUE,0
2014,Uttarakhand,Uttarakhand,State/UT,,3.4 - Kidnapping & Abduction of Women to compel her for marriage,TRUE,10
2014,Uttarakhand,Uttarakhand,State/UT,,3.5 - Kidnapping & Abduction of Women-Other,TRUE,202
2014,Uttarakhand,Uttarakhand,State/UT,Dowry Deaths,4 - Dowry Deaths (Section 304-B IPC),FALSE,38
2014,Uttarakhand,Uttarakhand,State/UT,Assault on Women with Intent to Outrage Modesty,5 - Assault on Women with intent to outrage her Modesty_Total (Section 354 IPC),FALSE,343
2014,Uttarakhand,Uttarakhand,State/UT,,5.1 - Sexual Harassment,TRUE,22
2014,Uttarakhand,Uttarakhand,State/UT,,5.2 - Assault on women with intent to Disrobe,TRUE,24
2014,Uttarakhand,Uttarakhand,State/UT,,5.3 - Voyeurism,TRUE,1
2014,Uttarakhand,Uttarakhand,State/UT,,5.4 - Stalking,TRUE,7
2014,Uttarakhand,Uttarakhand,State/UT,,5.5 - Others,TRUE,289
2014,Uttarakhand,Uttarakhand,State/UT,Insult to Modesty of Women,6 - Insult to the Modesty of Women_Total (Section 509 IPC),FALSE,4
2014,Uttarakhand,Uttarakhand,State/UT,,6.1 - At Office premises,TRUE,0
2014,Uttarakhand,Uttarakhand,State/UT,,6.2 - Other places related to work,TRUE,0
2014,Uttarakhand,Uttarakhand,State/UT,,6.3 - In Public Transport system,TRUE,0
2014,Uttarakhand,Uttarakhand,State/UT,,6.4 - in Other Places,TRUE,4
2014,Uttarakhand,Uttarakhand,State/UT,Cruelty by Husband or Relatives,7 - Cruelty by Husband or his Relatives (Section 498A),FALSE,301
2014,Uttarakhand,Uttarakhand,State/UT,Importation of Girls from Foreign Country,8 - Importation of Girls from Foreign Country (Section 366B IPC),FALSE,0
2014,Uttarakhand,Uttarakhand,State/UT,Abetment of Suicide of Women,9 - Abetment of Suicides of Women u/s 306 IPC,FALSE,0
2014,West Bengal,West Bengal,State/UT,Rape,1 - Rape (Section 376 IPC),FALSE,1466
2014,West Bengal,West Bengal,State/UT,,1.1 - Custodial Rape,TRUE,0
2014,West Bengal,West Bengal,State/UT,,1.1.1 - Custodial_Gang Rape,TRUE,0
2014,West Bengal,West Bengal,State/UT,,1.1.2 - Custodial_Other Rape,TRUE,0
2014,West Bengal,West Bengal,State/UT,,1.2 - Rape other than Custodial,TRUE,1466
2014,West Bengal,West Bengal,State/UT,,1.2.1 - Rape_Gang Rape,TRUE,178
2014,West Bengal,West Bengal,State/UT,,1.2.2 - Rape_Others,TRUE,1288
2014,West Bengal,West Bengal,State/UT,Dowry Prohibition Act,"10 - Dowry Prohibition Act, 1961",FALSE,1
2014,West Bengal,West Bengal,State/UT,Indecent Representation of Women (Prevention) Act,"11 - Indecent Representation of Women (Prohibition) Act, 1986",FALSE,4
2014,West Bengal,West Bengal,State/UT,Commission of Sati (Prevention) Act,12 - Commission of Sati Prevention Act 1987,FALSE,0
2014,West Bengal,West Bengal,State/UT,Protection of Women from Domestic Violence Act,"13 - Protection of Women from Domestic Violence Act, 2005",FALSE,1
2014,West Bengal,West Bengal,State/UT,Immoral Traffic (Prevention) Act,14 - Immoral Traffic (Prevention) Act (Women Cases only),FALSE,80
2014,West Bengal,West Bengal,State/UT,,14.1 - Under ITP Section 5,TRUE,20
2014,West Bengal,West Bengal,State/UT,,14.2 - Under ITP Section 6,TRUE,3
2014,West Bengal,West Bengal,State/UT,,14.3 - Under ITP Section 7,TRUE,5
2014,West Bengal,West Bengal,State/UT,,14.4 - Under ITP Section 8,TRUE,1
2014,West Bengal,West Bengal,State/UT,,14.5 - Other Sections under ITP Act,TRUE,51
2014,West Bengal,West Bengal,State/UT,Total Crimes against Women,15 - Total Crimes against Women,FALSE,38299
2014,West Bengal,West Bengal,State/UT,Attempt to Commit Rape,2 - Attempt to commit Rape (Section 376 & 511 IPC),FALSE,1656
2014,West Bengal,West Bengal,State/UT,Kidnapping & Abduction of Women,"3 - Kidnapping & Abduction of Women (Section 363,364,364A, 366-369 IPC)",FALSE,4976
2014,West Bengal,West Bengal,State/UT,,3.1 - Kidnaping & Abduction Section 363 IPC,TRUE,1604
2014,West Bengal,West Bengal,State/UT,,3.2 - Kidnaping & Abduction in order to Murder Section 364 IPC,TRUE,11
2014,West Bengal,West Bengal,State/UT,,3.3 - Kidnapping for Ransom Section 364A,TRUE,36
2014,West Bengal,West Bengal,State/UT,,3.4 - Kidnapping & Abduction of Women to compel her for marriage,TRUE,1198
2014,West Bengal,West Bengal,State/UT,,3.5 - Kidnapping & Abduction of Women-Other,TRUE,2127
2014,West Bengal,West Bengal,State/UT,Dowry Deaths,4 - Dowry Deaths (Section 304-B IPC),FALSE,501
2014,West Bengal,West Bengal,State/UT,Assault on Women with Intent to Outrage Modesty,5 - Assault on Women with intent to outrage her Modesty_Total (Section 354 IPC),FALSE,5670
2014,West Bengal,West Bengal,State/UT,,5.1 - Sexual Harassment,TRUE,1045
2014,West Bengal,West Bengal,State/UT,,5.2 - Assault on women with intent to Disrobe,TRUE,687
2014,West Bengal,West Bengal,State/UT,,5.3 - Voyeurism,TRUE,57
2014,West Bengal,West Bengal,State/UT,,5.4 - Stalking,TRUE,259
2014,West Bengal,West Bengal,State/UT,,5.5 - Others,TRUE,3622
2014,West Bengal,West Bengal,State/UT,Insult to Modesty of Women,6 - Insult to the Modesty of Women_Total (Section 509 IPC),FALSE,543
2014,West Bengal,West Bengal,State/UT,,6.1 - At Office premises,TRUE,4
2014,West Bengal,West Bengal,State/UT,,6.2 - Other places related to work,TRUE,5
2014,West Bengal,West Bengal,State/UT,,6.3 - In Public Transport system,TRUE,8
2014,West Bengal,West Bengal,State/UT,,6.4 - in Other Places,TRUE,526
2014,West Bengal,West Bengal,State/UT,Cruelty by Husband or Relatives,7 - Cruelty by Husband or his Relatives (Section 498A),FALSE,23278
2014,West Bengal,West Bengal,State/UT,Importation of Girls from Foreign Country,8 - Importation of Girls from Foreign Country (Section 366B IPC),FALSE,4
2014,West Bengal,West Bengal,State/UT,Abetment of Suicide of Women,9 - Abetment of Suicides of Women u/s 306 IPC,FALSE,119
2015,All India (Total),Total (State),Aggregate,Total Crimes against Women,total crimes against women after 2014,FALSE,307906
2015,All India (Total),Total (UTs),Aggregate,Total Crimes against Women,total crimes against women after 2014,FALSE,21337
2015,All India (Total),Total (All-India),Aggregate,Total Crimes against Women,total crimes against women after 2014,FALSE,329243
2015,Andaman & Nicobar Islands,A&N Islands,State/UT,Total Crimes against Women,total crimes against women after 2014,FALSE,136
2015,Andhra Pradesh,Andhra Pradesh,State/UT,Total Crimes against Women,total crimes against women after 2014,FALSE,15967
2015,Arunachal Pradesh,Arunachal Pradesh,State/UT,Total Crimes against Women,total crimes against women after 2014,FALSE,384
2015,Assam,Assam,State/UT,Total Crimes against Women,total crimes against women after 2014,FALSE,23365
2015,Bihar,Bihar,State/UT,Total Crimes against Women,total crimes against women after 2014,FALSE,13904
2015,Chandigarh,Chandigarh,State/UT,Total Crimes against Women,total crimes against women after 2014,FALSE,468
2015,Chhattisgarh,Chhattisgarh,State/UT,Total Crimes against Women,total crimes against women after 2014,FALSE,5783
2015,Dadra & Nagar Haveli and Daman & Diu,D&N Haveli and Daman & Diu,State/UT,Total Crimes against Women,total crimes against women after 2014,FALSE,54
2015,Delhi,Delhi,State/UT,Total Crimes against Women,total crimes against women after 2014,FALSE,17222
2015,Goa,Goa,State/UT,Total Crimes against Women,total crimes against women after 2014,FALSE,392
2015,Gujarat,Gujarat,State/UT,Total Crimes against Women,total crimes against women after 2014,FALSE,7777
2015,Haryana,Haryana,State/UT,Total Crimes against Women,total crimes against women after 2014,FALSE,9511
2015,Himachal Pradesh,Himachal Pradesh,State/UT,Total Crimes against Women,total crimes against women after 2014,FALSE,1295
2015,Jammu & Kashmir,Jammu & Kashmir,State/UT,Total Crimes against Women,total crimes against women after 2014,FALSE,3366
2015,Jharkhand,Jharkhand,State/UT,Total Crimes against Women,total crimes against women after 2014,FALSE,6568
2015,Karnataka,Karnataka,State/UT,Total Crimes against Women,total crimes against women after 2014,FALSE,12775
2015,Kerala,Kerala,State/UT,Total Crimes against Women,total crimes against women after 2014,FALSE,9767
2015,Ladakh,Ladakh,State/UT,Total Crimes against Women,total crimes against women after 2014,FALSE,
2015,Lakshadweep,Lakshadweep,State/UT,Total Crimes against Women,total crimes against women after 2014,FALSE,9
2015,Madhya Pradesh,Madhya Pradesh,State/UT,Total Crimes against Women,total crimes against women after 2014,FALSE,24231
2015,Maharashtra,Maharashtra,State/UT,Total Crimes against Women,total crimes against women after 2014,FALSE,31216
2015,Manipur,Manipur,State/UT,Total Crimes against Women,total crimes against women after 2014,FALSE,266
2015,Meghalaya,Meghalaya,State/UT,Total Crimes against Women,total crimes against women after 2014,FALSE,337
2015,Mizoram,Mizoram,State/UT,Total Crimes against Women,total crimes against women after 2014,FALSE,158
2015,Nagaland,Nagaland,State/UT,Total Crimes against Women,total crimes against women after 2014,FALSE,91
2015,Odisha,Odisha,State/UT,Total Crimes against Women,total crimes against women after 2014,FALSE,17200
2015,Puducherry,Puducherry,State/UT,Total Crimes against Women,total crimes against women after 2014,FALSE,82
2015,Punjab,Punjab,State/UT,Total Crimes against Women,total crimes against women after 2014,FALSE,5340
2015,Rajasthan,Rajasthan,State/UT,Total Crimes against Women,total crimes against women after 2014,FALSE,28224
2015,Sikkim,Sikkim,State/UT,Total Crimes against Women,total crimes against women after 2014,FALSE,53
2015,Tamil Nadu,Tamil Nadu,State/UT,Total Crimes against Women,total crimes against women after 2014,FALSE,5919
2015,Telangana,Telangana,State/UT,Total Crimes against Women,total crimes against women after 2014,FALSE,15425
2015,Tripura,Tripura,State/UT,Total Crimes against Women,total crimes against women after 2014,FALSE,1267
2015,Uttar Pradesh,Uttar Pradesh,State/UT,Total Crimes against Women,total crimes against women after 2014,FALSE,35908
2015,Uttarakhand,Uttarakhand,State/UT,Total Crimes against Women,total crimes against women after 2014,FALSE,1465
2015,West Bengal,West Bengal,State/UT,Total Crimes against Women,total crimes against women after 2014,FALSE,33318
2016,All India (Total),Total (State),Aggregate,Total Crimes against Women,total crimes against women after 2014,FALSE,320099
2016,All India (Total),Total (UTs),Aggregate,Total Crimes against Women,total crimes against women after 2014,FALSE,18855
2016,All India (Total),Total (All-India),Aggregate,Total Crimes against Women,total crimes against women after 2014,FALSE,338954
2016,Andaman & Nicobar Islands,A&N Islands,State/UT,Total Crimes against Women,total crimes against women after 2014,FALSE,108
2016,Andhra Pradesh,Andhra Pradesh,State/UT,Total Crimes against Women,total crimes against women after 2014,FALSE,16362
2016,Arunachal Pradesh,Arunachal Pradesh,State/UT,Total Crimes against Women,total crimes against women after 2014,FALSE,367
2016,Assam,Assam,State/UT,Total Crimes against Women,total crimes against women after 2014,FALSE,20869
2016,Bihar,Bihar,State/UT,Total Crimes against Women,total crimes against women after 2014,FALSE,13400
2016,Chandigarh,Chandigarh,State/UT,Total Crimes against Women,total crimes against women after 2014,FALSE,414
2016,Chhattisgarh,Chhattisgarh,State/UT,Total Crimes against Women,total crimes against women after 2014,FALSE,5947
2016,Dadra & Nagar Haveli and Daman & Diu,D&N Haveli and Daman & Diu,State/UT,Total Crimes against Women,total crimes against women after 2014,FALSE,69
2016,Delhi,Delhi,State/UT,Total Crimes against Women,total crimes against women after 2014,FALSE,15310
2016,Goa,Goa,State/UT,Total Crimes against Women,total crimes against women after 2014,FALSE,371
2016,Gujarat,Gujarat,State/UT,Total Crimes against Women,total crimes against women after 2014,FALSE,8532
2016,Haryana,Haryana,State/UT,Total Crimes against Women,total crimes against women after 2014,FALSE,9839
2016,Himachal Pradesh,Himachal Pradesh,State/UT,Total Crimes against Women,total crimes against women after 2014,FALSE,1222
2016,Jammu & Kashmir,Jammu & Kashmir,State/UT,Total Crimes against Women,total crimes against women after 2014,FALSE,2850
2016,Jharkhand,Jharkhand,State/UT,Total Crimes against Women,total crimes against women after 2014,FALSE,5453
2016,Karnataka,Karnataka,State/UT,Total Crimes against Women,total crimes against women after 2014,FALSE,14131
2016,Kerala,Kerala,State/UT,Total Crimes against Women,total crimes against women after 2014,FALSE,10034
2016,Ladakh,Ladakh,State/UT,Total Crimes against Women,total crimes against women after 2014,FALSE,
2016,Lakshadweep,Lakshadweep,State/UT,Total Crimes against Women,total crimes against women after 2014,FALSE,9
2016,Madhya Pradesh,Madhya Pradesh,State/UT,Total Crimes against Women,total crimes against women after 2014,FALSE,26604
2016,Maharashtra,Maharashtra,State/UT,Total Crimes against Women,total crimes against women after 2014,FALSE,31388
2016,Manipur,Manipur,State/UT,Total Crimes against Women,total crimes against women after 2014,FALSE,253
2016,Meghalaya,Meghalaya,State/UT,Total Crimes against Women,total crimes against women after 2014,FALSE,372
2016,Mizoram,Mizoram,State/UT,Total Crimes against Women,total crimes against women after 2014,FALSE,120
2016,Nagaland,Nagaland,State/UT,Total Crimes against Women,total crimes against women after 2014,FALSE,105
2016,Odisha,Odisha,State/UT,Total Crimes against Women,total crimes against women after 2014,FALSE,17837
2016,Puducherry,Puducherry,State/UT,Total Crimes against Women,total crimes against women after 2014,FALSE,95
2016,Punjab,Punjab,State/UT,Total Crimes against Women,total crimes against women after 2014,FALSE,5105
2016,Rajasthan,Rajasthan,State/UT,Total Crimes against Women,total crimes against women after 2014,FALSE,27422
2016,Sikkim,Sikkim,State/UT,Total Crimes against Women,total crimes against women after 2014,FALSE,153
2016,Tamil Nadu,Tamil Nadu,State/UT,Total Crimes against Women,total crimes against women after 2014,FALSE,4463
2016,Telangana,Telangana,State/UT,Total Crimes against Women,total crimes against women after 2014,FALSE,15374
2016,Tripura,Tripura,State/UT,Total Crimes against Women,total crimes against women after 2014,FALSE,1013
2016,Uttar Pradesh,Uttar Pradesh,State/UT,Total Crimes against Women,total crimes against women after 2014,FALSE,49262
2016,Uttarakhand,Uttarakhand,State/UT,Total Crimes against Women,total crimes against women after 2014,FALSE,1588
2016,West Bengal,West Bengal,State/UT,Total Crimes against Women,total crimes against women after 2014,FALSE,32513
2017,All India (Total),Total (State),Aggregate,Total Crimes against Women,total crimes against women after 2014,FALSE,342860
2017,All India (Total),Total (UTs),Aggregate,Total Crimes against Women,total crimes against women after 2014,FALSE,16989
2017,All India (Total),Total (All-India),Aggregate,Total Crimes against Women,total crimes against women after 2014,FALSE,359849
2017,Andaman & Nicobar Islands,A&N Islands,State/UT,Total Crimes against Women,total crimes against women after 2014,FALSE,132
2017,Andhra Pradesh,Andhra Pradesh,State/UT,Total Crimes against Women,total crimes against women after 2014,FALSE,17909
2017,Arunachal Pradesh,Arunachal Pradesh,State/UT,Total Crimes against Women,total crimes against women after 2014,FALSE,337
2017,Assam,Assam,State/UT,Total Crimes against Women,total crimes against women after 2014,FALSE,23082
2017,Bihar,Bihar,State/UT,Total Crimes against Women,total crimes against women after 2014,FALSE,14711
2017,Chandigarh,Chandigarh,State/UT,Total Crimes against Women,total crimes against women after 2014,FALSE,453
2017,Chhattisgarh,Chhattisgarh,State/UT,Total Crimes against Women,total crimes against women after 2014,FALSE,7996
2017,Dadra & Nagar Haveli and Daman & Diu,D&N Haveli and Daman & Diu,State/UT,Total Crimes against Women,total crimes against women after 2014,FALSE,46
2017,Delhi,Delhi,State/UT,Total Crimes against Women,total crimes against women after 2014,FALSE,13076
2017,Goa,Goa,State/UT,Total Crimes against Women,total crimes against women after 2014,FALSE,369
2017,Gujarat,Gujarat,State/UT,Total Crimes against Women,total crimes against women after 2014,FALSE,8133
2017,Haryana,Haryana,State/UT,Total Crimes against Women,total crimes against women after 2014,FALSE,11370
2017,Himachal Pradesh,Himachal Pradesh,State/UT,Total Crimes against Women,total crimes against women after 2014,FALSE,1246
2017,Jammu & Kashmir,Jammu & Kashmir,State/UT,Total Crimes against Women,total crimes against women after 2014,FALSE,3129
2017,Jharkhand,Jharkhand,State/UT,Total Crimes against Women,total crimes against women after 2014,FALSE,5911
2017,Karnataka,Karnataka,State/UT,Total Crimes against Women,total crimes against women after 2014,FALSE,14078
2017,Kerala,Kerala,State/UT,Total Crimes against Women,total crimes against women after 2014,FALSE,11057
2017,Ladakh,Ladakh,State/UT,Total Crimes against Women,total crimes against women after 2014,FALSE,
2017,Lakshadweep,Lakshadweep,State/UT,Total Crimes against Women,total crimes against women after 2014,FALSE,6
2017,Madhya Pradesh,Madhya Pradesh,State/UT,Total Crimes against Women,total crimes against women after 2014,FALSE,29788
2017,Maharashtra,Maharashtra,State/UT,Total Crimes against Women,total crimes against women after 2014,FALSE,31979
2017,Manipur,Manipur,State/UT,Total Crimes against Women,total crimes against women after 2014,FALSE,236
2017,Meghalaya,Meghalaya,State/UT,Total Crimes against Women,total crimes against women after 2014,FALSE,567
2017,Mizoram,Mizoram,State/UT,Total Crimes against Women,total crimes against women after 2014,FALSE,301
2017,Nagaland,Nagaland,State/UT,Total Crimes against Women,total crimes against women after 2014,FALSE,79
2017,Odisha,Odisha,State/UT,Total Crimes against Women,total crimes against women after 2014,FALSE,20098
2017,Puducherry,Puducherry,State/UT,Total Crimes against Women,total crimes against women after 2014,FALSE,147
2017,Punjab,Punjab,State/UT,Total Crimes against Women,total crimes against women after 2014,FALSE,4620
2017,Rajasthan,Rajasthan,State/UT,Total Crimes against Women,total crimes against women after 2014,FALSE,25993
2017,Sikkim,Sikkim,State/UT,Total Crimes against Women,total crimes against women after 2014,FALSE,163
2017,Tamil Nadu,Tamil Nadu,State/UT,Total Crimes against Women,total crimes against women after 2014,FALSE,5397
2017,Telangana,Telangana,State/UT,Total Crimes against Women,total crimes against women after 2014,FALSE,17521
2017,Tripura,Tripura,State/UT,Total Crimes against Women,total crimes against women after 2014,FALSE,972
2017,Uttar Pradesh,Uttar Pradesh,State/UT,Total Crimes against Women,total crimes against women after 2014,FALSE,56011
2017,Uttarakhand,Uttarakhand,State/UT,Total Crimes against Women,total crimes against women after 2014,FALSE,1944
2017,West Bengal,West Bengal,State/UT,Total Crimes against Women,total crimes against women after 2014,FALSE,30992
2018,All India (Total),Total (State),Aggregate,Total Crimes against Women,total crimes against women after 2014,FALSE,360339
2018,All India (Total),Total (UTs),Aggregate,Total Crimes against Women,total crimes against women after 2014,FALSE,17897
2018,All India (Total),Total (All-India),Aggregate,Total Crimes against Women,total crimes against women after 2014,FALSE,378236
2018,Andaman & Nicobar Islands,A&N Islands,State/UT,Total Crimes against Women,total crimes against women after 2014,FALSE,147
2018,Andhra Pradesh,Andhra Pradesh,State/UT,Total Crimes against Women,total crimes against women after 2014,FALSE,16438
2018,Arunachal Pradesh,Arunachal Pradesh,State/UT,Total Crimes against Women,total crimes against women after 2014,FALSE,368
2018,Assam,Assam,State/UT,Total Crimes against Women,total crimes against women after 2014,FALSE,27687
2018,Bihar,Bihar,State/UT,Total Crimes against Women,total crimes against women after 2014,FALSE,16920
2018,Chandigarh,Chandigarh,State/UT,Total Crimes against Women,total crimes against women after 2014,FALSE,442
2018,Chhattisgarh,Chhattisgarh,State/UT,Total Crimes against Women,total crimes against women after 2014,FALSE,8587
2018,Dadra & Nagar Haveli and Daman & Diu,D&N Haveli and Daman & Diu,State/UT,Total Crimes against Women,total crimes against women after 2014,FALSE,54
2018,Delhi,Delhi,State/UT,Total Crimes against Women,total crimes against women after 2014,FALSE,13640
2018,Goa,Goa,State/UT,Total Crimes against Women,total crimes against women after 2014,FALSE,362
2018,Gujarat,Gujarat,State/UT,Total Crimes against Women,total crimes against women after 2014,FALSE,8329
2018,Haryana,Haryana,State/UT,Total Crimes against Women,total crimes against women after 2014,FALSE,14326
2018,Himachal Pradesh,Himachal Pradesh,State/UT,Total Crimes against Women,total crimes against women after 2014,FALSE,1633
2018,Jammu & Kashmir,Jammu & Kashmir,State/UT,Total Crimes against Women,total crimes against women after 2014,FALSE,3437
2018,Jharkhand,Jharkhand,State/UT,Total Crimes against Women,total crimes against women after 2014,FALSE,7083
2018,Karnataka,Karnataka,State/UT,Total Crimes against Women,total crimes against women after 2014,FALSE,13514
2018,Kerala,Kerala,State/UT,Total Crimes against Women,total crimes against women after 2014,FALSE,10461
2018,Ladakh,Ladakh,State/UT,Total Crimes against Women,total crimes against women after 2014,FALSE,
2018,Lakshadweep,Lakshadweep,State/UT,Total Crimes against Women,total crimes against women after 2014,FALSE,11
2018,Madhya Pradesh,Madhya Pradesh,State/UT,Total Crimes against Women,total crimes against women after 2014,FALSE,28942
2018,Maharashtra,Maharashtra,State/UT,Total Crimes against Women,total crimes against women after 2014,FALSE,35497
2018,Manipur,Manipur,State/UT,Total Crimes against Women,total crimes against women after 2014,FALSE,271
2018,Meghalaya,Meghalaya,State/UT,Total Crimes against Women,total crimes against women after 2014,FALSE,571
2018,Mizoram,Mizoram,State/UT,Total Crimes against Women,total crimes against women after 2014,FALSE,249
2018,Nagaland,Nagaland,State/UT,Total Crimes against Women,total crimes against women after 2014,FALSE,75
2018,Odisha,Odisha,State/UT,Total Crimes against Women,total crimes against women after 2014,FALSE,20274
2018,Puducherry,Puducherry,State/UT,Total Crimes against Women,total crimes against women after 2014,FALSE,166
2018,Punjab,Punjab,State/UT,Total Crimes against Women,total crimes against women after 2014,FALSE,5302
2018,Rajasthan,Rajasthan,State/UT,Total Crimes against Women,total crimes against women after 2014,FALSE,27866
2018,Sikkim,Sikkim,State/UT,Total Crimes against Women,total crimes against women after 2014,FALSE,172
2018,Tamil Nadu,Tamil Nadu,State/UT,Total Crimes against Women,total crimes against women after 2014,FALSE,5822
2018,Telangana,Telangana,State/UT,Total Crimes against Women,total crimes against women after 2014,FALSE,16027
2018,Tripura,Tripura,State/UT,Total Crimes against Women,total crimes against women after 2014,FALSE,907
2018,Uttar Pradesh,Uttar Pradesh,State/UT,Total Crimes against Women,total crimes against women after 2014,FALSE,59445
2018,Uttarakhand,Uttarakhand,State/UT,Total Crimes against Women,total crimes against women after 2014,FALSE,2817
2018,West Bengal,West Bengal,State/UT,Total Crimes against Women,total crimes against women after 2014,FALSE,30394
2019,All India (Total),Total (State),Aggregate,Total Crimes against Women,total crimes against women after 2014,FALSE,387997
2019,All India (Total),Total (UTs),Aggregate,Total Crimes against Women,total crimes against women after 2014,FALSE,17329
2019,All India (Total),Total (All-India),Aggregate,Total Crimes against Women,total crimes against women after 2014,FALSE,405326
2019,Andaman & Nicobar Islands,A&N Islands,State/UT,Total Crimes against Women,total crimes against women after 2014,FALSE,135
2019,Andhra Pradesh,Andhra Pradesh,State/UT,Total Crimes against Women,total crimes against women after 2014,FALSE,17746
2019,Arunachal Pradesh,Arunachal Pradesh,State/UT,Total Crimes against Women,total crimes against women after 2014,FALSE,317
2019,Assam,Assam,State/UT,Total Crimes against Women,total crimes against women after 2014,FALSE,30025
2019,Bihar,Bihar,State/UT,Total Crimes against Women,total crimes against women after 2014,FALSE,18587
2019,Chandigarh,Chandigarh,State/UT,Total Crimes against Women,total crimes against women after 2014,FALSE,515
2019,Chhattisgarh,Chhattisgarh,State/UT,Total Crimes against Women,total crimes against women after 2014,FALSE,7689
2019,Dadra & Nagar Haveli and Daman & Diu,D&N Haveli and Daman & Diu,State/UT,Total Crimes against Women,total crimes against women after 2014,FALSE,82
2019,Delhi,Delhi,State/UT,Total Crimes against Women,total crimes against women after 2014,FALSE,13395
2019,Goa,Goa,State/UT,Total Crimes against Women,total crimes against women after 2014,FALSE,329
2019,Gujarat,Gujarat,State/UT,Total Crimes against Women,total crimes against women after 2014,FALSE,8799
2019,Haryana,Haryana,State/UT,Total Crimes against Women,total crimes against women after 2014,FALSE,14683
2019,Himachal Pradesh,Himachal Pradesh,State/UT,Total Crimes against Women,total crimes against women after 2014,FALSE,1636
2019,Jammu & Kashmir,Jammu & Kashmir,State/UT,Total Crimes against Women,total crimes against women after 2014,FALSE,3069
2019,Jharkhand,Jharkhand,State/UT,Total Crimes against Women,total crimes against women after 2014,FALSE,8760
2019,Karnataka,Karnataka,State/UT,Total Crimes against Women,total crimes against women after 2014,FALSE,13828
2019,Kerala,Kerala,State/UT,Total Crimes against Women,total crimes against women after 2014,FALSE,11462
2019,Ladakh,Ladakh,State/UT,Total Crimes against Women,total crimes against women after 2014,FALSE,
2019,Lakshadweep,Lakshadweep,State/UT,Total Crimes against Women,total crimes against women after 2014,FALSE,38
2019,Madhya Pradesh,Madhya Pradesh,State/UT,Total Crimes against Women,total crimes against women after 2014,FALSE,27560
2019,Maharashtra,Maharashtra,State/UT,Total Crimes against Women,total crimes against women after 2014,FALSE,37144
2019,Manipur,Manipur,State/UT,Total Crimes against Women,total crimes against women after 2014,FALSE,266
2019,Meghalaya,Meghalaya,State/UT,Total Crimes against Women,total crimes against women after 2014,FALSE,558
2019,Mizoram,Mizoram,State/UT,Total Crimes against Women,total crimes against women after 2014,FALSE,170
2019,Nagaland,Nagaland,State/UT,Total Crimes against Women,total crimes against women after 2014,FALSE,43
2019,Odisha,Odisha,State/UT,Total Crimes against Women,total crimes against women after 2014,FALSE,23183
2019,Puducherry,Puducherry,State/UT,Total Crimes against Women,total crimes against women after 2014,FALSE,95
2019,Punjab,Punjab,State/UT,Total Crimes against Women,total crimes against women after 2014,FALSE,5886
2019,Rajasthan,Rajasthan,State/UT,Total Crimes against Women,total crimes against women after 2014,FALSE,41550
2019,Sikkim,Sikkim,State/UT,Total Crimes against Women,total crimes against women after 2014,FALSE,125
2019,Tamil Nadu,Tamil Nadu,State/UT,Total Crimes against Women,total crimes against women after 2014,FALSE,5934
2019,Telangana,Telangana,State/UT,Total Crimes against Women,total crimes against women after 2014,FALSE,18394
2019,Tripura,Tripura,State/UT,Total Crimes against Women,total crimes against women after 2014,FALSE,1070
2019,Uttar Pradesh,Uttar Pradesh,State/UT,Total Crimes against Women,total crimes against women after 2014,FALSE,59853
2019,Uttarakhand,Uttarakhand,State/UT,Total Crimes against Women,total crimes against women after 2014,FALSE,2541
2019,West Bengal,West Bengal,State/UT,Total Crimes against Women,total crimes against women after 2014,FALSE,29859
2020,All India (Total),Total (State),Aggregate,Total Crimes against Women,total crimes against women after 2014,FALSE,357363
2020,All India (Total),Total (UTs),Aggregate,Total Crimes against Women,total crimes against women after 2014,FALSE,14140
2020,All India (Total),Total (All-India),Aggregate,Total Crimes against Women,total crimes against women after 2014,FALSE,371503
2020,Andaman & Nicobar Islands,A&N Islands,State/UT,Total Crimes against Women,total crimes against women after 2014,FALSE,143
2020,Andhra Pradesh,Andhra Pradesh,State/UT,Total Crimes against Women,total crimes against women after 2014,FALSE,17089
2020,Arunachal Pradesh,Arunachal Pradesh,State/UT,Total Crimes against Women,total crimes against women after 2014,FALSE,281
2020,Assam,Assam,State/UT,Total Crimes against Women,total crimes against women after 2014,FALSE,26352
2020,Bihar,Bihar,State/UT,Total Crimes against Women,total crimes against women after 2014,FALSE,15359
2020,Chandigarh,Chandigarh,State/UT,Total Crimes against Women,total crimes against women after 2014,FALSE,301
2020,Chhattisgarh,Chhattisgarh,State/UT,Total Crimes against Women,total crimes against women after 2014,FALSE,7385
2020,Dadra & Nagar Haveli and Daman & Diu,D&N Haveli and Daman & Diu,State/UT,Total Crimes against Women,total crimes against women after 2014,FALSE,61
2020,Delhi,Delhi,State/UT,Total Crimes against Women,total crimes against women after 2014,FALSE,10093
2020,Goa,Goa,State/UT,Total Crimes against Women,total crimes against women after 2014,FALSE,219
2020,Gujarat,Gujarat,State/UT,Total Crimes against Women,total crimes against women after 2014,FALSE,8028
2020,Haryana,Haryana,State/UT,Total Crimes against Women,total crimes against women after 2014,FALSE,13000
2020,Himachal Pradesh,Himachal Pradesh,State/UT,Total Crimes against Women,total crimes against women after 2014,FALSE,1614
2020,Jammu & Kashmir,Jammu & Kashmir,State/UT,Total Crimes against Women,total crimes against women after 2014,FALSE,3405
2020,Jharkhand,Jharkhand,State/UT,Total Crimes against Women,total crimes against women after 2014,FALSE,7630
2020,Karnataka,Karnataka,State/UT,Total Crimes against Women,total crimes against women after 2014,FALSE,12680
2020,Kerala,Kerala,State/UT,Total Crimes against Women,total crimes against women after 2014,FALSE,10139
2020,Ladakh,Ladakh,State/UT,Total Crimes against Women,total crimes against women after 2014,FALSE,9
2020,Lakshadweep,Lakshadweep,State/UT,Total Crimes against Women,total crimes against women after 2014,FALSE,15
2020,Madhya Pradesh,Madhya Pradesh,State/UT,Total Crimes against Women,total crimes against women after 2014,FALSE,25640
2020,Maharashtra,Maharashtra,State/UT,Total Crimes against Women,total crimes against women after 2014,FALSE,31954
2020,Manipur,Manipur,State/UT,Total Crimes against Women,total crimes against women after 2014,FALSE,247
2020,Meghalaya,Meghalaya,State/UT,Total Crimes against Women,total crimes against women after 2014,FALSE,568
2020,Mizoram,Mizoram,State/UT,Total Crimes against Women,total crimes against women after 2014,FALSE,172
2020,Nagaland,Nagaland,State/UT,Total Crimes against Women,total crimes against women after 2014,FALSE,39
2020,Odisha,Odisha,State/UT,Total Crimes against Women,total crimes against women after 2014,FALSE,25489
2020,Puducherry,Puducherry,State/UT,Total Crimes against Women,total crimes against women after 2014,FALSE,113
2020,Punjab,Punjab,State/UT,Total Crimes against Women,total crimes against women after 2014,FALSE,4838
2020,Rajasthan,Rajasthan,State/UT,Total Crimes against Women,total crimes against women after 2014,FALSE,34535
2020,Sikkim,Sikkim,State/UT,Total Crimes against Women,total crimes against women after 2014,FALSE,140
2020,Tamil Nadu,Tamil Nadu,State/UT,Total Crimes against Women,total crimes against women after 2014,FALSE,6630
2020,Telangana,Telangana,State/UT,Total Crimes against Women,total crimes against women after 2014,FALSE,17791
2020,Tripura,Tripura,State/UT,Total Crimes against Women,total crimes against women after 2014,FALSE,874
2020,Uttar Pradesh,Uttar Pradesh,State/UT,Total Crimes against Women,total crimes against women after 2014,FALSE,49385
2020,Uttarakhand,Uttarakhand,State/UT,Total Crimes against Women,total crimes against women after 2014,FALSE,2846
2020,West Bengal,West Bengal,State/UT,Total Crimes against Women,total crimes against women after 2014,FALSE,36439
2021,All India (Total),Total (State),Aggregate,Total Crimes against Women,total crimes against women after 2014,FALSE,409273
2021,All India (Total),Total (UTs),Aggregate,Total Crimes against Women,total crimes against women after 2014,FALSE,19005
2021,All India (Total),Total (All-India),Aggregate,Total Crimes against Women,total crimes against women after 2014,FALSE,428278
2021,Andaman & Nicobar Islands,A&N Islands,State/UT,Total Crimes against Women,total crimes against women after 2014,FALSE,169
2021,Andhra Pradesh,Andhra Pradesh,State/UT,Total Crimes against Women,total crimes against women after 2014,FALSE,17752
2021,Arunachal Pradesh,Arunachal Pradesh,State/UT,Total Crimes against Women,total crimes against women after 2014,FALSE,366
2021,Assam,Assam,State/UT,Total Crimes against Women,total crimes against women after 2014,FALSE,29046
2021,Bihar,Bihar,State/UT,Total Crimes against Women,total crimes against women after 2014,FALSE,17950
2021,Chandigarh,Chandigarh,State/UT,Total Crimes against Women,total crimes against women after 2014,FALSE,343
2021,Chhattisgarh,Chhattisgarh,State/UT,Total Crimes against Women,total crimes against women after 2014,FALSE,7344
2021,Dadra & Nagar Haveli and Daman & Diu,D&N Haveli and Daman & Diu,State/UT,Total Crimes against Women,total crimes against women after 2014,FALSE,99
2021,Delhi,Delhi,State/UT,Total Crimes against Women,total crimes against women after 2014,FALSE,14277
2021,Goa,Goa,State/UT,Total Crimes against Women,total crimes against women after 2014,FALSE,224
2021,Gujarat,Gujarat,State/UT,Total Crimes against Women,total crimes against women after 2014,FALSE,7348
2021,Haryana,Haryana,State/UT,Total Crimes against Women,total crimes against women after 2014,FALSE,16658
2021,Himachal Pradesh,Himachal Pradesh,State/UT,Total Crimes against Women,total crimes against women after 2014,FALSE,1599
2021,Jammu & Kashmir,Jammu & Kashmir,State/UT,Total Crimes against Women,total crimes against women after 2014,FALSE,3937
2021,Jharkhand,Jharkhand,State/UT,Total Crimes against Women,total crimes against women after 2014,FALSE,8110
2021,Karnataka,Karnataka,State/UT,Total Crimes against Women,total crimes against women after 2014,FALSE,14468
2021,Kerala,Kerala,State/UT,Total Crimes against Women,total crimes against women after 2014,FALSE,13539
2021,Ladakh,Ladakh,State/UT,Total Crimes against Women,total crimes against women after 2014,FALSE,18
2021,Lakshadweep,Lakshadweep,State/UT,Total Crimes against Women,total crimes against women after 2014,FALSE,9
2021,Madhya Pradesh,Madhya Pradesh,State/UT,Total Crimes against Women,total crimes against women after 2014,FALSE,30673
2021,Maharashtra,Maharashtra,State/UT,Total Crimes against Women,total crimes against women after 2014,FALSE,39526
2021,Manipur,Manipur,State/UT,Total Crimes against Women,total crimes against women after 2014,FALSE,302
2021,Meghalaya,Meghalaya,State/UT,Total Crimes against Women,total crimes against women after 2014,FALSE,685
2021,Mizoram,Mizoram,State/UT,Total Crimes against Women,total crimes against women after 2014,FALSE,176
2021,Nagaland,Nagaland,State/UT,Total Crimes against Women,total crimes against women after 2014,FALSE,54
2021,Odisha,Odisha,State/UT,Total Crimes against Women,total crimes against women after 2014,FALSE,31352
2021,Puducherry,Puducherry,State/UT,Total Crimes against Women,total crimes against women after 2014,FALSE,153
2021,Punjab,Punjab,State/UT,Total Crimes against Women,total crimes against women after 2014,FALSE,5662
2021,Rajasthan,Rajasthan,State/UT,Total Crimes against Women,total crimes against women after 2014,FALSE,40738
2021,Sikkim,Sikkim,State/UT,Total Crimes against Women,total crimes against women after 2014,FALSE,130
2021,Tamil Nadu,Tamil Nadu,State/UT,Total Crimes against Women,total crimes against women after 2014,FALSE,8501
2021,Telangana,Telangana,State/UT,Total Crimes against Women,total crimes against women after 2014,FALSE,20865
2021,Tripura,Tripura,State/UT,Total Crimes against Women,total crimes against women after 2014,FALSE,807
2021,Uttar Pradesh,Uttar Pradesh,State/UT,Total Crimes against Women,total crimes against women after 2014,FALSE,56083
2021,Uttarakhand,Uttarakhand,State/UT,Total Crimes against Women,total crimes against women after 2014,FALSE,3431
2021,West Bengal,West Bengal,State/UT,Total Crimes against Women,total crimes against women after 2014,FALSE,35884
2022,All India (Total),Total (State),Aggregate,Total Crimes against Women,total crimes against women after 2014,FALSE,426433
2022,All India (Total),Total (UTs),Aggregate,Total Crimes against Women,total crimes against women after 2014,FALSE,18823
2022,All India (Total),Total (All-India),Aggregate,Total Crimes against Women,total crimes against women after 2014,FALSE,445256
2022,Andaman & Nicobar Islands,A&N Islands,State/UT,Total Crimes against Women,total crimes against women after 2014,FALSE,178
2022,Andhra Pradesh,Andhra Pradesh,State/UT,Total Crimes against Women,total crimes against women after 2014,FALSE,25503
2022,Arunachal Pradesh,Arunachal Pradesh,State/UT,Total Crimes against Women,total crimes against women after 2014,FALSE,335
2022,Assam,Assam,State/UT,Total Crimes against Women,total crimes against women after 2014,FALSE,14148
2022,Bihar,Bihar,State/UT,Total Crimes against Women,total crimes against women after 2014,FALSE,20222
2022,Chandigarh,Chandigarh,State/UT,Total Crimes against Women,total crimes against women after 2014,FALSE,325
2022,Chhattisgarh,Chhattisgarh,State/UT,Total Crimes against Women,total crimes against women after 2014,FALSE,8693
2022,Dadra & Nagar Haveli and Daman & Diu,D&N Haveli and Daman & Diu,State/UT,Total Crimes against Women,total crimes against women after 2014,FALSE,126
2022,Delhi,Delhi,State/UT,Total Crimes against Women,total crimes against women after 2014,FALSE,14247
2022,Goa,Goa,State/UT,Total Crimes against Women,total crimes against women after 2014,FALSE,273
2022,Gujarat,Gujarat,State/UT,Total Crimes against Women,total crimes against women after 2014,FALSE,7731
2022,Haryana,Haryana,State/UT,Total Crimes against Women,total crimes against women after 2014,FALSE,16743
2022,Himachal Pradesh,Himachal Pradesh,State/UT,Total Crimes against Women,total crimes against women after 2014,FALSE,1551
2022,Jammu & Kashmir,Jammu & Kashmir,State/UT,Total Crimes against Women,total crimes against women after 2014,FALSE,3716
2022,Jharkhand,Jharkhand,State/UT,Total Crimes against Women,total crimes against women after 2014,FALSE,7678
2022,Karnataka,Karnataka,State/UT,Total Crimes against Women,total crimes against women after 2014,FALSE,17813
2022,Kerala,Kerala,State/UT,Total Crimes against Women,total crimes against women after 2014,FALSE,15213
2022,Ladakh,Ladakh,State/UT,Total Crimes against Women,total crimes against women after 2014,FALSE,15
2022,Lakshadweep,Lakshadweep,State/UT,Total Crimes against Women,total crimes against women after 2014,FALSE,16
2022,Madhya Pradesh,Madhya Pradesh,State/UT,Total Crimes against Women,total crimes against women after 2014,FALSE,32765
2022,Maharashtra,Maharashtra,State/UT,Total Crimes against Women,total crimes against women after 2014,FALSE,45331
2022,Manipur,Manipur,State/UT,Total Crimes against Women,total crimes against women after 2014,FALSE,248
2022,Meghalaya,Meghalaya,State/UT,Total Crimes against Women,total crimes against women after 2014,FALSE,690
2022,Mizoram,Mizoram,State/UT,Total Crimes against Women,total crimes against women after 2014,FALSE,147
2022,Nagaland,Nagaland,State/UT,Total Crimes against Women,total crimes against women after 2014,FALSE,49
2022,Odisha,Odisha,State/UT,Total Crimes against Women,total crimes against women after 2014,FALSE,23648
2022,Puducherry,Puducherry,State/UT,Total Crimes against Women,total crimes against women after 2014,FALSE,200
2022,Punjab,Punjab,State/UT,Total Crimes against Women,total crimes against women after 2014,FALSE,5572
2022,Rajasthan,Rajasthan,State/UT,Total Crimes against Women,total crimes against women after 2014,FALSE,45058
2022,Sikkim,Sikkim,State/UT,Total Crimes against Women,total crimes against women after 2014,FALSE,179
2022,Tamil Nadu,Tamil Nadu,State/UT,Total Crimes against Women,total crimes against women after 2014,FALSE,9207
2022,Telangana,Telangana,State/UT,Total Crimes against Women,total crimes against women after 2014,FALSE,22066
2022,Tripura,Tripura,State/UT,Total Crimes against Women,total crimes against women after 2014,FALSE,752
2022,Uttar Pradesh,Uttar Pradesh,State/UT,Total Crimes against Women,total crimes against women after 2014,FALSE,65743
2022,Uttarakhand,Uttarakhand,State/UT,Total Crimes against Women,total crimes against women after 2014,FALSE,4337
2022,West Bengal,West Bengal,State/UT,Total Crimes against Women,total crimes against women after 2014,FALSE,34738
2023,All India (Total),Total (State),Aggregate,Total Crimes against Women,total crimes against women after 2014,FALSE,
2023,All India (Total),Total (UTs),Aggregate,Total Crimes against Women,total crimes against women after 2014,FALSE,
2023,All India (Total),Total (All-India),Aggregate,Total Crimes against Women,total crimes against women after 2014,FALSE,448211
2023,Andaman & Nicobar Islands,A&N Islands,State/UT,Total Crimes against Women,total crimes against women after 2014,FALSE,
2023,Andhra Pradesh,Andhra Pradesh,State/UT,Total Crimes against Women,total crimes against women after 2014,FALSE,
2023,Arunachal Pradesh,Arunachal Pradesh,State/UT,Total Crimes against Women,total crimes against women after 2014,FALSE,
2023,Assam,Assam,State/UT,Total Crimes against Women,total crimes against women after 2014,FALSE,
2023,Bihar,Bihar,State/UT,Total Crimes against Women,total crimes against women after 2014,FALSE,
2023,Chandigarh,Chandigarh,State/UT,Total Crimes against Women,total crimes against women after 2014,FALSE,
2023,Chhattisgarh,Chhattisgarh,State/UT,Total Crimes against Women,total crimes against women after 2014,FALSE,
2023,Dadra & Nagar Haveli and Daman & Diu,D&N Haveli and Daman & Diu,State/UT,Total Crimes against Women,total crimes against women after 2014,FALSE,
2023,Delhi,Delhi,State/UT,Total Crimes against Women,total crimes against women after 2014,FALSE,
2023,Goa,Goa,State/UT,Total Crimes against Women,total crimes against women after 2014,FALSE,
2023,Gujarat,Gujarat,State/UT,Total Crimes against Women,total crimes against women after 2014,FALSE,
2023,Haryana,Haryana,State/UT,Total Crimes against Women,total crimes against women after 2014,FALSE,
2023,Himachal Pradesh,Himachal Pradesh,State/UT,Total Crimes against Women,total crimes against women after 2014,FALSE,
2023,Jammu & Kashmir,Jammu & Kashmir,State/UT,Total Crimes against Women,total crimes against women after 2014,FALSE,
2023,Jharkhand,Jharkhand,State/UT,Total Crimes against Women,total crimes against women after 2014,FALSE,
2023,Karnataka,Karnataka,State/UT,Total Crimes against Women,total crimes against women after 2014,FALSE,
2023,Kerala,Kerala,State/UT,Total Crimes against Women,total crimes against women after 2014,FALSE,
2023,Ladakh,Ladakh,State/UT,Total Crimes against Women,total crimes against women after 2014,FALSE,
2023,Lakshadweep,Lakshadweep,State/UT,Total Crimes against Women,total crimes against women after 2014,FALSE,
2023,Madhya Pradesh,Madhya Pradesh,State/UT,Total Crimes against Women,total crimes against women after 2014,FALSE,32342
2023,Maharashtra,Maharashtra,State/UT,Total Crimes against Women,total crimes against women after 2014,FALSE,47101
2023,Manipur,Manipur,State/UT,Total Crimes against Women,total crimes against women after 2014,FALSE,
2023,Meghalaya,Meghalaya,State/UT,Total Crimes against Women,total crimes against women after 2014,FALSE,
2023,Mizoram,Mizoram,State/UT,Total Crimes against Women,total crimes against women after 2014,FALSE,
2023,Nagaland,Nagaland,State/UT,Total Crimes against Women,total crimes against women after 2014,FALSE,
2023,Odisha,Odisha,State/UT,Total Crimes against Women,total crimes against women after 2014,FALSE,
2023,Puducherry,Puducherry,State/UT,Total Crimes against Women,total crimes against women after 2014,FALSE,
2023,Punjab,Punjab,State/UT,Total Crimes against Women,total crimes against women after 2014,FALSE,
2023,Rajasthan,Rajasthan,State/UT,Total Crimes against Women,total crimes against women after 2014,FALSE,45450
2023,Sikkim,Sikkim,State/UT,Total Crimes against Women,total crimes against women after 2014,FALSE,
2023,Tamil Nadu,Tamil Nadu,State/UT,Total Crimes against Women,total crimes against women after 2014,FALSE,
2023,Telangana,Telangana,State/UT,Total Crimes against Women,total crimes against women after 2014,FALSE,
2023,Tripura,Tripura,State/UT,Total Crimes against Women,total crimes against women after 2014,FALSE,
2023,Uttar Pradesh,Uttar Pradesh,State/UT,Total Crimes against Women,total crimes against women after 2014,FALSE,66381
2023,Uttarakhand,Uttarakhand,State/UT,Total Crimes against Women,total crimes against women after 2014,FALSE,
2023,West Bengal,West Bengal,State/UT,Total Crimes against Women,total crimes against women after 2014,FALSE,34691
2024,All India (Total),Total (State),Aggregate,Total Crimes against Women,total crimes against women after 2014,FALSE,
2024,All India (Total),Total (UTs),Aggregate,Total Crimes against Women,total crimes against women after 2014,FALSE,
2024,All India (Total),Total (All-India),Aggregate,Total Crimes against Women,total crimes against women after 2014,FALSE,
2024,Andaman & Nicobar Islands,A&N Islands,State/UT,Total Crimes against Women,total crimes against women after 2014,FALSE,
2024,Andhra Pradesh,Andhra Pradesh,State/UT,Total Crimes against Women,total crimes against women after 2014,FALSE,
2024,Arunachal Pradesh,Arunachal Pradesh,State/UT,Total Crimes against Women,total crimes against women after 2014,FALSE,
2024,Assam,Assam,State/UT,Total Crimes against Women,total crimes against women after 2014,FALSE,
2024,Bihar,Bihar,State/UT,Total Crimes against Women,total crimes against women after 2014,FALSE,
2024,Chandigarh,Chandigarh,State/UT,Total Crimes against Women,total crimes against women after 2014,FALSE,
2024,Chhattisgarh,Chhattisgarh,State/UT,Total Crimes against Women,total crimes against women after 2014,FALSE,
2024,Dadra & Nagar Haveli and Daman & Diu,D&N Haveli and Daman & Diu,State/UT,Total Crimes against Women,total crimes against women after 2014,FALSE,
2024,Delhi,Delhi,State/UT,Total Crimes against Women,total crimes against women after 2014,FALSE,
2024,Goa,Goa,State/UT,Total Crimes against Women,total crimes against women after 2014,FALSE,
2024,Gujarat,Gujarat,State/UT,Total Crimes against Women,total crimes against women after 2014,FALSE,
2024,Haryana,Haryana,State/UT,Total Crimes against Women,total crimes against women after 2014,FALSE,
2024,Himachal Pradesh,Himachal Pradesh,State/UT,Total Crimes against Women,total crimes against women after 2014,FALSE,
2024,Jammu & Kashmir,Jammu & Kashmir,State/UT,Total Crimes against Women,total crimes against women after 2014,FALSE,
2024,Jharkhand,Jharkhand,State/UT,Total Crimes against Women,total crimes against women after 2014,FALSE,
2024,Karnataka,Karnataka,State/UT,Total Crimes against Women,total crimes against women after 2014,FALSE,
2024,Kerala,Kerala,State/UT,Total Crimes against Women,total crimes against women after 2014,FALSE,
2024,Ladakh,Ladakh,State/UT,Total Crimes against Women,total crimes against women after 2014,FALSE,
2024,Lakshadweep,Lakshadweep,State/UT,Total Crimes against Women,total crimes against women after 2014,FALSE,
2024,Madhya Pradesh,Madhya Pradesh,State/UT,Total Crimes against Women,total crimes against women after 2014,FALSE,
2024,Maharashtra,Maharashtra,State/UT,Total Crimes against Women,total crimes against women after 2014,FALSE,
2024,Manipur,Manipur,State/UT,Total Crimes against Women,total crimes against women after 2014,FALSE,
2024,Meghalaya,Meghalaya,State/UT,Total Crimes against Women,total crimes against women after 2014,FALSE,
2024,Mizoram,Mizoram,State/UT,Total Crimes against Women,total crimes against women after 2014,FALSE,
2024,Nagaland,Nagaland,State/UT,Total Crimes against Women,total crimes against women after 2014,FALSE,
2024,Odisha,Odisha,State/UT,Total Crimes against Women,total crimes against women after 2014,FALSE,
2024,Puducherry,Puducherry,State/UT,Total Crimes against Women,total crimes against women after 2014,FALSE,
2024,Punjab,Punjab,State/UT,Total Crimes against Women,total crimes against women after 2014,FALSE,
2024,Rajasthan,Rajasthan,State/UT,Total Crimes against Women,total crimes against women after 2014,FALSE,
2024,Sikkim,Sikkim,State/UT,Total Crimes against Women,total crimes against women after 2014,FALSE,
2024,Tamil Nadu,Tamil Nadu,State/UT,Total Crimes against Women,total crimes against women after 2014,FALSE,
2024,Telangana,Telangana,State/UT,Total Crimes against Women,total crimes against women after 2014,FALSE,
2024,Tripura,Tripura,State/UT,Total Crimes against Women,total crimes against women after 2014,FALSE,
2024,Uttar Pradesh,Uttar Pradesh,State/UT,Total Crimes against Women,total crimes against women after 2014,FALSE,
2024,Uttarakhand,Uttarakhand,State/UT,Total Crimes against Women,total crimes against women after 2014,FALSE,
2024,West Bengal,West Bengal,State/UT,Total Crimes against Women,total crimes against women after 2014,FALSE,
2025,All India (Total),Total (State),Aggregate,Total Crimes against Women,total crimes against women after 2014,FALSE,
2025,All India (Total),Total (UTs),Aggregate,Total Crimes against Women,total crimes against women after 2014,FALSE,
2025,All India (Total),Total (All-India),Aggregate,Total Crimes against Women,total crimes against women after 2014,FALSE,
2025,Andaman & Nicobar Islands,A&N Islands,State/UT,Total Crimes against Women,total crimes against women after 2014,FALSE,
2025,Andhra Pradesh,Andhra Pradesh,State/UT,Total Crimes against Women,total crimes against women after 2014,FALSE,
2025,Arunachal Pradesh,Arunachal Pradesh,State/UT,Total Crimes against Women,total crimes against women after 2014,FALSE,
2025,Assam,Assam,State/UT,Total Crimes against Women,total crimes against women after 2014,FALSE,
2025,Bihar,Bihar,State/UT,Total Crimes against Women,total crimes against women after 2014,FALSE,
2025,Chandigarh,Chandigarh,State/UT,Total Crimes against Women,total crimes against women after 2014,FALSE,
2025,Chhattisgarh,Chhattisgarh,State/UT,Total Crimes against Women,total crimes against women after 2014,FALSE,
2025,Dadra & Nagar Haveli and Daman & Diu,D&N Haveli and Daman & Diu,State/UT,Total Crimes against Women,total crimes against women after 2014,FALSE,
2025,Delhi,Delhi,State/UT,Total Crimes against Women,total crimes against women after 2014,FALSE,
2025,Goa,Goa,State/UT,Total Crimes against Women,total crimes against women after 2014,FALSE,
2025,Gujarat,Gujarat,State/UT,Total Crimes against Women,total crimes against women after 2014,FALSE,
2025,Haryana,Haryana,State/UT,Total Crimes against Women,total crimes against women after 2014,FALSE,
2025,Himachal Pradesh,Himachal Pradesh,State/UT,Total Crimes against Women,total crimes against women after 2014,FALSE,
2025,Jammu & Kashmir,Jammu & Kashmir,State/UT,Total Crimes against Women,total crimes against women after 2014,FALSE,
2025,Jharkhand,Jharkhand,State/UT,Total Crimes against Women,total crimes against women after 2014,FALSE,
2025,Karnataka,Karnataka,State/UT,Total Crimes against Women,total crimes against women after 2014,FALSE,
2025,Kerala,Kerala,State/UT,Total Crimes against Women,total crimes against women after 2014,FALSE,
2025,Ladakh,Ladakh,State/UT,Total Crimes against Women,total crimes against women after 2014,FALSE,
2025,Lakshadweep,Lakshadweep,State/UT,Total Crimes against Women,total crimes against women after 2014,FALSE,
2025,Madhya Pradesh,Madhya Pradesh,State/UT,Total Crimes against Women,total crimes against women after 2014,FALSE,
2025,Maharashtra,Maharashtra,State/UT,Total Crimes against Women,total crimes against women after 2014,FALSE,
2025,Manipur,Manipur,State/UT,Total Crimes against Women,total crimes against women after 2014,FALSE,
2025,Meghalaya,Meghalaya,State/UT,Total Crimes against Women,total crimes against women after 2014,FALSE,
2025,Mizoram,Mizoram,State/UT,Total Crimes against Women,total crimes against women after 2014,FALSE,
2025,Nagaland,Nagaland,State/UT,Total Crimes against Women,total crimes against women after 2014,FALSE,
2025,Odisha,Odisha,State/UT,Total Crimes against Women,total crimes against women after 2014,FALSE,
2025,Puducherry,Puducherry,State/UT,Total Crimes against Women,total crimes against women after 2014,FALSE,
2025,Punjab,Punjab,State/UT,Total Crimes against Women,total crimes against women after 2014,FALSE,
2025,Rajasthan,Rajasthan,State/UT,Total Crimes against Women,total crimes against women after 2014,FALSE,
2025,Sikkim,Sikkim,State/UT,Total Crimes against Women,total crimes against women after 2014,FALSE,
2025,Tamil Nadu,Tamil Nadu,State/UT,Total Crimes against Women,total crimes against women after 2014,FALSE,
2025,Telangana,Telangana,State/UT,Total Crimes against Women,total crimes against women after 2014,FALSE,
2025,Tripura,Tripura,State/UT,Total Crimes against Women,total crimes against women after 2014,FALSE,
2025,Uttar Pradesh,Uttar Pradesh,State/UT,Total Crimes against Women,total crimes against women after 2014,FALSE,
2025,Uttarakhand,Uttarakhand,State/UT,Total Crimes against Women,total crimes against women after 2014,FALSE,
2025,West Bengal,West Bengal,State/UT,Total Crimes against Women,total crimes against women after 2014,FALSE,
