mp_index,mp_name,nature_membership,term_start_date,term_end_date,term,pc_name,state,mp_political_party,mp_gender,educational_qualification,educational_qualification_details,mp_age,ag_debates,ag_private_member_bills,ag_questions,avg_attendance,mp_note,ag_national_average_debate,ag_national_average_pmb,ag_national_average_questions,avg_attendance_national_average,ag_state_average_debate,ag_state_average_pmb,ag_state_average_questions,avg_attendance_state_average,mp_house
900411,Rajeev Shankarrao Satav,Elected,03-04-2020,16-05-2021,First Term,N/A,Maharashtra,Indian National Congress,Male,Post Graduate,"B.Sc, M.A., LL.B",49,37,N/A,93,0.741935484, Data corresponds to the period from 01-06-2009 to 10-02-2024.,14.7655934,N/A,26.98962433,0.787043243,23.6,N/A,44.8,0.776425958,Rajya Sabha
900316,N. K. Singh,Elected,10-04-2008,09-04-2014,First Term,N/A,Bihar,Janata Dal (United),Male,Post Graduate,"M.A. (Economics) Educated at St. Stephen's College, University of Delhi and Delhi School of Economics, Delhi",83,115,1,1036,0.859550562, Data corresponds to the period from 01-06-2009 to 10-02-2024.,39.07140246,0.968051246,284.2491237,0.787043243,51.8375,0.0625,331.9958333,0.818079904,Rajya Sabha
900488,Sasikala Pushpa,Elected,03-04-2014,02-04-2020,First Term,N/A,Tamil Nadu,All India Anna Dravida Munnetra Kazhagam,Female,Post Graduate,"B.A. (English Literature), M.A. (Public Administration), Diploma in Business Administation Educated at University of Madras, Chennai and Southern Cross University, Singapore",48,27,3,523,0.699745547, Data corresponds to the period from 01-06-2009 to 10-02-2024.,97.86446071,1.500965027,324.7388369,0.787043243,136.8039216,0.784313725,438.3496732,0.713206211,Rajya Sabha
900049,Anil Yeshwant Desai,Elected,03-04-2018,02-04-2024,Second Term,N/A,Maharashtra,Shiv Sena,Male,Professional Graduate,"B.Com, LL. B. Educated at Mumbai University, Mu",67,156,1,921,0.846796657, Data corresponds to the period from 01-06-2009 to 10-02-2024.,190.0384066,2.733821306,589.8961533,0.787043243,215.5544962,6.830438842,818.9871104,0.776425958,Rajya Sabha
900433,Rama Chandra Khuntia,Elected,03-04-2008,02-04-2014,Second Term,N/A,Odisha,Indian National Congress,Male,Professional Post Graduate,"Graduate in Law, M.B.A. Educated at Utkal University and Sikkim Manipal University",70,99,5,777,0.800561798, Data corresponds to the period from 01-06-2009 to 10-02-2024.,39.07140246,0.968051246,284.2491237,0.787043243,54.27777778,0.5,252.9222222,0.780593478,Rajya Sabha
900262,M.V. Mysura Reddy,Elected,03-04-2006,02-04-2012,First Term,N/A,Andhra Pradesh,Telugu Desam Party,Male,Professional Graduate,"M.B.B.S. Educated at Government Medical College, Kurnool (Andhra Pradesh",75,68,1,494,0.932126697, Data corresponds to the period from 01-06-2009 to 10-02-2024.,23.58244777,0.61776919,178.9718321,0.787043243,20.52142857,0.883333333,251.8839286,0.758898933,Rajya Sabha
900264,Mabel Rebello,Elected,03-04-2006,02-04-2012,Second Term,N/A,Jharkhand,Indian National Congress,Female,Post Graduate,"M.A., D.S.W. (Diploma in Social Work) Educated at St. Joseph's School, St. Agnes College, Roshini Nilaya, Bangalore and Bakratulla University, Bhopal",74,26,3,249,0.914027149, Data corresponds to the period from 01-06-2009 to 10-02-2024.,23.58244777,0.61776919,178.9718321,0.787043243,23.75,0.5,250.9,0.784158314,Rajya Sabha
900071,B. Jayashree,Nominated,22-03-2010,21-03-2016,First Term,N/A,N/A,Independent,Female,Graduate,"Graduate ; Educated at National School of Drama, New Delhi",73,7,0,2,0.630379747, Data corresponds to the period from 01-06-2009 to 10-02-2024.,60.01791652,1.283100005,325.2657498,0.787043243,N/A,N/A,N/A,N/A,Rajya Sabha
900575,Vandana Hemant Chavan,Elected,03-04-2018,02-04-2024,Second Term,N/A,Maharashtra,Nationalist Congress Party,Female,Professional Graduate,"B.Sc., LL.B. Educated at Hutchings High School, Pune, Fergusson College, Pune and I.L.S. Law College, Pu",62,362,5,693,0.779891304, Data corresponds to the period from 01-06-2009 to 10-02-2024.,190.0384066,2.733821306,589.8961533,0.787043243,215.5544962,6.830438842,818.9871104,0.776425958,Rajya Sabha
900496,Shadi Lal Batra,Elected,04-08-2009,02-04-2018,Second Term,N/A,Haryana,Indian National Congress,Male,Professional Graduate,"B.Com., LL.B. ; Educated at Vaish College, Rohtak, Haryana and Faculty of Law, University of Delhi, Delhi",84,35,10,414,0.928338762, Data corresponds to the period from 01-06-2009 to 10-02-2024.,96.35989646,1.852990286,489.3605005,0.787043243,56.31666667,2,353.8166667,0.872776121,Rajya Sabha
900622,John Brittas,Elected,24-04-2021,In Office,First Term,N/A,Kerala,Communist Party of India (Marxist),Male,Post Graduate,"B.A., M.A., M. Phil. Educated at Calicut University, Kerala and Jawaharlal Nehru University, Delhi",58,564,10,306,0.91875, Data corresponds to the period from 01-06-2009 to 10-02-2024.,61.91939784,0.882574224,132.8904006,0.787043243,193.4027778,4.305555556,215.75,0.78108786,Rajya Sabha
900198,K. K. Ragesh,Elected,23-04-2015,21-04-2021,First Term,N/A,Kerala,Communist Party of India (Marxist),Male,Professional Graduate,"B.A., LL.B.; Educated at Kerala Law Academy, Law College, Thiruvananthapuram",54,299,6,610,0.875, Data corresponds to the period from 01-06-2009 to 10-02-2024.,95.51029972,1.226975471,299.1429747,0.787043243,123.6694444,0.833333333,313.0333333,0.78108786,Rajya Sabha
900268,Mahendra Mohan,Elected,03-04-2006,02-04-2012,First Term,N/A,Uttar Pradesh,Samajwadi Party,Male,Graduate,"B. Com. Educated at G.N.K. Inter College, B.N.S.D. Inter College and D.A.V. College, Kanpur (Uttar Pradesh)",83,44,10,370,0.760180995, Data corresponds to the period from 01-06-2009 to 10-02-2024.,23.58244777,0.61776919,178.9718321,0.787043243,19.40961022,1.217741935,116.322379,0.832984277,Rajya Sabha
900148,G.V.L. Narasimha Rao,Elected,03-04-2018,02-04-2024,First Term,N/A,Uttar Pradesh,Bharatiya Janata Party,Male,Graduate,"B.Sc.(Agriculture), P.G. Diploma in Rural Management (PGDRM) Educated at Agricultural College, Baptala, Andhra Pradesh Agricultural University and Institute of Rural Management, Anand (Gujarat)",59,82,1,304,0.971962617, Data corresponds to the period from 01-06-2009 to 10-02-2024.,113.5092723,1.402770352,256.9495301,0.787043243,93.16209633,0.410344828,252.6913793,0.832984277,Rajya Sabha
900589,Vijila Sathyananth,Elected,03-04-2014,02-04-2020,First Term,N/A,Tamil Nadu,All India Anna Dravida Munnetra Kazhagam,Female,Professional Post Graduate,"B.Sc., B.Ed., P.G.D.C.A., M.B.A. Educated at Madurai Kamaraj University, Madurai and Manonmaniam Sundaranar University, Tirunelveli",53,230,1,518,0.882951654, Data corresponds to the period from 01-06-2009 to 10-02-2024.,97.86446071,1.500965027,324.7388369,0.787043243,136.8039216,0.784313725,438.3496732,0.713206211,Rajya Sabha
900286,Mansukh L. Mandaviya,Elected,03-04-2018,02-04-2024,Second Term,N/A,Gujarat,Bharatiya Janata Party,Male,Inter/ Higher Secondary,"H.S.C., Veterinary Live Stock Inspector (Certificate Course), Educated at Songadh Gurukul and Gujarat Agricultural University, S.K. Nagar, Dantiwada, Gujarat",52,56,14,449,0.679442509,"This MP was appointed a minister in Jul 2016. Ministers represent the government, so we do not report their participation.  Participation and attendance details for this MP are thus available only till May 2016. Data corresponds to the period from 01-06-2009 to 10-02-2024.",48.1501498,0.895958831,217.4426936,0.787043243,32.42424242,2.838383838,223.7676768,0.840459932,Rajya Sabha
900565,Thomas Sangma,Elected,13-04-2008,04-02-2013,First Term,N/A,Meghalaya,Nationalist Congress Party,Male,Diploma Course,"Under Graduate, Diploma in Computer Applications Educated at Tura Government College (N.E.H.U.), Tura and C.A. I. (Kolkata), Tura",62,8,4,58,0.850533808, Data corresponds to the period from 01-06-2009 to 10-02-2024.,30.20413538,0.925498054,228.5839912,0.787043243,8,4,58,0.805163768,Rajya Sabha
900272,Mahesh Poddar,Elected,08-07-2016,07-07-2022,First Term,N/A,Jharkhand,Bharatiya Janata Party,Male,Professional Graduate,Bachelor of Engineering (Mechanical) from Bangalore University,74,116,4,622,0.923076923, Data corresponds to the period from 01-06-2009 to 10-02-2024.,101.5030364,1.196297868,289.4391529,0.787043243,44.4,0.8,383.8,0.784158314,Rajya Sabha
900599,Vivek Gupta,Elected,03-04-2012,02-04-2018,First Term,N/A,West Bengal,All India Trinamool Congress,Male,Graduate,"B.Com (Hons.), Degree in System Design and Analyst and Degree in Print Production Educated at Calcutta University, Kolkata, NIIT, Kolkata and V.D.M.A. (Germany)",48,144,27,668,0.821428571, Data corresponds to the period from 01-06-2009 to 10-02-2024.,76.5291343,1.331050954,332.9466233,0.787043243,109.4,2.3,245.1583333,0.69145404,Rajya Sabha
900438,Ramkumar Verma,Elected,05-07-2016,04-07-2022,First Term,N/A,Rajasthan,Bharatiya Janata Party,Male,Post Graduate,"M.A. (Economics) Educated at Government Senior Secondary School (Rajasthan Board), Government College, Rajgarh, Alwar, University of Rajasthan, Jaipur and R.R. Government College, Alwar, University of Rajasthan, Jaipur",68,95,1,234,0.982905983, Data corresponds to the period from 01-06-2009 to 10-02-2024.,101.5030364,1.196297868,289.4391529,0.787043243,61.23333333,2.372222222,296.1444444,0.822358304,Rajya Sabha
900722,Dharmshila Gupta,Elected,03-04-2024,In Office,First Term,N/A,Bihar,Bharatiya Janata Party,Female,Information not available,Information not available,Info Not Available,N/A,N/A,N/A,N/A, Data corresponds to the period from 01-06-2009 to 10-02-2024.,N/A,N/A,N/A,N/A,N/A,N/A,N/A,N/A,Rajya Sabha
900107,Brinda Karat,Elected,19-08-2005,18-08-2011,First Term,N/A,West Bengal,Communist Party of India (Marxist),Female,Graduate,"Senior Cambridge, B.A. Educated at Welham Girls High School, Dehradun, Loreto House, Kolkata and Miranda House, Delhi University, Delhi",76,69,3,173,0.858823529, Data corresponds to the period from 01-06-2009 to 10-02-2024.,18.32375211,0.596309963,139.8847604,0.787043243,29.62556391,0.40952381,103.9869674,0.69145404,Rajya Sabha
900178,Jai Prakash Narayan Singh,Elected,10-04-2008,09-04-2014,First Term,N/A,Jharkhand,Bharatiya Janata Party,Male,Graduate,B.Sc. (Hons.) Educated at Bihar University,75,50,1,511,0.856741573, Data corresponds to the period from 01-06-2009 to 10-02-2024.,39.07140246,0.968051246,284.2491237,0.787043243,34.03333333,0.666666667,418.6333333,0.784158314,Rajya Sabha
900089,Bhalchandra Mungekar,Nominated,22-03-2010,21-03-2016,First Term,N/A,N/A,Indian National Congress,Male,Doctorate,"B.A.(Hons.) in Economics, M.A.(Economics) Ph.D. ; Educated at University of Mumbai",78,82,2,300,0.88, Data corresponds to the period from 01-06-2009 to 10-02-2024.,60.01791652,1.283100005,325.2657498,0.787043243,N/A,N/A,N/A,N/A,Rajya Sabha
900093,Bhupender Yadav,Elected,04-04-2018,03-04-2024,Second Term,N/A,Rajasthan,Bharatiya Janata Party,Male,Professional Graduate,"B.A. (Hons.), LL. B. Educated at Government College, Ajmer and Maharishi Dayanand University, Ajmer",54,123,3,270,0.857638889,"This MP is a minister. Ministers represent the government in debates, so we do not report their participation.  They do not sign the attendance register, ask questions, or introduce private member bills. Data corresponds to the period from 01-06-2009 to 10-02-2024.",128.1190088,1.851247082,457.0057527,0.787043243,89.96388889,2.583333333,417.1944444,0.822358304,Rajya Sabha
900397,R.C. Singh,Elected,25-06-2008,02-04-2012,First Term,N/A,West Bengal,Communist Party of India,Male,Inter/ Higher Secondary,"Higher Secondary, Certificate in Mining Educated at D.A.V. School, Mau, Janta Degree College, Ranipur, Mau, Uttar Pradesh and Indian School of Mines, Dhanbad",80,92,3,601,0.959276018, Data corresponds to the period from 01-06-2009 to 10-02-2024.,23.58244777,0.61776919,178.9718321,0.787043243,37.09223058,0.40952381,125.6536341,0.69145404,Rajya Sabha
900592,Vilasrao Dagadojirao Deshmukh,Elected,04-08-2009,14-08-2012,Second Term,N/A,Maharashtra,Indian National Congress,Male,Professional Graduate,"B.Sc., B.A., LL.B. Educated at Garware College, Pune University, Pune and I.L.S. Law College, Pune (Maharashtra)",79,N/A,N/A,N/A,N/A,"This MP was a minister. Ministers represent the government in debates, so we do not report their participation.  They do not sign the attendance register, ask questions, or introduce private member bills. Data corresponds to the period from 01-06-2009 to 10-02-2024.",N/A,N/A,N/A,N/A,N/A,N/A,N/A,N/A,Rajya Sabha
900061,Ashok Bajpai,Elected,03-04-2018,02-04-2024,First Term,N/A,Uttar Pradesh,Bharatiya Janata Party,Male,Doctorate,"B.Sc., LL.B., Diploma in Public Administration, M.A. (Public Administration), M.A. (Political Science), Ph.D. (Public Administration) Educated at R.R. College, Hardoi, Lucknow University, Lucknow and Kanpur University, Kanpur, Uttar Pradesh",75,101,1,235,0.978193146, Data corresponds to the period from 01-06-2009 to 10-02-2024.,113.5092723,1.402770352,256.9495301,0.787043243,93.16209633,0.410344828,252.6913793,0.832984277,Rajya Sabha
900119,D. Raja,Elected,25-07-2007,24-07-2019,Second Term,N/A,Tamil Nadu,Communist Party of India,Male,Professional Graduate,"B.Sc., B.Ed. Educated at University of Madras, Chennai and Department of Education, Madras",75,628,1,1398,0.908460472, Data corresponds to the period from 01-06-2009 to 10-02-2024.,115.5008047,2.189562887,572.6544607,0.787043243,158.3688725,1.369281046,723.2148693,0.713206211,Rajya Sabha
900068,Avinash Rai Khanna,Elected,10-04-2010,09-04-2016,First Term,N/A,Punjab,Bharatiya Janata Party,Male,Professional Graduate,"B.Com., LL.B., Diploma in Business Management ; Educated at D.A.V. College, Jalandhar and Panjab University, Chandigarh",63,145,5,588,0.915294118, Data corresponds to the period from 01-06-2009 to 10-02-2024.,60.01791652,1.283100005,325.2657498,0.787043243,58.68095238,0.985714286,304.8571429,0.786130822,Rajya Sabha
900153,Gireesh Kumar Sanghi,Elected,22-06-2004,21-06-2010,First Term,N/A,Andhra Pradesh,Indian National Congress,Male,Post Graduate,"B.A., M.A (Political Science) Educated at Osmania University, Hyderabad",68,15,3,200,0.682352941, Data corresponds to the period from 01-06-2009 to 10-02-2024.,10.16469479,0.32389617,78.08241781,0.787043243,9.75,0.75,120.3125,0.758898933,Rajya Sabha
900604,Y. P. Trivedi,Elected,03-04-2008,02-04-2014,First Term,N/A,Maharashtra,Nationalist Congress Party,Male,Professional Graduate,"B. Com., LL.B. Educated at Sydnam College, Mumbai",95,33,2,450,0.56741573, Data corresponds to the period from 01-06-2009 to 10-02-2024.,39.07140246,0.968051246,284.2491237,0.787043243,46.95140056,1.377521008,470.5297969,0.776425958,Rajya Sabha
900181,Janardhan Waghmare,Elected,03-04-2008,02-04-2014,First Term,N/A,Maharashtra,Nationalist Congress Party,Male,Doctorate,"M.A., LL.M., Ph. D. Educated at Osmania University, Hyderabad, Pune University, Pune and Dr. Babasaheb Ambedkar Marathwada University, Aurangabad",89,79,3,830,0.75, Data corresponds to the period from 01-06-2009 to 10-02-2024.,39.07140246,0.968051246,284.2491237,0.787043243,46.95140056,1.377521008,470.5297969,0.776425958,Rajya Sabha
900237,Kirodilal Meena,Elected,04-04-2018,06-12-2023,First Term,N/A,Rajasthan,Bharatiya Janata Party,Male,Professional Graduate,"M.B.B.S.; Educated at S.P. Medical College, Bikaner, Rajasthan",72,46,6,476,0.87, Data corresponds to the period from 01-06-2009 to 10-02-2024.,100.8029436,1.023572657,240.4050533,0.787043243,51.26111111,1.608333333,280.2694444,0.822358304,Rajya Sabha
900109,C.M. Ramesh,Elected,03-04-2018,02-04-2024,Third Term,N/A,Andhra Pradesh,Bharatiya Janata Party,Male,Information not available,Information not available,59,65,1,1373,0.789329685, Data corresponds to the period from 01-06-2009 to 10-02-2024.,189.8448582,2.733821306,588.1910842,0.787043243,175.0720946,3.685064935,875.0093407,0.744643398,Rajya Sabha
900598,Vishambhar Prasad Nishad,Elected,05-07-2016,04-07-2022,Second Term,N/A,Uttar Pradesh,Samajwadi Party,Male,Post Graduate,"M.A., LL.B.",61,515,3,1348,0.962, Data corresponds to the period from 01-06-2009 to 10-02-2024.,135.6224814,1.741974644,405.7885263,0.787043243,152.3251055,0.662439748,383.8491922,0.832984277,Rajya Sabha
900217,K.V.P. Ramachandra Rao,Elected,10-04-2008,09-04-2020,Third Term,N/A,Telangana,Indian National Congress,Male,Professional Graduate,"M.B.B.S. Educated at Rangaraya Medical College, Kakinada, Andhra University, Andhra Pradesh",75,59,7,1179,0.871727749, Data corresponds to the period from 01-06-2009 to 10-02-2024.,136.9358632,2.469016273,608.9879606,0.787043243,128.1238095,1.166666667,710.8142857,0.71613233,Rajya Sabha
900372,Prabhat Jha,Elected,10-04-2008,09-04-2020,Second Term,N/A,Madhya Pradesh,Bharatiya Janata Party,Male,Post Graduate,"B. Sc., M.A. (Political Science), LL. B., Educated at PGV College, Gwalior and Madhav College, and MLB College, Gwalior",67,107,19,2079,0.726783311, Data corresponds to the period from 01-06-2009 to 10-02-2024.,136.9358632,2.469016273,608.9879606,0.787043243,138.9199134,2.111111111,753.0676407,0.850316503,Rajya Sabha
900032,Amar Patnaik,Elected,04-07-2019,03-04-2024,First Term,N/A,Odisha,Biju Janata Dal,Male,Doctorate,"B.Sc. (Hons.), P.G.D.B.M., LL.B., Masters in Public Management, Ph.D. Educated at St. Stephen's College, Delhi University, Xavier Institute of Management, Bhubaneswar, Odisha, Lee Kuan Yew School of Public Policy, Singapore University, John F. Kennedy School of Governement, Harvard and Xavier Univeristy, Odisha",57,1411,9,475,0.965517241, Data corresponds to the period from 01-06-2009 to 10-02-2024.,102.6900859,1.210485759,208.0091273,0.787043243,433.9333333,4.222222222,283.8888889,0.780593478,Rajya Sabha
900016,Abhishek Manu Singhvi,Elected,03-04-2018,02-04-2024,Third Term,N/A,West Bengal,Indian National Congress,Male,Doctorate,"B.A.(Hons.), M.A., Ph.D., PIL Educated at St. Columba's School, Delhi, St. Stephen's College, Delhi University, Trinity College, University of Cambridge, U.K. and Havard University, U.S.A.",65,21,4,79,0.414838036, Data corresponds to the period from 01-06-2009 to 10-02-2024.,213.6208544,3.351590497,769.6849498,0.787043243,250.9064935,3.409722222,801.8725649,0.77872355,Rajya Sabha
900539,Surendra Singh Nagar,Elected,05-07-2022,In Office,Third Term,N/A,Uttar Pradesh,Bharatiya Janata Party,Male,Graduate,"B.Com; Educated at SSV (PG) College, Hapur, Ghaziabad, Uttar Pradesh",59,101,1,386,0.874439462, Data corresponds to the period from 01-06-2009 to 10-02-2024.,139.3098675,1.837862475,368.2694884,0.787043243,127.7150246,0.543678161,356.2243021,0.832984277,Rajya Sabha
900193,Jyotiraditya Madhavrao Scindia,Elected,22-06-2020,04-06-2024,First Term,N/A,Madhya Pradesh,Bharatiya Janata Party,Male,Post Graduate,"M.A., M.B.A.; Educated at Doon School, Dehradun, Harvard University (U.S.A.) and Stanford University, California (USA)",53,6,N/A,76,0.848484848,"This MP is a minister. Ministers represent the government in debates, so we do not report their participation. They do not sign the attendance register, ask questions, or introduce private member bills. Data corresponds to the period from 01-06-2009 to 10-02-2024.",14.7655934,N/A,26.98962433,0.787043243,10.22222222,N/A,23.77777778,0.850316503,Rajya Sabha
900501,Shanta Chhetri,Elected,19-08-2017,18-08-2023,First Term,N/A,West Bengal,All India Trinamool Congress,Female,Post Graduate,M.Com from North Bengal University,67,165,11,418,0.792569659, Data corresponds to the period from 01-06-2009 to 10-02-2024.,100.8988846,1.133559671,272.5717981,0.787043243,149.6095238,1.895833333,274.6547619,0.69145404,Rajya Sabha
900263,M.V. Rajeev Gowda,Elected,26-06-2014,25-06-2020,First Term,N/A,Karnataka,Indian National Congress,Male,Doctorate,"Ph.D in Public Policy & Management from Wharton School of Pennsylvania, USA",60,130,3,693,0.92345679, Data corresponds to the period from 01-06-2009 to 10-02-2024.,97.66890515,1.500965027,324.7388369,0.787043243,76.62272727,1.009090909,396.6151515,0.724209112,Rajya Sabha
900485,Sardar Sukh Dev Singh Dhindsa,Elected,10-04-2016,09-04-2022,Third Term,N/A,Punjab,Shiromani Akali Dal,Male,Graduate,"B.A. Educated at Guru Nanak School, Sangrur and Government Ranbir College, Sangrur, Punjab",88,67,1,471,0.687737042, Data corresponds to the period from 01-06-2009 to 10-02-2024.,166.4842277,2.505598746,627.0725765,0.787043243,108.3952381,1.557142857,574.8809524,0.786130822,Rajya Sabha
900336,Naresh Gujral,Elected,10-04-2016,09-04-2022,Third Term,N/A,Punjab,Shiromani Akali Dal,Male,Graduate,"B.A., F.C.A. Educated at St. Stephen's College, University of Delhi and Institute of Chartered Accountants of India, Delhi",76,124,3,368,0.947613504, Data corresponds to the period from 01-06-2009 to 10-02-2024.,174.8894394,2.710025889,690.03765,0.787043243,113.3952381,1.557142857,665.0809524,0.786130822,Rajya Sabha
900514,Shreegopal Vyas,Elected,03-04-2006,02-04-2012,First Term,N/A,Chhattisgarh,Bharatiya Janata Party,Male,Professional Graduate,"B. E.(Hons.), LL.B. Educated at Saugar University, Jabalpur, Madhya Pradesh and Ravishankar Vishwavidyalaya, Raipur, Chattisgarh",92,79,3,533,0.990950226, Data corresponds to the period from 01-06-2009 to 10-02-2024.,23.58244777,0.61776919,178.9718321,0.787043243,24.8,0.6,325.7,0.859688271,Rajya Sabha
900327,Narayan Lal Panchariya,Elected,10-04-2014,09-04-2020,First Term,N/A,Rajasthan,Bharatiya Janata Party,Male,Post Graduate,"M.Com., LL.B. Educated at Rajasthan University, Jaipur, Rajasthan and Jodhpur University, Jodhpur, Rajasthan",69,71,11,704,0.960784314, Data corresponds to the period from 01-06-2009 to 10-02-2024.,97.86446071,1.500965027,324.7388369,0.787043243,69.44166667,2.583333333,274.8055556,0.822358304,Rajya Sabha
900136,Dilipbhai Shivshankarbhai Pandya,Elected,18-08-2011,18-08-2017,First Term,N/A,Gujarat,Bharatiya Janata Party,Male,Professional Graduate,"B.Sc., LL.B. ; Educated at University of Bombay, Mumbai",80,22,2,458,0.923076923, Data corresponds to the period from 01-06-2009 to 10-02-2024.,77.67426676,1.242523168,338.7173119,0.787043243,50.56447719,2.838383838,349.1748945,0.840459932,Rajya Sabha
900051,Anubhav Mohanty (RS),Elected,13-06-2014,22-05-2019,First Term,N/A,Odisha,Biju Janata Dal,Male,Graduate,B.Com.,42,45,2,451,0.649842271, Data corresponds to the period from 01-06-2009 to 10-02-2024.,67.76869117,1.052517778,269.15714,0.787043243,57.08888889,0.2,303.9333333,0.780593478,Rajya Sabha
900584,Vijay Jawaharlal Darda,Elected,05-07-2010,04-07-2016,Third Term,N/A,Maharashtra,Indian National Congress,Male,Diploma Course,Diploma in Jounalism & Printing Technology,74,65,14,1028,0.553149606, Data corresponds to the period from 01-06-2009 to 10-02-2024.,73.38640297,1.513728021,400.598497,0.787043243,75.6213352,3.135690943,648.2781629,0.776425958,Rajya Sabha
900357,Palvai Govardhan Reddy,Elected,03-04-2012,09-06-2017,Second Term,N/A,Telangana,Indian National Congress,Male,Graduate,"B.A. Educated at Vivekavardhini College, Osmania University",87,78,1,632,0.825842697, Data corresponds to the period from 01-06-2009 to 10-02-2024.,67.25339694,1.162626579,282.2000828,0.787043243,95.11428571,0.571428571,357.4285714,0.71613233,Rajya Sabha
900226,Kanimozhi,Elected,25-07-2007,23-05-2019,Second Term,N/A,Tamil Nadu,Dravida Munnetra Kazhagam,Female,Post Graduate,M.A. ( Economics),56,141,3,617,0.570336391, Data corresponds to the period from 01-06-2009 to 10-02-2024.,107.0356492,2.020569023,553.4062637,0.787043243,144.4276961,1.251633987,698.9207516,0.713206211,Rajya Sabha
900456,Ronald Sapa Tlau,Elected,19-07-2014,18-07-2020,First Term,N/A,Mizoram,Indian National Congress,Male,Post Graduate,"M.A. (Mass Communication) Educated at Spicer College, Pune and Howard University, Washington D.C., U.S.A.",70,23,1,67,0.832098765, Data corresponds to the period from 01-06-2009 to 10-02-2024.,96.36975985,1.428315454,318.4183241,0.787043243,23,1,67,0.892940252,Rajya Sabha
900090,Bharatkumar Raut,Elected,03-04-2008,02-04-2014,First Term,N/A,Maharashtra,Shiv Sena,Male,Post Graduate,"M.A. (Politics) Educated at University of Bombay, Mumbai",71,121,1,203,0.859550562, Data corresponds to the period from 01-06-2009 to 10-02-2024.,39.07140246,0.968051246,284.2491237,0.787043243,46.95140056,1.377521008,470.5297969,0.776425958,Rajya Sabha
900732,Amarpal Maurya,Elected,03-04-2024,In Office,First Term,N/A,Uttar Pradesh,Bharatiya Janata Party,Male,Information not available,Information not available,Info Not Available,N/A,N/A,N/A,N/A, Data corresponds to the period from 01-06-2009 to 10-02-2024.,N/A,N/A,N/A,N/A,N/A,N/A,N/A,N/A,Rajya Sabha
900069,Avtar Singh Karimpuri,Elected,26-11-2008,25-11-2014,First Term,N/A,Uttar Pradesh,Bahujan Samaj Party,Male,Graduate,"Intermediate, B.A. (Public Administration) (Part-II) Educated at Govt. High School, Kotranjha, (Punjab) and Annamalai University",60,113,4,119,0.847938144, Data corresponds to the period from 01-06-2009 to 10-02-2024.,45.57240308,1.053576355,306.1097123,0.787043243,40.95922089,1.640322581,218.048408,0.832984277,Rajya Sabha
900222,Kamakhya Prasad Tasa,Elected,20-06-2019,04-06-2024,First Term,N/A,Assam,Bharatiya Janata Party,Male,Post Graduate,M.A.,49,87,0,196,0.896678967, Data corresponds to the period from 01-06-2009 to 10-02-2024.,106.5852052,1.331021473,215.4617218,0.787043243,55.25396825,0.428571429,128.5888889,0.846176399,Rajya Sabha
900495,Selja,Elected,10-04-2014,09-04-2020,First Term,N/A,Haryana,Indian National Congress,Female,Post Graduate,"M.A., M.Phil.; Educated at Convent of Jesus & Mary, New Delhi,; Graduation and Post-graduation from Panjab University, Chandigarh",61,96,2,360,0.906862745, Data corresponds to the period from 01-06-2009 to 10-02-2024.,97.86446071,1.500965027,324.7388369,0.787043243,66.7,0.5,270.35,0.872776121,Rajya Sabha
900207,K.C. Ramamurthy,Elected,05-12-2019,30-06-2022,Second Term,N/A,Karnataka,Bharatiya Janata Party,Male,Post Graduate,Master of Arts in Eco. From Bangalore University and M.A. (in Pol Sci.) from University of Mysore,72,116,1,645,0.908284024, Data corresponds to the period from 01-06-2009 to 10-02-2024.,95.73964357,1.165047868,279.0820101,0.787043243,82.99848485,0.545454545,356.6969697,0.724209112,Rajya Sabha
900297,Mohammed Adeeb,Elected,26-11-2008,25-11-2014,First Term,N/A,Uttar Pradesh,Independent,Male,Post Graduate,"M.Sc. Educated at Aligarh Muslim University, Aligarh (Uttar Pradesh)",79,64,1,673,0.93556701, Data corresponds to the period from 01-06-2009 to 10-02-2024.,45.57240308,1.053576355,306.1097123,0.787043243,40.95922089,1.640322581,218.048408,0.832984277,Rajya Sabha
900384,Prashanta Nanda,Elected,04-04-2018,03-04-2024,First Term,N/A,Odisha,Biju Janata Dal,Male,Post Graduate,"B.Sc., M.A., LL.B. Educated at Ravenshaw College (Utkal University), M.S. Law College and Utkal University, Cuttack ",77,115,1,312,0.85625, Data corresponds to the period from 01-06-2009 to 10-02-2024.,113.5092723,1.402770352,256.1325658,0.787043243,441.9333333,4.222222222,310.0984127,0.780593478,Rajya Sabha
900472,Sambhaji Shahu Chhatrapati,Nominated,13-06-2016,03-05-2022,First Term,N/A,N/A,Bharatiya Janata Party,Male,Professional Post Graduate,"B.A., M.B.A.; educated at Rajkumar College, Rajkot and Shivaji University, Kolhapur",53,44,1,626,0.891737892, Data corresponds to the period from 01-06-2009 to 10-02-2024.,101.5030364,1.196297868,289.4391529,0.787043243,N/A,N/A,N/A,N/A,Rajya Sabha
900348,Oscar Fernandes,Elected,01-07-2016,13-09-2021,Fourth Term,N/A,Karnataka,Indian National Congress,Male,Graduate,"Intermediate, B.A.II Educated at Cecilia's Convent, Board High School and M.G.M.College, Udupi",83,20,1,37,0.79889043,"This MP was a minister from Jun 2013 to May 2014.  Ministers represent the government, so we do not report their participation.  Participation and attendance details for this MP are thus available only till May 2013. Data corresponds to the period from 01-06-2009 to 10-02-2024.",146.4966596,2.469016273,621.7347102,0.787043243,107.5964646,2.896969697,578.7767677,0.724209112,Rajya Sabha
900351,P. Rajeeve,Elected,22-04-2009,23-04-2015,First Term,N/A,Kerala,Communist Party of India (Marxist),Male,Professional Graduate,"B.A., LL.B., Diploma in Chemical Engineering Educated at St. Pauls College, Kalamassery, Govt. Law College, Ernakulum and Govt. Polytechnic, Kalamassery",57,219,4,792,0.838407494, Data corresponds to the period from 01-06-2009 to 10-02-2024.,56.38512237,1.242040802,337.3777137,0.787043243,91.20714286,0.892857143,502.4142857,0.78108786,Rajya Sabha
900074,B.K. Hariprasad,Elected,22-08-2013,25-06-2020,Fourth Term,N/A,Karnataka,Indian National Congress,Male,Graduate,"B. Com. Educated at M.E.S.College, Bangalore University, Bangalore",69,174,4,767,0.849236641, Data corresponds to the period from 01-06-2009 to 10-02-2024.,113.0007696,1.824861197,425.2678068,0.787043243,86.91363636,2.009090909,450.8151515,0.724209112,Rajya Sabha
900170,Husain Dalwai,Elected,26-07-2011,02-04-2020,Second Term,N/A,Maharashtra,Indian National Congress,Male,Post Graduate,"M.A. (Sociology) Educated at United English School, Chiplun, Ratnagiri and Mumbai University Mumbai, Maharashtra",81,356,18,1104,0.886326194, Data corresponds to the period from 01-06-2009 to 10-02-2024.,119.8551676,1.971844241,479.9239151,0.787043243,106.8277778,5.481699346,713.188317,0.776425958,Rajya Sabha
900287,Matilal Sarkar,Elected,03-04-2004,02-04-2010,Second Term,N/A,Tripura,Communist Party of India (Marxist),Male,Post Graduate,"B.Sc., M.Sc., B.T., Special Training in Biology Educated at Bardowali High School, Agartala, M.B.B. College, Agartala, University of Saugar, Madhya Pradesh, B.T. (S.T.T.) College, Calcutta University, Agartala and Presidency College, Kolkata",82,17,3,37,0.808823529, Data corresponds to the period from 01-06-2009 to 10-02-2024.,8.405211727,0.204427143,62.96507346,0.787043243,17,3,37,0.874642118,Rajya Sabha
900697,Biplab Kumar Deb,Elected,24-09-2022,04-06-2024,First Term,N/A,Tripura,Bharatiya Janata Party,Male,Graduate,"Graduate Educated at Tripura University, Agartala",52,22,1,73,0.853658537, Data corresponds to the period from 01-06-2009 to 10-02-2024.,34.85868774,0.518837335,65.63488094,0.787043243,22,1,73,0.874642118,Rajya Sabha
900354,P.J. Kurien,Elected,02-07-2006,01-07-2018,Third Term,N/A,Kerala,Indian National Congress,Male,Post Graduate,"M. Sc. Educated at St. Thomas College, Kozencherry (Kerala) and Government Science College, Rewa (Madhya Pradesh)",83,35,2,150,0.946280992,This MP was elected Deputy Chairman of RS in Oct 2012. Participation and attendance details of this MP are thus available till Sep 2012. Data corresponds to the period from 01-06-2009 to 10-02-2024.,23.25545972,0.640600241,192.7833342,0.787043243,25.02777778,0.5,257.8531746,0.78108786,Rajya Sabha
900415,Rajkumar Dhoot,Elected,03-04-2008,02-04-2020,Third Term,N/A,Maharashtra,Shiv Sena,Male,Graduate,"B.Com.(Hons.) Educated at S.B. College, Aurangabad (Maharashtra)",68,9,33,1565,0.507853403, Data corresponds to the period from 01-06-2009 to 10-02-2024.,136.9358632,2.469016273,608.9879606,0.787043243,128.9630019,6.020985061,928.7512021,0.776425958,Rajya Sabha
900299,Mohan Singh,Elected,05-07-2010,22-09-2013,First Term,N/A,Uttar Pradesh,Samajwadi Party,Male,Post Graduate,"M.A.; Educated at Shri Krishna Inter College, Barahaj, Deoria and Allahabad University, Allahabad, Uttar Pradesh",79,16,7,251,0.899598394, Data corresponds to the period from 01-06-2009 to 10-02-2024.,27.85101409,0.644155076,188.8759736,0.787043243,23.96021505,1.132258065,133.6591398,0.832984277,Rajya Sabha
900532,Subramanian Swamy,Nominated,25-04-2016,24-04-2022,Third Term,N/A,N/A,Bharatiya Janata Party,Male,Doctorate,"B.A. (Honours) in Mathematics, M.A. (Statistics), Ph.D.(Economics) Educated at University of Delhi, Delhi, Indian Statistical Institute, Kolkata and Harvard University, Cambridge, Massachusetts(U.S.A)",84,28,2,93,0.898907104, Data corresponds to the period from 01-06-2009 to 10-02-2024.,106.4663111,1.222498741,301.8068267,0.787043243,N/A,N/A,N/A,N/A,Rajya Sabha
900486,Saroj Pandey,Elected,03-04-2018,02-04-2024,First Term,N/A,Chhattisgarh,Bharatiya Janata Party,Female,Post Graduate,"M.Sc. (Child Development); Educated at Bhilai Mahila College (Pt. Ravishankar University, Raipur)",55,17,2,362,0.795379538, Data corresponds to the period from 01-06-2009 to 10-02-2024.,113.5092723,1.402770352,256.9495301,0.787043243,77.6,1.2,399.2,0.859688271,Rajya Sabha
900140,E.M. Sudarsana Natchiappan,Elected,30-06-2010,29-06-2016,Second Term,N/A,Tamil Nadu,Indian National Congress,Male,Doctorate,"M.A., B.L. Educated at Thiayagarajar College, Madurai, Madras Law College, Chennai and Madurai Kamaraj University, Madurai",76,108,8,302,0.969892473,"This MP was a minister from Jun 2013 to May 2014.  Ministers represent the government, so we do not report their participation. Participation and attendance details for this MP are thus not available for the above period. Data corresponds to the period from 01-06-2009 to 10-02-2024.",67.2553061,1.513728021,370.3631518,0.787043243,89.98366013,1.029411765,458.8562092,0.713206211,Rajya Sabha
900711,Narayanasa K. Bhandage,Elected,03-04-2024,In Office,First Term,N/A,Karnataka,Bharatiya Janata Party,Male,Information not available,Information not available,Info Not Available,N/A,N/A,N/A,N/A, Data corresponds to the period from 01-06-2009 to 10-02-2024.,N/A,N/A,N/A,N/A,N/A,N/A,N/A,N/A,Rajya Sabha
900137,Dinesh Trivedi,Elected,03-04-2020,12-02-2021,Third Term,N/A,West Bengal,All India Trinamool Congress,Male,Professional Post Graduate,M.B.A.,74,5,N/A,40,0.857142857, Data corresponds to the period from 01-06-2009 to 10-02-2024.,7.456293097,N/A,15.48338678,0.787043243,3.75,N/A,16.4375,0.69145404,Rajya Sabha
900261,M.S. Swaminathan,Nominated,10-04-2007,09-04-2013,First Term,N/A,N/A,Independent,Male,Doctorate,"B.Sc., Ph.D. Educated at Travancore University, Coimbatore Agricultural College, Madras University, School of Agriculture, University of Cambridge, U.K. Recepient of 58 Honorary Doctorate degrees from Universities around the world",98,14,1,11,0.764119601, Data corresponds to the period from 01-06-2009 to 10-02-2024.,32.62541197,0.968051246,244.7967571,0.787043243,N/A,N/A,N/A,N/A,Rajya Sabha
900252,M. Rama Jois,Elected,26-06-2008,25-06-2014,First Term,N/A,Karnataka,Bharatiya Janata Party,Male,Professional Graduate,"B.Sc., B.L. Educated at Central College and Government Law College, Bangalore, University of Mysore Conferred Honorary Doctor of Laws by Kuvempu University, Karnataka",92,62,8,16,0.874651811, Data corresponds to the period from 01-06-2009 to 10-02-2024.,39.26695801,0.968051246,284.2491237,0.787043243,26.33232323,1.887878788,158.5686869,0.724209112,Rajya Sabha
900394,R. K. Sinha,Elected,10-04-2014,09-04-2020,First Term,N/A,Bihar,Bharatiya Janata Party,Male,Graduate,"B.A. (Hons.) N.L. Educated at A.N. College, Patna",72,31,1,86,0.78042328, Data corresponds to the period from 01-06-2009 to 10-02-2024.,97.86446071,1.500965027,324.7388369,0.787043243,127.8372461,0.148351648,178.5467033,0.818079904,Rajya Sabha
900606,Yajnik Amee Harshadray,Elected,03-04-2018,02-04-2024,First Term,N/A,Gujarat,Indian National Congress,Female,Doctorate,"J.S.D., Doctor of Science of Law and J.S.M., Master of Science of Law, Stanford University, U.S.A. M.E.E., Masters in Ecology and Environment, IIEE, New Delhi LL.B., L.A. Shah Law College, Ahmedabad and B.Sc., M.G. Science Institute, Ahmedabad, Gujarat University",64,229,1,705,0.959501558, Data corresponds to the period from 01-06-2009 to 10-02-2024.,113.5092723,1.402770352,256.9495301,0.787043243,65.14285714,0.125,236.25,0.840459932,Rajya Sabha
900738,Debashish Samantaray,Elected,04-04-2024,In Office,First Term,N/A,Odisha,Biju Janata Dal,Male,Information not available,Information not available,Info Not Available,N/A,N/A,N/A,N/A, Data corresponds to the period from 01-06-2009 to 10-02-2024.,N/A,N/A,N/A,N/A,N/A,N/A,N/A,N/A,Rajya Sabha
900647,Aneel Prasad Hegde,Elected,23-05-2022,02-04-2024,First Term,N/A,Bihar,Janata Dal (United),Male,Inter/ Higher Secondary,"P.U.C. (Pre University Course) Educated at JSS Banashankari Arts, Commerce and S.K. Gubbi Science College, Dharwad, Karnataka",64,20,2,99,0.948979592, Data corresponds to the period from 01-06-2009 to 10-02-2024.,38.73141501,0.641564607,78.83033549,0.787043243,15.46666667,0.8,55.93333333,0.818079904,Rajya Sabha
900033,Amar Shankar Sable,Elected,16-03-2015,02-04-2020,First Term,N/A,Maharashtra,Bharatiya Janata Party,Male,Graduate,"B.A., Diploma in Journalism",56,56,6,413,0.918539326, Data corresponds to the period from 01-06-2009 to 10-02-2024.,82.23703591,1.226975471,276.226409,0.787043243,69.45277778,3.829738562,381.0906863,0.776425958,Rajya Sabha
900513,Shobhana Bhartia,Nominated,16-02-2006,15-02-2012,First Term,N/A,N/A,Independent,Female,Graduate,"Senior Cambridge, B.A.(Hons.) Educated at Loreto House and Loreto College, Calcutta",67,11,1,590,0.84057971, Data corresponds to the period from 01-06-2009 to 10-02-2024.,21.78791778,0.61776919,167.7708056,0.787043243,N/A,N/A,N/A,N/A,Rajya Sabha
900441,Rangasayee Ramakrishna,Elected,03-04-2012,02-04-2018,First Term,N/A,Karnataka,Bharatiya Janata Party,Male,Post Graduate,"M.A. (Economics), B.L. Educated at Sri Ramakrishna Mission High School, Chennai, Loyola College, Madras University and Madras Law College, Madras University, Chennai",90,31,1,79,0.973809524, Data corresponds to the period from 01-06-2009 to 10-02-2024.,76.5291343,1.331050954,332.9466233,0.787043243,54.51767677,1.181818182,332.4858586,0.724209112,Rajya Sabha
900583,Vijay Goel,Elected,10-04-2014,09-04-2020,First Term,N/A,Rajasthan,Bharatiya Janata Party,Male,Post Graduate,"Honorary D. Lit., M.Com., LL.B. Educated at Shri Ram College of Commerce and Law Centre, University of Delhi",70,55,3,435,0.897196262,"This MP was a minister from July 2016 to May 2019. Ministers represent the government, so we do not report their participation.  Participation and attendance details for this MP are thus available only till 11th May, 2016. Data corresponds to the period from 01-06-2009 to 10-02-2024.",62.56140911,0.994124025,167.747099,0.787043243,49.06666667,1.333333333,152.0555556,0.822358304,Rajya Sabha
900210,K.N. Balagopal,Elected,03-04-2010,02-04-2016,First Term,N/A,Kerala,Communist Party of India (Marxist),Male,Professional Post Graduate,"M.Com., LL.B., LL.M. ; Educated at S.N. College, Punalur, M.G. College, Trivendrum, The Law Academy, Trivendrum, Kerala University, Thiruvanathapuram (Kerala)",60,196,1,762,0.830588235, Data corresponds to the period from 01-06-2009 to 10-02-2024.,60.01791652,1.283100005,325.2657498,0.787043243,95.70714286,1.017857143,468.45,0.78108786,Rajya Sabha
900605,Y. S. Chowdary,Elected,22-06-2016,21-06-2022,Second Term,N/A,Andhra Pradesh,Bharatiya Janata Party,Male,Professional Graduate,"B.E. (Bachelor of Engineering) from Chaitanya Institute of Technology, Hyderabad Master of Engineering from P.S.G. College of Technology, Coimbatore",63,70,1,552,0.772727273,"This MP was a minister in from Nov 2014 to Mar 08, 2018. Ministers represent the government, so we do not report their participation.  Participation and attendance details for this MP are thus available only till 14th Aug, 2014 and after Mar 08, 2018.. Data corresponds to the period from 01-06-2009 to 10-02-2024.",106.6905734,1.419137051,390.1033933,0.787043243,79.36560107,2.31969697,598.7006827,0.758898933,Rajya Sabha
900726,Sanjay Kumar Jha,Elected,03-04-2024,In Office,First Term,N/A,Bihar,Janata Dal (United),Male,Information not available,Information not available,Info Not Available,N/A,N/A,N/A,N/A, Data corresponds to the period from 01-06-2009 to 10-02-2024.,N/A,N/A,N/A,N/A,N/A,N/A,N/A,N/A,Rajya Sabha
900023,Ajay Pratap Singh,Elected,03-04-2018,02-04-2024,First Term,N/A,Madhya Pradesh,Bharatiya Janata Party,Male,Post Graduate,"Post Graduate from A.P.S. University, Sidhi, Graduate from S.G.S. College, Sidhi; Dholpur Military School, Madhya Pradesh",57,95,1,268,0.890965732, Data corresponds to the period from 01-06-2009 to 10-02-2024.,113.5092723,1.402770352,256.9495301,0.787043243,83.33333333,0.361111111,248.2083333,0.850316503,Rajya Sabha
900410,Rajeev Chandrasekhar,Elected,03-04-2018,02-04-2024,Third Term,N/A,Karnataka,Bharatiya Janata Party,Male,Post Graduate,"B.E. (Electrical Engg.), Masters in Computer Science, Advanced Management Programme Educated at Manipal Institute of Technology, Manipal (Karnataka), Illinois Institute of Technology, Chicago and Harvard University, Boston (U.S.A.)",60,89,12,1088,0.740276035,"This MP is a minister. Ministers represent the government in debates, so we do not report their participation. They do not sign the attendance register, ask questions, or introduce private member bills. Data corresponds to the period from 01-06-2009 to 10-02-2024.",151.503321,2.469016273,623.809213,0.787043243,112.3186869,2.896969697,569.4656566,0.724209112,Rajya Sabha
900590,Vikas Mahatme,Elected,05-07-2016,04-07-2022,First Term,N/A,Maharashtra,Bharatiya Janata Party,Male,Post Graduate,"M.S. (Ophthalmology) from Govt. Medical College, Nagpur, Maharashtra",66,120,5,563,0.96011396, Data corresponds to the period from 01-06-2009 to 10-02-2024.,101.5030364,1.196297868,289.4391529,0.787043243,109.5076007,3.528151261,387.7345777,0.776425958,Rajya Sabha
900022,Ahmed Patel,Elected,19-08-2017,25-11-2020,Fifth Term,N/A,Gujarat,Indian National Congress,Male,Graduate,"B.Sc. Educated at Shree Jayendra Puri Arts and Science College, Bharuch (South Gujarat University) and M.S. University, Baroda",74,33,3,253,0.704134367, Data corresponds to the period from 01-06-2009 to 10-02-2024.,141.9842659,2.469016273,616.4949009,0.787043243,89.78525641,2.963383838,561.8713231,0.840459932,Rajya Sabha
900382,Prasanna Acharya,Elected,02-07-2016,01-07-2022,First Term,N/A,Odisha,Biju Janata Dal,Male,Professional Graduate,"LLB from L.R. Law College Sambalpur University and Graduation from Panchayat College, Sambalpur University",74,135,1,167,0.817663818, Data corresponds to the period from 01-06-2009 to 10-02-2024.,101.5030364,1.196297868,289.4391529,0.787043243,280.0333333,2.222222222,314.5095238,0.780593478,Rajya Sabha
900067,Avinash Pande,Elected,05-07-2010,04-07-2016,First Term,N/A,Maharashtra,Indian National Congress,Male,Post Graduate,"B.Com, M.A. (Economics), M.A. (Public Administration) D.B.M., LL.B. ; Educated at Nagpur University, Nagpur",66,26,3,406,0.834515366, Data corresponds to the period from 01-06-2009 to 10-02-2024.,63.22170818,1.189831851,322.5160792,0.787043243,61.36478758,2.658905229,509.1454248,0.776425958,Rajya Sabha
900355,P.L. Punia,Elected,26-11-2014,25-11-2020,First Term,N/A,Uttar Pradesh,Indian National Congress,Male,Doctorate,"M.A., Ph.D.; Educated at Punjab University, Chandigarh and Lucknow University, Lucknow, Uttar Pradesh",79,267,3,688,0.870801034, Data corresponds to the period from 01-06-2009 to 10-02-2024.,96.41186283,1.415439918,310.3851887,0.787043243,118.5469075,0.466666667,290.5489327,0.832984277,Rajya Sabha
900229,Kanwar Deep Singh,Elected,03-04-2014,02-04-2020,Second Term,N/A,West Bengal,All India Trinamool Congress,Male,Graduate,"B.A.,Punjabi University, Patiala (Punjab)",62,14,5,813,0.884036145,"This MP was re-elected/nominated. During his previous term, he was affiliated with JMM; the term ended on Dec 15, 2010. Data corresponds to the period from 01-06-2009 to 10-02-2024.",125.5358964,2.145120103,521.1759173,0.787043243,162.0916667,2.904166667,610.5,0.737806177,Rajya Sabha
900453,Ripun Bora,Elected,03-04-2016,02-04-2022,First Term,N/A,Assam,Indian National Congress,Male,Professional Post Graduate,"B.A., M.A., LLB.",68,142,5,535,0.845697329, Data corresponds to the period from 01-06-2009 to 10-02-2024.,102.781126,1.222498741,298.2188637,0.787043243,62.68253968,0.714285714,225.731746,0.846176399,Rajya Sabha
900300,Mohd. Ali Khan,Elected,10-04-2008,09-04-2020,Second Term,N/A,Andhra Pradesh,Indian National Congress,Male,Under Matric,N/A,76,123,1,1637,0.95026178, Data corresponds to the period from 01-06-2009 to 10-02-2024.,136.9358632,2.469016273,608.9879606,0.787043243,109.5499445,5.504040404,920.7101523,0.758898933,Rajya Sabha
900346,O.T. Lepcha,Elected,24-02-2006,23-02-2012,First Term,N/A,Sikkim,Sikkim Democratic Front,Male,Under Graduate,N/A,54,16,2,155,0.77294686, Data corresponds to the period from 01-06-2009 to 10-02-2024.,21.78791778,0.61776919,167.7708056,0.787043243,16,2,155,0.608928102,Rajya Sabha
900379,Prakash Javadekar,Elected,03-04-2018,02-04-2024,Third Term,N/A,Maharashtra,Bharatiya Janata Party,Male,Graduate,"B. Com. Educated at University of Pune, Pune",73,133,8,734,0.932170543,"This MP was a minister from May 2014 to July 2021. Ministers represent the government, so we do not report their participation while they are in the office. Data corresponds to the period from 01-06-2009 to 10-02-2024.",133.4564399,2.396302245,529.3049263,0.787043243,167.0478902,3.520378151,757.308002,0.801056139,Rajya Sabha
900360,Parshottam Khodabhai Rupala,Elected,03-04-2018,02-04-2024,Third Term,N/A,Gujarat,Bharatiya Janata Party,Male,Professional Graduate,"B.Sc., B.Ed. Educated at Saurashtra University and Gujarat University",69,43,8,550,0.75,"This MP was appointed a minister in Jul 2016. Ministers represent the government, so we do not report their participation.  Participation and attendance details for this MP are thus available only till May 2016. Data corresponds to the period from 01-06-2009 to 10-02-2024.",39.07140246,0.968051246,284.2491237,0.787043243,31.07692308,0.727272727,274.041958,0.840459932,Rajya Sabha
900186,Jayanthi Natarajan,Elected,03-04-2008,02-04-2014,Fourth Term,N/A,Tamil Nadu,Indian National Congress,Female,Professional Graduate,"B.A., B.L. Educated at Ethiraj College and Madras Law College",69,18,3,198,0.526627219,"This MP was a minister from Jul 2011 to Dec 2013.  Ministers represent the government, so we do not report their participation.  Participation and attendance details are thus not available for the above period. Data corresponds to the period from 01-06-2009 to 10-02-2024.",17.65348059,0.497172032,137.6457073,0.787043243,24.45098039,0.166666667,144.3562092,0.713206211,Rajya Sabha
900196,K. C. Tyagi,Elected,07-02-2013,07-07-2016,First Term,N/A,Bihar,Janata Dal (United),Male,Graduate,"B.Sc. Educated at Meerut University, Ghaziabad",73,202,1,471,0.929515419, Data corresponds to the period from 01-06-2009 to 10-02-2024.,43.18226759,0.588229967,172.0145059,0.787043243,63.08495671,0.071428571,138.310119,0.818079904,Rajya Sabha
900165,Harnath Singh Yadav,Elected,03-04-2018,02-04-2024,First Term,N/A,Uttar Pradesh,Bharatiya Janata Party,Male,Graduate,"B.A. Educated at J.L.N.P.G. College, Etah, Uttar Pradesh",83,133,3,588,0.959501558, Data corresponds to the period from 01-06-2009 to 10-02-2024.,113.5092723,1.402770352,256.9495301,0.787043243,93.16209633,0.410344828,252.6913793,0.832984277,Rajya Sabha
900725,Naveen Jain,Elected,03-04-2024,In Office,First Term,N/A,Uttar Pradesh,Bharatiya Janata Party,Male,Information not available,Information not available,Info Not Available,N/A,N/A,N/A,N/A, Data corresponds to the period from 01-06-2009 to 10-02-2024.,N/A,N/A,N/A,N/A,N/A,N/A,N/A,N/A,Rajya Sabha
900221,Kalraj Mishra (RS),Elected,03-04-2006,21-03-2012,Third Term,N/A,Uttar Pradesh,Bharatiya Janata Party,Male,Post Graduate,"M.A. Educated at Kashi Vidyapith, Varanasi",83,55,3,356,0.685950413, Data corresponds to the period from 01-06-2009 to 10-02-2024.,22.63507935,0.61776919,172.9367444,0.787043243,19.04294355,1.217741935,113.922379,0.832984277,Rajya Sabha
900332,Narendra Jadhav,Nominated,26-04-2016,24-04-2022,First Term,N/A,N/A,Independent,Male,Doctorate,"B.Sc. (Statistics), M.A. (Economics), Ph.D. (Economics) Educated at Mumbai University, and Indiana University, U.S.A. ",71,89,2,153,0.713114754, Data corresponds to the period from 01-06-2009 to 10-02-2024.,106.4350611,1.222498741,300.9496839,0.787043243,N/A,N/A,N/A,N/A,Rajya Sabha
900455,Ritabrata Banerjee,Elected,03-04-2014,02-04-2020,First Term,N/A,West Bengal,Independent,Male,Post Graduate,"M.A. (English) Educated at South Point High School, Asutosh College and University of Calcutta, Kolkata",44,213,2,723,0.788944724, Data corresponds to the period from 01-06-2009 to 10-02-2024.,97.86446071,1.500965027,324.7388369,0.787043243,138.0083333,2.7375,307.1666667,0.69145404,Rajya Sabha
900479,Sanjay Sinh,Elected,10-04-2014,30-07-2019,Second Term,N/A,Assam,Indian National Congress,Male,Doctorate,"M.A. (Hindi), Ph.D.; Educated at R.R.P.G. College, Amethi District,; Sultanpur, Uttar Pradesh",72,55,3,445,0.857938719, Data corresponds to the period from 01-06-2009 to 10-02-2024.,78.75851227,1.24794336,290.0873572,0.787043243,53.42857143,1.142857143,235.2857143,0.846176399,Rajya Sabha
900580,Veer Singh,Elected,26-11-2014,25-11-2020,Third Term,N/A,Uttar Pradesh,Bahujan Samaj Party,Male,Professional Graduate,"B.A., LL.B. Educated at J.S. Hindu College, Amroha, Jyotiba Phule Nagar and K.G.K. College, Muradabad, Uttar Pradesh",68,148,3,55,0.84625323, Data corresponds to the period from 01-06-2009 to 10-02-2024.,141.9842659,2.469016273,616.4949009,0.787043243,159.5061284,2.106989247,508.5973406,0.832984277,Rajya Sabha
900503,Shantaram Laxman Naik,Elected,29-07-2005,28-07-2017,Second Term,N/A,Goa,Indian National Congress,Male,Professional Graduate,"B.A., LL.B. Educated at Smt. Parvatibai Chowgule College, Margao, Bombay University, Mumbai and Siddharth College of Law, Bombay University, Mumbai",77,211,31,695,0.899659864, Data corresponds to the period from 01-06-2009 to 10-02-2024.,93.34026842,1.811927301,469.8527415,0.787043243,211,31,695,0.904358563,Rajya Sabha
900386,Pratap Singh Bajwa,Elected,10-04-2016,21-03-2022,First Term,N/A,Punjab,Indian National Congress,Male,Graduate,"B.A.; educated at D.A.V. College, Chandigarh, Punjab",67,76,1,422,0.846590909, Data corresponds to the period from 01-06-2009 to 10-02-2024.,94.89207173,1.15107017,290.0521971,0.787043243,48.71428571,0.571428571,266.8571429,0.786130822,Rajya Sabha
900085,Bhagat Singh Koshyari (RS),Elected,26-11-2008,16-05-2014,First Term,N/A,Uttarakhand,Bharatiya Janata Party,Male,Post Graduate,"M.A. (English) Educated at Almora College, Almora (Agra University)",81,20,1,538,0.870786517, Data corresponds to the period from 01-06-2009 to 10-02-2024.,39.07140246,0.968051246,284.2491237,0.787043243,47.5,1.666666667,483.6666667,0.876097949,Rajya Sabha
900235,Khekiho Zhimomi,Elected,03-04-2010,26-11-2015,Second Term,N/A,Nagaland,Nagaland People's Front,Male,Graduate,"B.A. (Hons.) Political Science Educated at St. Joseph College, North Bengal University, Darjeeling",84,15,1,80,0.474835886, Data corresponds to the period from 01-06-2009 to 10-02-2024.,60.67621968,1.307258194,361.9937686,0.787043243,15,1,80,0.619845695,Rajya Sabha
900484,Santosh Bagrodia,Elected,05-07-2004,04-07-2010,Third Term,N/A,Rajasthan,Indian National Congress,Male,Graduate,"Graduate in Commerce Educated at St. Xavier's College, Calcutta",83,28,3,245,0.929411765, Data corresponds to the period from 01-06-2009 to 10-02-2024.,10.16469479,0.32389617,78.08241781,0.787043243,13.43030303,0.4,134.3747475,0.822358304,Rajya Sabha
900204,K. Somaprasad,Elected,03-04-2016,02-04-2022,First Term,N/A,Kerala,Communist Party of India (Marxist),Male,Professional Graduate,"Bachelor of Law from Academy Law College, Kerala University",67,165,1,262,0.859116022, Data corresponds to the period from 01-06-2009 to 10-02-2024.,102.781126,1.222498741,298.2188637,0.787043243,147.9166667,1.458333333,331.7222222,0.78108786,Rajya Sabha
900027,Akhilesh Das Gupta,Elected,26-11-2008,25-11-2014,Third Term,N/A,Uttar Pradesh,Bahujan Samaj Party,Male,Doctorate,"M.B.A., LL.B., D.P.A. (Diploma in Public Administration), Ph.D. on 'Human Resources Management in Public Sector Undertakings' Educated at Colvin Taluqdars' College, Allahabad University, Lucknow University and Agra University",63,7,17,12,0.634020619, Data corresponds to the period from 01-06-2009 to 10-02-2024.,45.57240308,1.053576355,306.1097123,0.787043243,40.95922089,1.640322581,218.048408,0.832984277,Rajya Sabha
900595,Vinay P. Sahasrabuddhe,Elected,05-07-2016,04-07-2022,First Term,N/A,Maharashtra,Bharatiya Janata Party,Male,Doctorate,Doctor of Philosophy (Arts) in Political Science from University of Mumbai,66,55,2,582,0.914529915, Data corresponds to the period from 01-06-2009 to 10-02-2024.,101.5030364,1.196297868,289.4391529,0.787043243,109.5076007,3.528151261,387.7345777,0.776425958,Rajya Sabha
900562,Tarun Vijay,Elected,05-07-2010,04-07-2016,First Term,N/A,Uttarakhand,Bharatiya Janata Party,Male,Graduate,"B.A. Educated at Dehradun and Osmania University, Hyderabad",68,197,4,360,0.914893617, Data corresponds to the period from 01-06-2009 to 10-02-2024.,63.22170818,1.189831851,322.5160792,0.787043243,91.5,1.166666667,464.5833333,0.876097949,Rajya Sabha
900333,Narendra Kumar Kashyap,Elected,05-07-2010,04-07-2016,First Term,N/A,Uttar Pradesh,Bahujan Samaj Party,Male,Professional Graduate,"B.A., LL.B. ; Educated at K.V. Degree College, Meerut University, Uttar Pradesh and M.M.H. College, Ghaziabad, Uttar Pradesh",61,136,9,382,0.828431373, Data corresponds to the period from 01-06-2009 to 10-02-2024.,63.22170818,1.189831851,322.5160792,0.787043243,68.91305154,1.52688172,248.1292547,0.832984277,Rajya Sabha
900552,T. Subbarami Reddy,Elected,10-04-2008,09-04-2020,Third Term,N/A,Andhra Pradesh,Indian National Congress,Male,Doctorate,"B.Com. Educated at Nizam College, Hyderabad",80,120,32,2057,0.715968586, Data corresponds to the period from 01-06-2009 to 10-02-2024.,136.9358632,2.469016273,608.9879606,0.787043243,109.5499445,5.504040404,920.7101523,0.758898933,Rajya Sabha
900240,Kumar Deepak Das,Elected,15-06-2007,24-07-2013,First Term,N/A,Assam,Asom Gana Parishad,Male,Professional Graduate,"B.Sc., LL.B. Educated at M.C. College, Barpeta, Assam and Law College, Gauhati University, Jalukbari, Guwahati, Assam",65,112,1,330,0.907348243, Data corresponds to the period from 01-06-2009 to 10-02-2024.,32.94030559,0.968051246,254.0137784,0.787043243,38.46666667,0.166666667,224.4333333,0.846176399,Rajya Sabha
900353,P. Wilson,Elected,25-07-2019,In Office,First Term,N/A,Tamil Nadu,Dravida Munnetra Kazhagam,Male,Graduate,"B.Sc., B.L. Educated at Loyola College, Chennai and Madras Law College, Chennai (Tamil Nadu)",58,428,11,322,0.947154472, Data corresponds to the period from 01-06-2009 to 10-02-2024.,98.12004966,1.162027609,196.2135248,0.787043243,141.0372549,1.277777778,199.9503268,0.713206211,Rajya Sabha
900152,Ghulam Nabi Azad,Elected,16-02-2015,15-02-2021,Fifth Term,N/A,Jammu and Kashmir,Indian National Congress,Male,Post Graduate,"M.Sc. (Zoology) Educated at Government Degree College Bhadarwah, G.G.M. Science College, Jammu, S.P. College, Srinagar and Kashmir University, Srinagar",75,250,1,2,N/A,"This MP was a minister till May 2014. Now, as a Leader of Opposition, this MP does not sign the attendance register. Participation details for this MP are available from Jun 2014. Data corresponds to the period from 01-06-2009 to 10-02-2024.",105.3207538,1.500965027,340.2222237,N/A,87,0.25,69,N/A,Rajya Sabha
900160,H.K. Dua,Nominated,18-11-2009,17-11-2015,First Term,N/A,N/A,Independent,Male,Post Diploma Course,"B.A., Post Graduate Diploma in Journalism ; Educated at Panjab University Hony. D. Litt. from Kurukshetra University, (Kurukshetra) and Panjab University",87,32,2,86,0.913348946, Data corresponds to the period from 01-06-2009 to 10-02-2024.,56.34732959,1.211428335,336.4707291,0.787043243,N/A,N/A,N/A,N/A,Rajya Sabha
900055,Arpita Ghosh,Elected,03-04-2020,15-09-2021,First Term,N/A,West Bengal,All India Trinamool Congress,Female,Graduate,B.Sc.,57,10,N/A,2,0.62, Data corresponds to the period from 01-06-2009 to 10-02-2024.,15.69189334,N/A,42.98209487,0.787043243,4.95952381,N/A,37.00892857,0.69145404,Rajya Sabha
900412,Rajeev Shukla,Elected,30-06-2022,In Office,Fourth Term,N/A,Chhattisgarh,Indian National Congress,Male,Post Graduate,"M.A., LL.B. Educated at P.P.N. College, Kanpur University, Christ Church College, Kanpur University and V.S.S.D. College of Law, Kanpur University",64,137,1,490,0.9, Data corresponds to the period from 01-06-2009 to 10-02-2024.,116.8522902,2.119505538,435.5637127,0.787043243,87.20515873,3.732749767,638.675957,0.818057114,Rajya Sabha
900428,Ram Nath Thakur,Elected,10-04-2020,In Office,Second Term,N/A,Bihar,Janata Dal (United),Male,Inter/ Higher Secondary,"Intermediate (Arts) Educated at G.K.P. College, Samastipur, L.N.M. University, Darbhanga, (Bihar)",74,227,1,853,0.958402662, Data corresponds to the period from 01-06-2009 to 10-02-2024.,174.5494519,2.383539251,484.6188618,0.787043243,176.6436563,1.031684982,287.1265568,0.818079904,Rajya Sabha
900716,Milind Murli Deora,Elected,03-04-2024,In Office,First Term,N/A,Maharashtra,Shiv Sena,Male,Information not available,Information not available,Info Not Available,N/A,N/A,N/A,N/A, Data corresponds to the period from 01-06-2009 to 10-02-2024.,N/A,N/A,N/A,N/A,N/A,N/A,N/A,N/A,Rajya Sabha
900626,M. Mohamed Abdulla,Elected,06-09-2021,In Office,First Term,N/A,Tamil Nadu,Dravida Munnetra Kazhagam,Male,Professional Post Graduate,"B.B.A., M.B.A. (Finance) Educated at M.I.E.T Arts College, Trichy and St. Joseph College of Engineering, Chennai
",48,432,1,234,0.874125874, Data corresponds to the period from 01-06-2009 to 10-02-2024.,60.9930979,0.882574224,116.89793,0.787043243,99.72222222,1.166666667,124.5,0.713206211,Rajya Sabha
900623,V. Sivadasan,Elected,24-04-2021,In Office,First Term,N/A,Kerala,Communist Party of India (Marxist),Male,Doctorate,"B.A.(History), M.A. (History), Ph.D. (History), Post-doctoral Fellow Educated at PRNSS College, Mattannur, Govt. Brennen College, Thalassery, Kannur University , Centre for Informal Sector and Labour Studies, Jawaharlal Nehru University, Delhi (ICSSR Post Doctoral Fellow), New Delhi
",45,353,14,295,0.925, Data corresponds to the period from 01-06-2009 to 10-02-2024.,61.91939784,0.882574224,132.8904006,0.787043243,193.4027778,4.305555556,215.75,0.78108786,Rajya Sabha
900096,Bikash Ranjan Bhattacharyya,Elected,03-04-2020,In Office,First Term,N/A,West Bengal,Communist Party of India (Marxist),Male,Professional Graduate,"B.Sc. (Hons.), LL.B. Educated at Asutosh College, Calcutta University and College of Law, University of Calcutta, Kolkata",72,56,2,132,0.554347826, Data corresponds to the period from 01-06-2009 to 10-02-2024.,76.68499124,0.882574224,159.8800249,0.787043243,119.7803571,1.1875,145.7672619,0.69145404,Rajya Sabha
900391,Priyanka Vickram Chaturvedi,Elected,03-04-2020,In Office,First Term,N/A,Maharashtra,Shiv Sena,Female,Graduate,"B.Com. Educated at Narsee Monjee College of Commerce and Economics, Vile Parle, Mumbai",45,189,5,317,0.839378238, Data corresponds to the period from 01-06-2009 to 10-02-2024.,76.68499124,0.882574224,159.8800249,0.787043243,115.4326007,1.642857143,189.3282051,0.776425958,Rajya Sabha
900163,Hardeep Singh Puri,Elected,26-11-2020,In Office,Second Term,N/A,Uttar Pradesh,Bharatiya Janata Party,Male,Post Graduate,Information not available,72,N/A,N/A,N/A,N/A,"This MP is a minister. Ministers represent the government in debates, so we do not report their participation. They do not sign the attendance register, ask questions, or introduce private member bills. Data corresponds to the period from 01-06-2009 to 10-02-2024.",N/A,N/A,N/A,N/A,N/A,N/A,N/A,N/A,Rajya Sabha
900125,Deepak Prakash,Elected,22-06-2020,In Office,First Term,N/A,Jharkhand,Bharatiya Janata Party,Male,Post Graduate,Masters in Political Science,64,52,1,197,0.917098446, Data corresponds to the period from 01-06-2009 to 10-02-2024.,76.68499124,0.882574224,159.8800249,0.787043243,36.66666667,0.366666667,137.1666667,0.784158314,Rajya Sabha
900750,Madan Rathore,Elected,04-04-2024,In Office,First Term,N/A,Rajasthan,Bharatiya Janata Party,Male,Information not available,Information not available,Info Not Available,N/A,N/A,N/A,N/A, Data corresponds to the period from 01-06-2009 to 10-02-2024.,N/A,N/A,N/A,N/A,N/A,N/A,N/A,N/A,Rajya Sabha
900419,Rakesh Sinha,Nominated,14-07-2018,In Office,First Term,N/A,N/A,Bharatiya Janata Party,Male,Doctorate,"B.A. (Hons.) (Political Science), M.A. (Political Science), M. Phil., Ph.D. Educated at Netarhat School, Ranchi (Jharkhand) and Hindu College, University of Delhi",59,109,3,483,0.987341772, Data corresponds to the period from 01-06-2009 to 10-02-2024.,113.5092723,1.402770352,253.621355,0.787043243,N/A,N/A,N/A,N/A,Rajya Sabha
900666,Anil Sukhdeorao Bonde,Elected,05-07-2022,In Office,First Term,N/A,Maharashtra,Bharatiya Janata Party,Male,Professional Graduate,"M.B.B.S., M.D. Educated at Government Medical College, Nagpur",63,37,3,161,0.948979592, Data corresponds to the period from 01-06-2009 to 10-02-2024.,38.73141501,0.641564607,78.83033549,0.787043243,59.26666667,1,82.06666667,0.776425958,Rajya Sabha
900343,Neeraj Shekhar,Elected,26-11-2020,In Office,Third Term,N/A,Uttar Pradesh,Bharatiya Janata Party,Male,Graduate,B.A. (Hons.),55,254,1,956,0.976449275, Data corresponds to the period from 01-06-2009 to 10-02-2024.,160.8390052,2.271582424,455.1470495,0.787043243,157.4081281,0.777011494,434.2553366,0.832984277,Rajya Sabha
900087,Bhagwat Kishanrao Karad,Elected,03-04-2020,In Office,First Term,N/A,Maharashtra,Bharatiya Janata Party,Male,Professional Graduate,"M.B.B.S., M.S. (Gen. Surgery), M.Ch. (Pediatric Surgery), F.C.P.S. (Gen. Surgery) Educated at Dr. Babasaheb Ambedkar Marathwada University, Mumbai, College of Physicians and Surgeons, Mumbai University, Mumbai ",67,9,N/A,70,1,"This MP is a minister. Ministers represent the government in debates, so we do not report their participation. They do not sign the attendance register, ask questions, or introduce private member bills. Data corresponds to the period from 01-06-2009 to 10-02-2024.",14.7655934,N/A,26.98962433,0.787043243,23.6,N/A,44.8,0.776425958,Rajya Sabha
900734,Mayankbhai Jaydevbhai Nayak,Elected,03-04-2024,In Office,First Term,N/A,Gujarat,Bharatiya Janata Party,Male,Information not available,Information not available,Info Not Available,N/A,N/A,N/A,N/A, Data corresponds to the period from 01-06-2009 to 10-02-2024.,N/A,N/A,N/A,N/A,N/A,N/A,N/A,N/A,Rajya Sabha
900654,Niranjan Reddy Sirgapoor,Elected,22-06-2022,In Office,First Term,N/A,Andhra Pradesh,Yuvajana Sramika Rythu Congress Party,Male,Information not available,Information not available,53,15,1,93,0.795918367, Data corresponds to the period from 01-06-2009 to 10-02-2024.,38.73141501,0.641564607,78.83033549,0.787043243,23.36363636,0.727272727,116.8181818,0.758898933,Rajya Sabha
900658,R. Girirajan,Elected,30-06-2022,In Office,First Term,N/A,Tamil Nadu,Dravida Munnetra Kazhagam,Male,Professional Graduate,"B.L. (Bachelor of Laws) Educated at Dr. Amedkar Government Law College, Chennai, Tamil Nadu",63,54,1,121,0.887755102, Data corresponds to the period from 01-06-2009 to 10-02-2024.,38.73141501,0.641564607,78.83033549,0.787043243,61.77777778,0.833333333,90.66666667,0.713206211,Rajya Sabha
900572,V. Vijayasai Reddy,Elected,22-06-2022,In Office,Second Term,N/A,Andhra Pradesh,Yuvajana Sramika Rythu Congress Party,Male,Graduate,"F.C.A. Educated at Institute of Chartered Accountants of India, New Delhi",66,273,30,903,0.89532294, Data corresponds to the period from 01-06-2009 to 10-02-2024.,140.2344514,1.837862475,368.2694884,0.787043243,102.1020202,4.696969697,609.020202,0.758898933,Rajya Sabha
900737,Parmar Jasvantsinh Salamsinh,Elected,03-04-2024,In Office,First Term,N/A,Gujarat,Bharatiya Janata Party,Male,Information not available,Information not available,Info Not Available,N/A,N/A,N/A,N/A, Data corresponds to the period from 01-06-2009 to 10-02-2024.,N/A,N/A,N/A,N/A,N/A,N/A,N/A,N/A,Rajya Sabha
900536,Sukhendu Sekhar Roy,Elected,19-08-2023,In Office,Third Term,N/A,West Bengal,All India Trinamool Congress,Male,Post Graduate,"M.A., LL.B. Educated at Kalindri High School, Malda, St. Paul's College, Rabindra Bharati University and Calcutta University, Kolkata",75,321,4,267,0.814193548, Data corresponds to the period from 01-06-2009 to 10-02-2024.,195.5272278,2.755280534,629.7823882,0.787043243,286.4529449,4.1125,514.1054198,0.69145404,Rajya Sabha
900214,K.R. Suresh Reddy,Elected,10-04-2020,In Office,First Term,N/A,Telangana,Bharat Rashtra Samithi,Male,Graduate,"B.A. Educated at Nizam Gollege, Osmania University, Hyderabad",65,25,3,287,0.808290155, Data corresponds to the period from 01-06-2009 to 10-02-2024.,76.68499124,0.882574224,159.8800249,0.787043243,15.42857143,0.428571429,115.0714286,0.71613233,Rajya Sabha
900567,Tiruchi Siva,Elected,03-04-2020,In Office,Fourth Term,N/A,Tamil Nadu,Dravida Munnetra Kazhagam,Male,Post Graduate,"M.A. (Eng.), B.L. Educated at Periyar E.V.R. College, Madras University and Tiruchi Law College, Bharatidassan University",70,509,8,786,0.841356674, Data corresponds to the period from 01-06-2009 to 10-02-2024.,207.4897575,3.351590497,738.6326402,0.787043243,290.8509804,2.647058824,882.8784314,0.713206211,Rajya Sabha
900172,Iranna Kadadi,Elected,26-06-2020,In Office,First Term,N/A,Karnataka,Bharatiya Janata Party,Male,Inter/ Higher Secondary,"S.S.L.C. Educated at P.J.N. High School, Kalloli, Karnataka",58,27,1,345,0.849740933, Data corresponds to the period from 01-06-2009 to 10-02-2024.,76.68499124,0.882574224,159.8800249,0.787043243,39.83030303,0.1,181.5818182,0.724209112,Rajya Sabha
900342,Neeraj Dangi,Elected,22-06-2020,In Office,First Term,N/A,Rajasthan,Indian National Congress,Male,Professional Graduate,"B.E. (Civil) Educated at Karnataka Regional Engineering College, Surathkal, Karnataka",54,116,1,309,0.906735751, Data corresponds to the period from 01-06-2009 to 10-02-2024.,76.68499124,0.882574224,159.8800249,0.787043243,29.84166667,0.222222222,200.5833333,0.822358304,Rajya Sabha
900630,L. Murugan,Elected,03-04-2024,In Office,Second Term,N/A,Madhya Pradesh,Bharatiya Janata Party,Male,Doctorate,"P.G. Diploma in I.P.R., LL.B., LL.M. (International Law), Ph.D. ( in law) Educated at University of Madras, Chennai (Tamil Nadu)
",47,N/A,N/A,N/A,N/A, Data corresponds to the period from 01-06-2009 to 10-02-2024.,N/A,N/A,N/A,N/A,N/A,N/A,N/A,N/A,Rajya Sabha
900477,Sanjay Seth (RS),Elected,03-04-2024,In Office,Third Term,N/A,Uttar Pradesh,Bharatiya Janata Party,Male,Graduate,Bachelor of Commerce from University of Lucknow,63,41,1,666,0.862464183, Data corresponds to the period from 01-06-2009 to 10-02-2024.,100.9873414,1.196297868,289.4391529,0.787043243,108.164532,0.267816092,283.8696223,0.832984277,Rajya Sabha
900215,K.T.S. Tulsi,Elected,10-04-2020,In Office,Second Term,N/A,Chhattisgarh,Indian National Congress,Male,Graduate,"B.A. (Hons.) Political Science, LL.B. Educated at Government College, Chandigarh and Panjab University, Chandigarh",76,100,6,218,0.835274542, Data corresponds to the period from 01-06-2009 to 10-02-2024.,169.4768294,2.338896394,472.4646823,0.787043243,49.4,0.8,237.2,0.859688271,Rajya Sabha
900127,Derek O Brien,Elected,19-08-2023,In Office,Third Term,N/A,West Bengal,All India Trinamool Congress,Male,Graduate,"B.A. ; Educated at Scottish Church College, Kolkata",63,315,10,1010,0.809402795, Data corresponds to the period from 01-06-2009 to 10-02-2024.,195.5272278,2.755280534,629.7823882,0.787043243,286.4529449,4.1125,514.1054198,0.69145404,Rajya Sabha
900143,Fauzia Tahseen Ahmed Khan,Elected,03-04-2020,In Office,First Term,N/A,Maharashtra,Nationalist Congress Party,Female,Doctorate,"S.S.C., B.A., M.A. (English), M.Phil., PGCTE and Ph.D. Educated at Marathwada University, Aurangabad, Central Institute of English and Foreign Languages, Hyderabad and Dr. Babasaheb Ambedkar Marathwada University, Aurangabad",67,895,14,397,0.994818653, Data corresponds to the period from 01-06-2009 to 10-02-2024.,76.68499124,0.882574224,159.8800249,0.787043243,115.4326007,1.642857143,189.3282051,0.776425958,Rajya Sabha
900667,Jayant Chaudhary,Elected,05-07-2022,In Office,First Term,N/A,Uttar Pradesh,Rashtriya Lok Dal,Male,Post Graduate,"B.Com. (Hons.), M.Sc. (Accounting and Finance) Educated at Shri Venkateshwara College, Delhi University and London School of Economics and Political Science, London, U.K.",45,14,1,39,0.62244898, Data corresponds to the period from 01-06-2009 to 10-02-2024.,38.73141501,0.641564607,78.83033549,0.787043243,19.8362069,0.275862069,72.3546798,0.832984277,Rajya Sabha
900535,Sujeet Kumar,Elected,03-04-2020,In Office,First Term,N/A,Odisha,Biju Janata Dal,Male,Professional Post Graduate,"B.E., LL.B., M.B.A., Master in Public Administration (MPA) Educated at Sambalpur University, Burla, Odisha, Oxford University, U.K. and Harvard University, U.S.A.",48,425,8,377,0.906735751, Data corresponds to the period from 01-06-2009 to 10-02-2024.,76.68499124,0.882574224,159.8800249,0.787043243,374.1555556,3.222222222,239.1111111,0.780593478,Rajya Sabha
900632,Kanimozhi NVN Somu,Elected,27-09-2021,In Office,First Term,N/A,Tamil Nadu,Dravida Munnetra Kazhagam,Female,Post Graduate,"M.B.B.S., M.S. (Obstetrics and Gynaecology), Educated at Kilpauk Medical College, Chennai and Sri Ramachandra Medical College and Research Institute, Chennai
",50,411,3,258,0.797202797, Data corresponds to the period from 01-06-2009 to 10-02-2024.,60.9930979,0.882574224,116.89793,0.787043243,99.72222222,1.166666667,124.5,0.713206211,Rajya Sabha
900731,Anil Kumar Yadav Mandadi,Elected,03-04-2024,In Office,First Term,N/A,Telangana,Indian National Congress,Male,Information not available,Information not available,Info Not Available,N/A,N/A,N/A,N/A, Data corresponds to the period from 01-06-2009 to 10-02-2024.,N/A,N/A,N/A,N/A,N/A,N/A,N/A,N/A,Rajya Sabha
900644,Raghav Chadha,Elected,10-04-2022,In Office,First Term,N/A,Punjab,Aam Aadmi Party,Male,Professional Graduate,"B.Com., Chartered Accountant Educated at University of Delhi and Institute of Chartered Accountants of India",35,16,5,155,0.85106383, Data corresponds to the period from 01-06-2009 to 10-02-2024.,38.73141501,0.641564607,78.83033549,0.787043243,17.14285714,1.285714286,116.4285714,0.786130822,Rajya Sabha
900531,Subrahmanyam Jaishankar Krishnaswamy,Elected,19-08-2023,In Office,Second Term,N/A,Gujarat,Bharatiya Janata Party,Male,Doctorate,"B.Sc., M.A. (Political Science), M.Phil., Ph.D. (International Relations) Educated at University of Delhi, Delhi and Jawaharlal Nehru University, New Delhi",69,N/A,N/A,N/A,N/A,"This MP is a minister. Ministers represent the government in debates, so we do not report their participation. They do not sign the attendance register, ask questions, or introduce private member bills. Data corresponds to the period from 01-06-2009 to 10-02-2024.",N/A,N/A,N/A,N/A,N/A,N/A,N/A,N/A,Rajya Sabha
900637,A. A. Rahim,Elected,01-04-2022,In Office,First Term,N/A,Kerala,Communist Party of India (Marxist),Male,Post Graduate,"M.A., LL.B. Educated at University College, Thiruvananthapuram and Kerala Law Academy, Law College, Thiruvananthapuram",44,103,3,136,0.893203883, Data corresponds to the period from 01-06-2009 to 10-02-2024.,43.78713591,0.712993179,83.29329845,0.787043243,157.8888889,3.972222222,141.8611111,0.78108786,Rajya Sabha
900284,Manoj Kumar Jha,Elected,03-04-2024,In Office,Second Term,N/A,Bihar,Rashtriya Janata Dal,Male,Doctorate,"M.A. (Social Work), Ph.D. Educated at University of Delhi, Delhi",56,585,6,358,0.953271028, Data corresponds to the period from 01-06-2009 to 10-02-2024.,113.5092723,1.402770352,256.9495301,0.787043243,90.06465201,0.96025641,152.3765568,0.818079904,Rajya Sabha
900099,Binoy Viswam,Elected,02-07-2018,In Office,First Term,N/A,Kerala,Communist Party of India,Male,Professional Graduate,"B.A., L.L.B. Educated at Maharajas College, Ernakulam and Law Academy, Law College, Trivandrum",68,320,2,449,0.819620253, Data corresponds to the period from 01-06-2009 to 10-02-2024.,113.5092723,1.402770352,253.621355,0.787043243,270.0694444,4.638888889,350.8194444,0.78108786,Rajya Sabha
900574,Vaiko,Elected,25-07-2019,In Office,Fourth Term,N/A,Tamil Nadu,Marumalarchi Dravida Munnetra Kazhagam,Male,Post Graduate,"M.A. (Econonics), B.L. Educated at St. Xavier's College, Palayamkottai, Presidency College and Law College, Chennai (Tamil Nadu)",80,75,2,433,0.618644068, Data corresponds to the period from 01-06-2009 to 10-02-2024.,98.12004966,1.162027609,196.2135248,0.787043243,141.0372549,1.277777778,199.9503268,0.713206211,Rajya Sabha
900451,Renuka Chowdhury,Elected,03-04-2024,In Office,Fourth Term,N/A,Telangana,Indian National Congress,Female,Post Graduate,"Master of Industrial Psychology; Educated at Karnataka University, Bangalore",69,86,2,519,0.847619048, Data corresponds to the period from 01-06-2009 to 10-02-2024.,76.5291343,1.331050954,332.9466233,0.787043243,62.52245532,3.105555556,510.3716783,0.737515631,Rajya Sabha
900253,M. Shanmugam,Elected,25-07-2019,In Office,First Term,N/A,Tamil Nadu,Dravida Munnetra Kazhagam,Male,Inter/ Higher Secondary,"S.S.L.C. Educated at Banadurai High School, Kumbakonam, Tamil Nadu",84,285,2,394,0.884297521, Data corresponds to the period from 01-06-2009 to 10-02-2024.,98.12004966,1.162027609,196.2135248,0.787043243,141.0372549,1.277777778,199.9503268,0.713206211,Rajya Sabha
900035,Amarendra Dhari Singh,Elected,10-04-2020,In Office,First Term,N/A,Bihar,Rashtriya Janata Dal,Male,Graduate,"B.A. (Hons) Educated at St. Michaels School, Patna and Kirori Mal College, University of Delhi",64,23,4,72,0.849740933, Data corresponds to the period from 01-06-2009 to 10-02-2024.,76.68499124,0.882574224,159.8800249,0.787043243,48.80641026,0.883333333,108.5798535,0.818079904,Rajya Sabha
900710,Golla Baburao,Elected,03-04-2024,In Office,First Term,N/A,Andhra Pradesh,Yuvajana Sramika Rythu Congress Party,Male,Information not available,Information not available,Info Not Available,N/A,N/A,N/A,N/A, Data corresponds to the period from 01-06-2009 to 10-02-2024.,N/A,N/A,N/A,N/A,N/A,N/A,N/A,N/A,Rajya Sabha
900142,Elamaram Kareem,Elected,02-07-2018,In Office,First Term,N/A,Kerala,Communist Party of India (Marxist),Male,Graduate,"Pre-University educated at St. Joseph's College, Devagiri, Kozhikode",70,172,3,330,0.789808917, Data corresponds to the period from 01-06-2009 to 10-02-2024.,113.5092723,1.402770352,253.621355,0.787043243,270.0694444,4.638888889,350.8194444,0.78108786,Rajya Sabha
900718,Sonia Gandhi,Elected,04-04-2024,In Office,First Term,N/A,Rajasthan,Indian National Congress,Female,Diploma Course,"(i) Three years course in foreign languages (English & French) completed in 1964 at Istituto Santa Teresa, Turin (Italy); (ii) Certificate in English from Lennox Cook School, Cambridge (U.K.) completed in 1965.",77,N/A,N/A,N/A,N/A, Data corresponds to the period from 01-06-2009 to 10-02-2024.,N/A,N/A,N/A,N/A,N/A,N/A,N/A,N/A,Rajya Sabha
900698,Saket Gokhale,Elected,24-07-2023,In Office,First Term,N/A,West Bengal,All India Trinamool Congress,Male,Information not available,Information not available,54,13,1,24,0.857142857, Data corresponds to the period from 01-06-2009 to 10-02-2024.,18.75041583,0.379197695,31.47583098,0.787043243,26.75,0.25,21.9375,0.69145404,Rajya Sabha
900643,Ashok Kumar Mittal,Elected,10-04-2022,In Office,First Term,N/A,Punjab,Aam Aadmi Party,Male,Information not available,Information not available,59,23,4,150,0.826530612, Data corresponds to the period from 01-06-2009 to 10-02-2024.,38.73141501,0.641564607,78.83033549,0.787043243,17.14285714,1.285714286,116.4285714,0.786130822,Rajya Sabha
900345,Nirmala Sitharaman,Elected,01-07-2022,In Office,Third Term,N/A,Karnataka,Bharatiya Janata Party,Female,Doctorate,Ph.D.,64,N/A,N/A,N/A,N/A,"This MP is a minister. Ministers represent the government in debates, so we do not report their participation. They do not sign the attendance register, ask questions, or introduce private member bills. Data corresponds to the period from 01-06-2009 to 10-02-2024.",N/A,N/A,N/A,N/A,N/A,N/A,N/A,N/A,Rajya Sabha
900600,Vivek K. Tankha,Elected,30-06-2022,In Office,Second Term,N/A,Madhya Pradesh,Indian National Congress,Male,Professional Graduate,LLB (Bachelor of Laws) from Delhi University,67,79,2,362,0.80623608, Data corresponds to the period from 01-06-2009 to 10-02-2024.,140.2344514,1.837862475,368.2694884,0.787043243,114.7380952,0.527777778,376.7130952,0.850316503,Rajya Sabha
900489,Sasmit Patra,Elected,02-07-2022,In Office,Second Term,N/A,Odisha,Biju Janata Dal,Male,Doctorate,"B.A.(Hons.), LL.B., M.B.A, Ph.D. (Management) Educated at Utkal University, Bhubaneswar and Allahabad Agricultural Institute (Deemed University), Allahabad (Uttar Pradesh) ",45,1247,19,450,0.91954023, Data corresponds to the period from 01-06-2009 to 10-02-2024.,102.6900859,1.210485759,208.0091273,0.787043243,433.9333333,4.222222222,283.8888889,0.780593478,Rajya Sabha
900638,Sandosh Kumar,Elected,01-04-2022,In Office,First Term,N/A,Kerala,Communist Party of India,Male,Professional Graduate,"B.A. (Economics), LL.B. Educated at S.N. College, Calicut University and Kerala Law Academy Law College, University of Kerala, Thiruvananthapuram",52,246,8,142,0.922330097, Data corresponds to the period from 01-06-2009 to 10-02-2024.,43.78713591,0.712993179,83.29329845,0.787043243,157.8888889,3.972222222,141.8611111,0.78108786,Rajya Sabha
900184,Javed Ali Khan,Elected,05-07-2022,In Office,Second Term,N/A,Uttar Pradesh,Samajwadi Party,Male,Post Graduate,"M.A., Diploma in Civil Engineering; Educated at Jamia Milia Islamia, New Delhi and Osmania University, Hyderabad",61,143,5,175,0.977272727, Data corresponds to the period from 01-06-2009 to 10-02-2024.,135.1432778,2.057004525,389.2155241,0.787043243,138.3831144,0.742528736,362.9036125,0.832984277,Rajya Sabha
900478,Sanjay Singh,Elected,28-01-2024,In Office,Second Term,N/A,Delhi,Aam Aadmi Party,Male,Diploma Course,"Diploma in Mining Engineering Educated at Orissa School of Mining Engineering, Keonjhar (Odisha)",52,218,5,479,0.86163522, Data corresponds to the period from 01-06-2009 to 10-02-2024.,114.9768143,1.425601402,278.6338837,0.787043243,140.25,1.666666667,454.6666667,0.886446707,Rajya Sabha
900746,Ramji Lal Suman,Elected,03-04-2024,In Office,First Term,N/A,Uttar Pradesh,Samajwadi Party,Male,Information not available,Information not available,Info Not Available,N/A,N/A,N/A,N/A, Data corresponds to the period from 01-06-2009 to 10-02-2024.,N/A,N/A,N/A,N/A,N/A,N/A,N/A,N/A,Rajya Sabha
900739,Ashok Singh,Elected,03-04-2024,In Office,First Term,N/A,Madhya Pradesh,Indian National Congress,Male,Information not available,Information not available,Info Not Available,N/A,N/A,N/A,N/A, Data corresponds to the period from 01-06-2009 to 10-02-2024.,N/A,N/A,N/A,N/A,N/A,N/A,N/A,N/A,Rajya Sabha
900708,Sudha Murty,Nominated,14-03-2024,In Office,First Term,N/A,N/A,Nominated,Female,Information not available,Information not available,Info Not Available,N/A,N/A,N/A,N/A, Data corresponds to the period from 01-06-2009 to 10-02-2024.,N/A,N/A,N/A,N/A,N/A,N/A,N/A,N/A,Rajya Sabha
900717,Govindbhai Laljibhai Dholakia,Elected,03-04-2024,In Office,First Term,N/A,Gujarat,Bharatiya Janata Party,Male,Information not available,Information not available,Info Not Available,N/A,N/A,N/A,N/A, Data corresponds to the period from 01-06-2009 to 10-02-2024.,N/A,N/A,N/A,N/A,N/A,N/A,N/A,N/A,Rajya Sabha
900742,Kunwar Ratanjeet Pratap Narayan Singh,Elected,03-04-2024,In Office,First Term,N/A,Uttar Pradesh,Bharatiya Janata Party,Male,Information not available,Information not available,Info Not Available,N/A,N/A,N/A,N/A, Data corresponds to the period from 01-06-2009 to 10-02-2024.,N/A,N/A,N/A,N/A,N/A,N/A,N/A,N/A,Rajya Sabha
900743,Tejveer Singh,Elected,03-04-2024,In Office,First Term,N/A,Uttar Pradesh,Bharatiya Janata Party,Male,Information not available,Information not available,Info Not Available,N/A,N/A,N/A,N/A, Data corresponds to the period from 01-06-2009 to 10-02-2024.,N/A,N/A,N/A,N/A,N/A,N/A,N/A,N/A,Rajya Sabha
900733,Maya Naroliya,Elected,03-04-2024,In Office,First Term,N/A,Madhya Pradesh,Bharatiya Janata Party,Female,Information not available,Information not available,Info Not Available,N/A,N/A,N/A,N/A, Data corresponds to the period from 01-06-2009 to 10-02-2024.,N/A,N/A,N/A,N/A,N/A,N/A,N/A,N/A,Rajya Sabha
900729,Harsh Mahajan,Elected,03-04-2024,In Office,First Term,N/A,Himachal Pradesh,Bharatiya Janata Party,Male,Information not available,Information not available,Info Not Available,N/A,N/A,N/A,N/A, Data corresponds to the period from 01-06-2009 to 10-02-2024.,N/A,N/A,N/A,N/A,N/A,N/A,N/A,N/A,Rajya Sabha
900735,Meda Raghunadha Reddy,Elected,03-04-2024,In Office,First Term,N/A,Andhra Pradesh,Yuvajana Sramika Rythu Congress Party,Male,Information not available,Information not available,Info Not Available,N/A,N/A,N/A,N/A, Data corresponds to the period from 01-06-2009 to 10-02-2024.,N/A,N/A,N/A,N/A,N/A,N/A,N/A,N/A,Rajya Sabha
900745,Sangeeta,Elected,03-04-2024,In Office,First Term,N/A,Uttar Pradesh,Bharatiya Janata Party,Female,Information not available,Information not available,Info Not Available,N/A,N/A,N/A,N/A, Data corresponds to the period from 01-06-2009 to 10-02-2024.,N/A,N/A,N/A,N/A,N/A,N/A,N/A,N/A,Rajya Sabha
900749,Sanjay Yadav,Elected,03-04-2024,In Office,First Term,N/A,Bihar,Rashtriya Janata Dal,Male,Information not available,Information not available,Info Not Available,N/A,N/A,N/A,N/A, Data corresponds to the period from 01-06-2009 to 10-02-2024.,N/A,N/A,N/A,N/A,N/A,N/A,N/A,N/A,Rajya Sabha
900744,Sadhna Singh,Elected,03-04-2024,In Office,First Term,N/A,Uttar Pradesh,Bharatiya Janata Party,Female,Information not available,Information not available,Info Not Available,N/A,N/A,N/A,N/A, Data corresponds to the period from 01-06-2009 to 10-02-2024.,N/A,N/A,N/A,N/A,N/A,N/A,N/A,N/A,Rajya Sabha
900723,Banshilal Gurjar,Elected,03-04-2024,In Office,First Term,N/A,Madhya Pradesh,Bharatiya Janata Party,Male,Information not available,Information not available,Info Not Available,N/A,N/A,N/A,N/A, Data corresponds to the period from 01-06-2009 to 10-02-2024.,N/A,N/A,N/A,N/A,N/A,N/A,N/A,N/A,Rajya Sabha
900736,Yerram Venkata Subba Reddy,Elected,03-04-2024,In Office,First Term,N/A,Andhra Pradesh,Yuvajana Sramika Rythu Congress Party,Male,Information not available,Information not available,Info Not Available,N/A,N/A,N/A,N/A, Data corresponds to the period from 01-06-2009 to 10-02-2024.,N/A,N/A,N/A,N/A,N/A,N/A,N/A,N/A,Rajya Sabha
900748,Balyogi Umeshnath,Elected,03-04-2024,In Office,First Term,N/A,Madhya Pradesh,Bharatiya Janata Party,Male,Information not available,Information not available,Info Not Available,N/A,N/A,N/A,N/A, Data corresponds to the period from 01-06-2009 to 10-02-2024.,N/A,N/A,N/A,N/A,N/A,N/A,N/A,N/A,Rajya Sabha
900727,Subhasish Khuntia,Elected,04-04-2024,In Office,First Term,N/A,Odisha,Biju Janata Dal,Male,Information not available,Information not available,Info Not Available,N/A,N/A,N/A,N/A, Data corresponds to the period from 01-06-2009 to 10-02-2024.,N/A,N/A,N/A,N/A,N/A,N/A,N/A,N/A,Rajya Sabha
900730,Ajay Makan,Elected,03-04-2024,In Office,First Term,N/A,Karnataka,Indian National Congress,Male,Information not available,Information not available,Info Not Available,N/A,N/A,N/A,N/A, Data corresponds to the period from 01-06-2009 to 10-02-2024.,N/A,N/A,N/A,N/A,N/A,N/A,N/A,N/A,Rajya Sabha
900724,Chandrakant Handore,Elected,03-04-2024,In Office,First Term,N/A,Maharashtra,Indian National Congress,Male,Information not available,Information not available,Info Not Available,N/A,N/A,N/A,N/A, Data corresponds to the period from 01-06-2009 to 10-02-2024.,N/A,N/A,N/A,N/A,N/A,N/A,N/A,N/A,Rajya Sabha
900728,Medha Vishram Kulkarni,Elected,03-04-2024,In Office,First Term,N/A,Maharashtra,Bharatiya Janata Party,Female,Information not available,Information not available,Info Not Available,N/A,N/A,N/A,N/A, Data corresponds to the period from 01-06-2009 to 10-02-2024.,N/A,N/A,N/A,N/A,N/A,N/A,N/A,N/A,Rajya Sabha
900720,Sagarika Ghose,Elected,03-04-2024,In Office,First Term,N/A,West Bengal,All India Trinamool Congress,Female,Information not available,Information not available,Info Not Available,N/A,N/A,N/A,N/A, Data corresponds to the period from 01-06-2009 to 10-02-2024.,N/A,N/A,N/A,N/A,N/A,N/A,N/A,N/A,Rajya Sabha
900714,Subhash Chander,Elected,03-04-2024,In Office,First Term,N/A,Haryana,Bharatiya Janata Party,Male,Information not available,Information not available,Info Not Available,N/A,N/A,N/A,N/A, Data corresponds to the period from 01-06-2009 to 10-02-2024.,N/A,N/A,N/A,N/A,N/A,N/A,N/A,N/A,Rajya Sabha
900721,Ajeet Madhavrao Gopchade,Elected,03-04-2024,In Office,First Term,N/A,Maharashtra,Bharatiya Janata Party,Male,Information not available,Information not available,Info Not Available,N/A,N/A,N/A,N/A, Data corresponds to the period from 01-06-2009 to 10-02-2024.,N/A,N/A,N/A,N/A,N/A,N/A,N/A,N/A,Rajya Sabha
900719,Chunnilal Garasiya,Elected,04-04-2024,In Office,First Term,N/A,Rajasthan,Bharatiya Janata Party,Male,Information not available,Information not available,Info Not Available,N/A,N/A,N/A,N/A, Data corresponds to the period from 01-06-2009 to 10-02-2024.,N/A,N/A,N/A,N/A,N/A,N/A,N/A,N/A,Rajya Sabha
900713,Samik Bhattacharya,Elected,03-04-2024,In Office,First Term,N/A,West Bengal,Bharatiya Janata Party,Male,Information not available,Information not available,Info Not Available,N/A,N/A,N/A,N/A, Data corresponds to the period from 01-06-2009 to 10-02-2024.,N/A,N/A,N/A,N/A,N/A,N/A,N/A,N/A,Rajya Sabha
900740,Bhim Singh,Elected,03-04-2024,In Office,First Term,N/A,Bihar,Bharatiya Janata Party,Male,Information not available,Information not available,Info Not Available,N/A,N/A,N/A,N/A, Data corresponds to the period from 01-06-2009 to 10-02-2024.,N/A,N/A,N/A,N/A,N/A,N/A,N/A,N/A,Rajya Sabha
900715,Ashokrao Shankarrao Chavan,Elected,03-04-2024,In Office,First Term,N/A,Maharashtra,Bharatiya Janata Party,Male,Information not available,Information not available,Info Not Available,N/A,N/A,N/A,N/A, Data corresponds to the period from 01-06-2009 to 10-02-2024.,N/A,N/A,N/A,N/A,N/A,N/A,N/A,N/A,Rajya Sabha
900741,Devendra Pratap Singh,Elected,03-04-2024,In Office,First Term,N/A,Chhattisgarh,Bharatiya Janata Party,Male,Information not available,Information not available,Info Not Available,N/A,N/A,N/A,N/A, Data corresponds to the period from 01-06-2009 to 10-02-2024.,N/A,N/A,N/A,N/A,N/A,N/A,N/A,N/A,Rajya Sabha
900751,Sarfraz Ahmad,Elected,04-05-2024,In Office,First Term,N/A,Jharkhand,Jharkhand Mukti Morcha,Male,Information not available,Information not available,Info Not Available,N/A,N/A,N/A,N/A, Data corresponds to the period from 01-06-2009 to 10-02-2024.,N/A,N/A,N/A,N/A,N/A,N/A,N/A,N/A,Rajya Sabha
900747,Mamata Thakur,Elected,03-04-2024,In Office,First Term,N/A,West Bengal,All India Trinamool Congress,Female,Information not available,Information not available,Info Not Available,N/A,N/A,N/A,N/A, Data corresponds to the period from 01-06-2009 to 10-02-2024.,N/A,N/A,N/A,N/A,N/A,N/A,N/A,N/A,Rajya Sabha
900712,Mahendra Bhatt,Elected,03-04-2024,In Office,First Term,N/A,Uttarakhand,Bharatiya Janata Party,Male,Information not available,Information not available,Info Not Available,N/A,N/A,N/A,N/A, Data corresponds to the period from 01-06-2009 to 10-02-2024.,N/A,N/A,N/A,N/A,N/A,N/A,N/A,N/A,Rajya Sabha
900752,Pradip Kumar Varma,Elected,04-05-2024,In Office,First Term,N/A,Jharkhand,Bharatiya Janata Party,Male,Information not available,Information not available,Info Not Available,N/A,N/A,N/A,N/A, Data corresponds to the period from 01-06-2009 to 10-02-2024.,N/A,N/A,N/A,N/A,N/A,N/A,N/A,N/A,Rajya Sabha
900709,Dorjee Tshering Lepcha,Elected,12-03-2024,In Office,First Term,N/A,Sikkim,Bharatiya Janata Party,Male,Information not available,Information not available,Info Not Available,N/A,N/A,N/A,N/A, Data corresponds to the period from 01-06-2009 to 10-02-2024.,N/A,N/A,N/A,N/A,N/A,N/A,N/A,N/A,Rajya Sabha
900211,K.P. Munusamy,Elected,03-04-2020,07-05-2021,First Term,N/A,Tamil Nadu,All India Anna Dravida Munnetra Kazhagam,Male,Information not available,Information not available,72,0,N/A,53,0.181818182, Data corresponds to the period from 01-06-2009 to 10-02-2024.,14.7655934,N/A,26.98962433,0.787043243,9.395424837,N/A,21.53921569,0.713206211,Rajya Sabha
900079,Balihari Babu,Elected,03-04-2006,12-06-2009,First Term,N/A,Uttar Pradesh,Samajwadi Party,Male,Inter/ Higher Secondary,"Intermediate Educated at Public Inter College, Shahganj, Jaunpur (Uttar Pradesh)",73,0,N/A,N/A,1, Data corresponds to the period from 01-06-2009 to 10-02-2024.,0.405529954,N/A,N/A,0.787043243,0.3,N/A,N/A,0.832984277,Rajya Sabha
900167,Hema Malini (RS),Elected,03-03-2011,02-04-2012,Second Term,N/A,Karnataka,Bharatiya Janata Party,Female,Matric,"Matric Educated at Andhra Mahila Sabha, Chennai",75,6,0,117,0.357798165, Data corresponds to the period from 01-06-2009 to 10-02-2024.,13.47711323,0.216427017,83.83658562,0.787043243,4.990909091,0.1,30.34545455,0.724209112,Rajya Sabha
900052,Anusuiya Uikey,Elected,03-04-2006,02-04-2012,First Term,N/A,Madhya Pradesh,Bharatiya Janata Party,Female,Post Graduate,"M.A. (Economics), LL.B. (II year)",66,48,0,249,0.900452489, Data corresponds to the period from 01-06-2009 to 10-02-2024.,23.58244777,0.61776919,178.9718321,0.787043243,25.01060606,0.606060606,210.0914141,0.850316503,Rajya Sabha
900141,Ejaz Ali,Elected,20-03-2008,07-07-2010,First Term,N/A,Bihar,Janata Dal (United),Male,Post Graduate,"M.B.B.S., M.S. (General Surgery) Educated at Hazaribagh High School and Patna Medical College and Hospital (Patna University), Patna, Bihar",65,5,0,8,0.658823529, Data corresponds to the period from 01-06-2009 to 10-02-2024.,10.16469479,0.32389617,78.08241781,0.787043243,11.31666667,N/A,82.9625,0.818079904,Rajya Sabha
900274,Majeed Memon,Elected,03-04-2014,02-04-2020,First Term,N/A,Maharashtra,Nationalist Congress Party,Male,Graduate,"B.A. (Economics and Political Science), LL.B. Educated at R.D. National College and Government Law College, Mumbai",78,112,0,502,0.843137255, Data corresponds to the period from 01-06-2009 to 10-02-2024.,97.86446071,1.500965027,324.7388369,0.787043243,82.01160131,4.643464052,458.2214052,0.776425958,Rajya Sabha
900502,Shanta Kumar (RS),Elected,10-04-2008,09-04-2014,First Term,N/A,Himachal Pradesh,Bharatiya Janata Party,Male,Professional Graduate,"B.A., LL.B. ; Educated at Panjab University and Delhi Law College, Delhi",89,35,0,86,0.825842697, Data corresponds to the period from 01-06-2009 to 10-02-2024.,39.07140246,0.968051246,284.2491237,0.787043243,34.25,N/A,255.0833333,0.860472025,Rajya Sabha
900225,Kanakamedala Ravindra Kumar,Elected,03-04-2018,02-04-2024,First Term,N/A,Andhra Pradesh,Telugu Desam Party,Male,Post Graduate,"B.Com., B.L.,M.A.(Philosophy), M.L.(Contracts) Educated at Siddartha Arts College and A.C. College of Law (Acharya Nagarjuna University), Osmania University, Hyderabad and Annamalai University",67,373,0,605,0.956386293, Data corresponds to the period from 01-06-2009 to 10-02-2024.,113.5092723,1.402770352,256.9495301,0.787043243,79.32424242,2.696969697,415.9090909,0.758898933,Rajya Sabha
900425,Ram Kumar Kashyap,Elected,10-04-2014,04-11-2019,First Term,N/A,Haryana,Bharatiya Janata Party,Male,Post Graduate,"M.A. (Economics), LL.B. Educated at Kurukshetra University , Kurukshetra (Haryana)",73,86,0,443,0.983561644, Data corresponds to the period from 01-06-2009 to 10-02-2024.,81.36893693,1.24794336,290.0873572,0.787043243,50.61666667,N/A,221.5166667,0.872776121,Rajya Sabha
900255,M. Venkaiah Naidu,Elected,01-07-2010,31-08-2017,Fourth Term,N/A,Karnataka,Bharatiya Janata Party,Male,Professional Graduate,"B.A., B.L. Educated at V.R. High School, Nellore, V.R. College, Nellore and Law College, Andhra University, Visakhapatnam",75,86,0,34,0.752808989,"This MP was appointed a minister in May 2014. Ministers represent the government, so we do not report their participation.  Participation and attendance details for this MP are thus available only till Feb 2014. Data corresponds to the period from 01-06-2009 to 10-02-2024.",44.0034511,1.026488607,300.04228,0.787043243,31.99141414,1.887878788,177.4020202,0.724209112,Rajya Sabha
900431,Ram Vichar Netam,Elected,30-06-2016,29-06-2022,First Term,N/A,Chhattisgarh,Bharatiya Janata Party,Male,Inter/ Higher Secondary,Higher Secondary,63,66,0,423,0.877492877, Data corresponds to the period from 01-06-2009 to 10-02-2024.,101.5030364,1.196297868,289.4391529,0.787043243,97.6,1,474.2,0.859688271,Rajya Sabha
900380,Pramod Kureel,Elected,09-07-2010,02-04-2012,First Term,N/A,Uttar Pradesh,Bahujan Samaj Party,Male,Post Graduate,"B. Arch. (Bachelor of Architechture), M. Arch. (Master of Architechture) Educated at School of Planning and Architechture, New Delhi",57,15,0,15,0.661764706, Data corresponds to the period from 01-06-2009 to 10-02-2024.,13.41775299,0.293873021,100.8894143,0.787043243,11.46344086,0.870967742,61.30322581,0.832984277,Rajya Sabha
900234,Keshav Chintaman Ketkar,Elected,03-04-2018,02-04-2024,First Term,N/A,Maharashtra,Indian National Congress,Male,Graduate,"B.A. Educated at Bombay University, Mumbai ",78,36,0,229,0.962616822, Data corresponds to the period from 01-06-2009 to 10-02-2024.,113.5092723,1.402770352,256.9495301,0.787043243,144.7742674,3.292857143,319.0365385,0.776425958,Rajya Sabha
900493,Satyanarayan Jatiya,Elected,10-04-2014,09-04-2020,First Term,N/A,Madhya Pradesh,Bharatiya Janata Party,Male,Doctorate,"B.Sc., M.A., LL.B., Ph.D. Educated at Vikram University, Ujjain (Madhya Pradesh)",78,106,0,568,1, Data corresponds to the period from 01-06-2009 to 10-02-2024.,97.86446071,1.500965027,324.7388369,0.787043243,94.1547619,0.777777778,379.1853175,0.850316503,Rajya Sabha
900045,Anil H. Lad,Elected,26-06-2008,20-05-2013,First Term,N/A,Karnataka,Indian National Congress,Male,Inter/ Higher Secondary,"Educated at Sandur Residential School, Sandur, Distt. Bellary, Karnataka",50,4,0,26,0.587859425, Data corresponds to the period from 01-06-2009 to 10-02-2024.,32.94030559,0.968051246,254.0137784,0.787043243,20.41919192,1.887878788,133.679798,0.724209112,Rajya Sabha
900120,D.P. Tripathi,Elected,03-04-2012,02-04-2018,First Term,N/A,Maharashtra,Nationalist Congress Party,Male,Post Graduate,"M.A. (Political Science) Educated at Allahabad University, Allahabad and Jawaharlal Nehru University, New Delhi",71,50,0,320,0.978571429, Data corresponds to the period from 01-06-2009 to 10-02-2024.,76.5291343,1.331050954,332.9466233,0.787043243,70.78022876,3.537581699,499.9505719,0.776425958,Rajya Sabha
900098,Bimla Kashyap Sood,Elected,03-04-2010,02-04-2016,First Term,N/A,Himachal Pradesh,Bharatiya Janata Party,Female,Graduate,"B.A. ; Educated at Punjab University, Shimla",82,44,0,271,0.903529412, Data corresponds to the period from 01-06-2009 to 10-02-2024.,60.01791652,1.283100005,325.2657498,0.787043243,66.91666667,N/A,276.9166667,0.860472025,Rajya Sabha
900113,Chandan Mitra,Elected,30-06-2010,29-06-2016,Second Term,N/A,Madhya Pradesh,Bharatiya Janata Party,Male,Doctorate,"B.A. (Hons.) in Economics, M.A.(History), D.Phil. Educated at La Martiniere for Boys, Kolkata, St. Stephen's College, Delhi, Delhi University and Oxford University, U.K.",69,57,0,527,0.878587196,"This MP has been re-elected/nominated. During his previous term, this MP was a nominated representative; the term ended on 26th Aug 2009. Data corresponds to the period from 01-06-2009 to 10-02-2024.",67.55059827,1.28566171,348.0391188,0.787043243,69.32070707,1.5,461.8545455,0.850316503,Rajya Sabha
900444,Ranjitsinh Vijaysinh Mohite-Patil,Elected,04-08-2009,02-04-2012,First Term,N/A,Maharashtra,Nationalist Congress Party,Male,Graduate,N/A,52,17,0,210,0.778350515, Data corresponds to the period from 01-06-2009 to 10-02-2024.,19.83076216,0.521939332,156.4138773,0.787043243,24.05539216,0.619117647,257.6637255,0.776425958,Rajya Sabha
900363,Pavan Kumar Varma,Elected,23-06-2014,07-07-2016,First Term,N/A,Bihar,Janata Dal (United),Male,Professional Graduate,"B.A. (Hons.) History, LL.B. Educated at St. Stephen's College, New Delhi and University of Delhi Honorary Doctoral Degree by University of Indianapolis",71,21,0,11,0.979865772, Data corresponds to the period from 01-06-2009 to 10-02-2024.,34.11944495,0.545676776,116.3493734,0.787043243,49.28571429,0.071428571,84.71428571,0.818079904,Rajya Sabha
900407,Raj Mohinder Singh Majitha,Elected,05-07-2004,04-07-2010,Second Term,N/A,Punjab,Shiromani Akali Dal,Male,Graduate,"B.A. Educated at Khalsa College, Amritsar (Punjab) B.A. Educated at Khalsa College, Amritsar (Punjab)",84,4,0,259,0.482352941, Data corresponds to the period from 01-06-2009 to 10-02-2024.,10.16469479,0.32389617,78.08241781,0.787043243,6.8,N/A,105.4,0.786130822,Rajya Sabha
900587,Vijaykumar Rupani,Elected,03-04-2006,02-04-2012,First Term,N/A,Gujarat,Bharatiya Janata Party,Male,Professional Graduate,"B.A., LL.B. Educated at Saurashtra University, Rajkot (Gujarat)",68,17,0,85,0.746606335, Data corresponds to the period from 01-06-2009 to 10-02-2024.,23.58244777,0.61776919,178.9718321,0.787043243,15.98601399,N/A,152.4965035,0.840459932,Rajya Sabha
900609,Syed Zafar Islam,Elected,04-09-2020,04-07-2022,First Term,N/A,Uttar Pradesh,Bharatiya Janata Party,Male,Graduate,"B.A., M.F.C., M.E.P. Educated at Ranchi University, Ranchi, Aligarh Muslim University, Aligarh and Indian Institute of Management, Ahmedabad ",56,22,0,122,0.905263158, Data corresponds to the period from 01-06-2009 to 10-02-2024.,37.95357623,0.241009616,81.04968943,0.787043243,31.56206897,0.034482759,83.78735632,0.832984277,Rajya Sabha
900203,K. Rahman Khan,Elected,03-04-2006,02-04-2018,Fourth Term,N/A,Karnataka,Indian National Congress,Male,Graduate,"Bachelor of Commerce (B.Com.), Fellow Chartered Accountant (FCA) Educated at Mysore University, Mysore",85,42,0,146,0.757894737,This MP was appointed a minister between Oct 2012 to May 2014.  Participation and attendance details for this MP are thus not available for the above period. Data corresponds to the period from 01-06-2009 to 10-02-2024.,67.79256743,1.139561592,271.7463472,0.787043243,45.51363636,1.090909091,284.2333333,0.724209112,Rajya Sabha
900323,Nandamuri Harikrishna,Elected,10-04-2008,22-08-2013,First Term,N/A,Andhra Pradesh,Telugu Desam Party,Male,Inter/ Higher Secondary,"S.Sc. Educated at Senior Secondary School, Chennai",68,2,0,126,0.685628743, Data corresponds to the period from 01-06-2009 to 10-02-2024.,34.60622612,0.968051246,262.6523569,0.787043243,26.78832834,1.133333333,374.1222736,0.758898933,Rajya Sabha
900007,A.A. Jinnah,Elected,03-04-2008,02-04-2014,First Term,N/A,Tamil Nadu,Dravida Munnetra Kazhagam,Male,Professional Graduate,"B.A., B.L. Educated at Loyola College, Chennai and Law College, Chennai (Tamil Nadu)",83,16,0,205,0.893258427, Data corresponds to the period from 01-06-2009 to 10-02-2024.,39.07140246,0.968051246,284.2491237,0.787043243,51.41789216,0.696078431,327.6429739,0.713206211,Rajya Sabha
900175,Jabir Husain,Elected,03-04-2006,02-04-2012,First Term,N/A,Bihar,Rashtriya Janata Dal,Male,Post Graduate,"B.A. Hons. (Eng.), M.A. (Eng.) Educated under Bihar Secondary Education Board, Patna and Bihar University, Muzaffarpur",79,1,0,17,0.968325792, Data corresponds to the period from 01-06-2009 to 10-02-2024.,23.58244777,0.61776919,178.9718321,0.787043243,28.37916667,0.0625,206.3375,0.818079904,Rajya Sabha
900128,Devender Paul Vats,Elected,03-04-2018,02-04-2024,First Term,N/A,Haryana,Bharatiya Janata Party,Male,Doctorate,"M.B.B.S., M.S. Ophthalmology, Post Doctoral Training Educated at Pt. B.D. Sharma, PGIMS, Rohtak, Haryana, A.F.M.C, Pune",74,109,0,336,0.981308411, Data corresponds to the period from 01-06-2009 to 10-02-2024.,113.5092723,1.402770352,256.9495301,0.787043243,62.58333333,0.5,205.6833333,0.872776121,Rajya Sabha
900393,Pyarimohan Mohapatra,Elected,02-07-2010,01-07-2016,Second Term,N/A,Odisha,Independent,Male,Post Graduate,"B.A. (Hons.) in Economics, M.A. in Political Science, Diploma in Development Administration Educated at Ravenshaw College, Cuttack, Allahabad University, Allahabad and London School of Economics, London",84,71,0,209,0.581300813, Data corresponds to the period from 01-06-2009 to 10-02-2024.,73.38640297,1.513728021,400.598497,0.787043243,95.36388889,0.7,414.3777778,0.780593478,Rajya Sabha
900577,Vasanthi Stanley,Elected,03-04-2008,02-04-2014,First Term,N/A,Tamil Nadu,Dravida Munnetra Kazhagam,Female,Post Graduate,"B.A., B.Ed., M.A. (English), B.L. Educated at Madurai Kamaraj University, Madurai and Dr. Ambedkar Law University, Chennai",61,66,0,250,0.856741573, Data corresponds to the period from 01-06-2009 to 10-02-2024.,39.07140246,0.968051246,284.2491237,0.787043243,51.41789216,0.696078431,327.6429739,0.713206211,Rajya Sabha
900103,Biswajit Daimary,Elected,23-02-2021,10-05-2021,Fourth Term,N/A,Assam,Bodoland People's Front,Male,Inter/ Higher Secondary,"Higher Secondary Educated at Kokrajhar College, Kokrajhar",53,75,0,40,0.651399491, Data corresponds to the period from 01-06-2009 to 10-02-2024.,149.2935662,2.469016273,628.0011385,0.787043243,116.1095238,1.30952381,519.7285714,0.846176399,Rajya Sabha
900106,Brijlal Khabri,Elected,26-11-2008,25-11-2014,First Term,N/A,Uttar Pradesh,Bahujan Samaj Party,Male,Post Graduate,"M.A., LL.B. Educated at Dayanand Vedic Mahavidyalaya, Orai, Distt. Jalaun and Bundelkhand University, Jhansi, Uttar Pradesh",62,14,0,139,0.712435233, Data corresponds to the period from 01-06-2009 to 10-02-2024.,45.57240308,1.053576355,306.1097123,0.787043243,40.95922089,1.640322581,218.048408,0.832984277,Rajya Sabha
900480,Sanjiv Kumar,Elected,04-05-2012,03-05-2018,First Term,N/A,Jharkhand,Jharkhand Mukti Morcha,Male,Professional Graduate,"B.Sc., LL.B. Educated at Ranchi College, Ranchi and Delhi University, Delhi",66,68,0,219,0.9031477, Data corresponds to the period from 01-06-2009 to 10-02-2024.,75.74478707,1.261786885,330.2789651,0.787043243,34.76666667,0.166666667,499.2666667,0.784158314,Rajya Sabha
900302,Moinul Hassan,Elected,03-04-2006,02-04-2012,First Term,N/A,West Bengal,Communist Party of India (Marxist),Male,Graduate,"B. Sc. Educated at University of Calcutta, (West Bengal)",66,73,0,334,0.79638009, Data corresponds to the period from 01-06-2009 to 10-02-2024.,23.58244777,0.61776919,178.9718321,0.787043243,37.09223058,0.40952381,125.6536341,0.69145404,Rajya Sabha
900081,Barun Mukherji,Elected,18-11-2008,02-04-2014,Second Term,N/A,West Bengal,All India Forward Bloc,Male,Doctorate,"B.Sc., B.A., M.A., B. Lib. Sc., Ph.D. and P.G.D.B.M. Educated at Bansberia H. E. School, Bansberia, Distt. Hooghly (West Bengal), Hooghly Mohsin College, Chinsurah, Calcutta University and Institute of Modern Management, Calcutta",91,47,0,15,0.867977528, Data corresponds to the period from 01-06-2009 to 10-02-2024.,39.07140246,0.968051246,284.2491237,0.787043243,57.92139724,0.59702381,164.8953008,0.69145404,Rajya Sabha
900282,Manohar Joshi,Elected,03-04-2006,02-04-2012,First Term,N/A,Maharashtra,Shiv Sena,Male,Post Graduate,"B.A., M.A., LL.B. Educated at University of Mumbai",87,25,0,144,0.63800905, Data corresponds to the period from 01-06-2009 to 10-02-2024.,23.58244777,0.61776919,178.9718321,0.787043243,28.84110644,0.833403361,299.0922969,0.776425958,Rajya Sabha
900542,Sushil Kumar Gupta,Elected,28-01-2018,27-01-2024,First Term,N/A,Delhi,Aam Aadmi Party,Male,Doctorate,Information not available,63,134,0,528,0.875739645, Data corresponds to the period from 01-06-2009 to 10-02-2024.,110.0261416,1.326946694,273.0240182,0.787043243,140,1.666666667,454.6666667,0.886446707,Rajya Sabha
900095,Bhushanlal Jangde,Elected,03-04-2012,02-04-2018,First Term,N/A,Chhattisgarh,Bharatiya Janata Party,Male,Professional Graduate,"B.A.M.S. Educated at Government Ayurveda College, Raipur",81,13,0,244,0.897619048, Data corresponds to the period from 01-06-2009 to 10-02-2024.,76.5291343,1.331050954,332.9466233,0.787043243,58.2,N/A,383.4,0.859688271,Rajya Sabha
900303,Motilal Vora,Elected,10-04-2008,09-04-2020,Fourth Term,N/A,Chhattisgarh,Indian National Congress,Male,Inter/ Higher Secondary,"High School Educated at Raipur, Chhattisgarh",95,114,0,1263,0.945026178, Data corresponds to the period from 01-06-2009 to 10-02-2024.,136.9358632,2.469016273,608.9879606,0.787043243,111.2,1,871.1,0.859688271,Rajya Sabha
900561,Tarlochan Singh,Elected,02-08-2004,01-08-2010,First Term,N/A,Haryana,Independent,Male,Post Graduate,"M.A. (Economics) Educated at Panjab University, Chandigarh",91,30,0,40,0.944444444, Data corresponds to the period from 01-06-2009 to 10-02-2024.,10.16469479,0.32389617,81.91720042,0.787043243,11.1,N/A,48.4,0.872776121,Rajya Sabha
900440,Ranee Narah,Elected,03-04-2016,02-04-2022,First Term,N/A,Assam,Indian National Congress,Female,Graduate,"B.A.; Educated at Gauhati University, Guwahati (Assam)",58,11,0,120,0.464088398, Data corresponds to the period from 01-06-2009 to 10-02-2024.,102.781126,1.222498741,298.2188637,0.787043243,62.68253968,0.714285714,225.731746,0.846176399,Rajya Sabha
900370,Prabhakar Kore,Elected,26-06-2008,25-06-2020,Third Term,N/A,Karnataka,Bharatiya Janata Party,Male,Doctorate,"B.Com. Educated at Gogte College of Commerce, Belgaum",77,36,0,455,0.678010471, Data corresponds to the period from 01-06-2009 to 10-02-2024.,136.9358632,2.469016273,608.9879606,0.787043243,102.9550505,2.896969697,555.1838384,0.724209112,Rajya Sabha
900424,Ram Kripal Yadav (RS),Elected,08-07-2010,16-05-2014,First Term,N/A,Bihar,Rashtriya Janata Dal,Male,Professional Graduate,"B.A.(Hons.), LL.B. ; Educated at Magadh University, Patna (Bihar)",66,121,0,329,0.78597786, Data corresponds to the period from 01-06-2009 to 10-02-2024.,28.90670767,0.644155076,206.1667058,0.787043243,40.52083333,0.0625,249.0333333,0.818079904,Rajya Sabha
900338,Natuji Halaji Thakor,Elected,10-04-2008,09-04-2014,First Term,N/A,Gujarat,Bharatiya Janata Party,Male,Inter/ Higher Secondary,"SSC Educated at Mudarada, Distt. Mehsana (Gujarat)",64,23,0,512,0.724719101, Data corresponds to the period from 01-06-2009 to 10-02-2024.,39.07140246,0.968051246,284.2491237,0.787043243,31.07692308,0.727272727,274.041958,0.840459932,Rajya Sabha
900244,La. Ganesan,Elected,16-11-2016,02-04-2018,First Term,N/A,Madhya Pradesh,Bharatiya Janata Party,Male,Information not available,Information not available,77,33,0,1,0.902654867, Data corresponds to the period from 01-06-2009 to 10-02-2024.,19.63283028,0.371743707,94.98083865,0.787043243,23.4047619,0.166666667,102.9047619,0.850316503,Rajya Sabha
900111,C.P. Thakur,Elected,10-04-2008,09-04-2020,Second Term,N/A,Bihar,Bharatiya Janata Party,Male,Post Graduate,"M.B.B.S., M.D., M.R.C.P., F.R.C.P. Educated at Patna Medical College, Patna University, Bihar, Royal College of Physicians, London and Royal College of Physicians, Edinburgh and Royal College of Tropical Medicine and Hygiene, London",93,49,0,36,0.856020942, Data corresponds to the period from 01-06-2009 to 10-02-2024.,136.9358632,2.469016273,608.9879606,0.787043243,179.6747461,0.210851648,510.5425366,0.818079904,Rajya Sabha
900465,S.S. Ahluwalia (RS),Elected,03-04-2006,02-04-2012,Fourth Term,N/A,Jharkhand,Bharatiya Janata Party,Male,Professional Graduate,"B.Sc., LL.B. Educated at St. Joseph School, Asansol, Bidhan Chandra College, Burdwan University and University College of Law, Calcutta University, West Bengal",73,71,0,193,0.963800905, Data corresponds to the period from 01-06-2009 to 10-02-2024.,23.58244777,0.61776919,178.9718321,0.787043243,23.75,0.5,250.9,0.784158314,Rajya Sabha
900434,Ramchandra Prasad Singh,Elected,08-07-2016,07-07-2022,Second Term,N/A,Bihar,Janata Dal (United),Male,Post Graduate,"B.A. (Hons.) in History, M.A. (International Relations) ; Educated at High School, Hussainpur, Nalanda, Science College, Patna University, Patna College, Patna University, Patna and Jawaharlal Nehru University, New Delhi",65,101,0,371,0.679775281,"This MP is a minister. Ministers represent the government in debates, so we do not report their participation. They do not sign the attendance register, ask questions, or introduce private member bills. Data corresponds to the period from 01-06-2009 to 10-02-2024.",141.5367618,2.145120103,557.8951671,0.787043243,182.7426948,0.210851648,444.0086081,0.818079904,Rajya Sabha
900340,Nazir Ahmed Laway,Elected,23-02-2015,15-02-2021,First Term,N/A,Jammu and Kashmir,Jammu and Kashmir Peoples Democratic Party,Male,Graduate,B.A.,60,23,0,87,0.730077121, Data corresponds to the period from 01-06-2009 to 10-02-2024.,94.62284443,1.279838907,301.6260953,0.787043243,77.5,0.25,59.75,0.82951221,Rajya Sabha
900126,Deepender Singh,Elected,10-04-2020,04-06-2024,First Term,N/A,Haryana,Indian National Congress,Male,Professional Post Graduate,"B.Tech., M.B.A. Educated at Birla Institute, M.D. University, Rohtak (Haryana) and Kelley School of Business, Indiana University, Bloomington, U.S.A.",46,10,0,159,0.868852459, Data corresponds to the period from 01-06-2009 to 10-02-2024.,76.68499124,0.882574224,159.8800249,0.787043243,31,N/A,114.4,0.872776121,Rajya Sabha
900640,S. Phangnon Konyak,Elected,01-04-2022,In Office,First Term,N/A,Nagaland,Bharatiya Janata Party,Female,Information not available,Information not available,46,43,0,4,0.990291262, Data corresponds to the period from 01-06-2009 to 10-02-2024.,43.78713591,0.712993179,83.29329845,0.787043243,43,N/A,4,0.619845695,Rajya Sabha
900239,Krishan Lal Balmiki,Elected,04-04-2006,21-04-2010,First Term,N/A,Rajasthan,Bharatiya Janata Party,Male,Inter/ Higher Secondary,"Higher Secondary Educated under Rajasthan Board of Secondary Education, Jaipur",81,8,0,44,0.666666667, Data corresponds to the period from 01-06-2009 to 10-02-2024.,8.762039921,0.204427143,67.44524967,0.787043243,11.76363636,0.4,117.2636364,0.822358304,Rajya Sabha
900405,Rahul Bajaj,Elected,20-06-2006,04-07-2010,First Term,N/A,Maharashtra,Independent,Male,Professional Post Graduate,"B.A.(Hons.), LL.B., M.B.A. Educated at Delhi University, Bombay University and Harvard University (U.S.A.)",85,17,0,57,0.882352941, Data corresponds to the period from 01-06-2009 to 10-02-2024.,10.16469479,0.32389617,78.08241781,0.787043243,14.25654762,0.476785714,139.1327381,0.776425958,Rajya Sabha
900118,D. Kupendra Reddy,Elected,26-06-2014,25-06-2020,First Term,N/A,Karnataka,Janata Dal (Secular),Male,Under Graduate,"Under Graduation Educated at V.V. Puram College, Bangalore",64,10,0,758,0.634567901, Data corresponds to the period from 01-06-2009 to 10-02-2024.,97.66890515,1.500965027,324.7388369,0.787043243,76.62272727,1.009090909,396.6151515,0.724209112,Rajya Sabha
900034,Amar Singh (RS),Elected,26-11-2008,01-08-2020,Fourth Term,N/A,Uttar Pradesh,Independent,Male,Professional Graduate,"B.A., LL.B. Educated at St. Xavier's College and University College of Law, Kolkata",68,27,0,355,0.531772575, Data corresponds to the period from 01-06-2009 to 10-02-2024.,136.9358632,2.469016273,608.9879606,0.787043243,153.9061284,2.106989247,503.230674,0.832984277,Rajya Sabha
900077,Balavant alias Bal Apte,Elected,03-04-2006,02-04-2012,Second Term,N/A,Maharashtra,Bharatiya Janata Party,Male,Post Graduate,"M.A., LL.M. Educated at University of Mumbai, Mumbai",85,11,0,302,0.728506787, Data corresponds to the period from 01-06-2009 to 10-02-2024.,23.58244777,0.61776919,178.9718321,0.787043243,28.84110644,0.833403361,299.0922969,0.776425958,Rajya Sabha
900149,Ganga Charan,Elected,19-06-2009,02-04-2012,First Term,N/A,Uttar Pradesh,Bahujan Samaj Party,Male,Professional Graduate,"BA, LLB",64,33,0,70,0.714285714, Data corresponds to the period from 01-06-2009 to 10-02-2024.,23.17691782,0.61776919,178.9718321,0.787043243,19.10961022,1.217741935,116.322379,0.832984277,Rajya Sabha
900242,Kusum Rai,Elected,26-11-2008,25-11-2014,First Term,N/A,Uttar Pradesh,Bharatiya Janata Party,Female,Inter/ Higher Secondary,N/A,55,15,0,870,0.791237113, Data corresponds to the period from 01-06-2009 to 10-02-2024.,45.57240308,1.053576355,306.1097123,0.787043243,40.95922089,1.640322581,218.048408,0.832984277,Rajya Sabha
900236,Kiranmay Nanda,Elected,03-04-2012,02-04-2018,First Term,N/A,Uttar Pradesh,Samajwadi Party,Male,Graduate,"Educated at Calcutta University, Kolkata",80,91,0,435,0.803357314, Data corresponds to the period from 01-06-2009 to 10-02-2024.,76.5291343,1.331050954,332.9466233,0.787043243,92.73269771,0.789247312,290.3589517,0.832984277,Rajya Sabha
900364,Penumalli Madhu,Elected,22-06-2004,21-06-2010,First Term,N/A,Andhra Pradesh,Communist Party of India (Marxist),Male,Under Graduate,N/A,75,8,0,165,0.858823529, Data corresponds to the period from 01-06-2009 to 10-02-2024.,10.16469479,0.32389617,78.08241781,0.787043243,9.75,0.75,120.3125,0.758898933,Rajya Sabha
900182,Janeshwar Mishra,Elected,03-04-2006,22-01-2010,Third Term,N/A,Uttar Pradesh,Samajwadi Party,Male,Professional Graduate,"B.A., LL.B. Educated at Ballia and Allahabad University",91,4,0,38,0.981132075, Data corresponds to the period from 01-06-2009 to 10-02-2024.,7.026216294,0.204427143,50.1203246,0.787043243,5.9875,0.221774194,35.52419355,0.832984277,Rajya Sabha
900247,Lalhming Liana,Elected,19-07-2008,18-07-2014,Second Term,N/A,Mizoram,Mizo National Front,Male,Graduate,"B.A. Educated at Aizawl College, North Eastern Hill University, Aizawl",68,1,0,26,0.872628726, Data corresponds to the period from 01-06-2009 to 10-02-2024.,40.56610331,1.040700818,290.5696365,0.787043243,1,N/A,26,0.892940252,Rajya Sabha
900315,N. Janardhana Reddy,Elected,01-04-2009,09-05-2014,Third Term,N/A,Andhra Pradesh,Indian National Congress,Male,Professional Graduate,"B.A., B.Ed., Trained in Basic Education (a Gandhian Concept) ; Educated at V.R. College, Government College of Education, Nellore and Government College of Basic Education, Pentapadu, West Godavari District (Andhra Pradesh)",89,5,0,7,0.547904192, Data corresponds to the period from 01-06-2009 to 10-02-2024.,39.07140246,0.968051246,284.2491237,0.787043243,28.88832834,1.133333333,416.2222736,0.758898933,Rajya Sabha
900470,Salim Ansari,Elected,05-07-2010,04-07-2016,First Term,N/A,Uttar Pradesh,Bahujan Samaj Party,Male,Post Graduate,"B.A., M.A. ; Educated at D.C.S.K.P.G. College, Mau (Gorakhpur University)",61,19,0,247,0.995271868, Data corresponds to the period from 01-06-2009 to 10-02-2024.,63.22170818,1.189831851,322.5160792,0.787043243,68.91305154,1.52688172,248.1292547,0.832984277,Rajya Sabha
900243,L. Hanumanthaiah,Elected,03-04-2018,02-04-2024,First Term,N/A,Karnataka,Indian National Congress,Male,Doctorate,"B.Sc., M.A., Ph.D. Educated at Government Science College, Bangalore, Post Graduate Studies in Kannada Literature at Bangalore University; Ph.D. from Mysore University",66,138,0,400,0.925233645, Data corresponds to the period from 01-06-2009 to 10-02-2024.,113.5092723,1.402770352,256.9495301,0.787043243,75.12121212,0.381818182,323.1454545,0.724209112,Rajya Sabha
900499,Shamsher Singh Dullo,Elected,10-04-2016,09-04-2022,First Term,N/A,Punjab,Indian National Congress,Male,Professional Graduate,"B.A., LLB.",76,54,0,143,0.866120219, Data corresponds to the period from 01-06-2009 to 10-02-2024.,106.4663111,1.222498741,301.8068267,0.787043243,49.71428571,0.571428571,270.0238095,0.786130822,Rajya Sabha
900326,Naranbhai Jemlabhai Rathwa,Elected,03-04-2018,02-04-2024,First Term,N/A,Gujarat,Indian National Congress,Male,Graduate,"B.A., M.S.W. Educated at S.N. College, Gujarat University, Ahmedabad and Gujarat Vidyapith, Ahmedabad (Gujarat)",71,16,0,348,0.91318328, Data corresponds to the period from 01-06-2009 to 10-02-2024.,113.5092723,1.402770352,256.9495301,0.787043243,65.14285714,0.125,236.25,0.840459932,Rajya Sabha
900487,Sarojini Hembram,Elected,03-04-2014,02-04-2020,First Term,N/A,Odisha,Biju Janata Dal,Female,Post Graduate,"Post Graduate (Masters in Music) Educated at K.N.G. High School, Baripada and Utkal Sangeet Mahavidyalaya, Bhubaneswar",65,68,0,406,0.659313725, Data corresponds to the period from 01-06-2009 to 10-02-2024.,97.86446071,1.500965027,324.7388369,0.787043243,120.7416667,1.2,351.5206349,0.780593478,Rajya Sabha
900573,V.P. Singh Badnore,Elected,05-07-2010,04-07-2016,First Term,N/A,Rajasthan,Bharatiya Janata Party,Male,Graduate,"B.A.(Hons.), Business Management Educated at Mayo College, Government College, Ajmer and A.S.C.I., Hyderabad",75,76,0,66,0.914893617, Data corresponds to the period from 01-06-2009 to 10-02-2024.,63.22170818,1.189831851,322.5160792,0.787043243,53.50833333,0.322222222,331.6055556,0.822358304,Rajya Sabha
900469,Sakaldeep,Elected,03-04-2018,02-04-2024,First Term,N/A,Uttar Pradesh,Bharatiya Janata Party,Male,Inter/ Higher Secondary,"Intermediate Educated at D.A.V. Inter College, Bilthera Road, Ballia, Uttar Pradesh",68,78,0,1,0.962616822, Data corresponds to the period from 01-06-2009 to 10-02-2024.,113.5092723,1.402770352,256.9495301,0.787043243,93.16209633,0.410344828,252.6913793,0.832984277,Rajya Sabha
900540,Suresh Gopi,Nominated,29-04-2016,24-04-2022,First Term,N/A,N/A,Bharatiya Janata Party,Male,Post Graduate,"B. Sc. (Zoology), M.A. (English Literature) Educated at Fatima Mata National College, University of Kerala, Kollam",65,50,0,23,0.737704918, Data corresponds to the period from 01-06-2009 to 10-02-2024.,105.7894742,1.222498741,298.4379944,0.787043243,N/A,N/A,N/A,N/A,Rajya Sabha
900144,G. N. Ratanpuri,Elected,04-08-2009,15-02-2015,First Term,N/A,Jammu and Kashmir,Jammu and Kashmir National Conference,Male,Graduate,"B.Sc. ; Educated at Kashmir University, Srinagar",70,18,0,159,0.874015748, Data corresponds to the period from 01-06-2009 to 10-02-2024.,46.01762622,1.093347508,300.2872971,0.787043243,26.83333333,N/A,102.9166667,0.82951221,Rajya Sabha
900406,Raj Babbar,Elected,14-03-2015,25-11-2020,Second Term,N/A,Uttarakhand,Indian National Congress,Male,Graduate,"Graduate in Theatre; Educated at National School of Drama, New Delhi",71,38,0,86,0.687134503, Data corresponds to the period from 01-06-2009 to 10-02-2024.,87.28543865,1.226975471,283.7333494,0.787043243,45.91666667,0.75,154.5,0.876097949,Rajya Sabha
900389,Prem Chand Gupta,Elected,10-04-2020,In Office,Fifth Term,N/A,Bihar,Rashtriya Janata Dal,Male,Graduate,"Graduate (Economics) Educated at Vaish College, Bhiwani, D.N.College, Hissar and Faculty of Law, Delhi University",74,65,0,151,0.916929548, Data corresponds to the period from 01-06-2009 to 10-02-2024.,213.0825521,3.351590497,764.6311513,0.787043243,137.2439103,1.545833333,888.8756868,0.806772707,Rajya Sabha
900158,Gyan Prakash Pilania,Elected,10-04-2008,09-04-2014,Second Term,N/A,Rajasthan,Bharatiya Janata Party,Male,Doctorate,"LL.B., M.A. (History), M.A. (Hindi), Ph.D. (History), one year academic higher course in Public Administration, Manchester University, Manchester (U.K.), Sahitya Ratan, Prayag (Allahabad) Educated at Law Faculty, Delhi University, Nagpur University, Bhaga",92,83,0,768,0.924157303, Data corresponds to the period from 01-06-2009 to 10-02-2024.,39.07140246,0.968051246,284.2491237,0.787043243,38.54141414,0.4,374.4858586,0.822358304,Rajya Sabha
900498,Shambhuprasad Baldevdasji Tundiya,Elected,10-04-2014,09-04-2020,First Term,N/A,Gujarat,Bharatiya Janata Party,Male,Graduate,"B.A. Educated at Gujarat University, Ahmedabad, Gujarat",53,33,0,90,0.852941176, Data corresponds to the period from 01-06-2009 to 10-02-2024.,97.86446071,1.500965027,324.7388369,0.787043243,56.20833333,2.236111111,284.8293651,0.840459932,Rajya Sabha
900517,Shwait Malik,Elected,10-04-2016,09-04-2022,First Term,N/A,Punjab,Bharatiya Janata Party,Male,Professional Graduate,B.E. Electronic and Electrical Communication,61,46,0,137,0.803278689, Data corresponds to the period from 01-06-2009 to 10-02-2024.,106.4663111,1.222498741,301.8068267,0.787043243,49.71428571,0.571428571,270.0238095,0.786130822,Rajya Sabha
900314,N. Gokulakrishnan,Elected,27-11-2015,06-10-2021,First Term,N/A,Puducherry,All India Anna Dravida Munnetra Kazhagam,Male,Graduate,"B.A. (Economics) Educated at Arignar Anna Govt. Arts College, Karaikal (Puducherry)",70,31,0,384,0.753665689, Data corresponds to the period from 01-06-2009 to 10-02-2024.,91.95153683,1.161758079,289.9762868,0.787043243,31,N/A,384,0.752518802,Rajya Sabha
900169,Hishey Lachungpa,Elected,24-02-2018,23-02-2024,Second Term,N/A,Sikkim,Sikkim Democratic Front,Male,Graduate,Bachelor in Arts,57,11,0,181,0.444909344, Data corresponds to the period from 01-06-2009 to 10-02-2024.,191.8329366,2.733821306,601.0971799,0.787043243,11,N/A,181,0.608928102,Rajya Sabha
900494,Satyavrat Chaturvedi,Elected,03-04-2006,02-04-2018,Second Term,N/A,Uttarakhand,Indian National Congress,Male,Inter/ Higher Secondary,"Senior Cambridge Educated at Sainik School, Rewa (Madhya Pradesh)",74,64,0,447,0.903276131, Data corresponds to the period from 01-06-2009 to 10-02-2024.,100.1115821,1.948820144,511.9184554,0.787043243,110.75,2.416666667,704.8333333,0.876097949,Rajya Sabha
900094,Bhupinder Singh,Elected,26-06-2014,01-07-2016,First Term,N/A,Odisha,Biju Janata Dal,Male,Post Graduate,"B.A., M.A., LL.B. Educated at Government College, Bhawanipatna, Sambalpur University, Jyoti Vihar, Burla and Lala Lajpat Rai Law College, Sambalpur",73,139,0,237,0.953020134, Data corresponds to the period from 01-06-2009 to 10-02-2024.,34.11944495,0.545676776,116.3493734,0.787043243,40.71111111,0.2,161.4555556,0.780593478,Rajya Sabha
900006,A. W. Rabi Bernard,Elected,19-07-2011,29-06-2016,First Term,N/A,Tamil Nadu,All India Anna Dravida Munnetra Kazhagam,Male,Graduate,"B.A. (Journalism and Mass Communication), Certificate in Radio Management and Sales, Investigative Journalism, M.A. (Communications)Educated at University of Santo Thomas, Manila, Phillippines",74,21,0,227,0.767164179, Data corresponds to the period from 01-06-2009 to 10-02-2024.,56.30570741,1.016555989,271.5344515,0.787043243,75.20547386,0.862745098,367.1985294,0.713206211,Rajya Sabha
900305,Mukhtar Abbas Naqvi,Elected,08-07-2016,07-07-2022,Third Term,N/A,Jharkhand,Bharatiya Janata Party,Male,Professional Graduate,"B.A., LL.B.; Educated at Allahabad University, Allahabad",66,33,0,8,0.893687708,"This MP was appointed a minister in Nov 2014. Ministers represent the government, so we do not report their participation.  Participation and attendance details for this MP are thus available only till Aug 2014. Data corresponds to the period from 01-06-2009 to 10-02-2024.",35.25352327,0.729680185,226.3841227,0.787043243,32.71305154,1.293548387,161.7625881,0.808571295,Rajya Sabha
900271,Mahendra Singh Mahra,Elected,03-04-2012,02-04-2018,First Term,N/A,Uttarakhand,Indian National Congress,Male,Graduate,B.A. Educated at Agra University,84,61,0,825,0.923809524, Data corresponds to the period from 01-06-2009 to 10-02-2024.,76.5291343,1.331050954,332.9466233,0.787043243,85.25,1.25,350.1666667,0.876097949,Rajya Sabha
900559,Tarini Kanta Roy,Elected,03-04-2008,02-04-2014,Second Term,N/A,West Bengal,Communist Party of India (Marxist),Male,Under Graduate,"Undergraduate, Educated at A.B.N. Seal College (formerly Victoria College), Cooch Behar (West Bengal)",74,14,0,100,0.693820225, Data corresponds to the period from 01-06-2009 to 10-02-2024.,39.07140246,0.968051246,284.2491237,0.787043243,57.92139724,0.59702381,164.8953008,0.69145404,Rajya Sabha
900197,K. C. Venugopal,Elected,22-06-2020,04-06-2024,First Term,N/A,Rajasthan,Indian National Congress,Male,Post Graduate,M.Sc. (Mathematics),61,20,0,375,0.725388601, Data corresponds to the period from 01-06-2009 to 10-02-2024.,76.68499124,0.882574224,159.8800249,0.787043243,29.84166667,0.222222222,200.5833333,0.822358304,Rajya Sabha
900578,Vayalar Ravi,Elected,22-04-2015,21-04-2021,Fourth Term,N/A,Kerala,Indian National Congress,Male,Post Graduate,"B.A., M.A., B.L. Educated at S.D. College, Alappuzha, Maharajas College, Ernakulam and Law College, Ernakulam",87,6,0,33,0.857142857,"This MP was a minister till 16th May 2014. Ministers represent the government, so we do not report their participation.  Participation and attendance details for this MP are available from 9th June 2014. Data corresponds to the period from 01-06-2009 to 10-02-2024.",112.6300541,1.500965027,351.7284612,0.787043243,159.6694444,1.083333333,399.2833333,0.78108786,Rajya Sabha
900596,Viplove Thakur,Elected,03-04-2006,09-04-2020,Second Term,N/A,Himachal Pradesh,Indian National Congress,Female,Post Graduate,"B.A., M.A. (Political Science) Educated at Panjab University, Chandigarh",81,255,0,834,0.926868045, Data corresponds to the period from 01-06-2009 to 10-02-2024.,136.9358632,2.469016273,608.9879606,0.787043243,209.5833333,N/A,597.25,0.860472025,Rajya Sabha
900122,Darshan Singh Yadav,Elected,03-04-2012,02-04-2018,First Term,N/A,Uttar Pradesh,Samajwadi Party,Male,Graduate,"B.Com. Educated at Azad Hind Inter College, Karhal, Mainpuri, A.K. College, Shikohabad and Agra University, Agra",79,20,0,680,0.85952381, Data corresponds to the period from 01-06-2009 to 10-02-2024.,76.5291343,1.331050954,332.9466233,0.787043243,92.73269771,0.789247312,290.3589517,0.832984277,Rajya Sabha
900017,Abir Ranjan Biswas,Elected,03-04-2018,02-04-2024,First Term,N/A,West Bengal,All India Trinamool Congress,Male,Professional Post Graduate,"B.Sc. (Hons.), M.C.A., M.B.A. (IT) and LL.B. Educated at Presidency College, Kolkata, IGNOU, Sikkim Manipal University, Kolkata and T.N.B. Law College, Bhagalpur University, Bhagalpur, Bihar",49,827,0,179,0.826366559, Data corresponds to the period from 01-06-2009 to 10-02-2024.,113.5092723,1.402770352,256.9495301,0.787043243,169.2178571,1.8125,247.0172619,0.69145404,Rajya Sabha
900294,Misha Bharti,Elected,08-07-2022,04-06-2024,Second Term,N/A,Bihar,Rashtriya Janata Dal,Female,Professional Graduate,"MBBS from Patna Medical College, Patna University",48,7,0,54,0.503512881, Data corresponds to the period from 01-06-2009 to 10-02-2024.,140.2344514,1.837862475,368.2694884,0.787043243,127.267033,0.96025641,202.4122711,0.818079904,Rajya Sabha
900124,Debabrata Bandyopadhyay,Elected,18-08-2011,18-08-2017,First Term,N/A,West Bengal,All India Trinamool Congress,Male,Post Graduate,"B.A. (Hons.) Economics, M.A. (Economics) ; Educated at Presidency College, Kolkata and University of Calcutta, Kolkata",93,146,0,86,0.869463869, Data corresponds to the period from 01-06-2009 to 10-02-2024.,77.67426676,1.242523168,338.7173119,0.787043243,110.9684211,1.966666667,227.8881579,0.69145404,Rajya Sabha
900154,Gopal Narayan Singh,Elected,08-07-2016,07-07-2022,First Term,N/A,Bihar,Bharatiya Janata Party,Male,Post Graduate,M.A. (Economics) from Allahabad University,81,19,0,16,0.849002849, Data corresponds to the period from 01-06-2009 to 10-02-2024.,101.5030364,1.196297868,289.4391529,0.787043243,111.8003663,0.16025641,146.4789377,0.818079904,Rajya Sabha
900594,Vinay Katiyar,Elected,03-04-2006,02-04-2018,Second Term,N/A,Uttar Pradesh,Bharatiya Janata Party,Male,Graduate,"B.Com. Educated at Kanpur University, Kanpur (Uttar Pradesh)",69,20,0,2,0.848673947, Data corresponds to the period from 01-06-2009 to 10-02-2024.,100.1115821,1.948820144,511.9184554,0.787043243,112.1423079,2.006989247,406.6813308,0.832984277,Rajya Sabha
900593,Vinay Dinu Tendulkar,Elected,31-07-2017,31-07-2023,First Term,N/A,Goa,Bharatiya Janata Party,Male,Inter/ Higher Secondary,Information not available,62,38,0,123,0.86746988, Data corresponds to the period from 01-06-2009 to 10-02-2024.,101.8785457,1.1604655,272.7029612,0.787043243,38,N/A,123,0.904358563,Rajya Sabha
900528,Subhash Chandra Singh,Elected,03-04-2020,21-04-2022,First Term,N/A,Odisha,Biju Janata Dal,Male,Professional Graduate,"B.A., P.G., LL.B. Educated at Utkal University, Bhubaneswar and Madhusudan law College, Cuttack",64,131,0,56,0.663157895, Data corresponds to the period from 01-06-2009 to 10-02-2024.,37.95357623,0.241009616,81.04968943,0.787043243,200.3777778,1.222222222,124.4444444,0.780593478,Rajya Sabha
900576,Varinder Singh Bajwa,Elected,10-04-2004,09-04-2010,First Term,N/A,Punjab,Shiromani Akali Dal,Male,Post Graduate,"M.A. (Political Science) Educated at Panjab University, Chandigarh",79,3,0,108,0.426470588, Data corresponds to the period from 01-06-2009 to 10-02-2024.,8.405211727,0.204427143,62.96507346,0.787043243,5,N/A,90.2,0.786130822,Rajya Sabha
900387,Praveen Rashtrapal,Elected,03-04-2012,12-05-2016,Second Term,N/A,Gujarat,Indian National Congress,Male,Professional Graduate,"B.A., LL.B. Educated at Siddharth College, Mumbai",84,43,0,277,0.776237624, Data corresponds to the period from 01-06-2009 to 10-02-2024.,73.24160659,1.513728021,399.7568681,0.787043243,48.78525641,2.838383838,378.8891803,0.840459932,Rajya Sabha
900554,T.K.S. Elangovan,Elected,30-06-2016,29-06-2022,First Term,N/A,Tamil Nadu,Dravida Munnetra Kazhagam,Male,Post Graduate,"M.A. (English Literature); Educated at Pachayappa`s College, Chennai",69,95,0,2,0.894586895, Data corresponds to the period from 01-06-2009 to 10-02-2024.,101.5030364,1.196297868,289.4391529,0.787043243,139.0895425,0.784313725,333.3555556,0.713206211,Rajya Sabha
900206,K.B. Shanappa,Elected,03-04-2006,02-04-2012,First Term,N/A,Karnataka,Bharatiya Janata Party,Male,Post Graduate,"M.A. (Political Science) Educated at Mysore University, Mysore",86,12,0,10,0.914027149, Data corresponds to the period from 01-06-2009 to 10-02-2024.,23.58244777,0.61776919,178.9718321,0.787043243,13.14646465,1.433333333,81.13434343,0.724209112,Rajya Sabha
900450,Renubala Pradhan,Elected,03-04-2008,02-04-2014,First Term,N/A,Odisha,Biju Janata Dal,Female,Matric,"Matric, Educated at Mahatma Gandhi High School, Sheragada, Distt. Ganjam, Orissa",59,9,0,177,0.626404494, Data corresponds to the period from 01-06-2009 to 10-02-2024.,39.07140246,0.968051246,284.2491237,0.787043243,54.27777778,0.5,252.9222222,0.780593478,Rajya Sabha
900121,Dara Singh,Nominated,27-08-2003,26-08-2009,First Term,N/A,N/A,Bharatiya Janata Party,Male,Others,Self-educated,95,0,0,19,0.566666667, Data corresponds to the period from 01-06-2009 to 10-02-2024.,4.32889009,0.095829858,25.52303953,0.787043243,N/A,N/A,N/A,N/A,Rajya Sabha
900209,K.J. Alphons,Elected,10-11-2017,04-07-2022,First Term,N/A,Rajasthan,Bharatiya Janata Party,Male,Post Graduate,"M.A. (Economics), B.A. Educated at North Eastern Hill University, Shillong",70,64,0,263,0.947976879,"This MP was a minister from Nov 2017 to May 2019. Ministers represent the government, so we do not report their participation.  Participation and attendance details are thus not available for the above period. Data corresponds to the period from 01-06-2009 to 10-02-2024.",67.85379022,0.689456866,136.6313863,0.787043243,43.73333333,1.122222222,177.1444444,0.822358304,Rajya Sabha
900213,K.R. Arjunan,Elected,25-07-2013,24-07-2019,First Term,N/A,Tamil Nadu,All India Anna Dravida Munnetra Kazhagam,Male,Inter/ Higher Secondary,"S.S.L.C. Educated at Higher Secondary School, Nilgiris",63,63,0,392,0.824427481, Data corresponds to the period from 01-06-2009 to 10-02-2024.,82.56049916,1.221511642,318.6406823,0.787043243,115.5061275,0.673202614,435.8586601,0.713206211,Rajya Sabha
900296,Mohammad Shafi,Elected,16-02-2009,12-01-2015,First Term,N/A,Jammu and Kashmir,Jammu and Kashmir National Conference,Male,Professional Graduate,"B.A., LL. B. Educated at University of Kashmir, Srinagar",80,20,0,4,0.823529412, Data corresponds to the period from 01-06-2009 to 10-02-2024.,49.76931183,1.189177366,322.845252,0.787043243,29.83333333,N/A,104.9166667,0.82951221,Rajya Sabha
900581,Vegad Shankarbhai N.,Elected,03-04-2012,02-04-2018,First Term,N/A,Gujarat,Bharatiya Janata Party,Male,Inter/ Higher Secondary,"S.S.C. Educated at D.N.T. High School, Joravar Nagar, Surendranagar, Gujarat",69,12,0,100,0.880952381, Data corresponds to the period from 01-06-2009 to 10-02-2024.,76.5291343,1.331050954,332.9466233,0.787043243,47.65638528,2.838383838,320.2498196,0.840459932,Rajya Sabha
900334,Narendra Kumar Swain,Elected,14-12-2015,02-04-2020,First Term,N/A,Odisha,Biju Janata Dal,Male,Information not available,Information not available,58,8,0,333,0.741134752, Data corresponds to the period from 01-06-2009 to 10-02-2024.,74.65611926,1.10008407,238.7827382,0.787043243,95.15555556,1.2,237.7650794,0.780593478,Rajya Sabha
900114,Chandrapal Singh Yadav,Elected,26-11-2014,25-11-2020,First Term,N/A,Uttar Pradesh,Samajwadi Party,Male,Post Graduate,"M.Sc., M.A., B.Ed., LL.B.",65,60,0,22,0.792746114, Data corresponds to the period from 01-06-2009 to 10-02-2024.,96.41186283,1.415439918,310.3851887,0.787043243,118.5469075,0.466666667,290.5489327,0.832984277,Rajya Sabha
900248,Lalit Kishore Chaturvedi,Elected,05-07-2004,04-07-2010,First Term,N/A,Rajasthan,Bharatiya Janata Party,Male,Post Graduate,"M.Sc. (Physics), Rajasthan University, Visharad, Hindi Sahitya Sammelan, Allahabad",93,16,0,293,0.858823529, Data corresponds to the period from 01-06-2009 to 10-02-2024.,10.16469479,0.32389617,78.08241781,0.787043243,13.43030303,0.4,134.3747475,0.822358304,Rajya Sabha
900298,Mohammed Amin,Elected,17-05-2007,18-08-2011,First Term,N/A,West Bengal,Communist Party of India (Marxist),Male,Others,No formal education,96,15,0,55,0.905882353, Data corresponds to the period from 01-06-2009 to 10-02-2024.,18.32375211,0.596309963,139.8847604,0.787043243,29.62556391,0.40952381,103.9869674,0.69145404,Rajya Sabha
900026,Ajit Kumar Bhuyan,Elected,10-04-2020,In Office,First Term,N/A,Assam,Independent,Male,Graduate,"B.A. Educated at Dibrugarh University, Assam",71,49,0,95,0.85492228, Data corresponds to the period from 01-06-2009 to 10-02-2024.,76.68499124,0.882574224,159.8800249,0.787043243,31.63492063,N/A,83.24603175,0.846176399,Rajya Sabha
900150,Garikapati Mohan Rao,Elected,10-04-2014,09-04-2020,Second Term,N/A,Telangana,Bharatiya Janata Party,Male,Graduate,"B.Sc. Educated at C.K.M. College, Warangal",76,2,0,59,0.715686275, Data corresponds to the period from 01-06-2009 to 10-02-2024.,97.86446071,1.500965027,324.7388369,0.787043243,101.7238095,1.166666667,397.147619,0.71613233,Rajya Sabha
900259,M.P. Achuthan,Elected,22-04-2009,23-04-2015,First Term,N/A,Kerala,Communist Party of India,Male,Graduate,"B.Com. Educated at Government College, Madappally",74,111,0,836,0.857142857, Data corresponds to the period from 01-06-2009 to 10-02-2024.,56.38512237,1.242040802,337.3777137,0.787043243,91.20714286,0.892857143,502.4142857,0.78108786,Rajya Sabha
900447,Ravi Prakash Verma,Elected,26-11-2014,25-11-2020,First Term,N/A,Uttar Pradesh,Samajwadi Party,Male,Professional Graduate,"B.A., LL.B. Educated at Sardar Patel Vidyalaya,New Delhi, Krishak Samaj Inter College, Gola Gokaran Nath, Kheri, Allahabad University, Allahabad and Lucknow University, Lucknow,",63,233,0,405,0.904392765, Data corresponds to the period from 01-06-2009 to 10-02-2024.,96.41186283,1.415439918,310.3851887,0.787043243,118.5469075,0.466666667,290.5489327,0.832984277,Rajya Sabha
900416,Rajmani Patel,Elected,03-04-2018,02-04-2024,First Term,N/A,Madhya Pradesh,Indian National Congress,Male,Post Graduate,"M.A., LL.B. Educated at T.R.S. College, Rewa",78,249,0,401,0.890965732, Data corresponds to the period from 01-06-2009 to 10-02-2024.,113.5092723,1.402770352,256.9495301,0.787043243,83.33333333,0.361111111,248.2083333,0.850316503,Rajya Sabha
900194,K G Kenye,Elected,03-04-2016,02-04-2022,First Term,N/A,Nagaland,Nagaland Peoples Front,Male,Graduate,"BA, Kohima College, Kohima (NEHU)",63,37,0,20,0.394409938, Data corresponds to the period from 01-06-2009 to 10-02-2024.,102.781126,1.222498741,298.2188637,0.787043243,37,N/A,20,0.619845695,Rajya Sabha
900223,Kamal Akhtar,Elected,05-07-2004,04-07-2010,First Term,N/A,Uttar Pradesh,Samajwadi Party,Male,Graduate,"B.A. (Hons.) in Economics, LL.B. Educated at Jamia Milia Islamia, New Delhi",52,7,0,225,0.705882353, Data corresponds to the period from 01-06-2009 to 10-02-2024.,10.16469479,0.32389617,78.08241781,0.787043243,7.946169355,0.346774194,55.01915323,0.832984277,Rajya Sabha
900374,Pradeep Kumar Balmuchu,Elected,04-05-2012,03-05-2018,First Term,N/A,Jharkhand,Indian National Congress,Male,Post Graduate,M.Com,66,20,0,752,0.823244552, Data corresponds to the period from 01-06-2009 to 10-02-2024.,75.74478707,1.261786885,330.2789651,0.787043243,34.76666667,0.166666667,499.2666667,0.784158314,Rajya Sabha
900001,A. Elavarasan,Elected,25-07-2007,24-07-2013,First Term,N/A,Tamil Nadu,All India Anna Dravida Munnetra Kazhagam,Male,Information not available,Information not available,67,38,0,574,0.843450479, Data corresponds to the period from 01-06-2009 to 10-02-2024.,32.94030559,0.968051246,254.0137784,0.787043243,42.8627451,0.696078431,287.3562092,0.713206211,Rajya Sabha
900129,Devender T. Goud,Elected,03-04-2012,02-04-2018,First Term,N/A,Andhra Pradesh,Telugu Desam Party,Male,Graduate,"B.Com. Educated at Badruka College of Commerce, Hyderabad",71,43,0,653,0.680952381, Data corresponds to the period from 01-06-2009 to 10-02-2024.,76.5291343,1.331050954,332.9466233,0.787043243,62.52245532,3.105555556,510.3716783,0.758898933,Rajya Sabha
900558,Tapan Kumar Sen,Elected,03-04-2006,02-04-2018,Second Term,N/A,West Bengal,Communist Party of India (Marxist),Male,Graduate,"B.A.(Hons.) in Economics Educated at Presidency College, Kolkata University",73,347,0,366,0.868954758, Data corresponds to the period from 01-06-2009 to 10-02-2024.,100.1115821,1.948820144,511.9184554,0.787043243,146.4922306,2.70952381,370.8119674,0.69145404,Rajya Sabha
900519,Shyamal Chakraborty,Elected,03-04-2008,02-04-2014,First Term,N/A,West Bengal,Communist Party of India (Marxist),Male,Graduate,"B. A. Educated at University of Calcutta, Kolkata",80,19,0,234,0.775280899, Data corresponds to the period from 01-06-2009 to 10-02-2024.,39.07140246,0.968051246,284.2491237,0.787043243,57.92139724,0.59702381,164.8953008,0.69145404,Rajya Sabha
900273,Mahmood A. Madani,Elected,03-04-2006,02-04-2012,First Term,N/A,Uttar Pradesh,Rashtriya Lok Dal,Male,Graduate,"Fazil (Graduate) Educated at Darul Uloom, Deoband, Distt. Saharanpur (Uttar Pradesh)",60,3,0,43,0.398190045, Data corresponds to the period from 01-06-2009 to 10-02-2024.,23.58244777,0.61776919,178.9718321,0.787043243,19.40961022,1.217741935,116.322379,0.832984277,Rajya Sabha
900324,Nandi Yellaiah,Elected,10-04-2008,09-04-2014,Second Term,N/A,Andhra Pradesh,Indian National Congress,Male,Matric,Matric,82,15,0,333,0.780898876, Data corresponds to the period from 01-06-2009 to 10-02-2024.,39.07140246,0.968051246,284.2491237,0.787043243,28.88832834,1.133333333,416.2222736,0.758898933,Rajya Sabha
900030,Alka Balram Kshatriya,Elected,10-04-2008,09-04-2014,Second Term,N/A,Gujarat,Indian National Congress,Female,Post Graduate,"B.Com., LL.B., M.Com., LL.M. (Commercial Law), Diploma in Labour Laws and Practice (D.L.P.), Diploma in Taxation Practice (D.T.P.) Educated at Gujarat University, Ahmedabad and North Gujarat University, Mahesana",64,17,0,165,0.93258427, Data corresponds to the period from 01-06-2009 to 10-02-2024.,39.07140246,0.968051246,284.2491237,0.787043243,31.07692308,0.727272727,274.041958,0.840459932,Rajya Sabha
900344,Nekkanti Bhaskar Rao,Elected,02-07-2016,01-07-2022,First Term,N/A,Odisha,Biju Janata Dal,Male,Graduate,Bachelor of Commerce from Alagappa University,70,297,0,143,0.515669516, Data corresponds to the period from 01-06-2009 to 10-02-2024.,101.5030364,1.196297868,289.4391529,0.787043243,280.0333333,2.222222222,314.5095238,0.780593478,Rajya Sabha
900024,Ajay Sancheti,Elected,03-04-2012,02-04-2018,First Term,N/A,Maharashtra,Bharatiya Janata Party,Male,Graduate,B.Com. Educated at Nagpur University,59,32,0,345,0.707142857, Data corresponds to the period from 01-06-2009 to 10-02-2024.,76.5291343,1.331050954,332.9466233,0.787043243,70.78022876,3.537581699,499.9505719,0.776425958,Rajya Sabha
900188,Jharna Das Baidya,Elected,03-04-2016,02-04-2022,Second Term,N/A,Tripura,Communist Party of India (Marxist),Female,Post Graduate,"B.A. (Hons.), M.A. (Bengali) ; Educated at Tulsi Bati Balika Vidyalaya, Agartala, M.B.B. College, Agartala and University of Calcutta",61,203,0,641,0.836086404,"This MP has been re-elected/nominated. The previous term ended on Apr 2, 2016. Data corresponds to the period from 01-06-2009 to 10-02-2024.",162.7990425,2.505598746,623.4846136,0.787043243,202,N/A,641,0.874642118,Rajya Sabha
900403,Raghunandan Sharma,Elected,10-04-2008,09-04-2014,First Term,N/A,Madhya Pradesh,Bharatiya Janata Party,Male,Post Graduate,"M.A. (Political Science) Educated at Vikram University, Ujjain",77,23,0,409,0.876404494, Data corresponds to the period from 01-06-2009 to 10-02-2024.,39.07140246,0.968051246,284.2491237,0.787043243,44.76515152,1.333333333,373.8823232,0.850316503,Rajya Sabha
900318,N.R. Govindarajar,Elected,30-06-2004,29-06-2010,First Term,N/A,Tamil Nadu,All India Anna Dravida Munnetra Kazhagam,Male,Post Graduate,"M.A. Educated at Annamalai University, Annamalai Nagar (Tamil Nadu)",70,14,0,162,0.647058824, Data corresponds to the period from 01-06-2009 to 10-02-2024.,10.16469479,0.32389617,78.08241781,0.787043243,15.83333333,0.166666667,74.61111111,0.713206211,Rajya Sabha
900548,Syeda Anwara Taimur,Elected,03-04-2004,02-04-2010,Second Term,N/A,Assam,Indian National Congress,Female,Post Graduate,"B.A. (Hons.), M.A. (Economics) Educated at Jorhat Girls' High School, J.B. College, Jorhat and Aligarh Muslim University",87,1,0,72,0.676470588, Data corresponds to the period from 01-06-2009 to 10-02-2024.,8.405211727,0.204427143,62.96507346,0.787043243,9.166666667,N/A,46,0.846176399,Rajya Sabha
900527,Subhash Chandra,Elected,02-08-2016,01-08-2022,First Term,N/A,Haryana,Independent,Male,Matric,"Matriculation from C.A.V. High School Hisar, Haryana",73,6,0,10,0.545714286, Data corresponds to the period from 01-06-2009 to 10-02-2024.,98.52619562,1.237206959,289.6514935,0.787043243,58.43333333,0.5,223.9333333,0.872776121,Rajya Sabha
900279,Mani Shankar Aiyar,Nominated,22-03-2010,21-03-2016,First Term,N/A,N/A,Indian National Congress,Male,Post Graduate,"B.A.(Eco), M.A. (Eco) ; Educated at Doon School, Dehradun, St. Stephens' College, Delhi Univ., Trinity Hall, Cambridge University, U.K. D.Sc. (Honoris Causa) by ISM, Dhanbad, Hon. Fellow, Trinity Hall, Cambridge University, U.K., 2010",82,43,0,176,0.767058824, Data corresponds to the period from 01-06-2009 to 10-02-2024.,60.01791652,1.283100005,325.2657498,0.787043243,N/A,N/A,N/A,N/A,Rajya Sabha
900219,Kailash Soni,Elected,03-04-2018,02-04-2024,First Term,N/A,Madhya Pradesh,Bharatiya Janata Party,Male,Professional Graduate,"B.A., LL.B. Educated at Sagar University, MGM Kareli and Jabalpur University, NES Jabalpur, Madhya Pradesh",73,83,0,101,0.956386293, Data corresponds to the period from 01-06-2009 to 10-02-2024.,113.5092723,1.402770352,256.9495301,0.787043243,83.33333333,0.361111111,248.2083333,0.850316503,Rajya Sabha
900059,Arvind Kumar,Elected,20-04-2012,04-07-2016,First Term,N/A,Uttar Pradesh,Samajwadi Party,Male,Post Graduate,"M.A., LL.B. Educated at Lucknow University, Lucknow",56,112,0,670,0.954703833, Data corresponds to the period from 01-06-2009 to 10-02-2024.,49.80395519,0.895958831,221.6266649,0.787043243,57.44961068,0.655913978,186.8260289,0.832984277,Rajya Sabha
900155,Govindrao Wamanrao Adik,Elected,04-08-2009,02-04-2012,Third Term,N/A,Maharashtra,Nationalist Congress Party,Male,Professional Graduate,"BA (Hons), LLB; Educated at Undirgaon, Janata Vidyalaya, Shrirampur and Dnyanmata Vidyalaya, Sangamner, Distt. Ahmednagar, M.E.S. College (now Garware College) and Law College, Pune",84,10,0,308,0.871134021, Data corresponds to the period from 01-06-2009 to 10-02-2024.,19.83076216,0.521939332,156.4138773,0.787043243,24.05539216,0.619117647,257.6637255,0.776425958,Rajya Sabha
900304,Mrinal Miri,Nominated,29-06-2012,21-03-2016,First Term,N/A,N/A,Independent,Male,Doctorate,BA in Philosophy from the University of Cambridge in 1966 and doctorate in 1970.,84,2,0,11,0.888446215, Data corresponds to the period from 01-06-2009 to 10-02-2024.,41.07350062,0.757575433,192.3575786,0.787043243,N/A,N/A,N/A,N/A,Rajya Sabha
900133,Dhiraj Prasad Sahu,Elected,04-05-2018,03-05-2024,Third Term,N/A,Jharkhand,Indian National Congress,Male,Graduate,"B.A. Educated at Marwari College, Ranchi",68,4,0,660,0.663378545, Data corresponds to the period from 01-06-2009 to 10-02-2024.,186.4901453,2.916498373,654.2198521,0.787043243,95.18333333,1.633333333,811.6333333,0.784158314,Rajya Sabha
900021,Ahmad Saeed Malihabadi,Elected,03-04-2008,02-04-2014,First Term,N/A,West Bengal,Independent,Male,Graduate,"After school completed education at Madrasah Islah and Darul Musanafeen (Shibli Academy), Azamagarh",94,25,0,35,0.93258427, Data corresponds to the period from 01-06-2009 to 10-02-2024.,39.07140246,0.968051246,284.2491237,0.787043243,57.92139724,0.59702381,164.8953008,0.69145404,Rajya Sabha
900060,Ashk Ali Tak,Elected,05-07-2010,04-07-2016,First Term,N/A,Rajasthan,Indian National Congress,Male,Post Graduate,"M.A., Diploma in Indian Thought ; Educated at University of Rajasthan, Jaipur",65,16,0,351,0.936170213, Data corresponds to the period from 01-06-2009 to 10-02-2024.,63.22170818,1.189831851,322.5160792,0.787043243,53.50833333,0.322222222,331.6055556,0.822358304,Rajya Sabha
900249,Lokhandwala Jugalsinh Mathurji,Elected,09-07-2019,18-08-2023,First Term,N/A,Gujarat,Bharatiya Janata Party,Male,Graduate,"B.B.A. Educated at Indira Gandhi National Open University (IGNOU), Gujarat",54,46,0,39,0.991341991, Data corresponds to the period from 01-06-2009 to 10-02-2024.,84.60769082,0.831288064,187.8432826,0.787043243,50.75,0.125,172.625,0.840459932,Rajya Sabha
900043,Anil Agarwal,Elected,03-04-2018,02-04-2024,First Term,N/A,Uttar Pradesh,Bharatiya Janata Party,Male,Doctorate,"B.E. (Civil), M.B.A. (Finance), Ph.D. Educated at K.V. Inter College, Laksar, Siddaganga Institute of Techonology, Tumkur, Bangalore University, Bangalore, Sam Higginbottom University of Agriculture, Technology and Sciences, (SHUATS), Allahabad and Ecole Superieure Robert De Sorbon, France",61,24,0,189,0.987538941, Data corresponds to the period from 01-06-2009 to 10-02-2024.,113.5092723,1.402770352,256.9495301,0.787043243,93.16209633,0.410344828,252.6913793,0.832984277,Rajya Sabha
900173,Ishwar Singh,Elected,10-04-2008,09-04-2014,First Term,N/A,Haryana,Indian National Congress,Male,Post Graduate,"M.A., LL.B. Educated at Kurukshetra University, Kurukshetra",73,24,0,263,0.957865169, Data corresponds to the period from 01-06-2009 to 10-02-2024.,39.07140246,0.968051246,284.2491237,0.787043243,25.7,2,184.2,0.872776121,Rajya Sabha
900551,T. Ratna Bai,Elected,10-04-2008,09-04-2014,First Term,N/A,Andhra Pradesh,Indian National Congress,Female,Inter/ Higher Secondary,"High School Educated at Government High School, Rampachodavaram, Distt. East Godavari (Andhra Pradesh)",77,14,0,972,0.974719101, Data corresponds to the period from 01-06-2009 to 10-02-2024.,39.07140246,0.968051246,284.2491237,0.787043243,28.88832834,1.133333333,416.2222736,0.758898933,Rajya Sabha
900571,V. Muraleedharan,Elected,03-04-2018,02-04-2024,First Term,N/A,Maharashtra,Bharatiya Janata Party,Male,Graduate,Graduate in English Language and Literature,65,4,0,28,0.82,"This MP was appointed a minister in May 2019. Ministers represent the government, so we do not report their participation.  Participation and attendance details for this MP are thus available only till Mar 2019. Data corresponds to the period from 01-06-2009 to 10-02-2024.",6.924067104,0.071748879,41.4878083,0.787043243,6.875,0.25,58.375,0.776425958,Rajya Sabha
900414,Rajiv Pratap Rudy (RS),Elected,04-07-2008,16-05-2014,Second Term,N/A,Bihar,Bharatiya Janata Party,Male,Post Graduate,"B.A. (Hons.) (Eco.), M.A. (Eco.), LL.B., Commercial Pilot Licence Educated at St. Michaels High School, Patna (Bihar), Government College and Panjab University, Chandigarh",62,37,0,398,0.896067416, Data corresponds to the period from 01-06-2009 to 10-02-2024.,39.07140246,0.968051246,284.2491237,0.787043243,51.8375,0.0625,331.9958333,0.818079904,Rajya Sabha
900553,T.K. Rangarajan,Elected,03-04-2008,02-04-2020,Second Term,N/A,Tamil Nadu,Communist Party of India (Marxist),Male,Inter/ Higher Secondary,"SSLC Educated at GMTTV High School, Chennai",82,304,0,470,0.79973822, Data corresponds to the period from 01-06-2009 to 10-02-2024.,136.9358632,2.469016273,608.9879606,0.787043243,188.2218137,1.480392157,765.9926471,0.713206211,Rajya Sabha
900555,T.M. Selvaganapathi,Elected,30-06-2010,17-04-2014,First Term,N/A,Tamil Nadu,Dravida Munnetra Kazhagam,Male,Post Graduate,"B.A. (Economics), M.A. (Economics), LL.B. Educated at Loyola College, Chennai, Jawaharlal Nehru University, New Delhi and Campus Law Centre, University of Delhi, Delhi",65,15,0,540,0.675276753, Data corresponds to the period from 01-06-2009 to 10-02-2024.,28.90670767,0.644155076,206.1667058,0.787043243,35.58455882,0.529411765,253.0318627,0.713206211,Rajya Sabha
900218,Kahkashan Perween,Elected,10-04-2014,09-04-2020,First Term,N/A,Bihar,Janata Dal (United),Female,Graduate,"B.A. Educated at Ranchi Women's College, Ranchi",45,282,0,146,0.926470588, Data corresponds to the period from 01-06-2009 to 10-02-2024.,97.86446071,1.500965027,324.7388369,0.787043243,127.8372461,0.148351648,178.5467033,0.818079904,Rajya Sabha
900177,Jai Prakash (RS),Elected,04-08-2009,02-04-2012,First Term,N/A,Uttar Pradesh,Bahujan Samaj Party,Male,Information not available,Information not available,66,0,0,132,0.62371134, Data corresponds to the period from 01-06-2009 to 10-02-2024.,19.83076216,0.521939332,156.4138773,0.787043243,16.10961022,1.120967742,98.54818548,0.832984277,Rajya Sabha
900131,Dharmapuri Srinivas,Elected,22-06-2016,21-06-2022,First Term,N/A,Telangana,Bharat Rashtra Samithi,Male,Graduate,"Graduate from Nizam College, Hyderabad",75,5,0,424,0.538461538, Data corresponds to the period from 01-06-2009 to 10-02-2024.,101.5030364,1.196297868,289.4391529,0.787043243,58.2952381,1.023809524,312.5047619,0.71613233,Rajya Sabha
900195,K. Bhabananda Singh,Elected,25-05-2017,09-04-2020,First Term,N/A,Manipur,Bharatiya Janata Party,Male,Professional Graduate,"B.A. (Hons.), LL.B. Educated at Sainik School Goalpara, Assam, University of Delhi and Manipur University, Manipur",64,8,0,106,0.88172043, Data corresponds to the period from 01-06-2009 to 10-02-2024.,46.10001845,0.688620503,147.8160457,0.787043243,8,N/A,106,0.835576815,Rajya Sabha
900586,Vijay Pal Singh Tomar,Elected,03-04-2018,02-04-2024,First Term,N/A,Uttar Pradesh,Bharatiya Janata Party,Male,Professional Graduate,"B.Sc., LL.B. Educated at Meerut College, Meerut, Uttar Pradesh",72,123,0,667,0.940809969, Data corresponds to the period from 01-06-2009 to 10-02-2024.,113.5092723,1.402770352,256.9495301,0.787043243,93.16209633,0.410344828,252.6913793,0.832984277,Rajya Sabha
900312,N. Balaganga,Elected,03-04-2008,02-04-2014,First Term,N/A,Tamil Nadu,All India Anna Dravida Munnetra Kazhagam,Male,Graduate,"B.A. Educated at Madras University, Chennai",73,38,0,545,0.691011236, Data corresponds to the period from 01-06-2009 to 10-02-2024.,39.07140246,0.968051246,284.2491237,0.787043243,51.41789216,0.696078431,327.6429739,0.713206211,Rajya Sabha
900518,Shyam Benegal,Nominated,16-02-2006,15-02-2012,First Term,N/A,N/A,Independent,Male,Post Graduate,"M.A. (Economics) Educated at Nizam College, Osmania University, Hyderabad",89,3,0,4,0.743961353, Data corresponds to the period from 01-06-2009 to 10-02-2024.,21.78791778,0.61776919,167.7708056,0.787043243,N/A,N/A,N/A,N/A,Rajya Sabha
900191,Joy Abraham,Elected,02-07-2012,01-07-2018,First Term,N/A,Kerala,Kerala Congress (M),Male,Professional Graduate,"B.A., LL.B. Educated at St. Thomas College, Pala and Law Academy, Law College, Thiruvananthapuram",72,24,0,56,0.739348371, Data corresponds to the period from 01-06-2009 to 10-02-2024.,72.76195445,1.21886843,319.3733857,0.787043243,104.8599206,0.75,397.2138889,0.78108786,Rajya Sabha
900036,Ambeth Rajan,Elected,05-07-2010,04-07-2016,Second Term,N/A,Uttar Pradesh,Bahujan Samaj Party,Male,Graduate,"B.Sc. II Educated at AVC College, Mayiladuthurai, Tamil Nadu",67,65,0,695,0.982283465, Data corresponds to the period from 01-06-2009 to 10-02-2024.,73.38640297,1.513728021,400.598497,0.787043243,76.85922089,1.873655914,303.148408,0.832984277,Rajya Sabha
900347,Om Prakash Mathur,Elected,05-07-2016,04-07-2022,Second Term,N/A,Rajasthan,Bharatiya Janata Party,Male,Graduate,"B.A. Educated at Rajasthan University, Jaipur",72,32,0,402,0.807637907, Data corresponds to the period from 01-06-2009 to 10-02-2024.,140.5744389,2.164349114,573.6882766,0.787043243,99.77474747,2.772222222,670.630303,0.822358304,Rajya Sabha
900289,Maya Singh,Elected,10-04-2008,23-12-2013,Second Term,N/A,Madhya Pradesh,Bharatiya Janata Party,Female,Post Graduate,"B.A., M.A. (Political Science) Educated at Jiwaji University, Gwalior (Madhya Pradesh)",73,111,0,526,0.930232558, Data corresponds to the period from 01-06-2009 to 10-02-2024.,38.49861742,0.968051246,275.6674619,0.787043243,44.46515152,1.333333333,354.1823232,0.850316503,Rajya Sabha
900368,Piyush Vedprakash Goyal,Elected,05-07-2022,04-06-2024,Third Term,N/A,Maharashtra,Bharatiya Janata Party,Male,Professional Graduate,"B.Com., LL.B., F.C.A. ; Educated at Don Bosco High School, Mumbai, Jai Hind College, Mumbai, H.R. College of Commerce and Economics, Mumbai, Government Law College, Mumbai and Institute of Chartered Accountants of India, New Delhi",59,26,0,297,0.745387454,"This MP was appointed a minister in May 2014. Ministers represent the government, so we do not report their participation.  Participation and attendance details for this MP are thus available only till Feb 2014. Data corresponds to the period from 01-06-2009 to 10-02-2024.",67.63812268,1.285719683,284.9970413,0.787043243,91.96151961,1.900735294,413.4637255,0.776425958,Rajya Sabha
900224,Kanak Lata Singh,Elected,13-12-2013,04-07-2016,First Term,N/A,Uttar Pradesh,Samajwadi Party,Female,Post Graduate,"M.A. (Ancient History) Educated at Lucknow University, Lucknow",62,40,0,235,0.988023952, Data corresponds to the period from 01-06-2009 to 10-02-2024.,35.35330279,0.545676776,128.3879317,0.787043243,44.88387097,0.394623656,110.3666667,0.832984277,Rajya Sabha
900549,T. G. Venkatesh,Elected,22-06-2016,21-06-2022,First Term,N/A,Andhra Pradesh,Bharatiya Janata Party,Male,Graduate,"B. Com. Educated at S.V. University, Adoni, Kurnool, Andhra Pradesh",74,13,0,789,0.917378917, Data corresponds to the period from 01-06-2009 to 10-02-2024.,101.5030364,1.196297868,289.4391529,0.787043243,78.73838384,3.96969697,492.2020202,0.758898933,Rajya Sabha
900220,Kalpataru Das,Elected,03-04-2014,25-07-2015,First Term,N/A,Odisha,Biju Janata Dal,Male,Graduate,"B.A. Educated at B.J.B. College, Bhubaneswar, Odisha",73,11,0,41,0.821428571, Data corresponds to the period from 01-06-2009 to 10-02-2024.,21.42220852,0.313119991,65.97507977,0.787043243,22.475,N/A,79.2,0.780593478,Rajya Sabha
900358,Pankaj Bora,Elected,16-12-2011,02-04-2016,First Term,N/A,Assam,Indian National Congress,Male,Graduate,"B.A. (Hons.) Educated at Cotton College, Guwahati",78,39,0,353,0.965870307, Data corresponds to the period from 01-06-2009 to 10-02-2024.,47.84641736,0.869757958,223.8522591,0.787043243,36.76190476,0.428571429,204.4761905,0.846176399,Rajya Sabha
900091,Bharatsinh Prabhatsinh Parmar,Elected,10-04-2008,09-04-2014,First Term,N/A,Gujarat,Bharatiya Janata Party,Male,Professional Graduate,"B. Com., LL.B. Educated at South Gujarat University, Bharuch (Gujarat)",65,18,0,405,0.657303371, Data corresponds to the period from 01-06-2009 to 10-02-2024.,39.07140246,0.968051246,284.2491237,0.787043243,31.07692308,0.727272727,274.041958,0.840459932,Rajya Sabha
900460,S. Muthukaruppan,Elected,03-04-2014,02-04-2020,First Term,N/A,Tamil Nadu,All India Anna Dravida Munnetra Kazhagam,Male,Post Graduate,"M.A., B.L., B.Ed. Educated at St. John's College, Palayamkottai, Madurai Kamraj University, Madurai, St. Xavier's College of Education, Palayamkottai and Law College, Madurai, Tamil Nadu",66,83,0,81,0.821882952, Data corresponds to the period from 01-06-2009 to 10-02-2024.,97.86446071,1.500965027,324.7388369,0.787043243,136.8039216,0.784313725,438.3496732,0.713206211,Rajya Sabha
900365,Phaggan Singh Kulaste,Elected,03-04-2012,16-05-2014,First Term,N/A,Madhya Pradesh,Bharatiya Janata Party,Male,Post Graduate,"M.A., B.Ed., LL.B. Educated at Mandla College, Dr. Hari Singh University, Sagar and Rani Durgawati University, Jabalpur (Madhya Pradesh)",65,2,0,83,0.755555556, Data corresponds to the period from 01-06-2009 to 10-02-2024.,15.48895468,0.350282055,105.2772915,0.787043243,19.75454545,0.727272727,163.7909091,0.850316503,Rajya Sabha
900509,Shiv Pratap Shukla,Elected,05-07-2016,04-07-2022,First Term,N/A,Uttar Pradesh,Bharatiya Janata Party,Male,Professional Graduate,"LLB from Gorakhpur University, B.A. from Gorakhpur University",72,67,0,21,0.919847328,"This MP was a minister from Sep 2017 to May 2019. Ministers represent the government, so we do not report their participation.  Participation and attendance details for this MP are thus available only till 11th Aug, 2017. Data corresponds to the period from 01-06-2009 to 10-02-2024.",77.97043913,0.838148473,177.3608425,0.787043243,75.14969896,0.234482759,172.0057471,0.832984277,Rajya Sabha
900110,C.P. Narayanan,Elected,02-07-2012,01-07-2018,First Term,N/A,Kerala,Communist Party of India (Marxist),Male,Post Graduate,"B.Sc. (Hons.) Mathematics, M.Sc. (Statistics) Educated at University College and Kerala University, Thiruvananthapuram",85,147,0,626,0.944862155, Data corresponds to the period from 01-06-2009 to 10-02-2024.,72.76195445,1.21886843,319.3733857,0.787043243,104.8599206,0.75,397.2138889,0.78108786,Rajya Sabha
900010,A.U. Singh Deo,Elected,03-04-2014,03-04-2018,First Term,N/A,Odisha,Biju Janata Dal,Male,Graduate,"B.A. Educated at Lucknow University, Lucknow (Uttar Pradesh)",78,47,0,340,0.634751773, Data corresponds to the period from 01-06-2009 to 10-02-2024.,61.04017962,0.980768899,228.486296,0.787043243,52.96388889,0.2,280.5333333,0.780593478,Rajya Sabha
900212,K.P. Ramalingam,Elected,30-06-2010,29-06-2016,First Term,N/A,Tamil Nadu,Dravida Munnetra Kazhagam,Male,Graduate,"B.V.Sc. ; Educated at Madras Veterinary College, Chennai, Tamil Nadu",70,98,0,746,0.853427896, Data corresponds to the period from 01-06-2009 to 10-02-2024.,63.22170818,1.189831851,322.5160792,0.787043243,82.70547386,0.862745098,424.5318627,0.713206211,Rajya Sabha
900130,Dharam Pal Sabharwal,Elected,10-04-2004,09-04-2010,First Term,N/A,Punjab,Indian National Congress,Male,Graduate,"High School, Honours in Hindi (Prabhakar)",82,4,0,90,0.985294118, Data corresponds to the period from 01-06-2009 to 10-02-2024.,8.405211727,0.204427143,62.96507346,0.787043243,5,N/A,90.2,0.786130822,Rajya Sabha
900044,Anil Baluni,Elected,03-04-2018,02-04-2024,First Term,N/A,Uttarakhand,Bharatiya Janata Party,Male,Graduate,"B.Com. Educated at Delhi University, Delhi ",53,8,0,16,0.840531561, Data corresponds to the period from 01-06-2009 to 10-02-2024.,113.5092723,1.402770352,256.9495301,0.787043243,29.33333333,N/A,86.33333333,0.876097949,Rajya Sabha
900435,Ramdas Agarwal,Elected,04-04-2006,03-04-2012,Third Term,N/A,Rajasthan,Bharatiya Janata Party,Male,Inter/ Higher Secondary,"Intermediate, Hindi Visharad Educated at Jaipur Maharaja College, Jaipur",87,24,0,410,0.63800905, Data corresponds to the period from 01-06-2009 to 10-02-2024.,23.58244777,0.61776919,178.9718321,0.787043243,25.31919192,0.4,260.5969697,0.822358304,Rajya Sabha
900400,Raashid Alvi,Elected,03-04-2006,02-04-2012,Second Term,N/A,Andhra Pradesh,Indian National Congress,Male,Professional Graduate,"B.Sc., LL.B. Educated at K.G.K. College, Moradabad (Uttar Pradesh)",68,13,0,59,0.981900452, Data corresponds to the period from 01-06-2009 to 10-02-2024.,23.58244777,0.61776919,178.9718321,0.787043243,20.52142857,0.883333333,251.8839286,0.758898933,Rajya Sabha
900020,Ahmad Hassan,Elected,03-04-2014,02-04-2020,First Term,N/A,West Bengal,All India Trinamool Congress,Male,Inter/ Higher Secondary,"Higher Seconday, Educated at Malnady Primary School, Jalpaiguri and Banarhat High School, Jalpaiguri, West Bengal",71,111,0,106,0.715686275, Data corresponds to the period from 01-06-2009 to 10-02-2024.,97.86446071,1.500965027,324.7388369,0.787043243,138.0083333,2.7375,307.1666667,0.69145404,Rajya Sabha
900439,Ranbir Singh Parjapati,Elected,02-08-2010,01-11-2014,First Term,N/A,Haryana,Indian National Lok Dal,Male,Inter/ Higher Secondary,"Intermediate Educated at Arya School, Hisar and Board of Secondary Education, Bhopal",60,16,0,60,0.724489796, Data corresponds to the period from 01-06-2009 to 10-02-2024.,35.25352327,0.729680185,222.5493401,0.787043243,15.8,2,139.2,0.872776121,Rajya Sabha
900075,Badugula Lingaiah Yadav,Elected,03-04-2018,02-04-2024,First Term,N/A,Telangana,Bharat Rashtra Samithi,Male,Professional Graduate,"B.A., B.Ed. Educated at S.V. Degree College, Suryapet and Gokul College of Education, Nalgonda",66,36,0,309,0.769470405, Data corresponds to the period from 01-06-2009 to 10-02-2024.,113.5092723,1.402770352,256.9495301,0.787043243,29.57142857,0.857142857,215.8571429,0.71613233,Rajya Sabha
900550,T. Rathinavel,Elected,25-07-2013,24-07-2019,First Term,N/A,Tamil Nadu,All India Anna Dravida Munnetra Kazhagam,Male,Post Graduate,"B.A., M.A. Educated at RDM College, Sivaganga and Madurai Kamraj University, Madurai",73,51,0,681,0.72519084, Data corresponds to the period from 01-06-2009 to 10-02-2024.,82.56049916,1.221511642,318.6406823,0.787043243,115.5061275,0.673202614,435.8586601,0.713206211,Rajya Sabha
900009,A.K. Selvaraj,Elected,03-04-2014,02-04-2020,First Term,N/A,Tamil Nadu,All India Anna Dravida Munnetra Kazhagam,Male,Graduate,"B.A. (Geography) Educated at Government Arts College, Madras University, Coimbatore, Tamil Nadu",65,100,0,841,0.82697201, Data corresponds to the period from 01-06-2009 to 10-02-2024.,97.86446071,1.500965027,324.7388369,0.787043243,136.8039216,0.784313725,438.3496732,0.713206211,Rajya Sabha
900395,R. Lakshmanan,Elected,25-07-2013,24-07-2019,First Term,N/A,Tamil Nadu,All India Anna Dravida Munnetra Kazhagam,Male,Professional Graduate,"M.B.B.S., D. Ortho. Educated at RMMC & H, Annamalai University, Chidambaram, Tamil Nadu",52,27,0,645,0.720101781, Data corresponds to the period from 01-06-2009 to 10-02-2024.,82.56049916,1.221511642,318.6406823,0.787043243,115.5061275,0.673202614,435.8586601,0.713206211,Rajya Sabha
900601,Vivek Thakur,Elected,10-04-2020,04-06-2024,First Term,N/A,Bihar,Bharatiya Janata Party,Male,Professional Graduate,"B.A. (Political Science), LL.B., E.M.I.T. Educated at Kirorimal College, Delhi University, Delhi, Magadh University, Patna and Indian Institute of Foreign Trade (I.I.F.T.), New Delhi",54,29,0,48,0.917098446, Data corresponds to the period from 01-06-2009 to 10-02-2024.,76.68499124,0.882574224,159.8800249,0.787043243,48.80641026,0.883333333,108.5798535,0.818079904,Rajya Sabha
900371,Prabhakar Reddy Vemireddy,Elected,03-04-2018,02-04-2024,First Term,N/A,Andhra Pradesh,Yuvajana Sramika Rythu Congress Party,Male,Graduate,"B.A. Educated at Rishi Vally School and Educational Centre and Loyala College, Chennai",68,14,0,542,0.607476636, Data corresponds to the period from 01-06-2009 to 10-02-2024.,113.5092723,1.402770352,256.9495301,0.787043243,79.32424242,2.696969697,415.9090909,0.758898933,Rajya Sabha
900458,Rudra Narayan Pany,Elected,04-04-2006,03-04-2012,Second Term,N/A,Odisha,Bharatiya Janata Party,Male,Graduate,B.A. (Hons.) with distinction Educated at Utkal University (Orissa),65,107,0,403,0.837104072, Data corresponds to the period from 01-06-2009 to 10-02-2024.,23.58244777,0.61776919,178.9718321,0.787043243,34.87777778,N/A,171.1222222,0.780593478,Rajya Sabha
900443,Ranjib Biswal,Elected,03-04-2014,02-04-2020,First Term,N/A,Odisha,Indian National Congress,Male,Post Graduate,"B.A.(Hons.), M.A. Educated at BJB College, Bhubaneswar, Odisha and St. Stephen's College, University of Delhi, Delhi",53,23,0,514,0.681372549, Data corresponds to the period from 01-06-2009 to 10-02-2024.,97.86446071,1.500965027,324.7388369,0.787043243,120.7416667,1.2,351.5206349,0.780593478,Rajya Sabha
900156,Gulam Rasool Balyawi,Elected,23-06-2014,07-07-2016,First Term,N/A,Bihar,Janata Dal (United),Male,Under Graduate,"Fazilat Educated at Chashma-E-Rahmat Oriental College, Ghazipur, Uttar Pradesh",55,43,0,216,0.906040268, Data corresponds to the period from 01-06-2009 to 10-02-2024.,34.11944495,0.545676776,116.3493734,0.787043243,49.28571429,0.071428571,84.71428571,0.818079904,Rajya Sabha
900330,Narayan Tatu Rane,Elected,03-04-2018,02-04-2024,First Term,N/A,Maharashtra,Bharatiya Janata Party,Male,Matric,11th Std. (Passed S.S.C.) Educated at Pune Divisional Board,72,1,0,209,0.590062112,"This MP is a minister. Ministers represent the government in debates, so we do not report their participation. They do not sign the attendance register, ask questions, or introduce private member bills. Data corresponds to the period from 01-06-2009 to 10-02-2024.",51.58987449,0.520196128,124.0591295,0.787043243,52.94166667,1.65,174.5083333,0.776425958,Rajya Sabha
900471,Saman Pathak,Elected,03-04-2006,02-04-2012,First Term,N/A,West Bengal,Communist Party of India (Marxist),Male,Graduate,"B.A., Diploma in Computer Educated at North Bengal University, Siliguri",50,31,0,79,0.823529412, Data corresponds to the period from 01-06-2009 to 10-02-2024.,23.58244777,0.61776919,178.9718321,0.787043243,37.09223058,0.40952381,125.6536341,0.69145404,Rajya Sabha
900350,P. Kannan,Elected,07-10-2009,06-10-2015,First Term,N/A,Puducherry,Indian National Congress,Male,Inter/ Higher Secondary,"P.U.C. (Intermediate) ; Educated at Tagore Arts College, Puducherry",74,13,0,1,0.531862745, Data corresponds to the period from 01-06-2009 to 10-02-2024.,56.34732959,1.211428335,336.4707291,0.787043243,13,N/A,1,0.752518802,Rajya Sabha
900011,A.V. Swamy,Elected,04-04-2012,03-04-2018,First Term,N/A,Odisha,Independent,Male,Professional Graduate,"B.Sc. (Hons.), B.Sc. (Tech.), LL.B., Certificate in Aid Administration Educated at Ravenshaw College, Cuttack, U.D.C.T., Bombay University, Mumbai, Utkal University, Bhubaneswar and Selly Oak College, Birmingham, U.K.",94,55,0,74,0.94047619, Data corresponds to the period from 01-06-2009 to 10-02-2024.,76.5291343,1.331050954,333.7635875,0.787043243,72.36388889,0.7,362.3333333,0.780593478,Rajya Sabha
900227,Kanjibhai Patel,Elected,03-04-2006,02-04-2012,First Term,N/A,Gujarat,Bharatiya Janata Party,Male,Graduate,"B.A. (Special) Educated at S.B.Garda College, Navsari, Gujarat",88,6,0,258,0.936651584, Data corresponds to the period from 01-06-2009 to 10-02-2024.,23.58244777,0.61776919,178.9718321,0.787043243,15.98601399,N/A,152.4965035,0.840459932,Rajya Sabha
900166,Harshvardhan Singh Dungarpur,Elected,05-07-2016,04-07-2022,First Term,N/A,Rajasthan,Bharatiya Janata Party,Male,Graduate,B.A. (Hon's) from St. Xavier College (University of Bombay),68,26,0,382,0.897435897, Data corresponds to the period from 01-06-2009 to 10-02-2024.,101.5030364,1.196297868,289.4391529,0.787043243,61.23333333,2.372222222,296.1444444,0.822358304,Rajya Sabha
900201,K. Malaisamy,Elected,30-06-2004,29-06-2010,First Term,N/A,Tamil Nadu,All India Anna Dravida Munnetra Kazhagam,Male,Doctorate,"B.A., B.L., M.B.A., M.A., Ph.D. Educated at Alagappa College, Karaikudi, Madras Law College, Chennai and University of Madras, Chennai",87,29,0,126,0.976470588, Data corresponds to the period from 01-06-2009 to 10-02-2024.,10.16469479,0.32389617,78.08241781,0.787043243,15.83333333,0.166666667,74.61111111,0.713206211,Rajya Sabha
900246,Lal Sinh Vadodia,Elected,10-04-2014,09-04-2020,First Term,N/A,Gujarat,Bharatiya Janata Party,Male,Professional Graduate,"B.E. (Civil)Educated at Birla Viswakarma Mahavidyalaya, Sardar Patel University, Anand, Gujarat",67,44,0,820,0.909313725, Data corresponds to the period from 01-06-2009 to 10-02-2024.,97.86446071,1.500965027,324.7388369,0.787043243,56.20833333,2.236111111,284.8293651,0.840459932,Rajya Sabha
900072,B. S. Gnanadesikan,Elected,25-07-2007,24-07-2013,Second Term,N/A,Tamil Nadu,Indian National Congress,Male,Professional Graduate,"B.A., B.L. Educated at Loyola College, Chennai and Dr. Ambedkar Law College, Chennai",75,22,0,200,0.539936102, Data corresponds to the period from 01-06-2009 to 10-02-2024.,32.94030559,0.968051246,254.0137784,0.787043243,42.8627451,0.696078431,287.3562092,0.713206211,Rajya Sabha
900266,Madhusudan Devram Mistry,Elected,10-04-2014,09-04-2020,First Term,N/A,Gujarat,Indian National Congress,Male,Post Graduate,"M.A., Diploma on Development Studies (Completed one year of two years course), Certificate Course in Advocacy Studies, Course for Trade Union Officer, Indian Institute of Management (IIM, Ahmedabad)",79,119,0,50,0.816176471, Data corresponds to the period from 01-06-2009 to 10-02-2024.,97.86446071,1.500965027,324.7388369,0.787043243,56.20833333,2.236111111,284.8293651,0.840459932,Rajya Sabha
900522,Smriti Zubin Irani (RS),Elected,18-08-2011,22-05-2019,Second Term,N/A,Gujarat,Bharatiya Janata Party,Female,Graduate,"Educated at Holy Child Auxilium, Delhi and School of Correspondence and Continuing Education, University of Delhi, Delhi",48,51,0,340,0.728723404,"This MP was appointed a minister in May 2014. Ministers represent the government, so we do not report their participation.  Participation and attendance details for this MP are thus available only till 21st Feb, 2014. Data corresponds to the period from 01-06-2009 to 10-02-2024.",20.97777587,0.371741283,145.1635264,0.787043243,19.71328671,0.727272727,170.041958,0.840459932,Rajya Sabha
900633,Luizinho Joaquim Faleiro,Elected,29-11-2021,11-04-2023,First Term,N/A,West Bengal,All India Trinamool Congress,Male,Post Graduate,"B.Com., LL.B., M.Com. Educated at Bombay University and Karnataka University
",72,9,0,57,0.348837209, Data corresponds to the period from 01-06-2009 to 10-02-2024.,42.22450025,0.503376529,83.7675536,0.787043243,87.9375,0.9375,84.6875,0.69145404,Rajya Sabha
900005,A. Vijayaraghavan,Elected,03-04-2004,02-04-2010,Second Term,N/A,Kerala,Communist Party of India (Marxist),Male,Professional Graduate,"B.A., LL.B. Educated at St. Gemmas U.P. School, Government High School, Malappuram, Government College, Malappuram and Government Law College, Kozhikode",68,12,0,82,0.735294118, Data corresponds to the period from 01-06-2009 to 10-02-2024.,8.405211727,0.204427143,62.96507346,0.787043243,9,N/A,89.71428571,0.78108786,Rajya Sabha
900500,Shamsher Singh Manhas,Elected,23-02-2015,10-02-2021,First Term,N/A,Jammu and Kashmir,Bharatiya Janata Party,Male,Graduate,Information not available,64,30,0,81,0.957333333, Data corresponds to the period from 01-06-2009 to 10-02-2024.,93.82728887,1.279838907,299.7994287,0.787043243,77.5,0.25,59.75,0.82951221,Rajya Sabha
900356,P.R. Rajan,Elected,02-07-2006,01-07-2012,First Term,N/A,Kerala,Communist Party of India (Marxist),Male,Graduate,"B.Sc. Educated at Government Victoria College, Palakkad (Kerala)",88,9,0,72,0.32231405, Data corresponds to the period from 01-06-2009 to 10-02-2024.,27.34962762,0.729951715,195.8732447,0.787043243,33.25,0.642857143,282.9642857,0.78108786,Rajya Sabha
900618,Sushil Kumar Modi,Elected,26-11-2020,02-04-2024,First Term,N/A,Bihar,Bharatiya Janata Party,Male,Graduate,"B.Sc. Botany (Hons.) Educated at Patna Science College, Patna University, Bihar",72,63,0,282,0.961748634, Data corresponds to the period from 01-06-2009 to 10-02-2024.,71.6365885,0.882574224,152.3730845,0.787043243,43.27893773,0.883333333,105.3655678,0.818079904,Rajya Sabha
900322,Nand Kumar Sai,Elected,30-06-2010,29-06-2016,Second Term,N/A,Chhattisgarh,Bharatiya Janata Party,Male,Post Graduate,"M.A.(Political Science) ; Educated at N.E.S. College (formerly Ravishankar University), Jashpur Nagar, Distt. Raigarh (Madhya Pradesh)",78,48,0,661,0.713097713, Data corresponds to the period from 01-06-2009 to 10-02-2024.,69.63471735,1.417898163,378.0405422,0.787043243,45.6,0.6,497,0.859688271,Rajya Sabha
900461,S. Thangavelu,Elected,30-06-2010,29-06-2016,First Term,N/A,Tamil Nadu,Dravida Munnetra Kazhagam,Male,Graduate,"B.Sc. (Agriculture) ; Educated at Agriculture College, Madurai, Tamil Nadu Agriculture University, Tamil Nadu",70,57,0,663,0.789598109, Data corresponds to the period from 01-06-2009 to 10-02-2024.,63.22170818,1.189831851,322.5160792,0.787043243,82.70547386,0.862745098,424.5318627,0.713206211,Rajya Sabha
900373,Prabhu Suresh Prabhakar,Elected,22-06-2016,21-06-2022,Second Term,N/A,Andhra Pradesh,Bharatiya Janata Party,Male,Professional Graduate,C.A.,70,14,0,9,0.826589595,"This MP was a minister from Jun 2016 to May 2019. Ministers represent the government in debates, so we do not report their participation.  They do not sign the attendance register, ask questions, or introduce private member bills. Data corresponds to the period from 01-06-2009 to 10-02-2024.",67.85379022,0.689456866,136.6313863,0.787043243,51.72727273,1.636363636,225.0909091,0.815837527,Rajya Sabha
900378,Prakash Banda,Elected,03-04-2018,04-12-2021,First Term,N/A,Telangana,Bharat Rashtra Samithi,Male,Doctorate,"M.A., Ph.D. Educated at Osmania University, Hyderabad and Kakatiya University, Warangal ",70,88,0,318,0.878612717, Data corresponds to the period from 01-06-2009 to 10-02-2024.,53.62121821,0.620652749,143.9458231,0.787043243,23.28571429,0.428571429,149.9285714,0.71613233,Rajya Sabha
900208,K.E. Ismail,Elected,02-07-2006,01-07-2012,First Term,N/A,Kerala,Communist Party of India,Male,Inter/ Higher Secondary,SSLC Educated at Kizhakkenchery (Kerala),84,1,0,338,0.318181818, Data corresponds to the period from 01-06-2009 to 10-02-2024.,27.34962762,0.729951715,195.8732447,0.787043243,33.25,0.642857143,282.9642857,0.78108786,Rajya Sabha
900659,S. Kalyanasundaram,Elected,30-06-2022,In Office,First Term,N/A,Tamil Nadu,Dravida Munnetra Kazhagam,Male,Inter/ Higher Secondary,"S.S.L.C (dropout) Educated at Little Flower Higher Secondary School, Kumbakonam, Tamil Nadu",83,1,0,70,0.653061224, Data corresponds to the period from 01-06-2009 to 10-02-2024.,38.73141501,0.641564607,78.83033549,0.787043243,61.77777778,0.833333333,90.66666667,0.713206211,Rajya Sabha
900174,Ishwarlal Shankarlal Jain,Elected,05-07-2010,04-07-2016,First Term,N/A,Maharashtra,Nationalist Congress Party,Male,Inter/ Higher Secondary,"Intermediate (Science) ; Educated at New English School, Jamner and M.J. College, Jalgaon",78,17,0,616,0.712158809, Data corresponds to the period from 01-06-2009 to 10-02-2024.,63.22170818,1.189831851,322.5160792,0.787043243,61.36478758,2.658905229,509.1454248,0.776425958,Rajya Sabha
900031,Alok Tiwari,Elected,19-06-2012,02-04-2018,First Term,N/A,Uttar Pradesh,Samajwadi Party,Male,Graduate,Graduate Educated at University of Delhi,52,145,0,273,0.939849624, Data corresponds to the period from 01-06-2009 to 10-02-2024.,72.76195445,1.21886843,316.0452107,0.787043243,90.33269771,0.689247312,283.6804571,0.832984277,Rajya Sabha
900100,Birender Singh,Elected,02-08-2016,20-01-2020,Third Term,N/A,Haryana,Bharatiya Janata Party,Male,Professional Graduate,"B.A., LL.B. ; Educated at Government College, Rohtak, Haryana and Department of Law, Chandigarh",78,3,0,38,0.88252149,"This MP was a minister from Jul 2016 to May 2019 . Previously he was with INC. Ministers represent the government in debates, so we do not report their participation.  They do not sign the attendance register, ask questions, or introduce private member bills. Data corresponds to the period from 01-06-2009 to 10-02-2024.",82.2558706,1.509893554,347.9941855,0.787043243,45.55,2.5,245.4,0.872776121,Rajya Sabha
900457,Roopa Ganguly,Nominated,16-11-2016,24-04-2022,First Term,N/A,N/A,Bharatiya Janata Party,Female,Graduate,"Graduation Educated at Jodhpur Park High School, Ballygunge Siksha Sadan, Beltala Girls' High School, Kolkata and Jogamaya Devi College, University of Calcutta, Kolkata",57,66,0,85,0.827794562, Data corresponds to the period from 01-06-2009 to 10-02-2024.,94.4106876,1.132949452,273.1000332,0.787043243,N/A,N/A,N/A,N/A,Rajya Sabha
900376,Pradip Bhattacharya,Elected,19-08-2017,18-08-2023,Second Term,N/A,West Bengal,Indian National Congress,Male,Post Graduate,"B.A. (Hons.), M.A. Educated at Itagoria High School, SURI Vidyasagar College and Burdwan University, West Bengal",79,109,0,926,0.803149606, Data corresponds to the period from 01-06-2009 to 10-02-2024.,178.5731513,2.376082839,611.2891099,0.787043243,260.5779449,3.8625,502.5429198,0.69145404,Rajya Sabha
900468,Saif-ud-Din Soz,Elected,11-02-2009,10-02-2015,Third Term,N/A,Jammu and Kashmir,Indian National Congress,Male,Post Graduate,"M.A. (Economics) Educated at Jammu and Kashmir University, Srinagar",86,37,0,159,0.87745098, Data corresponds to the period from 01-06-2009 to 10-02-2024.,49.76931183,1.189177366,322.845252,0.787043243,29.83333333,N/A,104.9166667,0.82951221,Rajya Sabha
900309,Munvvar Saleem,Elected,03-04-2012,02-04-2018,First Term,N/A,Uttar Pradesh,Samajwadi Party,Male,Professional Graduate,"B.A., LL.B. Educated at S.S.L. Jain PG College, Vidisha and Rajeev Gandhi College, Bhopal",64,164,0,53,0.857142857, Data corresponds to the period from 01-06-2009 to 10-02-2024.,76.5291343,1.331050954,332.9466233,0.787043243,92.73269771,0.789247312,290.3589517,0.832984277,Rajya Sabha
900607,M.V. Shreyams Kumar,Elected,25-08-2020,02-04-2022,First Term,N/A,Kerala,Loktantrik Janata Dal,Male,Post Graduate,"Post Graduate Diploma in Business Administration Educated at Kings Langley College of Management, London",57,13,0,145,0.758241758, Data corresponds to the period from 01-06-2009 to 10-02-2024.,34.26839105,0.241009616,77.46172646,0.787043243,48.51388889,0.75,105.0416667,0.78108786,Rajya Sabha
900112,Ch. Sukhram Singh Yadav,Elected,05-07-2016,04-07-2022,First Term,N/A,Uttar Pradesh,Samajwadi Party,Male,Doctorate,"DPA in 1977 from Lucknow University, B.A., M.A., LLB from Lucknow University",72,149,0,1030,0.985754986, Data corresponds to the period from 01-06-2009 to 10-02-2024.,101.5030364,1.196297868,289.4391529,0.787043243,108.6089765,0.267816092,283.8696223,0.832984277,Rajya Sabha
900088,Bhagwati Singh,Elected,05-07-2004,04-07-2010,First Term,N/A,Uttar Pradesh,Samajwadi Party,Male,Graduate,"B.A. Educated at Arjunpur, Sidholi, Sitapur and Lucknow University (Uttar Pradesh)",90,3,0,43,0.917647059, Data corresponds to the period from 01-06-2009 to 10-02-2024.,10.16469479,0.32389617,78.08241781,0.787043243,7.946169355,0.346774194,55.01915323,0.832984277,Rajya Sabha
900426,Ram Narain Dudi,Elected,10-04-2014,09-04-2020,First Term,N/A,Rajasthan,Bharatiya Janata Party,Male,Post Graduate,"M. A. (History) Educated at Jainarayan Vyas University, Jodhpur (Rajasthan)",75,34,0,198,0.946078431, Data corresponds to the period from 01-06-2009 to 10-02-2024.,97.86446071,1.500965027,324.7388369,0.787043243,69.44166667,2.583333333,274.8055556,0.822358304,Rajya Sabha
900029,Ali Anwar Ansari,Elected,03-04-2006,04-12-2017,Second Term,N/A,Bihar,Janata Dal (United),Male,Graduate,"Graduate, Educated at D.K.College, Dumraon and M.V.College, Buxar (Bihar)",70,267,0,103,0.822445561, Data corresponds to the period from 01-06-2009 to 10-02-2024.,95.76789335,1.838833131,477.8029091,0.787043243,135.4998377,0.133928571,452.4958333,0.818079904,Rajya Sabha
900037,Ambika Soni,Elected,05-07-2016,04-07-2022,Fifth Term,N/A,Punjab,Indian National Congress,Female,Graduate,"B.A. (Hons.), Diplome Superiore en Langue Francaise, Post-Graduate Diploma in Spanish Art and Literature Educated at Indraprastha College, Delhi University, Alliance Francaise, Bangkok and University of Havana, Cuba",81,67,0,975,0.913043478,"This MP was a minister. She tendered her resignation on Oct 28, 2012. Ministers represent the government in debates, so we do not report their participation. Participation and attendance details for this MP are thus available only from Oct 29, 2012. Data corresponds to the period from 01-06-2009 to 10-02-2024.",164.7247446,2.386129719,611.9552322,0.787043243,106.5952381,1.557142857,559.6809524,0.786130822,Rajya Sabha
900277,Manas Ranjan Bhunia,Elected,19-08-2017,06-05-2021,First Term,N/A,West Bengal,All India Trinamool Congress,Male,Professional Graduate,Information not available,72,49,0,174,0.682634731, Data corresponds to the period from 01-06-2009 to 10-02-2024.,55.93356322,0.630183142,158.1746758,0.787043243,60.12083333,0.958333333,167.1541667,0.69145404,Rajya Sabha
900459,S. Anbalagan,Elected,30-06-2004,29-06-2010,First Term,N/A,Tamil Nadu,All India Anna Dravida Munnetra Kazhagam,Male,Post Graduate,"M.A.(History) Educated at Madurai Kamaraj University, Madurai",74,8,0,77,0.764705882, Data corresponds to the period from 01-06-2009 to 10-02-2024.,10.16469479,0.32389617,78.08241781,0.787043243,15.83333333,0.166666667,74.61111111,0.713206211,Rajya Sabha
900285,Manorama D. Sharma,Elected,26-11-2014,18-02-2015,First Term,N/A,Uttarakhand,Indian National Congress,Female,Information not available,Information not available,69,2,0,5,0.909090909, Data corresponds to the period from 01-06-2009 to 10-02-2024.,4.196908757,0.135601011,16.73553972,0.787043243,5,N/A,17,0.876097949,Rajya Sabha
900482,Santhosh Kumar Joginipally,Elected,03-04-2018,02-04-2024,First Term,N/A,Telangana,Bharat Rashtra Samithi,Male,Professional Post Graduate,"M.B.A. and M.P.M. Educated at University of Pune, Pune (Maharashtra)",48,4,0,2,0.348534202, Data corresponds to the period from 01-06-2009 to 10-02-2024.,113.5092723,1.402770352,256.9495301,0.787043243,29.57142857,0.857142857,215.8571429,0.71613233,Rajya Sabha
900491,Satish Chandra Misra,Elected,05-07-2016,04-07-2022,Third Term,N/A,Uttar Pradesh,Bahujan Samaj Party,Male,Professional Graduate,"B.A., LL.B. Educated at Allahabad University and P.P.N. College, Kanpur University",71,181,0,4,0.763678696, Data corresponds to the period from 01-06-2009 to 10-02-2024.,174.8894394,2.710025889,690.03765,0.787043243,185.4681974,2.141472006,587.0180303,0.832984277,Rajya Sabha
900361,Parvez Hashmi,Elected,04-08-2009,27-01-2018,Second Term,N/A,Delhi,Indian National Congress,Male,Post Graduate,"M. Sc. (Chemistry) ; Educated at Aligarh Muslim University, Aligarh",69,53,0,549,0.937931034, Data corresponds to the period from 01-06-2009 to 10-02-2024.,94.89235452,1.830159236,467.6761469,0.787043243,30,N/A,183,0.886446707,Rajya Sabha
900187,Jesudasu Seelam,Elected,22-06-2010,21-06-2016,Second Term,N/A,Andhra Pradesh,Indian National Congress,Male,Post Graduate,"B.Sc., M.Sc. (Chemistry) Educated at Andhra Christian College, Guntur and Andhra University, Waltair, Visakhapatnam",70,87,0,193,0.88172043,"This MP was a minister from Jun 2013 to May 2014.  Ministers represent the government, so we do not report their participation.  Participation and attendance details for this MP are thus not available for the above period. Data corresponds to the period from 01-06-2009 to 10-02-2024.",67.2553061,1.513728021,370.3631518,0.787043243,57.3479243,1.988888889,510.9535867,0.758898933,Rajya Sabha
900417,Rajniti Prasad,Elected,03-04-2006,02-04-2012,First Term,N/A,Bihar,Rashtriya Janata Dal,Male,Professional Graduate,"B.A., LL.B. Educated at RD&DJ College, Munger, Bhagalpur University, Bihar and Patna Law College, Patna University, Bihar",77,101,0,141,0.832579186, Data corresponds to the period from 01-06-2009 to 10-02-2024.,23.58244777,0.61776919,178.9718321,0.787043243,28.37916667,0.0625,206.3375,0.818079904,Rajya Sabha
900452,Rewati Raman Singh,Elected,05-07-2016,04-07-2022,First Term,N/A,Uttar Pradesh,Samajwadi Party,Male,Professional Graduate,"B.A., LL.B.",80,92,0,169,0.782991202, Data corresponds to the period from 01-06-2009 to 10-02-2024.,101.5030364,1.196297868,289.4391529,0.787043243,108.6089765,0.267816092,283.8696223,0.832984277,Rajya Sabha
900432,Ram Vilas Paswan (RS),Elected,01-07-2019,08-10-2020,Second Term,N/A,Bihar,Lok Janasakti Party,Male,Post Graduate,"M.A., LL.B., D.Litt (Honoris Causa) conferred by Bundelkhand University, Jhansi (Madhya Pradesh) ; Educated at Kosi College, Khagaria and Patna University, Patna (Bihar)",77,69,0,204,0.760147601,"This MP was a minister. Ministers represent the government in debates, so we do not report their participation.  They do not sign the attendance register, ask questions, or introduce private member bills. Data corresponds to the period from 01-06-2009 to 10-02-2024.",28.90670767,0.644155076,206.1667058,0.787043243,40.52083333,0.0625,249.0333333,0.818079904,Rajya Sabha
900369,Prabha Thakur,Elected,10-04-2008,09-04-2014,Second Term,N/A,Rajasthan,Indian National Congress,Female,Doctorate,"B.A., M.A., Ph.D. Educated at Udaipur University, Udaipur (Rajasthan)",74,67,0,366,0.845505618, Data corresponds to the period from 01-06-2009 to 10-02-2024.,39.07140246,0.968051246,284.2491237,0.787043243,38.54141414,0.4,374.4858586,0.822358304,Rajya Sabha
900396,R. Vaithilingam,Elected,30-06-2016,07-05-2021,First Term,N/A,Tamil Nadu,All India Anna Dravida Munnetra Kazhagam,Male,Graduate,"B.A. from University of Madras, Presidency College, Chennai",69,20,0,401,0.425605536, Data corresponds to the period from 01-06-2009 to 10-02-2024.,78.3150536,0.955288252,235.3790878,0.787043243,99.07843137,0.450980392,288.3888889,0.713206211,Rajya Sabha
900040,Anand Sharma,Elected,03-04-2016,02-04-2022,Fourth Term,N/A,Himachal Pradesh,Indian National Congress,Male,Professional Graduate,"B.A., LL.B. Educated at R.P.C.S.D.B. College, Shimla and Faculty of Law, Himachal Pradesh University, Shimla",71,264,0,400,0.921843687,"This MP was a minister till May 2014. Participation and attendance details for this MP are available from Jun 9, 2014. He has also been re-elected/nominated. During his previous term, this MP was an elecgted representative from Rajasthan; the term ended on Apr 2, 2016. Data corresponds to the period from 01-06-2009 to 10-02-2024.",129.4412218,1.702327066,396.363559,0.787043243,164.6333333,0.1,374.8,0.835062878,Rajya Sabha
900232,Kaptan Singh Solanki,Elected,04-08-2009,27-07-2014,Second Term,N/A,Madhya Pradesh,Bharatiya Janata Party,Male,Post Graduate,"M.A., B.Ed. Educated at P.G.B.T. College, Ujjain and Jiwaji University, Gwalior, Madhya Pradesh",85,24,0,374,0.925072046, Data corresponds to the period from 01-06-2009 to 10-02-2024.,38.27168265,0.94487096,272.0330491,0.787043243,44.50631313,1.333333333,372.609596,0.850316503,Rajya Sabha
900078,Balbir Punj,Elected,03-04-2008,02-04-2014,Second Term,N/A,Odisha,Bharatiya Janata Party,Male,Graduate,"B.A. (Hons.) Economics Educated at Rajdhani College, Delhi University, Delhi",75,53,0,69,0.851123596, Data corresponds to the period from 01-06-2009 to 10-02-2024.,39.07140246,0.968051246,284.2491237,0.787043243,54.27777778,0.5,252.9222222,0.780593478,Rajya Sabha
900566,Thota Lakshmi Seetharama,Elected,10-04-2014,09-04-2020,First Term,N/A,Andhra Pradesh,Telugu Desam Party,Female,Inter/ Higher Secondary,"Secondary Education Educated at Z.P. High School, Vill. Upuluru, Distt. West Godavari (Andhra Pradesh)",72,5,0,161,0.759803922, Data corresponds to the period from 01-06-2009 to 10-02-2024.,97.86446071,1.500965027,324.7388369,0.787043243,80.66161616,4.370707071,504.4878788,0.758898933,Rajya Sabha
900080,Balwinder Singh Bhunder,Elected,05-07-2016,04-07-2022,Third Term,N/A,Punjab,Shiromani Akali Dal,Male,Graduate,"B.A. Educated at Government Rajindra College, Bhatinda",79,79,0,697,0.772609819, Data corresponds to the period from 01-06-2009 to 10-02-2024.,164.7247446,2.386129719,611.9552322,0.787043243,106.5952381,1.557142857,559.6809524,0.786130822,Rajya Sabha
900189,Jogen Chowdhury,Elected,03-04-2014,02-04-2020,First Term,N/A,West Bengal,All India Trinamool Congress,Male,Graduate,"Graduation in Fine Arts, Higher Study in Fine Arts with a French Government Scholarship through Government of India Educated at Government College of Arts and Crafts, Kolkata, West Bengal and Ecole Nationale Superier des Beaux Arts, Paris, France",85,33,0,2,0.564102564, Data corresponds to the period from 01-06-2009 to 10-02-2024.,97.86446071,1.500965027,324.7388369,0.787043243,138.0083333,2.7375,307.1666667,0.69145404,Rajya Sabha
900292,Meghraj Jain,Elected,06-05-2011,02-04-2018,Second Term,N/A,Madhya Pradesh,Bharatiya Janata Party,Male,Others,N/A,74,41,0,312,0.870588235, Data corresponds to the period from 01-06-2009 to 10-02-2024.,83.03088652,1.451648113,382.8544099,0.787043243,90.23001443,1.666666667,510.5911255,0.850316503,Rajya Sabha
900570,V. Maitreyan,Elected,25-07-2007,24-07-2019,Third Term,N/A,Tamil Nadu,All India Anna Dravida Munnetra Kazhagam,Male,Doctorate,"M.B.B.S., M.D. (General Medicine), D.M. (Medical Oncology) Educated at Government Medical College, Nagpur University, Madras Medical College, University of Madras and Cancer Institute (WIA), University of Madras",68,147,0,768,0.803116147, Data corresponds to the period from 01-06-2009 to 10-02-2024.,115.5008047,2.189562887,572.6544607,0.787043243,158.3688725,1.369281046,723.2148693,0.713206211,Rajya Sabha
900445,Ranvijay Singh Judev,Elected,10-04-2014,09-04-2020,First Term,N/A,Chhattisgarh,Bharatiya Janata Party,Male,Under Graduate,"B.Com. (Part-II) Educated at Delhi University, New Delhi",54,112,0,51,0.960784314, Data corresponds to the period from 01-06-2009 to 10-02-2024.,97.86446071,1.500965027,324.7388369,0.787043243,83,0.4,430.4,0.859688271,Rajya Sabha
900157,Gundu Sudha Rani,Elected,22-06-2010,21-06-2016,Second Term,N/A,Telangana,Telugu Desam Party,Female,Post Graduate,"M.A. (Public Administration) ; Educated at Madurai Kamaraj University, Madurai",59,66,0,554,0.68321513, Data corresponds to the period from 01-06-2009 to 10-02-2024.,63.22170818,1.189831851,322.5160792,0.787043243,79.97142857,0.142857143,425.952381,0.71613233,Rajya Sabha
900546,Syed Azeez Pasha,Elected,03-04-2006,02-04-2012,First Term,N/A,Andhra Pradesh,Communist Party of India,Male,Professional Graduate,"B.A., LL.B. Educated at Osmania University, Hyderabad and Osmania University Law College, Hyderabad",79,70,0,490,0.895927602, Data corresponds to the period from 01-06-2009 to 10-02-2024.,23.58244777,0.61776919,178.9718321,0.787043243,20.52142857,0.883333333,251.8839286,0.758898933,Rajya Sabha
900588,Vijaylaxmi Sadho,Elected,30-06-2010,29-06-2016,First Term,N/A,Madhya Pradesh,Indian National Congress,Female,Doctorate,"M.B.B.S. Educated at Gandhi Medical College, Bhopal",68,95,0,175,0.924349882, Data corresponds to the period from 01-06-2009 to 10-02-2024.,63.22170818,1.189831851,322.5160792,0.787043243,66.7979798,1.5,442.8318182,0.850316503,Rajya Sabha
900321,Nand Kishore Yadav,Elected,05-07-2004,04-07-2010,First Term,N/A,Uttar Pradesh,Samajwadi Party,Male,Post Graduate,"M.A. (Political Science), LL.B. Educated at Gorakhpur University, Gorakhpur and Shibli National College, Azamgarh (Uttar Pradesh)",64,13,0,204,0.882352941, Data corresponds to the period from 01-06-2009 to 10-02-2024.,10.16469479,0.32389617,78.08241781,0.787043243,7.946169355,0.346774194,55.01915323,0.832984277,Rajya Sabha
900047,Anil Kumar Sahani,Elected,04-01-2010,02-04-2018,Second Term,N/A,Bihar,Janata Dal (United),Male,Post Graduate,"LL.B., M.A.; Educated at Baba Saheb Bhimrao Ambedkar Bihar University, Muzaffarpur (Bihar)",61,136,0,552,0.823129252, Data corresponds to the period from 01-06-2009 to 10-02-2024.,93.08536578,1.744393001,461.7981308,0.787043243,130.0373377,0.133928571,411.2833333,0.818079904,Rajya Sabha
900423,Ram Jethmalani,Elected,08-07-2016,08-09-2019,Sixth Term,N/A,Bihar,Independent,Male,Graduate,"LL.M. Educated at S.C. Shahani Law College, Karachi",100,16,0,510,0.646496815,"This MP has been re-elected/nominated. During his previous term, this MP was a nominated representative; the term ended on 26th Aug, 2009. Data corresponds to the period from 01-06-2009 to 10-02-2024.",114.6045347,1.987928294,521.7771026,0.787043243,119.9018232,0.722222222,457.9093018,0.820932171,Rajya Sabha
900556,T.N. Seema,Elected,03-04-2010,02-04-2016,First Term,N/A,Kerala,Communist Party of India (Marxist),Female,Doctorate,"B.A., M.A. (Malayalam), Ph.D. in Malayalam Literature from University of Kerala Diploma in Tamil from Central Institute of Indian Languages, Mysore Diploma in Universalising Social Security from Institute of Social Science, Hague, the Netherlands",61,87,0,643,0.795294118, Data corresponds to the period from 01-06-2009 to 10-02-2024.,60.01791652,1.283100005,325.2657498,0.787043243,95.70714286,1.017857143,468.45,0.78108786,Rajya Sabha
900362,Paul Manoj Pandian,Elected,30-06-2010,29-06-2016,First Term,N/A,Tamil Nadu,All India Anna Dravida Munnetra Kazhagam,Male,Professional Post Graduate,"B.L., M.L. ; Educated at Dr. Ambedkar Law College, Chennai and Madras University, Chennai",52,40,0,225,0.526960784, Data corresponds to the period from 01-06-2009 to 10-02-2024.,63.22170818,1.189831851,322.5160792,0.787043243,82.70547386,0.862745098,424.5318627,0.713206211,Rajya Sabha
900104,Brij Bhushan Tiwari,Elected,06-12-2006,04-07-2010,Second Term,N/A,Uttar Pradesh,Samajwadi Party,Male,Post Graduate,"B.A., M.A. (Pol. Sc.), LL.B. Educated at Shivpati Inter College, Shohratgarh, St. Andrew's College, Gorakhpur and Allahabad University, Allahabad",82,31,0,84,0.894117647, Data corresponds to the period from 01-06-2009 to 10-02-2024.,10.16469479,0.32389617,78.08241781,0.787043243,7.946169355,0.346774194,55.01915323,0.832984277,Rajya Sabha
900483,Santiuse Kujur,Elected,15-06-2013,14-06-2019,First Term,N/A,Assam,Indian National Congress,Male,Graduate,"B.A. (Honours) Educated at Dakua High School, Udalguri, Darrang College, Tezpur and Tangla College, Udalguri",50,53,0,197,0.949061662, Data corresponds to the period from 01-06-2009 to 10-02-2024.,74.09534359,1.052517778,299.3924853,0.787043243,50.30952381,0.714285714,238.8095238,0.846176399,Rajya Sabha
900250,M P Veerendra Kumar,Elected,03-04-2016,28-05-2020,Second Term,N/A,Kerala,Independent,Male,Professional Post Graduate,"M.A. (Phil), M.B.A.; educated at Zamorin College, Kozhikode, Vivekananda College, Madras and Ciincinatti University (U.S.A.)",86,12,0,342,0.601226994, Data corresponds to the period from 01-06-2009 to 10-02-2024.,68.51273492,0.981489125,220.7571373,0.787043243,99.40277778,0.708333333,226.6805556,0.78108786,Rajya Sabha
900015,Abhay Bhardwaj,Elected,22-06-2020,01-12-2020,First Term,N/A,Gujarat,Bharatiya Janata Party,Male,Information not available,Information not available,54,0,N/A,0,N/A, Data corresponds to the period from 01-06-2009 to 10-02-2024.,5.04840274,N/A,7.506940379,N/A,2.5,N/A,3,N/A,Rajya Sabha
900401,Rabinarayan Mohapatra,Elected,04-04-2012,30-05-2014,First Term,N/A,Odisha,Biju Janata Dal,Male,Graduate,"B.A. Educated at B.C. High School, Ranpur and Autonomous Nayagarh College, Nayagarh, Odisha",67,12,0,30,0.837037037, Data corresponds to the period from 01-06-2009 to 10-02-2024.,15.48895468,0.350282055,105.2772915,0.787043243,19.4,0.5,81.8,0.780593478,Rajya Sabha
900301,Mohsina Kidwai,Elected,30-06-2010,29-06-2016,Second Term,N/A,Chhattisgarh,Indian National Congress,Female,Inter/ Higher Secondary,"Intermediate Educated at Women's College, Aligarh Muslim University, Aligarh",92,22,0,268,0.895669291, Data corresponds to the period from 01-06-2009 to 10-02-2024.,73.38640297,1.513728021,400.598497,0.787043243,50.6,0.6,539.5,0.859688271,Rajya Sabha
900046,Anil Kumar Jain,Elected,03-04-2018,02-04-2024,First Term,N/A,Uttar Pradesh,Bharatiya Janata Party,Male,Post Graduate,"B.Sc., M.B.B.S., M.S. (Master of Surgery) Educated at S.R.K. Inter College, Mahatma Gandhi Balika Vidyalaya (PG) College, Firozabad, King George's Medical College, Lucknow",64,25,0,66,0.909657321, Data corresponds to the period from 01-06-2009 to 10-02-2024.,113.5092723,1.402770352,256.9495301,0.787043243,93.16209633,0.410344828,252.6913793,0.832984277,Rajya Sabha
900619,Dineshchandra Jemalbhai Anavadiya,Elected,23-02-2021,18-08-2023,First Term,N/A,Gujarat,Bharatiya Janata Party,Male,Graduate,"B.Com. Educated at D.N.J. Adarsh High School and D.N.P. Arts and Commerce College, Deesa, Gujarat",61,9,0,3,0.931034483, Data corresponds to the period from 01-06-2009 to 10-02-2024.,52.27462164,0.503376529,125.9033598,0.787043243,28.25,N/A,118.375,0.840459932,Rajya Sabha
900048,Anil Madhav Dave,Elected,30-06-2010,18-05-2017,Third Term,N/A,Madhya Pradesh,Bharatiya Janata Party,Male,Post Graduate,"M.Com. Educated at Gujarati College, Indore, Madhya Pradesh",68,68,0,399,0.758835759,"This MP was appointed a minister in Jul 2016. Ministers represent the government, so we do not report their participation.  Participation and attendance details for this MP are thus available only till May 11, 2016. Data corresponds to the period from 01-06-2009 to 10-02-2024.",71.73259758,1.513728021,396.4145257,0.787043243,73.1540404,1.833333333,516.1323232,0.850316503,Rajya Sabha
900569,V. Hanumantha Rao,Elected,22-06-2010,21-06-2016,Fourth Term,N/A,Telangana,Indian National Congress,Male,Graduate,"B.A. Educated at Osmania University, Hyderabad",75,74,0,148,0.791338583, Data corresponds to the period from 01-06-2009 to 10-02-2024.,73.38640297,1.513728021,400.598497,0.787043243,89.72142857,0.892857143,546.264881,0.737515631,Rajya Sabha
900466,Sabir Ali,Elected,10-04-2008,09-04-2014,Second Term,N/A,Bihar,Janata Dal (United),Male,Graduate,"Intermediate, B.A.",53,31,0,563,0.651917404,"This MP was re-elected/nominated. During his previous term, he was affiliated with LJP; the term ended on 15th Nov, 2011. Data corresponds to the period from 01-06-2009 to 10-02-2024.",39.07140246,0.968051246,284.2491237,0.787043243,51.8375,0.0625,331.9958333,0.818079904,Rajya Sabha
900004,A. Vijayakumar,Elected,30-06-2016,29-06-2022,First Term,N/A,Tamil Nadu,All India Anna Dravida Munnetra Kazhagam,Male,Professional Graduate,"B.L., B.A. from Madurai Kamarajar University",66,38,0,476,0.846153846, Data corresponds to the period from 01-06-2009 to 10-02-2024.,101.5030364,1.196297868,289.4391529,0.787043243,139.0895425,0.784313725,333.3555556,0.713206211,Rajya Sabha
900328,Narayan Singh Kesari,Elected,03-04-2006,02-04-2012,Second Term,N/A,Madhya Pradesh,Bharatiya Janata Party,Male,Graduate,Hindi Visharad Educated at Indore,98,1,0,7,0.945701357, Data corresponds to the period from 01-06-2009 to 10-02-2024.,23.58244777,0.61776919,178.9718321,0.787043243,25.01060606,0.606060606,210.0914141,0.850316503,Rajya Sabha
900192,Jugul Kishore,Elected,05-07-2010,04-07-2016,First Term,N/A,Uttar Pradesh,Bahujan Samaj Party,Male,Inter/ Higher Secondary,"Intermediate, J.L.M.D.J. Inter College, Khairabad, Sitapur (Uttar Pradesh)",65,5,0,161,0.70212766, Data corresponds to the period from 01-06-2009 to 10-02-2024.,63.22170818,1.189831851,322.5160792,0.787043243,68.91305154,1.52688172,248.1292547,0.832984277,Rajya Sabha
900521,Sitaram Yechury,Elected,19-08-2005,18-08-2017,Second Term,N/A,West Bengal,Communist Party of India (Marxist),Male,Post Graduate,"B.A. (Hons.) in Economics, M.A. (Economics) Educated at President's Estate School, New Delhi, St. Stephen's College, New Delhi and Jawaharlal Nehru University, New Delhi",71,244,0,44,0.869346734, Data corresponds to the period from 01-06-2009 to 10-02-2024.,95.76789335,1.838833131,477.8029091,0.787043243,140.2255639,2.376190476,331.6119674,0.69145404,Rajya Sabha
900012,Aayanur Manjunath,Elected,01-07-2010,30-06-2016,First Term,N/A,Karnataka,Bharatiya Janata Party,Male,Professional Graduate,"B.A., L.L.B.; Educated at Sahyadri College and National College of Law, Shimoga",68,4,0,388,0.775413712, Data corresponds to the period from 01-06-2009 to 10-02-2024.,63.22170818,1.189831851,322.5160792,0.787043243,37.28686869,1.251515152,248.5686869,0.724209112,Rajya Sabha
900041,Ananda Bhaskar Rapolu,Elected,03-04-2012,03-04-2018,Second Term,N/A,Telangana,Indian National Congress,Male,Post Graduate,"M.A. (Sociology) Educated at C.K.M. College, Warangal and Osmania University, Hyderabad",59,422,0,4,0.907142857, Data corresponds to the period from 01-06-2009 to 10-02-2024.,76.5291343,1.331050954,333.7635875,0.787043243,105.9809524,0.738095238,420.8619048,0.71613233,Rajya Sabha
900019,Ahmad Ashfaque Karim,Elected,03-04-2018,02-04-2024,First Term,N/A,Bihar,Rashtriya Janata Dal,Male,Doctorate,"Bachelor of Pharmacy, Master of Pharmacy and Ph.D. Educated at Bihar College of Pharmacy, Patna, A.N. Magadh University, Bodhgaya, Patna",68,33,0,74,0.678456592, Data corresponds to the period from 01-06-2009 to 10-02-2024.,113.5092723,1.402770352,256.9495301,0.787043243,90.06465201,0.96025641,152.3765568,0.818079904,Rajya Sabha
900135,Dilip Kumar Tirkey,Elected,04-04-2012,03-04-2018,First Term,N/A,Odisha,Biju Janata Dal,Male,Graduate,"B.A. Educated at Mohanpali College, Sundargarh, Odisha",46,134,0,389,0.753462604, Data corresponds to the period from 01-06-2009 to 10-02-2024.,76.5291343,1.331050954,333.7635875,0.787043243,72.36388889,0.7,362.3333333,0.780593478,Rajya Sabha
900429,Ram Prakash,Elected,10-04-2008,09-04-2014,Second Term,N/A,Haryana,Indian National Congress,Male,Doctorate,"M.Sc.(Hons.), Ph.D. in Chemistry, UNESCO Course in Analytical Chemistry, D.Sc. (Honoris causa) Educated at D.A.V. College, Ambala City, Panjab University, Chandigarh, Charles University, Prague (Praha) and Heyrovsky Institute of Polarography, Prague (Prah",85,42,0,198,0.952247191, Data corresponds to the period from 01-06-2009 to 10-02-2024.,39.07140246,0.968051246,284.2491237,0.787043243,25.7,2,184.2,0.872776121,Rajya Sabha
900002,A. Mohammedjan,Elected,25-07-2019,23-03-2021,First Term,N/A,Tamil Nadu,All India Anna Dravida Munnetra Kazhagam,Male,Information not available,Information not available,75,13,0,56,0.654761905, Data corresponds to the period from 01-06-2009 to 10-02-2024.,35.83293881,0.279453385,61.63702553,0.787043243,39.13071895,0.111111111,62.61111111,0.713206211,Rajya Sabha
900331,Narendra Budania,Elected,04-08-2009,03-04-2018,Third Term,N/A,Rajasthan,Indian National Congress,Male,Professional Graduate,"B.Sc., LL.B. ; Educated at Lohia P.G. College, Churu and University of Rajasthan, Jaipur (Rajasthan)",68,83,0,76,0.913680782, Data corresponds to the period from 01-06-2009 to 10-02-2024.,96.35989646,1.852990286,490.1774648,0.787043243,75.88863636,1.197222222,510.055303,0.822358304,Rajya Sabha
900448,Ravi Shankar Prasad (RS),Elected,03-04-2006,22-05-2019,Fourth Term,N/A,Bihar,Bharatiya Janata Party,Male,Post Graduate,"B.A.Hons., M.A. (Pol.Science), LL.B.; Educated at Patna University",69,104,0,761,0.766853933,"This MP was appointed a minister in May 2014. Ministers represent the government, so we do not report their participation.  Participation and attendance details for this MP are thus available only till 21st Feb, 2014. Data corresponds to the period from 01-06-2009 to 10-02-2024.",39.07140246,0.968051246,284.2491237,0.787043243,51.8375,0.0625,331.9958333,0.818079904,Rajya Sabha
900293,Mir Mohammad Fayaz,Elected,23-02-2015,10-02-2021,First Term,N/A,Jammu and Kashmir,Jammu and Kashmir Peoples Democratic Party,Male,Information not available,Information not available,47,28,0,69,0.714666667, Data corresponds to the period from 01-06-2009 to 10-02-2024.,93.82728887,1.279838907,299.7994287,0.787043243,77.5,0.25,59.75,0.82951221,Rajya Sabha
900383,Prasanta Chatterjee,Elected,03-04-2008,02-04-2014,Second Term,N/A,West Bengal,Communist Party of India (Marxist),Male,Graduate,"Matriculation, Educated at Narikeldanga High School, Kolkata and City College, Kolkata",84,90,0,173,0.811797753, Data corresponds to the period from 01-06-2009 to 10-02-2024.,39.07140246,0.968051246,284.2491237,0.787043243,57.92139724,0.59702381,164.8953008,0.69145404,Rajya Sabha
900474,Sampatiya Uikey,Elected,01-08-2017,29-06-2022,First Term,N/A,Madhya Pradesh,Bharatiya Janata Party,Female,Inter/ Higher Secondary,Information not available,56,39,0,65,0.862962963, Data corresponds to the period from 01-06-2009 to 10-02-2024.,81.18881062,0.898098588,219.2975211,0.787043243,65.6547619,0.236111111,196.4047619,0.850316503,Rajya Sabha
900481,Santanu Sen,Elected,03-04-2018,02-04-2024,First Term,N/A,West Bengal,All India Trinamool Congress,Male,Professional Graduate,"M.B.B.S., D.M.R.D., F.I.A.M.S., F.R.C.P. (Glassgow) Educated at R.G. Kar Medical College, Kolkata",51,552,0,481,0.660436137, Data corresponds to the period from 01-06-2009 to 10-02-2024.,113.5092723,1.402770352,256.9495301,0.787043243,169.2178571,1.8125,247.0172619,0.69145404,Rajya Sabha
900602,Wansuk Syiem,Elected,12-04-2013,12-04-2020,Second Term,N/A,Meghalaya,Indian National Congress,Female,Matric,"Educated at St. Mary’s Mazarello Convent, Jowai, Meghalaya",67,140,0,655,0.906926407, Data corresponds to the period from 01-06-2009 to 10-02-2024.,104.3104512,1.500965027,364.1912034,0.787043243,140,N/A,655,0.805163768,Rajya Sabha
900341,Naznin Faruque,Elected,03-04-2010,02-04-2016,First Term,N/A,Assam,Indian National Congress,Female,Graduate,"B.A.(Hons.) ; Educated at Lady Kene College, North Eastern Hill University, Shillong, Meghalaya",70,13,0,377,0.821176471, Data corresponds to the period from 01-06-2009 to 10-02-2024.,60.01791652,1.283100005,325.2657498,0.787043243,49.8952381,0.595238095,282.2428571,0.846176399,Rajya Sabha
900086,Bhagirathi Majhi,Elected,24-03-2006,01-07-2010,First Term,N/A,Odisha,Bharatiya Janata Party,Male,Graduate,"B.A. Educated at Sulaipat High School, Sulaipat and Keonjhar College, Utkal University (Orissa)",70,2,0,55,0.941176471, Data corresponds to the period from 01-06-2009 to 10-02-2024.,10.16469479,0.32389617,78.08241781,0.787043243,12.57777778,N/A,75.42222222,0.780593478,Rajya Sabha
900228,Kanta Kardam,Elected,03-04-2018,02-04-2024,First Term,N/A,Uttar Pradesh,Bharatiya Janata Party,Female,Inter/ Higher Secondary,"Intermediate Educated at KUIC, Sadarpur, Uttar Pradesh",59,96,0,367,0.934579439, Data corresponds to the period from 01-06-2009 to 10-02-2024.,113.5092723,1.402770352,256.9495301,0.787043243,93.16209633,0.410344828,252.6913793,0.832984277,Rajya Sabha
900473,Samir Oraon,Elected,04-05-2018,03-05-2024,First Term,N/A,Jharkhand,Bharatiya Janata Party,Male,Inter/ Higher Secondary,"Intermediate (Arts) Educated at Bihar Intermediate Education Council, Ranchi, Jharkhand",54,53,0,106,0.876582278, Data corresponds to the period from 01-06-2009 to 10-02-2024.,113.5092723,1.402770352,253.621355,0.787043243,49.86666667,0.966666667,245.9666667,0.784158314,Rajya Sabha
900280,Manish Gupta,Elected,14-03-2017,02-04-2020,First Term,N/A,West Bengal,All India Trinamool Congress,Male,Information not available,Information not available,81,40,0,106,0.715053763, Data corresponds to the period from 01-06-2009 to 10-02-2024.,53.19190219,0.733869372,165.93728,0.787043243,73.64166667,1.083333333,172.95,0.69145404,Rajya Sabha
900335,Naresh Chandra Agrawal,Elected,19-03-2010,02-04-2018,Second Term,N/A,Uttar Pradesh,Samajwadi Party,Male,Professional Graduate,"B.Sc., LL.B. ; Educated at Lucknow University, Lucknow",73,326,0,595,0.813263525, Data corresponds to the period from 01-06-2009 to 10-02-2024.,91.70637035,1.744393001,448.9533819,0.787043243,105.4773886,1.785215054,363.3184276,0.832984277,Rajya Sabha
900083,Bashistha Narain Singh,Elected,03-04-2018,02-04-2024,Third Term,N/A,Bihar,Janata Dal (United),Male,Post Graduate,"M.A. (History) Educated at Patna University, Patna",76,10,0,48,0.69701087, Data corresponds to the period from 01-06-2009 to 10-02-2024.,190.0384066,2.733821306,589.8961533,0.787043243,200.1019897,1.031684982,412.7848901,0.818079904,Rajya Sabha
900613,Hardwar Dubey,Elected,26-11-2020,26-06-2023,First Term,N/A,Uttar Pradesh,Bharatiya Janata Party,Male,Post Graduate,"M.A., LL.B. Educated at Agra University, Uttar Pradesh",75,11,0,46,0.885964912, Data corresponds to the period from 01-06-2009 to 10-02-2024.,52.86799085,0.503376529,119.2427081,0.787043243,34.44482759,0.172413793,116.937931,0.832984277,Rajya Sabha
900171,Indu Bala Goswami,Elected,10-04-2020,In Office,First Term,N/A,Himachal Pradesh,Bharatiya Janata Party,Female,Graduate,"B.A. Educated at Himachal Pradesh University, Shimla",57,20,0,151,0.647668394, Data corresponds to the period from 01-06-2009 to 10-02-2024.,76.68499124,0.882574224,159.8800249,0.787043243,26,N/A,109.1666667,0.860472025,Rajya Sabha
900320,Najma A. Heptulla,Elected,03-04-2012,20-08-2016,Sixth Term,N/A,Madhya Pradesh,Bharatiya Janata Party,Female,Doctorate,"M.Sc.(Zoology), Ph.D. (Cardiac Anatomy) Educated at Motilal Nehru Vigyan Mahavidyalaya",84,87,0,230,0.925,"This MP was a minister from May 2014 to Jul 12, 2016. Ministers represent the government, so we do not report their participation. Participation and attendance details are thus not available for the above period. Data corresponds to the period from 01-06-2009 to 10-02-2024.",25.65364947,0.674178225,183.3597093,0.787043243,33.18484848,1.127272727,298.1656566,0.836337404,Rajya Sabha
900543,Sushila Tiriya,Elected,04-04-2006,03-04-2012,Second Term,N/A,Odisha,Indian National Congress,Female,Professional Graduate,"B.A., C.T., B.Ed. Educated at Karanjia College, Karanjia (Utkal University)",68,29,0,159,0.837104072, Data corresponds to the period from 01-06-2009 to 10-02-2024.,23.58244777,0.61776919,178.9718321,0.787043243,34.87777778,N/A,171.1222222,0.780593478,Rajya Sabha
900520,Silvius Condpan,Elected,03-04-2004,10-10-2011,Second Term,N/A,Assam,Indian National Congress,Male,Professional Graduate,"B.A., LL.B. Educated at Don Bosco High School, Guwahati, B. Baruah College and Arya Vidyapeeth College, Gauhati University and Gauhati University Law College",85,16,0,39,0.852459016,"This MP has been re-elected/nominated. During his previous term, this MP was an elected representative from Assam; the term ended on 2nd April, 2010. Data corresponds to the period from 01-06-2009 to 10-02-2024.",19.60701391,0.61776919,149.8504256,0.787043243,21.5,0.166666667,113.1666667,0.846176399,Rajya Sabha
900597,Virendra Bhatia,Elected,03-04-2006,24-05-2010,First Term,N/A,Uttar Pradesh,Samajwadi Party,Male,Post Graduate,"LL.B., M.Com., M.A.( Sociology), Diploma in Labour Law Educated at Lucknow University, Lucknow (Uttar Pradesh)",77,5,0,16,0.329411765, Data corresponds to the period from 01-06-2009 to 10-02-2024.,10.16469479,0.32389617,78.08241781,0.787043243,7.946169355,0.346774194,55.01915323,0.832984277,Rajya Sabha
900102,Bishnu Charan Das,Elected,02-07-2016,21-03-2017,First Term,N/A,Odisha,Biju Janata Dal,Male,Professional Graduate,"LLB from M.S. Law College, Cuttak in 1984 Utkal University, B.A. from S.V.M. College Jagatsinghpur in 1981 Utkal University",70,1,0,29,0.385714286, Data corresponds to the period from 01-06-2009 to 10-02-2024.,12.0512517,0.22141888,47.65939071,0.787043243,5.3,N/A,52.7,0.780593478,Rajya Sabha
900579,Veer Pal Singh Yadav,Elected,03-04-2006,02-04-2012,First Term,N/A,Uttar Pradesh,Samajwadi Party,Male,Professional Graduate,"B.A., LL.B. Educated at Atmaram Inter College, Balliya (Bareilly), Shri Gulab Ray Inter College, Bareilly and Bareilly College, Bareilly, Uttar Pradesh",69,14,0,23,0.846153846, Data corresponds to the period from 01-06-2009 to 10-02-2024.,23.58244777,0.61776919,178.9718321,0.787043243,19.40961022,1.217741935,116.322379,0.832984277,Rajya Sabha
900238,Kishore Kumar Mohanty,Elected,06-08-2009,03-04-2012,First Term,N/A,Odisha,Biju Janata Dal,Male,Professional Graduate,"B.Com., LL.B",65,18,0,73,0.823834197, Data corresponds to the period from 01-06-2009 to 10-02-2024.,19.6509376,0.521939332,155.4094913,0.787043243,30.1,N/A,151.9,0.780593478,Rajya Sabha
900115,Chhaya Verma,Elected,30-06-2016,29-06-2022,First Term,N/A,Chhattisgarh,Indian National Congress,Female,Graduate,"B.A. from Takhatpur College, Madhya Pradesh",62,178,0,1026,0.894586895, Data corresponds to the period from 01-06-2009 to 10-02-2024.,101.5030364,1.196297868,289.4391529,0.787043243,97.6,1,474.2,0.859688271,Rajya Sabha
900568,Upendra Kushwaha (RS),Elected,08-07-2010,04-01-2013,First Term,N/A,Bihar,Janata Dal (United),Male,Post Graduate,"B.Sc., M.A. (Political Science) Educated at Patna Science College, Patna and B.R. Ambedkar Bihar University, Muzaffarpur (Bihar)",63,4,0,150,0.775510204, Data corresponds to the period from 01-06-2009 to 10-02-2024.,20.03944059,0.601601884,150.5015734,0.787043243,26.8125,0.0625,195.4375,0.818079904,Rajya Sabha
900117,Chunibhai Kanjibhai Gohel,Elected,10-04-2014,09-04-2020,First Term,N/A,Gujarat,Bharatiya Janata Party,Male,Under Graduate,"Undergraduate Educated at Somnath College, Veraval, Gujarat",69,49,0,88,0.932989691, Data corresponds to the period from 01-06-2009 to 10-02-2024.,97.86446071,1.500965027,324.7388369,0.787043243,56.20833333,2.236111111,284.8293651,0.840459932,Rajya Sabha
900063,Ashok S. Ganguly,Nominated,18-11-2009,17-11-2015,First Term,N/A,N/A,Independent,Male,Doctorate,"B.Sc., M.S., Ph.D. ; Educated at Master Tutorial High School, Mumbai, Jaihind College, Mumbai and University of Illinois, U.S.A.",88,69,0,4,0.690866511, Data corresponds to the period from 01-06-2009 to 10-02-2024.,56.34732959,1.211428335,336.4707291,0.787043243,N/A,N/A,N/A,N/A,Rajya Sabha
900507,Shashi Bhusan Behera,Elected,02-07-2010,28-05-2014,First Term,N/A,Odisha,Biju Janata Dal,Male,Graduate,"Graduate ; Educated at Ravenshaw College, Utkal University, Cuttack (Orissa)",70,43,0,10,0.896678967, Data corresponds to the period from 01-06-2009 to 10-02-2024.,28.90670767,0.644155076,206.1667058,0.787043243,41.7,0.5,177.5,0.780593478,Rajya Sabha
900560,Tariq Anwar (RS),Elected,05-07-2004,16-05-2014,Second Term,N/A,Maharashtra,Nationalist Congress Party,Male,Graduate,"B.Sc. Educated at College of Commerce, Patna, Magadh University, Bodh Gaya (Bihar)",73,48,0,402,0.881226054,"This MP was a minister from Oct, 2012 to May 2014. Ministers represent the government, so we do not report their participation.  Participation and attendance details for this MP are thus available only till 7th Sep, 2012. Data corresponds to the period from 01-06-2009 to 10-02-2024.",28.54030559,0.776561884,211.847821,0.787043243,35.42934174,1.068697479,351.2687675,0.776425958,Rajya Sabha
900038,Amir Alam Khan,Elected,13-06-2006,04-07-2010,First Term,N/A,Uttar Pradesh,Samajwadi Party,Male,Inter/ Higher Secondary,"Intermediate Educated at Islamia Inter College, Muzaffarnagar (Uttar Pradesh)",66,3,0,186,0.435294118, Data corresponds to the period from 01-06-2009 to 10-02-2024.,10.16469479,0.32389617,78.08241781,0.787043243,7.946169355,0.346774194,55.01915323,0.832984277,Rajya Sabha
900132,Dharmendra Pradhan,Elected,03-04-2018,02-04-2024,Second Term,N/A,Madhya Pradesh,Bharatiya Janata Party,Male,Post Graduate,"M.A. (Anthropology) Educated at Talcher College, Odisha and Utkal University, Bhubaneswar, Odisha",54,8,0,92,0.822222222,"This MP was appointed a minister in May 2014. Ministers represent the government, so we do not report their participation.  Participation and attendance details for this MP are thus available only till Feb 2014. Data corresponds to the period from 01-06-2009 to 10-02-2024.",15.48895468,0.350282055,105.2772915,0.787043243,23.45833333,N/A,125.6583333,0.834198203,Rajya Sabha
900082,Basawaraj Patil,Elected,03-04-2012,02-04-2018,First Term,N/A,Karnataka,Bharatiya Janata Party,Male,Graduate,"B.Sc. (Pt-I) Educated at Government Degree College, Gulbarga Honorary Doctorate from Gulbarga University, 2011",79,111,0,239,0.942857143, Data corresponds to the period from 01-06-2009 to 10-02-2024.,76.5291343,1.331050954,332.9466233,0.787043243,54.51767677,1.181818182,332.4858586,0.724209112,Rajya Sabha
900076,Baishnab Parida,Elected,02-07-2010,01-07-2016,First Term,N/A,Odisha,Biju Janata Dal,Male,Post Graduate,"M.A., M.Phil ; Educated at University of Calcutta and Institute of Oriental Studies, Moscow",83,94,0,627,0.919621749, Data corresponds to the period from 01-06-2009 to 10-02-2024.,63.22170818,1.189831851,322.5160792,0.787043243,82.78611111,0.7,338.9555556,0.780593478,Rajya Sabha
900504,Sharad Anantrao Joshi,Elected,05-07-2004,04-07-2010,First Term,N/A,Maharashtra,Swtantra Bharat Paksh,Male,Post Graduate,"M. Com., Diplome d'informatique Educated at Sydenham College of Commerce & Economics, Mumbai and Institut de traitement d'information, Lausanne, Switzerland",89,20,0,43,0.964705882, Data corresponds to the period from 01-06-2009 to 10-02-2024.,10.16469479,0.32389617,78.08241781,0.787043243,14.25654762,0.476785714,139.1327381,0.776425958,Rajya Sabha
900385,Pratap Keshari Deb,Elected,18-05-2017,09-06-2019,First Term,N/A,Odisha,Biju Janata Dal,Male,Graduate,"B.A. from Ramjas College, 12th from Rajkumar College, Raipur",50,5,0,4,0.62037037, Data corresponds to the period from 01-06-2009 to 10-02-2024.,16.19980447,0.240173254,92.23434879,0.787043243,10.3,N/A,73,0.780593478,Rajya Sabha
900510,Shivanand Tiwari,Elected,10-04-2008,09-04-2014,First Term,N/A,Bihar,Janata Dal (United),Male,Under Graduate,N/A,80,91,0,557,0.887640449, Data corresponds to the period from 01-06-2009 to 10-02-2024.,39.07140246,0.968051246,284.2491237,0.787043243,51.8375,0.0625,331.9958333,0.818079904,Rajya Sabha
900564,Thaawar Chand Gehlot,Elected,03-04-2018,07-07-2021,Second Term,N/A,Madhya Pradesh,Bharatiya Janata Party,Male,Graduate,"B.A. Educated at Vikram University, Ujjain, Madhya Pradesh",76,26,0,227,0.955555556,"This MP was a minister from May 2014 to July 2021. Ministers represent the government, so we do not report their participation.  Participation and attendance details for this MP are thus available only till 21st Feb, 2014. Data corresponds to the period from 01-06-2009 to 10-02-2024.",15.48895468,0.350282055,105.2772915,0.787043243,19.75454545,0.727272727,163.7909091,0.850316503,Rajya Sabha
900307,Mukut Mithi,Elected,27-05-2008,23-06-2020,Second Term,N/A,Arunachal Pradesh,Indian National Congress,Male,Graduate,"B.Sc. Educated at J.N. College, Pasighat",72,8,0,7,0.805519054, Data corresponds to the period from 01-06-2009 to 10-02-2024.,136.9358632,2.469016273,608.9879606,0.787043243,8,N/A,7,0.71623103,Rajya Sabha
900278,Mangala Kisan,Elected,03-04-2008,02-04-2014,First Term,N/A,Odisha,Biju Janata Dal,Male,Graduate,"B.A. Educated at Bargaon High School, Bargoan, Distt. Sundargarh, B.J.B. College, Bhubaneswar, Utkal University and Sambalpur University",77,46,0,195,0.856741573, Data corresponds to the period from 01-06-2009 to 10-02-2024.,39.07140246,0.968051246,284.2491237,0.787043243,54.27777778,0.5,252.9222222,0.780593478,Rajya Sabha
900682,Sangeeta Yadav,Elected,05-07-2022,In Office,First Term,N/A,Uttar Pradesh,Bharatiya Janata Party,Female,Professional Graduate,"LL.B. Educated at Chaudhary Charan Singh University, Meerut, Uttar Pradesh",42,21,0,92,0.948979592, Data corresponds to the period from 01-06-2009 to 10-02-2024.,38.73141501,0.641564607,78.83033549,0.787043243,19.8362069,0.275862069,72.3546798,0.832984277,Rajya Sabha
900663,Lahar Singh Siroya,Elected,01-07-2022,In Office,First Term,N/A,Karnataka,Bharatiya Janata Party,Male,Information not available,Information not available,75,12,0,31,0.948979592, Data corresponds to the period from 01-06-2009 to 10-02-2024.,38.73141501,0.641564607,78.83033549,0.787043243,11.7,0.1,81.1,0.724209112,Rajya Sabha
900267,Maharaja Sanajaoba Leishemba,Elected,22-06-2020,In Office,First Term,N/A,Manipur,Bharatiya Janata Party,Male,Graduate,"B.A. (English Hons.) Educated at Maharaja Bodhchandra College, Imphal, Manipur",52,56,0,11,0.777202073, Data corresponds to the period from 01-06-2009 to 10-02-2024.,76.68499124,0.882574224,159.8800249,0.787043243,56,N/A,11,0.835576815,Rajya Sabha
900695,Krishan Lal Panwar,Elected,02-08-2022,In Office,First Term,N/A,Haryana,Bharatiya Janata Party,Male,Matric,"Matric, Boiler Competency Diploma Educated at Madlauda and Jaipur, Rajasthan",66,9,0,9,0.942528736, Data corresponds to the period from 01-06-2009 to 10-02-2024.,38.20414228,0.600655516,69.95760822,0.787043243,20.4,N/A,59,0.872776121,Rajya Sabha
900627,S. Selvaganabathy,Elected,07-10-2021,In Office,First Term,N/A,Puducherry,Bharatiya Janata Party,Male,Post Graduate,"B.Sc. (Zoology), M.A. (Sociology), B.Ed., M.Ed. Educated at Tagore Arts College, Madras University, Puducherry, Venkateswara University, Tirupati, Annamalai University, Chidambaram and Madurai Kamaraj University, Madurai, Tamil Nadu
",67,16,0,200,0.972027972, Data corresponds to the period from 01-06-2009 to 10-02-2024.,60.9930979,0.882574224,116.89793,0.787043243,16,N/A,200,0.752518802,Rajya Sabha
900662,Jaggesh,Elected,01-07-2022,In Office,First Term,N/A,Karnataka,Bharatiya Janata Party,Male,Graduate,"PUC, B.Sc. Educated at Seshadripuram and Vivekananada Degree College, Karnataka",61,9,0,126,0.591836735, Data corresponds to the period from 01-06-2009 to 10-02-2024.,38.73141501,0.641564607,78.83033549,0.787043243,11.7,0.1,81.1,0.724209112,Rajya Sabha
900680,Ghanshyam Tiwari,Elected,05-07-2022,In Office,First Term,N/A,Rajasthan,Bharatiya Janata Party,Male,Professional Graduate,"B.Com., LL.B. Educated at S.K. College, University of Rajasthan, Jaipur",76,25,0,77,0.989795918, Data corresponds to the period from 01-06-2009 to 10-02-2024.,38.73141501,0.641564607,78.83033549,0.787043243,9.652777778,0.111111111,87.75,0.822358304,Rajya Sabha
900138,Dola Sen,Elected,19-08-2023,In Office,Third Term,N/A,West Bengal,All India Trinamool Congress,Female,Graduate,"B.Sc. (Mathematics), Calcutta University",57,220,0,83,0.544789762, Data corresponds to the period from 01-06-2009 to 10-02-2024.,158.6862193,2.109549694,435.3029405,0.787043243,235.7803571,3.4125,413.7964286,0.69145404,Rajya Sabha
900190,Jose K. Mani (RS),Elected,30-11-2021,In Office,Second Term,N/A,Kerala,Kerala Congress (M),Male,Post Graduate,"B.Com., M.B.A. (Marketing); Educated at Loyola College, Chennai and P.S.G. College of Technology, Coimbatore",60,192,0,322,0.704545455, Data corresponds to the period from 01-06-2009 to 10-02-2024.,102.8611946,1.402770352,217.3113381,0.787043243,263.4444444,4.638888889,302.1944444,0.78108786,Rajya Sabha
900628,Sushmita Dev,Elected,03-04-2024,In Office,Second Term,N/A,West Bengal,All India Trinamool Congress,Female,Graduate,"B.A. (Hons.), Bar-at-Law, LL.M. (Corporate and Commercial Laws) Educated at Miranda House, Delhi University; Thames Valley University, London; Inns of Courts School of Law, London; and Kings College, London University, U.K. ",51,23,0,94,0.543103448, Data corresponds to the period from 01-06-2009 to 10-02-2024.,44.0390214,0.503376529,98.40465175,0.787043243,88.94583333,0.9375,97.19583333,0.69145404,Rajya Sabha
900625,Jawhar Sircar,Elected,04-08-2021,In Office,First Term,N/A,West Bengal,All India Trinamool Congress,Male,Post Graduate,"B. A. (Hons.) Political Science, M. A. (History) Educated at Calcutta University, Kolkata (West Bengal)",72,132,0,234,0.899328859, Data corresponds to the period from 01-06-2009 to 10-02-2024.,61.61751104,0.882574224,122.4941742,0.787043243,115.2208333,1.1875,112.4916667,0.69145404,Rajya Sabha
900430,Ram Shakal,Nominated,14-07-2018,In Office,First Term,N/A,N/A,Bharatiya Janata Party,Male,Post Graduate,"M.A. (Political Science) Educated at Kanhaiyalal Basantlal Post Graduate College, Mirzapur, Gorakhpur University, Gorakhpur, Uttar Pradesh",61,13,0,144,0.870253165, Data corresponds to the period from 01-06-2009 to 10-02-2024.,113.5092723,1.402770352,253.621355,0.787043243,N/A,N/A,N/A,N/A,Rajya Sabha
900690,Mahua Maji,Elected,08-07-2022,In Office,First Term,N/A,Jharkhand,Jharkhand Mukti Morcha,Female,Doctorate,"B.A. (Hons.), M.A. (Sociology), U.G.C. - NET, Ph.D. Educated at Ranchi University, Ranchi",59,48,0,47,0.826530612, Data corresponds to the period from 01-06-2009 to 10-02-2024.,38.73141501,0.641564607,78.83033549,0.787043243,18.66666667,0.166666667,58.16666667,0.784158314,Rajya Sabha
900639,Jebi Mather Hisham,Elected,01-04-2022,In Office,First Term,N/A,Kerala,Indian National Congress,Female,Professional Graduate,"B.A., LL.B., LL.M. Educated at M.S. Ramaiah College of Law, Bangalore and Cochin University of Science and Technolgy (CUSAT), Ernakulam",45,99,0,143,0.961165049, Data corresponds to the period from 01-06-2009 to 10-02-2024.,43.78713591,0.712993179,83.29329845,0.787043243,157.8888889,3.972222222,141.8611111,0.78108786,Rajya Sabha
900657,R. Dharmar,Elected,30-06-2022,In Office,First Term,N/A,Tamil Nadu,All India Anna Dravida Munnetra Kazhagam,Male,Graduate,"B.A. Educated at Bharathiar University, District Niligiris, Tamil Nadu",54,1,0,44,0.642857143, Data corresponds to the period from 01-06-2009 to 10-02-2024.,38.73141501,0.641564607,78.83033549,0.787043243,61.77777778,0.833333333,90.66666667,0.713206211,Rajya Sabha
900679,Randeep Singh Surjewala,Elected,05-07-2022,In Office,First Term,N/A,Rajasthan,Indian National Congress,Male,Post Graduate,"B. Com. (Hons.), LL.B., M.A. Educated at DAV College, Chandigarh, Faculty of Law, Punjab University, Chandigarh",57,3,0,32,0.428571429, Data corresponds to the period from 01-06-2009 to 10-02-2024.,38.73141501,0.641564607,78.83033549,0.787043243,9.652777778,0.111111111,87.75,0.822358304,Rajya Sabha
900230,Kapil Sibal,Elected,05-07-2022,In Office,Third Term,N/A,Uttar Pradesh,Independent,Male,Professional Post Graduate,"M.A. (History), LL. M.; Educated at St. Stephen`s College, University of Delhi, Delhi and Harward Law School, USA",75,20,0,325,0.454342984, Data corresponds to the period from 01-06-2009 to 10-02-2024.,140.2344514,1.837862475,368.2694884,0.787043243,128.4451834,0.543678161,356.2243021,0.832984277,Rajya Sabha
900636,Sikander Kumar,Elected,01-04-2022,In Office,First Term,N/A,Himachal Pradesh,Bharatiya Janata Party,Male,Doctorate,"B.A., M.A.(Economics), M.Phil., Ph.D. (UGC - NET cleared) Educated at Himachal Pradesh University, Shimla",56,28,0,65,0.990291262, Data corresponds to the period from 01-06-2009 to 10-02-2024.,43.78713591,0.712993179,83.29329845,0.787043243,16.33333333,N/A,60.5,0.860472025,Rajya Sabha
900699,Sadanand Shet Tanawde,Elected,31-07-2023,In Office,First Term,N/A,Goa,Bharatiya Janata Party,Male,Information not available,Information not available,54,14,0,23,0.945945946, Data corresponds to the period from 01-06-2009 to 10-02-2024.,18.41104931,0.379197695,27.16813868,0.787043243,14,N/A,23,0.904358563,Rajya Sabha
900694,Kartikeya Sharma,Elected,02-08-2022,In Office,First Term,N/A,Haryana,Independent,Male,Graduate,"B.Sc. (Business Management) Educated at Kings College, University of London, London, U.K.",43,13,0,132,0.954022989, Data corresponds to the period from 01-06-2009 to 10-02-2024.,38.20414228,0.600655516,69.95760822,0.787043243,20.4,N/A,59,0.872776121,Rajya Sabha
900276,Mamata Mohanta,Elected,03-04-2020,In Office,First Term,N/A,Odisha,Biju Janata Dal,Female,Graduate,"B.A. Educated at Shri Maa Mahila Mahavidyalaya, Utkal University, Baripada, Odisha",48,35,0,108,0.70984456, Data corresponds to the period from 01-06-2009 to 10-02-2024.,76.68499124,0.882574224,159.8800249,0.787043243,374.1555556,3.222222222,239.1111111,0.780593478,Rajya Sabha
900655,Kavita Patidar,Elected,30-06-2022,In Office,First Term,N/A,Madhya Pradesh,Bharatiya Janata Party,Female,Post Graduate,"B.Sc., LL.B., M.A. Educated at Government Post Graduate College, Mhow, Indore and P.M.B. Gujarati Arts and Law College",49,25,0,69,0.908163265, Data corresponds to the period from 01-06-2009 to 10-02-2024.,38.73141501,0.641564607,78.83033549,0.787043243,23.25,0.125,91.375,0.850316503,Rajya Sabha
900547,Syed Nasir Hussain,Elected,03-04-2024,In Office,Second Term,N/A,Karnataka,Indian National Congress,Male,Doctorate,"M.A. (Political Science), M.Phil. (International Studies), Ph.D. (International Studies) Educated at St. Philomena's College, Mysore, University of Mysore, Mysore and Jawaharlal Nehru University, New Delhi",54,42,0,345,0.884012539, Data corresponds to the period from 01-06-2009 to 10-02-2024.,113.5092723,1.402770352,256.9495301,0.787043243,75.12121212,0.381818182,323.1454545,0.724209112,Rajya Sabha
900422,Ram Gopal Yadav,Elected,26-11-2020,In Office,Fifth Term,N/A,Uttar Pradesh,Samajwadi Party,Male,Doctorate,"M. Sc. (Physics), M.A. (Political Science), Ph. D., Educated at Agra University, Agra and Kanpur University, Kanpur",77,337,0,1,0.847439916, Data corresponds to the period from 01-06-2009 to 10-02-2024.,213.6208544,3.351590497,768.8679855,0.787043243,205.3044043,2.417334075,659.3727101,0.832984277,Rajya Sabha
900672,Dhananjay Bhimrao Mahadik,Elected,05-07-2022,In Office,First Term,N/A,Maharashtra,Bharatiya Janata Party,Male,Graduate,"B.Com. Educated at Rajarshi Chh. Shahu College, Kolhapur and Shivaji University, Kolhapur",52,89,0,154,0.979591837, Data corresponds to the period from 01-06-2009 to 10-02-2024.,38.73141501,0.641564607,78.83033549,0.787043243,59.26666667,1,82.06666667,0.776425958,Rajya Sabha
900683,Sulata Deo,Elected,02-07-2022,In Office,First Term,N/A,Odisha,Biju Janata Dal,Female,Information not available,Information not available,51,80,0,100,0.979591837, Data corresponds to the period from 01-06-2009 to 10-02-2024.,38.73141501,0.641564607,78.83033549,0.787043243,173.7777778,2,114.6666667,0.780593478,Rajya Sabha
900615,Naresh Bansal,Elected,26-11-2020,In Office,First Term,N/A,Uttarakhand,Bharatiya Janata Party,Male,Post Graduate,"M.Com. Educated at D.A.V. (P.G.) College, Dehradun, Uttarakhnd",69,34,0,171,0.885245902, Data corresponds to the period from 01-06-2009 to 10-02-2024.,71.6365885,0.882574224,152.3730845,0.787043243,20.66666667,N/A,81.33333333,0.876097949,Rajya Sabha
900674,Imran Pratapgarhi,Elected,05-07-2022,In Office,First Term,N/A,Maharashtra,Indian National Congress,Male,Post Graduate,"M.A. (Hindi), Diploma in Journalism Educated at Allahabad University, Uttar Pradesh",36,16,0,56,0.93877551, Data corresponds to the period from 01-06-2009 to 10-02-2024.,38.73141501,0.641564607,78.83033549,0.787043243,59.26666667,1,82.06666667,0.776425958,Rajya Sabha
900635,Rwngwra Narzary,Elected,01-04-2022,In Office,First Term,N/A,Assam,United Peoples Party (Liberal),Male,Graduate,B.A.,54,10,0,11,0.932038835, Data corresponds to the period from 01-06-2009 to 10-02-2024.,43.78713591,0.712993179,83.29329845,0.787043243,22.73015873,N/A,38.41269841,0.846176399,Rajya Sabha
900367,Pilli Subhaschandra Bose,Elected,22-06-2020,In Office,First Term,N/A,Andhra Pradesh,Yuvajana Sramika Rythu Congress Party,Male,Graduate,"B.Sc. Educated at VSM College, Ramachandrapuram (Andhra Pradesh)",73,42,0,82,0.849740933, Data corresponds to the period from 01-06-2009 to 10-02-2024.,76.68499124,0.882574224,159.8800249,0.787043243,52.81818182,1.181818182,257.4545455,0.758898933,Rajya Sabha
900359,Parimal Nathwani,Elected,22-06-2020,In Office,Third Term,N/A,Andhra Pradesh,Yuvajana Sramika Rythu Congress Party,Male,Post Graduate,"Professional doctorate in management Educated at National Institute of Management, Ahmedabad",68,21,0,1776,0.392557023, Data corresponds to the period from 01-06-2009 to 10-02-2024.,213.6208544,3.351590497,768.8679855,0.787043243,124.7848485,2.448484848,1127.921212,0.77573852,Rajya Sabha
900673,Baburam Nishad,Elected,05-07-2022,In Office,First Term,N/A,Uttar Pradesh,Bharatiya Janata Party,Male,Professional Graduate,"B.A., LL.B. Educated at Bundelkhand University, Jhansi, Uttar Pradesh",54,15,0,23,0.979591837, Data corresponds to the period from 01-06-2009 to 10-02-2024.,38.73141501,0.641564607,78.83033549,0.787043243,19.8362069,0.275862069,72.3546798,0.832984277,Rajya Sabha
900319,Nabam Rebia,Elected,24-06-2020,In Office,Third Term,N/A,Arunachal Pradesh,Bharatiya Janata Party,Male,Graduate,"B.A. (Hons.), LL.B. Educated at H.S. School, Doimukh, J.N. College, Pasighat, Panjab University and Delhi University",61,11,0,23,0.626943005, Data corresponds to the period from 01-06-2009 to 10-02-2024.,76.68499124,0.882574224,159.8800249,0.787043243,11,N/A,23,0.71623103,Rajya Sabha
900648,Ravichandra Vaddiraju,Elected,03-04-2024,In Office,Second Term,N/A,Telangana,Bharat Rashtra Samithi,Male,Inter/ Higher Secondary,Intermediate,60,2,0,31,0.714285714, Data corresponds to the period from 01-06-2009 to 10-02-2024.,38.73141501,0.641564607,78.83033549,0.787043243,4.285714286,0.428571429,51.42857143,0.71613233,Rajya Sabha
900675,Vikramjit Singh Sahney,Elected,05-07-2022,In Office,First Term,N/A,Punjab,Aam Aadmi Party,Male,Post Graduate,"M.A. (Economics), Masters in Business Administration Educated at Punjab University, Patiala and Board of Technical Education, Uttar Pradesh Currently pursuing Public Leadership Credential from Harvard Kennedy School, Massachussets, U.S.A.",62,10,0,118,0.653061224, Data corresponds to the period from 01-06-2009 to 10-02-2024.,38.73141501,0.641564607,78.83033549,0.787043243,17.14285714,1.285714286,116.4285714,0.786130822,Rajya Sabha
900420,Ram Chander Jangra,Elected,10-04-2020,In Office,First Term,N/A,Haryana,Bharatiya Janata Party,Male,Graduate,"Graduate Educated at Govt. College, Rohtak, Haryana",74,55,0,28,0.974093264, Data corresponds to the period from 01-06-2009 to 10-02-2024.,76.68499124,0.882574224,159.8800249,0.787043243,31,N/A,114.4,0.872776121,Rajya Sabha
900066,Ashwini Vaishnaw,Elected,04-04-2024,In Office,Second Term,N/A,Odisha,Bharatiya Janata Party,Male,Professional Post Graduate,"B.E., M.Tech., M.B.A. Educated at MBM Engineering College, Jodhpur, Indian Institute of Technology, Kanpur and Wharton Business School, University of Pennsylvania, U.S.A.",53,25,0,21,0.884615385, Data corresponds to the period from 01-06-2009 to 10-02-2024.,42.40015236,0.327911535,77.65890527,0.787043243,169.3777778,1,90.92063492,0.780593478,Rajya Sabha
900092,Bhubaneswar Kalita,Elected,10-04-2020,In Office,Fifth Term,N/A,Assam,Bharatiya Janata Party,Male,Post Graduate,"M.A., LL.B. Educated at Rangia HS School, Rangia, Cotton College, Guwahati University and University Law College, Guwahati",73,93,0,386,0.870614035, Data corresponds to the period from 01-06-2009 to 10-02-2024.,196.6096356,3.098568829,734.2165058,0.787043243,130.0301587,1.30952381,567.631746,0.846176399,Rajya Sabha
900497,Shaktisinh Gohil,Elected,22-06-2020,In Office,First Term,N/A,Gujarat,Indian National Congress,Male,Professional Post Graduate,"Bachelor of Science, Bachelor of Legislative Law, Diploma in Journalism, Masters of Legislative Law (LL.M.) Educated at Bhavnagar University, Bhavnagar, Saurashtra University, Rajkot, Gujarat ",64,48,0,199,0.92746114, Data corresponds to the period from 01-06-2009 to 10-02-2024.,76.68499124,0.882574224,159.8800249,0.787043243,41.5,N/A,150.125,0.840459932,Rajya Sabha
900696,Gulam Ali,Nominated,14-09-2022,In Office,First Term,N/A,N/A,Bharatiya Janata Party,Male,Graduate,"B.E. (Electrical) Educated at Government College of Engineering and Technology, Jammu, University of Jammu",53,7,0,10,1, Data corresponds to the period from 01-06-2009 to 10-02-2024.,34.85868774,0.518837335,65.63488094,0.787043243,N/A,N/A,N/A,N/A,Rajya Sabha
900534,Sudhanshu Trivedi,Elected,03-04-2024,In Office,Second Term,N/A,Uttar Pradesh,Bharatiya Janata Party,Male,Doctorate,"Ph.D. (Mechanical Engineering) Educated at Dr. A.P.J. Abdul Kalam Technical University (previously U.P. Technical University), Lucknow, Uttar Pradesh",53,26,0,36,0.957627119, Data corresponds to the period from 01-06-2009 to 10-02-2024.,93.18051501,1.135595891,194.5315046,0.787043243,68.68218391,0.377011494,188.9247947,0.832984277,Rajya Sabha
900631,K.R.N. Rajeshkumar,Elected,30-06-2022,In Office,Second Term,N/A,Tamil Nadu,Dravida Munnetra Kazhagam,Male,Post Graduate,"D.C.M., B.A. (Coop.), M. Com. Educated at Madras University, Chennai",47,33,0,253,0.664335664, Data corresponds to the period from 01-06-2009 to 10-02-2024.,60.9930979,0.882574224,116.89793,0.787043243,99.72222222,1.166666667,124.5,0.713206211,Rajya Sabha
900656,Sumitra Balmik,Elected,30-06-2022,In Office,First Term,N/A,Madhya Pradesh,Bharatiya Janata Party,Female,Graduate,"B.A. Educated at M.P. Bhoj (Open) University, Bhopal, Madhya Pradesh",68,24,0,39,0.989795918, Data corresponds to the period from 01-06-2009 to 10-02-2024.,38.73141501,0.641564607,78.83033549,0.787043243,23.25,0.125,91.375,0.850316503,Rajya Sabha
900490,Satish Chandra Dubey,Elected,08-07-2022,In Office,Second Term,N/A,Bihar,Bharatiya Janata Party,Male,Inter/ Higher Secondary,Intermediate,49,19,0,243,0.894067797, Data corresponds to the period from 01-06-2009 to 10-02-2024.,93.18051501,1.135595891,194.5315046,0.787043243,67.03717949,0.96025641,126.2721612,0.818079904,Rajya Sabha
900164,Harivansh,Elected,10-04-2020,In Office,Second Term,N/A,Bihar,Janata Dal (United),Male,Post Graduate,"M.A. (Economics), Diploma in Journalism; Educated at BHU, Varanasi",67,110,0,518,0.887719298,This MP was elected Deputy Chairman of RS in Aug 2018. Participation and attendance details of this MP are thus available till July 2018. Data corresponds to the period from 01-06-2009 to 10-02-2024.,65.35731255,1.052517778,245.415576,0.787043243,91.36471861,0.071428571,144.6071429,0.818079904,Rajya Sabha
900185,Jaya Bachchan,Elected,03-04-2024,In Office,Fifth Term,N/A,Uttar Pradesh,Samajwadi Party,Female,Graduate,"S.S.C., Graduation Educated at St. Joseph's Convent School, Bhopal and Film & Television Institute of India, Pune",76,292,0,451,0.820293399, Data corresponds to the period from 01-06-2009 to 10-02-2024.,200.2031014,3.057717476,667.9785711,0.787043243,193.8409634,1.546366333,598.0694843,0.832984277,Rajya Sabha
900146,G.C. Chandrashekar,Elected,03-04-2024,In Office,Second Term,N/A,Karnataka,Indian National Congress,Male,Post Graduate,"M.A. (Public Administration) Educated at Periyar University, Salem",61,69,0,450,0.893890675, Data corresponds to the period from 01-06-2009 to 10-02-2024.,113.5092723,1.402770352,256.9495301,0.787043243,75.12121212,0.381818182,323.1454545,0.724209112,Rajya Sabha
900678,Darshana Singh,Elected,05-07-2022,In Office,First Term,N/A,Uttar Pradesh,Bharatiya Janata Party,Female,Post Graduate,"M.A. Educated at Purvanchal Vishwavidyalaya, Jaunpur, Uttar Pradesh",49,23,0,48,0.979591837, Data corresponds to the period from 01-06-2009 to 10-02-2024.,38.73141501,0.641564607,78.83033549,0.787043243,19.8362069,0.275862069,72.3546798,0.832984277,Rajya Sabha
900070,Ayodhya Rami Reddy Alla,Elected,22-06-2020,In Office,First Term,N/A,Andhra Pradesh,Yuvajana Sramika Rythu Congress Party,Male,Post Graduate,"M.E. (Master of Engineering) Educated at College of Engineering, Osmania University Campus, Hyderabad, Telangana",60,47,0,258,0.92746114, Data corresponds to the period from 01-06-2009 to 10-02-2024.,76.68499124,0.882574224,159.8800249,0.787043243,52.81818182,1.181818182,257.4545455,0.758898933,Rajya Sabha
900366,Phulo Devi Netam,Elected,10-04-2020,In Office,First Term,N/A,Chhattisgarh,Indian National Congress,Female,Inter/ Higher Secondary,"12th Standard Educated at Jagdalpur, Chhattisgarh",52,124,0,335,0.865284974, Data corresponds to the period from 01-06-2009 to 10-02-2024.,76.68499124,0.882574224,159.8800249,0.787043243,49.4,0.8,237.2,0.859688271,Rajya Sabha
900317,N.R. Elango,Elected,03-04-2020,In Office,First Term,N/A,Tamil Nadu,Dravida Munnetra Kazhagam,Male,Graduate,"B.L. Educated at Government Law College, Trichy",57,49,0,72,0.559585492, Data corresponds to the period from 01-06-2009 to 10-02-2024.,76.68499124,0.882574224,159.8800249,0.787043243,111.1843137,1.166666667,157.172549,0.713206211,Rajya Sabha
900288,Mausam Noor,Elected,03-04-2020,In Office,First Term,N/A,West Bengal,All India Trinamool Congress,Female,Professional Graduate,LL.B.,44,51,0,87,0.653846154, Data corresponds to the period from 01-06-2009 to 10-02-2024.,76.68499124,0.882574224,159.8800249,0.787043243,119.7803571,1.1875,145.7672619,0.69145404,Rajya Sabha
900652,Ryaga Krishnaiah,Elected,22-06-2022,In Office,First Term,N/A,Andhra Pradesh,Yuvajana Sramika Rythu Congress Party,Male,Post Graduate,"B. Com., LL.B., M.A., LL.M., M.Phil. Educated at P.G College of Law and Osmania University, Hyderabad",69,8,0,47,0.826530612, Data corresponds to the period from 01-06-2009 to 10-02-2024.,38.73141501,0.641564607,78.83033549,0.787043243,23.36363636,0.727272727,116.8181818,0.758898933,Rajya Sabha
900582,Venkataramana Rao Mopidevi,Elected,22-06-2020,In Office,First Term,N/A,Andhra Pradesh,Yuvajana Sramika Rythu Congress Party,Male,Graduate,"B.A. Educated at Loyola Degree College, Vijayawada",59,8,0,44,0.518134715, Data corresponds to the period from 01-06-2009 to 10-02-2024.,76.68499124,0.882574224,159.8800249,0.787043243,52.81818182,1.181818182,257.4545455,0.758898933,Rajya Sabha
900254,M. Thambidurai,Elected,03-04-2020,In Office,First Term,N/A,Tamil Nadu,All India Anna Dravida Munnetra Kazhagam,Male,Doctorate,"M.A., M.Phil., M.Litt., Ph.D. (Economics) Educated at Madras Christian College, Madras University, Chennai, Tamil Nadu",77,119,0,80,0.834196891, Data corresponds to the period from 01-06-2009 to 10-02-2024.,76.68499124,0.882574224,159.8800249,0.787043243,111.1843137,1.166666667,157.172549,0.713206211,Rajya Sabha
900537,Sumer Singh Solanki,Elected,22-06-2020,In Office,First Term,N/A,Madhya Pradesh,Bharatiya Janata Party,Male,Doctorate,"M.A. (History), Ph.D. Educated at Devi Ahilya Vishwavidyalaya, Indore, Madhya Pradesh",52,24,0,150,1, Data corresponds to the period from 01-06-2009 to 10-02-2024.,76.68499124,0.882574224,159.8800249,0.787043243,50.47222222,0.25,148.2777778,0.850316503,Rajya Sabha
900677,Balbir Singh,Elected,05-07-2022,In Office,First Term,N/A,Punjab,Aam Aadmi Party,Male,Information not available,Information not available,62,28,0,58,0.744897959, Data corresponds to the period from 01-06-2009 to 10-02-2024.,38.73141501,0.641564607,78.83033549,0.787043243,17.14285714,1.285714286,116.4285714,0.786130822,Rajya Sabha
900617,Seema Dwivedi,Elected,26-11-2020,In Office,First Term,N/A,Uttar Pradesh,Bharatiya Janata Party,Female,Post Graduate,"M.A. Educated at T.D. College, Jaunpur, Uttar Pradeshavailable",52,41,0,69,0.825136612, Data corresponds to the period from 01-06-2009 to 10-02-2024.,71.6365885,0.882574224,152.3730845,0.787043243,45.79827586,0.310344828,150.7753695,0.832984277,Rajya Sabha
900042,Anbumani Ramadoss (RS),Elected,26-07-2019,In Office,Second Term,N/A,Tamil Nadu,Pattali Makkal Katchi,Male,Professional Graduate,"M.B.B.S. Educated at Madras Medical College, Chennai (Tamil Nadu)",55,6,0,139,0.288590604, Data corresponds to the period from 01-06-2009 to 10-02-2024.,107.5767798,1.485923779,273.4773585,0.787043243,155.5176471,1.444444444,273.5614379,0.713206211,Rajya Sabha
900634,Pabitra Margherita,Elected,01-04-2022,In Office,First Term,N/A,Assam,Bharatiya Janata Party,Male,Diploma Course,Diploma in Textile Technology Educated at Assam Textile Institute,49,45,0,80,1, Data corresponds to the period from 01-06-2009 to 10-02-2024.,43.78713591,0.712993179,83.29329845,0.787043243,22.73015873,N/A,38.41269841,0.846176399,Rajya Sabha
900275,Mallikarjun Kharge,Elected,26-06-2020,In Office,First Term,N/A,Karnataka,Indian National Congress,Male,Professional Graduate,"B.A., LL.B; Educated at Karnataka University, Karnataka",81,96,0,261,0.515151515, Data corresponds to the period from 01-06-2009 to 10-02-2024.,76.68499124,0.882574224,159.8800249,0.787043243,39.83030303,0.1,181.5818182,0.724209112,Rajya Sabha
900028,Akhilesh Prasad Singh,Elected,03-04-2024,In Office,Second Term,N/A,Bihar,Indian National Congress,Male,Doctorate,"M.A. (Eng.), M.Sc., Ph.D. Educated at Patna University, Patna",62,25,0,262,0.862928349, Data corresponds to the period from 01-06-2009 to 10-02-2024.,113.5092723,1.402770352,256.9495301,0.787043243,90.06465201,0.96025641,152.3765568,0.818079904,Rajya Sabha
900147,G.K. Vasan,Elected,03-04-2020,In Office,Third Term,N/A,Tamil Nadu,Tamil Maanila Congress (Moopanar),Male,Graduate,"B.A. (Corporate Secretaryship) Educated at The New College, Madras University, Chennai",59,82,0,3,0.730569948,"This MP was a minister till May 2014. Ministers represent the government, so we do not report their participation. Participation and attendance details for this MP are available from Jun 2014. Data corresponds to the period from 01-06-2009 to 10-02-2024.",115.7563937,1.85062547,444.1291486,0.787043243,162.6022059,1.862745098,484.8155229,0.713206211,Rajya Sabha
900669,Mithlesh Kumar,Elected,05-07-2022,In Office,First Term,N/A,Uttar Pradesh,Bharatiya Janata Party,Male,Graduate,"B.Sc. Educated at Bareli College, Uttar Pradesh",59,8,0,61,0.918367347, Data corresponds to the period from 01-06-2009 to 10-02-2024.,38.73141501,0.641564607,78.83033549,0.787043243,19.8362069,0.275862069,72.3546798,0.832984277,Rajya Sabha
900377,Praful Manoharbhai Patel,Elected,03-04-2024,In Office,Sixth Term,N/A,Maharashtra,Nationalist Congress Party,Male,Graduate,"B.Com.; Educated at University of Bombay, Mumbai, Maharashtra",67,60,0,4,0.705685619, Data corresponds to the period from 01-06-2009 to 10-02-2024.,174.3538964,2.383539251,484.6188618,0.787043243,197.1500844,6.286321195,647.5496104,0.776425958,Rajya Sabha
900614,Narayana Koragappa,Elected,26-11-2020,In Office,First Term,N/A,Karnataka,Bharatiya Janata Party,Male,Graduate,Graduate Educated at Mysore Open University,72,9,0,120,0.945355191, Data corresponds to the period from 01-06-2009 to 10-02-2024.,71.6365885,0.882574224,152.3730845,0.787043243,36.8030303,0.1,174.0090909,0.724209112,Rajya Sabha
900685,Dharmasthala Veerendra Heggade,Nominated,07-07-2022,In Office,First Term,N/A,N/A,Nominated,Male,Graduate,"B.A. Educated at Bengaluru, Karnataka",75,2,0,89,0.378947368, Data corresponds to the period from 01-06-2009 to 10-02-2024.,38.73141501,0.641564607,78.83033549,0.787043243,N/A,N/A,N/A,N/A,Rajya Sabha
900337,Narhari Amin,Elected,22-06-2020,In Office,First Term,N/A,Gujarat,Bharatiya Janata Party,Male,Professional Graduate,"B.Com., LL.B. Educated at Gujarat University, Ahmedabad",69,8,0,218,0.870466321, Data corresponds to the period from 01-06-2009 to 10-02-2024.,76.68499124,0.882574224,159.8800249,0.787043243,41.5,N/A,150.125,0.840459932,Rajya Sabha
900523,Sonal Mansingh,Nominated,14-07-2018,In Office,First Term,N/A,N/A,Bharatiya Janata Party,Female,Doctorate,Information not available,80,99,0,92,0.727848101, Data corresponds to the period from 01-06-2009 to 10-02-2024.,113.5092723,1.402770352,253.621355,0.787043243,N/A,N/A,N/A,N/A,Rajya Sabha
900134,Digvijaya Singh,Elected,22-06-2020,In Office,Second Term,N/A,Madhya Pradesh,Indian National Congress,Male,Professional Graduate,"B.E., (Mechanical); Educated at Daly College and G.S.T.I., Indore",77,167,0,403,0.732993197, Data corresponds to the period from 01-06-2009 to 10-02-2024.,174.5494519,2.383539251,484.6188618,0.787043243,144.6269841,1.027777778,527.4630952,0.850316503,Rajya Sabha
900311,Muzibulla Khan,Elected,03-04-2020,In Office,First Term,N/A,Odisha,Biju Janata Dal,Male,Information not available,Information not available,61,38,0,98,0.761658031, Data corresponds to the period from 01-06-2009 to 10-02-2024.,76.68499124,0.882574224,159.8800249,0.787043243,374.1555556,3.222222222,239.1111111,0.780593478,Rajya Sabha
900665,Laxmikant Bajpayee,Elected,05-07-2022,In Office,First Term,N/A,Uttar Pradesh,Bharatiya Janata Party,Male,Graduate,"B.Sc., B.A.M.S. Educated at Meerut University, Kanpur University and Rishikul Rajakiya Ayurvedic College, Haridwar, Uttarakhand",72,23,0,56,0.989795918, Data corresponds to the period from 01-06-2009 to 10-02-2024.,38.73141501,0.641564607,78.83033549,0.787043243,19.8362069,0.275862069,72.3546798,0.832984277,Rajya Sabha
900413,Rajendra Gehlot,Elected,22-06-2020,In Office,First Term,N/A,Rajasthan,Bharatiya Janata Party,Male,Inter/ Higher Secondary,"Senior Higher Secondary, Educated at Ajmer, Rajasthan",73,3,0,202,0.943005181, Data corresponds to the period from 01-06-2009 to 10-02-2024.,76.68499124,0.882574224,159.8800249,0.787043243,29.84166667,0.222222222,200.5833333,0.822358304,Rajya Sabha
900611,Brijlal,Elected,26-11-2020,In Office,First Term,N/A,Uttar Pradesh,Bharatiya Janata Party,Male,Post Graduate,"B.Sc., M.Sc.( Maths) Educated at Allahabad University, Allahabad (Uttar Pradesh)",69,71,0,310,0.983606557, Data corresponds to the period from 01-06-2009 to 10-02-2024.,71.6365885,0.882574224,152.3730845,0.787043243,45.79827586,0.310344828,150.7753695,0.832984277,Rajya Sabha
900603,Wanweiroy Kharlukhi,Elected,22-06-2020,In Office,First Term,N/A,Meghalaya,National Peoples Party,Male,Doctorate,"B.A., M.A., M. Phil., D.Phil. Educated at St. Anthony’s College, Shillong and North-Eastern Hill University, Shillong",67,3,0,7,0.658031088, Data corresponds to the period from 01-06-2009 to 10-02-2024.,76.68499124,0.882574224,159.8800249,0.787043243,3,N/A,7,0.805163768,Rajya Sabha
900381,Pramod Tiwari,Elected,05-07-2022,In Office,Second Term,N/A,Rajasthan,Indian National Congress,Male,Professional Graduate,"B.Sc., LL.B.",72,156,0,334,0.891959799, Data corresponds to the period from 01-06-2009 to 10-02-2024.,100.8098969,1.622333506,318.5382256,0.787043243,89.81973577,0.6390681,301.6495895,0.827671291,Rajya Sabha
900684,Manas Ranjan Mangaraj,Elected,02-07-2022,In Office,First Term,N/A,Odisha,Biju Janata Dal,Male,Post Graduate,"M.Sc. (Botany) Educated at Berhampur University, Odisha",53,7,0,45,0.87755102, Data corresponds to the period from 01-06-2009 to 10-02-2024.,38.73141501,0.641564607,78.83033549,0.787043243,173.7777778,2,114.6666667,0.780593478,Rajya Sabha
900325,Narain Dass Gupta,Elected,31-01-2024,In Office,Second Term,N/A,Delhi,Aam Aadmi Party,Male,Graduate,"B.Com. (Hons.), Chartered Accountant Educated at Shri Ram College of Commerce, University of Delhi, Delhi and The Institute of Chartered Accountants of India, Delhi",78,69,0,357,0.90778098, Data corresponds to the period from 01-06-2009 to 10-02-2024.,119.9274869,1.524256111,284.2437492,0.787043243,140.5,1.666666667,454.6666667,0.886446707,Rajya Sabha
900645,Sandeep Kumar Pathak,Elected,10-04-2022,In Office,First Term,N/A,Punjab,Aam Aadmi Party,Male,Doctorate,"B.Sc., M.Sc., P.G. Diploma, Ph.D. Educated at Guru Ghasidas University (GGU), Bilaspur, Chhattisgarh, CIPET, Hyderabad, Andhra Pradesh and University of Cambridge, Cambridge, U.K.",44,9,0,75,0.673469388, Data corresponds to the period from 01-06-2009 to 10-02-2024.,38.73141501,0.641564607,78.83033549,0.787043243,17.14285714,1.285714286,116.4285714,0.786130822,Rajya Sabha
900650,Niranjan Bishi,Elected,07-06-2022,In Office,First Term,N/A,Odisha,Biju Janata Dal,Male,Post Graduate,"B.A., LL.B., Post Graduate Diploma in Industrial Relation and Personnel Management Educated at Sambalpur University, Odisha",55,75,0,162,0.948979592, Data corresponds to the period from 01-06-2009 to 10-02-2024.,38.73141501,0.641564607,78.83033549,0.787043243,173.7777778,2,114.6666667,0.780593478,Rajya Sabha
900681,Mukul Balkrishna Wasnik,Elected,05-07-2022,In Office,First Term,N/A,Rajasthan,Indian National Congress,Male,Post Graduate,"M.A., M.B.A. Educated at St. Francis De'Sales High School, Nagpur, Hislop College and Department of Business Management",64,2,0,88,0.897959184, Data corresponds to the period from 01-06-2009 to 10-02-2024.,38.73141501,0.641564607,78.83033549,0.787043243,9.652777778,0.111111111,87.75,0.822358304,Rajya Sabha
900688,P. T. Usha,Nominated,07-07-2022,In Office,First Term,N/A,N/A,Nominated,Female,Inter/ Higher Secondary,"Pre-degree Educated at Providence Women’s College, Calicut, Kerala",60,5,0,35,0.927083333, Data corresponds to the period from 01-06-2009 to 10-02-2024.,38.73141501,0.641564607,78.83033549,0.787043243,N/A,N/A,N/A,N/A,Rajya Sabha
900649,Masthan Rao Beeda,Elected,22-06-2022,In Office,First Term,N/A,Andhra Pradesh,Yuvajana Sramika Rythu Congress Party,Male,Professional Post Graduate,"B.Com., C.A. Educated at Sri Venkateswara University, Nellore and Institute of Charted Accountants of India, Madras",65,7,0,146,0.663265306, Data corresponds to the period from 01-06-2009 to 10-02-2024.,38.73141501,0.641564607,78.83033549,0.787043243,23.36363636,0.727272727,116.8181818,0.758898933,Rajya Sabha
900642,Sanjeev Arora,Elected,10-04-2022,In Office,First Term,N/A,Punjab,Aam Aadmi Party,Male,Graduate,"B.Com. Educated at S.C.D. Government College, Punjab University, Ludhiana
",60,33,0,128,0.87755102, Data corresponds to the period from 01-06-2009 to 10-02-2024.,38.73141501,0.641564607,78.83033549,0.787043243,17.14285714,1.285714286,116.4285714,0.786130822,Rajya Sabha
900646,Harbhajan Singh,Elected,10-04-2022,In Office,First Term,N/A,Punjab,Aam Aadmi Party,Male,Inter/ Higher Secondary,Higher Secondary,43,1,0,131,0.578125, Data corresponds to the period from 01-06-2009 to 10-02-2024.,38.73141501,0.641564607,78.83033549,0.787043243,17.14285714,1.285714286,116.4285714,0.786130822,Rajya Sabha
900612,Geeta alias Chandraprabha,Elected,26-11-2020,In Office,First Term,N/A,Uttar Pradesh,Bharatiya Janata Party,Female,Post Graduate,"B.A., M.A. Educated at Kanpur University, Bharthana, Uttar Pradesh",54,36,0,244,0.918032787, Data corresponds to the period from 01-06-2009 to 10-02-2024.,71.6365885,0.882574224,152.3730845,0.787043243,45.79827586,0.310344828,150.7753695,0.832984277,Rajya Sabha
900692,Aditya Prasad,Elected,08-07-2022,In Office,First Term,N/A,Jharkhand,Bharatiya Janata Party,Male,Post Graduate,"M.Com. Educated at Ranchi University, Ranchi, Jharkhand",60,9,0,79,0.928571429, Data corresponds to the period from 01-06-2009 to 10-02-2024.,38.73141501,0.641564607,78.83033549,0.787043243,18.66666667,0.166666667,58.16666667,0.784158314,Rajya Sabha
900476,Sanjay Raut,Elected,05-07-2022,In Office,Fourth Term,N/A,Maharashtra,Shiv Sena,Male,Graduate,"B. Com. Educated at Mumbai University, Mumbai",62,139,0,1748,0.681295716, Data corresponds to the period from 01-06-2009 to 10-02-2024.,213.6208544,3.351590497,768.8679855,0.787043243,244.3956026,7.663842204,1118.079407,0.776425958,Rajya Sabha
900205,K. Vanlalvena,Elected,20-07-2020,In Office,First Term,N/A,Mizoram,Mizo National Front,Male,Graduate,"B.Sc. Educated at Pachhunga University College, Aizawl, Mizoram",54,12,0,24,0.974093264, Data corresponds to the period from 01-06-2009 to 10-02-2024.,76.68499124,0.882574224,159.8800249,0.787043243,12,N/A,24,0.892940252,Rajya Sabha
900660,Ranjeet Ranjan,Elected,30-06-2022,In Office,First Term,N/A,Chhattisgarh,Indian National Congress,Female,Inter/ Higher Secondary,Intermediate,50,9,0,124,0.93877551, Data corresponds to the period from 01-06-2009 to 10-02-2024.,38.73141501,0.641564607,78.83033549,0.787043243,12.4,0.2,94.6,0.859688271,Rajya Sabha
900664,Radha Mohan Das Agarwal,Elected,05-07-2022,In Office,First Term,N/A,Uttar Pradesh,Bharatiya Janata Party,Male,Post Graduate,"M.B.B.S., M.D. Educated at Department of Pediatrics, Institute of Medical Sciences, Banaras Hindu University, Varanasi, Uttar Pradesh",69,27,0,72,0.928571429, Data corresponds to the period from 01-06-2009 to 10-02-2024.,38.73141501,0.641564607,78.83033549,0.787043243,19.8362069,0.275862069,72.3546798,0.832984277,Rajya Sabha
900620,Rambhai Haribhai Mokariya,Elected,23-02-2021,In Office,First Term,N/A,Gujarat,Bharatiya Janata Party,Male,Professional Graduate,"B.A., L.LB. Educated at Shri K.H. Madhvani Arts and Commerce College and D.D. Kotiyawala Municipal Law College, Saurashtra University, Porbandar",67,28,0,46,0.970930233, Data corresponds to the period from 01-06-2009 to 10-02-2024.,69.22869814,0.882574224,144.3966381,0.787043243,36,N/A,140.625,0.840459932,Rajya Sabha
900529,Subhash Prasad Yadav,Elected,08-07-2004,07-07-2010,First Term,N/A,Bihar,Rashtriya Janata Dal,Male,Graduate,"Graduate, Educated at Magadh University, Bodh Gaya (Bihar)",57,0,0,24,0.505882353, Data corresponds to the period from 01-06-2009 to 10-02-2024.,10.16469479,0.32389617,78.08241781,0.787043243,11.31666667,N/A,82.9625,0.818079904,Rajya Sabha
900454,Rishang Keishing,Elected,10-04-2008,09-04-2014,Second Term,N/A,Manipur,Indian National Congress,Male,Graduate,"B.A. Educated at St. Paul's Cathedral College, Kolkata",73,1,0,0,0.859550562, Data corresponds to the period from 01-06-2009 to 10-02-2024.,39.07140246,0.968051246,284.2491237,0.787043243,1,N/A,N/A,0.835576815,Rajya Sabha
900058,Arun Singh,Elected,26-11-2020,In Office,Second Term,N/A,Uttar Pradesh,Bharatiya Janata Party,Male,Graduate,"B.Com, Chartered Accountant Educated at Allahabad University, Allahabad and The Institute of Chartered Accountants of India, New Delhi",59,20,0,17,0.882882883, Data corresponds to the period from 01-06-2009 to 10-02-2024.,87.2615666,1.104345891,183.3476951,0.787043243,63.16494253,0.377011494,178.4420361,0.832984277,Rajya Sabha
900101,Birendra Prasad Baishya,Elected,20-06-2019,In Office,Second Term,N/A,Assam,Asom Gana Parishad,Male,Post Graduate,"B.A. (Hons.), M.A. (Economics) Educated at Gauhati University, Guwahati",68,129,0,548,0.875598086, Data corresponds to the period from 01-06-2009 to 10-02-2024.,145.6566077,2.299072719,499.7108454,0.787043243,98.88730159,0.595238095,377.6888889,0.846176399,Rajya Sabha
900014,Abdul Wahab Peevee,Elected,24-04-2021,In Office,Third Term,N/A,Kerala,Indian Union Muslim League,Male,Graduate,"Educated at Government Manavedan High School, Nilambur and MES College, Mampad, Kerala",73,98,0,433,0.526755853, Data corresponds to the period from 01-06-2009 to 10-02-2024.,165.8349093,2.313976838,494.9984487,0.787043243,326.0722222,5.138888889,618.497619,0.78108786,Rajya Sabha
900176,Jagat Prakash Nadda,Elected,03-04-2024,In Office,Third Term,N/A,Gujarat,Bharatiya Janata Party,Male,Professional Graduate,"B.A., LL.B., Educated at St. Xaviers School, Patna, Patna College, Patna University and Himachal University, Shimla",63,18,0,62,0.798165138, Data corresponds to the period from 01-06-2009 to 10-02-2024.,128.4209755,1.766828638,340.9564301,0.787043243,75.58333333,N/A,188.5833333,0.853801327,Rajya Sabha
900200,K. Keshava Rao,Elected,10-04-2020,In Office,Third Term,N/A,Telangana,Bharat Rashtra Samithi,Male,Doctorate,"M.A., Ph.D. Educated at Badruk College, Arts College, Osmania University, Hyderabad",85,145,0,58,0.767412935, Data corresponds to the period from 01-06-2009 to 10-02-2024.,198.1318997,3.001308441,663.590694,0.787043243,116.6116162,5.682611833,871.4432359,0.744643398,Rajya Sabha
900436,Ramdas Bandu Athawale,Elected,03-04-2020,In Office,Second Term,N/A,Maharashtra,Republican Party of India (A),Male,Under Graduate,"Under Graduate Educated at Siddharth College, Mumbai",64,42,0,378,0.789473684,"This MP was appointed a minister in July 2016. Ministers represent the government, so we do not report their participation.  Participation and attendance details for this MP are thus available only till 11th May, 2016. Data corresponds to the period from 01-06-2009 to 10-02-2024.",32.66119512,0.545676776,112.1654021,0.787043243,27.66993464,1.758169935,170.630719,0.776425958,Rajya Sabha
900671,K. Laxman,Elected,05-07-2022,In Office,First Term,N/A,Uttar Pradesh,Bharatiya Janata Party,Male,Doctorate,"B.Sc., M.Sc. (Geology) and Ph.D. (Geology) Educated at Osmania University, Hyderabad",67,30,0,120,0.928571429, Data corresponds to the period from 01-06-2009 to 10-02-2024.,38.73141501,0.641564607,78.83033549,0.787043243,19.8362069,0.275862069,72.3546798,0.832984277,Rajya Sabha
900689,Khiru Mahto,Elected,08-07-2022,In Office,First Term,N/A,Bihar,Janata Dal (United),Male,Information not available,Information not available,71,7,0,5,0.948979592, Data corresponds to the period from 01-06-2009 to 10-02-2024.,38.73141501,0.641564607,78.83033549,0.787043243,15.46666667,0.8,55.93333333,0.818079904,Rajya Sabha
900691,Shambhu Sharan Patel,Elected,08-07-2022,In Office,First Term,N/A,Bihar,Bharatiya Janata Party,Male,Graduate,"Graduate Educated at Magadh University, Bihar",42,10,0,7,1, Data corresponds to the period from 01-06-2009 to 10-02-2024.,38.73141501,0.641564607,78.83033549,0.787043243,15.46666667,0.8,55.93333333,0.818079904,Rajya Sabha
900408,Rajani Patil,Elected,27-09-2021,In Office,Second Term,N/A,Maharashtra,Indian National Congress,Female,Graduate,"B.A. (German Language) Educated at University of Pune, Pune, Maharashtra",66,144,0,872,0.86083499, Data corresponds to the period from 01-06-2009 to 10-02-2024.,130.9005446,1.905896314,400.2323943,0.787043243,153.2265173,4.695144725,543.403268,0.776425958,Rajya Sabha
900676,Kalpana Saini,Elected,05-07-2022,In Office,First Term,N/A,Uttarakhand,Bharatiya Janata Party,Female,Doctorate,"B.Ed, M.A. (Sanskrit), M.A. (Hindi), Ph.D. (Sanskrit) Educated at University of Rajasthan, Jaipur, Chaudhary Charan Singh University, Meerut, (Uttar Pradesh) and Gurukul Kangri University, Haridwar, Uttarakhand",64,22,0,58,1, Data corresponds to the period from 01-06-2009 to 10-02-2024.,38.73141501,0.641564607,78.83033549,0.787043243,18,N/A,55,0.876097949,Rajya Sabha
900291,Md. Nadimul Haque,Elected,03-04-2024,In Office,Third Term,N/A,West Bengal,All India Trinamool Congress,Male,Graduate,"B.A., (Hons.) Political Science Educated at St. Xavier's College, University of Calcutta",54,264,0,920,0.770380435, Data corresponds to the period from 01-06-2009 to 10-02-2024.,190.0384066,2.733821306,589.8961533,0.787043243,278.6178571,4.1125,492.1755952,0.69145404,Rajya Sabha
900703,Kesridevsingh Digvijaysinh Jhala,Elected,19-08-2023,In Office,First Term,N/A,Gujarat,Bharatiya Janata Party,Male,Information not available,Information not available,Info Not Available,3,0,7,1, Data corresponds to the period from 01-06-2009 to 10-02-2024.,16.9540765,0.379197695,18.4932783,0.787043243,7.75,N/A,22.25,0.840459932,Rajya Sabha
900700,Prakash Chik Baraik,Elected,19-08-2023,In Office,First Term,N/A,West Bengal,All India Trinamool Congress,Male,Information not available,Information not available,Info Not Available,9,0,3,0.703703704, Data corresponds to the period from 01-06-2009 to 10-02-2024.,16.9540765,0.379197695,18.4932783,0.787043243,25.875,0.25,11.5625,0.69145404,Rajya Sabha
900702,Babubhai Jesangbhai Desai,Elected,19-08-2023,In Office,First Term,N/A,Gujarat,Bharatiya Janata Party,Male,Information not available,Information not available,Info Not Available,4,0,8,1, Data corresponds to the period from 01-06-2009 to 10-02-2024.,16.9540765,0.379197695,18.4932783,0.787043243,7.75,N/A,22.25,0.840459932,Rajya Sabha
900701,Samirul Islam,Elected,19-08-2023,In Office,First Term,N/A,West Bengal,All India Trinamool Congress,Male,Information not available,Information not available,Info Not Available,7,0,7,0.703703704, Data corresponds to the period from 01-06-2009 to 10-02-2024.,16.9540765,0.379197695,18.4932783,0.787043243,25.875,0.25,11.5625,0.69145404,Rajya Sabha
900557,T.T.V. Dhinakaran,Elected,30-06-2004,29-06-2010,First Term,N/A,Tamil Nadu,All India Anna Dravida Munnetra Kazhagam,Male,Information not available,Information not available,60,0,0,117,0.070588235, Data corresponds to the period from 01-06-2009 to 10-02-2024.,10.16469479,0.32389617,78.08241781,0.787043243,15.83333333,0.166666667,74.61111111,0.713206211,Rajya Sabha
900025,Ajay Singh Chautala,Elected,08-02-2004,02-11-2009,First Term,N/A,Haryana,Indian National Lok Dal,Male,Post Graduate,"B.A., M.A., LL.B. Educated at Government College, Hissar and Rajasthan University, Jaipur (Rajasthan)",63,0,0,9,0.533333333, Data corresponds to the period from 01-06-2009 to 10-02-2024.,4.32889009,0.095829858,25.52303953,0.787043243,5.1,N/A,10.65,0.872776121,Rajya Sabha
900585,Vijay Mallya,Elected,01-07-2010,04-05-2016,Second Term,N/A,Karnataka,Independent,Male,Graduate,"B.Com. (Hons.), Doctor of Philosophy in Business Administration (Honoris Causa) conferred by Southern California University, Irvine, USA Educated at St. Xaviers College, Kolkata",68,0,0,216,0.298765432, Data corresponds to the period from 01-06-2009 to 10-02-2024.,60.69509577,1.189831851,316.7268448,0.787043243,36.18686869,1.251515152,240.3686869,0.724209112,Rajya Sabha
900511,Shivpratap Singh,Elected,10-04-2008,09-04-2014,First Term,N/A,Chhattisgarh,Bharatiya Janata Party,Male,Inter/ Higher Secondary,"Higher Secondary Educated at Government Senior Secondary School, Surajpur",82,0,0,44,0.564606742, Data corresponds to the period from 01-06-2009 to 10-02-2024.,39.07140246,0.968051246,284.2491237,0.787043243,28.2,0.6,440.7,0.859688271,Rajya Sabha
900446,Rashid Masood,Elected,05-07-2010,19-09-2013,Third Term,N/A,Uttar Pradesh,Indian National Congress,Male,Professional Post Graduate,"B.Sc., LL.M. Educated at Aligarh Muslim University, Aligarh (Uttar Pradesh)",76,0,0,226,0.727659574,"This MP was re-elected/nominated. During his previous term, he was affiliated with SP; the term ended on 9th Mar, 2012. Data corresponds to the period from 01-06-2009 to 10-02-2024.",27.85101409,0.644155076,188.8759736,0.787043243,23.96021505,1.132258065,133.6591398,0.832984277,Rajya Sabha
900475,Sanjay Dattatraya Kakade,Elected,03-04-2014,02-04-2020,First Term,N/A,Maharashtra,Independent,Male,Under Matric,Under Matric Educated at Pune (Maharashtra),56,0,0,5,0.171568627, Data corresponds to the period from 01-06-2009 to 10-02-2024.,97.86446071,1.500965027,324.7388369,0.787043243,82.01160131,4.643464052,458.2214052,0.776425958,Rajya Sabha
900467,Sachin Ramesh Tendulkar,Nominated,27-04-2012,26-04-2018,First Term,N/A,N/A,Independent,Male,Inter/ Higher Secondary,Inter/ Higher Secondary,51,0,0,22,0.07751938, Data corresponds to the period from 01-06-2009 to 10-02-2024.,76.46773079,1.331050954,333.6858915,0.787043243,N/A,N/A,N/A,N/A,Rajya Sabha
900269,Mahendra Prasad,Elected,03-04-2018,27-12-2021,Seventh Term,N/A,Bihar,Janata Dal (United),Male,Doctorate,"Graduation with Honours in Economics, Educated at Middle School and High School, Okari and Patna College, Patna University",84,0,0,1,0.79973822, Data corresponds to the period from 01-06-2009 to 10-02-2024.,156.3520663,2.569472894,666.9973061,0.787043243,198.597823,0.210851648,544.3557234,0.818079904,Rajya Sabha
900062,Ashok Gasti,Elected,26-06-2020,17-09-2020,First Term,N/A,Karnataka,Bharatiya Janata Party,Male,Professional Graduate,"B.A., LL.B. Educated at Government High School, Government Junior College, V.C.B. Degree College and SCAB Law College, Raichur, Gulbarga University, Karnataka",59,0,N/A,0,N/A, Data corresponds to the period from 01-06-2009 to 10-02-2024.,1.729625447,N/A,3.13576134,N/A,1.727272727,N/A,2.272727273,N/A,Rajya Sabha
900388,Pravinchandra Rughnathji Naik,Elected,19-02-2010,18-08-2011,First Term,N/A,Gujarat,Bharatiya Janata Party,Male,Diploma Course,Electrical and Mechancial Engineering,87,0,0,8,0.815384615, Data corresponds to the period from 01-06-2009 to 10-02-2024.,11.29753582,0.39188282,89.76443581,0.787043243,7.440559441,N/A,73.22377622,0.840459932,Rajya Sabha
900392,Pyarelal Khandelwal,Elected,30-06-2004,06-10-2009,Second Term,N/A,Madhya Pradesh,Bharatiya Janata Party,Male,Inter/ Higher Secondary,"Intermediate Educated at Madhyamik Shiksha Parishad, Indore",95,0,0,17,0.933333333, Data corresponds to the period from 01-06-2009 to 10-02-2024.,4.32889009,0.095829858,25.52303953,0.787043243,2.522727273,N/A,19.02272727,0.850316503,Rajya Sabha
900515,Shrimant Chh. Udyanraje Pratapsinhmaharaj Bhonsle,Elected,03-04-2020,04-06-2024,First Term,N/A,Maharashtra,Bharatiya Janata Party,Male,Diploma Course,"Production Engg., Educated at Bharati Vidyapeeth",58,0,0,22,0.48603352, Data corresponds to the period from 01-06-2009 to 10-02-2024.,76.68499124,0.882574224,159.8800249,0.787043243,115.4326007,1.642857143,189.3282051,0.776425958,Rajya Sabha
900651,Damodar Rao Divakonda,Elected,22-06-2022,In Office,First Term,N/A,Telangana,Bharat Rashtra Samithi,Male,Graduate,"B.Com., LL.B. Educated at Osmania University, Hyderabad",66,0,0,20,0.591836735, Data corresponds to the period from 01-06-2009 to 10-02-2024.,38.73141501,0.641564607,78.83033549,0.787043243,4.285714286,0.428571429,51.42857143,0.71613233,Rajya Sabha
900653,B. Parthasaradhi Reddy,Elected,22-06-2022,In Office,First Term,N/A,Telangana,Bharat Rashtra Samithi,Male,Doctorate,"M.Sc. (Organic Chemistry), Ph.D. (Synthetic Organic Chemistry) Educated at SBS college, Sathupalli, SR & BGNR College, Khammam, Telangana and Osmania University, Hyderabad",70,0,0,81,0.724489796, Data corresponds to the period from 01-06-2009 to 10-02-2024.,38.73141501,0.641564607,78.83033549,0.787043243,4.285714286,0.428571429,51.42857143,0.71613233,Rajya Sabha
900661,C. Ve. Shanmugam,Elected,30-06-2022,In Office,First Term,N/A,Tamil Nadu,All India Anna Dravida Munnetra Kazhagam,Male,Graduate,"B.L. Educated at Law College, Madurai, Tamil Nadu",59,0,0,45,0.336734694, Data corresponds to the period from 01-06-2009 to 10-02-2024.,38.73141501,0.641564607,78.83033549,0.787043243,61.77777778,0.833333333,90.66666667,0.713206211,Rajya Sabha
900108,C Rangarajan,Nominated,09-08-2008,10-08-2009,First Term,N/A,N/A,Independent,Male,Doctorate,"B.Com. (Hons.), Ph.D. Educated at Madras University, Chennai and University of Pennsylvania, Philadelphia",92,1,0,0,0.933333333, Data corresponds to the period from 01-06-2009 to 10-02-2024.,4.32889009,0.095829858,25.52303953,0.787043243,N/A,N/A,N/A,N/A,Rajya Sabha
900375,Pradeep Tamta,Elected,05-07-2016,04-07-2022,First Term,N/A,Uttarakhand,Indian National Congress,Male,Post Graduate,"M.A, LL.B and B.Ed.; Educated at Kumaon University, Nainital, Uttarakhand",65,35,3,0,0.826210826, Data corresponds to the period from 01-06-2009 to 10-02-2024.,101.5030364,1.196297868,289.4391529,0.787043243,27.08333333,0.75,108.5833333,0.876097949,Rajya Sabha
900073,B.B. Tiwari,Elected,03-04-2012,25-04-2012,Second Term,N/A,Uttar Pradesh,Samajwadi Party,Male,Professional Post Graduate,"B.A. M.A. (Pol. Sc.), LL.B. Educated at Shivpati Inter College, Shohratgarh, St. Andrew's College, Gorakhpur and Allahabad University, Allahabad",82,N/A,N/A,0,N/A, Data corresponds to the period from 01-06-2009 to 10-02-2024.,N/A,N/A,1.729257642,N/A,N/A,N/A,0.64516129,N/A,Rajya Sabha
900610,B.L. Verma,Elected,26-11-2020,In Office,First Term,N/A,Uttar Pradesh,Bharatiya Janata Party,Male,Post Graduate,"M.A. Educated at Sampurnanand Sanskrit University, Varanasi, Uttar Pradesh",62,1,N/A,0,1,"This MP is a minister. Ministers represent the government in debates, so we do not report their participation. They do not sign the attendance register, ask questions, or introduce private member bills. Data corresponds to the period from 01-06-2009 to 10-02-2024.",9.717190663,N/A,19.48268395,0.787043243,10.1,N/A,19.8,0.832984277,Rajya Sabha
900329,Narayan Singh Manaklao,Nominated,27-08-2003,26-08-2009,First Term,N/A,N/A,Bharatiya Janata Party,Male,Doctorate,"M.A. (Hindi Literature), Ph.D. (Hindi Literature) Educated at Jai Narayan Vyas University, Jodhpur",81,1,0,0,0.866666667, Data corresponds to the period from 01-06-2009 to 10-02-2024.,4.32889009,0.095829858,25.52303953,0.787043243,N/A,N/A,N/A,N/A,Rajya Sabha
900241,Kunal Kumar Ghosh,Elected,03-04-2012,02-04-2018,First Term,N/A,West Bengal,All India Trinamool Congress,Male,Certificate Course,"Certificate in Audio Visual Journalism, Media Management Educated at Annex College of Management and Annex-Cygnus Institute of Management, Kolkata",55,5,0,0,0.397590361, Data corresponds to the period from 01-06-2009 to 10-02-2024.,76.5291343,1.331050954,332.9466233,0.787043243,109.4,2.3,245.1583333,0.69145404,Rajya Sabha
900409,Rajaram,Elected,26-11-2014,25-11-2020,Second Term,N/A,Uttar Pradesh,Bahujan Samaj Party,Male,Post Graduate,"Post Graduate Educated at Kashi Vidyapeeth, Varanasi",55,30,0,0,0.892764858, Data corresponds to the period from 01-06-2009 to 10-02-2024.,141.9842659,2.469016273,616.4949009,0.787043243,159.5061284,2.106989247,508.5973406,0.832984277,Rajya Sabha
900591,Vikram Verma,Elected,03-04-2006,02-04-2012,Second Term,N/A,Madhya Pradesh,Bharatiya Janata Party,Male,Post Graduate,"M.A. (Hindi and Political Science), LL.B. Educated at Christian College, Indore and Gujarati College, Indore (Madhya Pradesh)",80,15,0,0,0.909502262, Data corresponds to the period from 01-06-2009 to 10-02-2024.,23.58244777,0.61776919,178.9718321,0.787043243,25.01060606,0.606060606,210.0914141,0.850316503,Rajya Sabha
900464,S.R. Balasubramoniyan,Elected,30-06-2016,29-06-2022,First Term,N/A,Tamil Nadu,All India Anna Dravida Munnetra Kazhagam,Male,Professional Graduate,"B.A. (Hons), Pachaiyappa College, M.A. from University of Madras, B.L. from Madras Law College",85,45,0,0,0.951566952, Data corresponds to the period from 01-06-2009 to 10-02-2024.,101.5030364,1.196297868,289.4391529,0.787043243,139.0895425,0.784313725,333.3555556,0.713206211,Rajya Sabha
900257,M.C. Mary Kom,Nominated,26-04-2016,24-04-2022,First Term,N/A,N/A,Independent,Female,Graduate,B.A.,41,6,0,0,0.432515337, Data corresponds to the period from 01-06-2009 to 10-02-2024.,106.4350611,1.222498741,300.9496839,0.787043243,N/A,N/A,N/A,N/A,Rajya Sabha
900545,Swapan Sadhan Bose,Elected,19-08-2005,18-08-2011,First Term,N/A,West Bengal,All India Trinamool Congress,Male,Professional Graduate,"B. Com., LL.B. Educated at St. Xavier's College, University of Calcutta",76,1,0,0,0.194117647, Data corresponds to the period from 01-06-2009 to 10-02-2024.,18.32375211,0.596309963,139.8847604,0.787043243,29.62556391,0.40952381,103.9869674,0.69145404,Rajya Sabha
900097,Bimal Jalan,Nominated,27-08-2003,26-08-2009,First Term,N/A,N/A,Independent,Male,Doctorate,"B.A.(Hons.), B.A.(Tripos), M.A., M. Phil.,Ph. D. Educated at Presidency College, Kolkata, University of Cambridge, U.K., University of Oxford, U.K. and University of Bombay, Mumbai",83,3,0,0,0.866666667, Data corresponds to the period from 01-06-2009 to 10-02-2024.,4.32889009,0.095829858,25.52303953,0.787043243,N/A,N/A,N/A,N/A,Rajya Sabha
900139,Dushyant Gautam,Elected,23-03-2020,01-08-2022,First Term,N/A,Haryana,Bharatiya Janata Party,Male,Graduate,"B.A. Educated at University of Delhi, Delhi",66,7,0,0,0.757009346, Data corresponds to the period from 01-06-2009 to 10-02-2024.,38.56934453,0.281918707,90.74542555,0.787043243,10.6,N/A,56.65,0.872776121,Rajya Sabha
900506,Sharad Yadav,Elected,13-06-2014,04-12-2017,Fourth Term,N/A,Bihar,Janata Dal (United),Male,Graduate,"B.Sc., B.E. (Electrical); Educated at Robertson College and Jabalpur Engineering College, Jabalpur, Madhya Pradesh",77,192,0,0,0.861344538, Data corresponds to the period from 01-06-2009 to 10-02-2024.,56.50093534,0.870781885,193.5537855,0.787043243,83.57142857,0.071428571,120.5,0.818079904,Rajya Sabha
900056,Arun Jaitley,Elected,03-04-2018,24-08-2019,Fourth Term,N/A,Uttar Pradesh,Bharatiya Janata Party,Male,Professional Graduate,"B.Com. (Hons.), LL.B. Educated at Sri Ram College of Commerce, University of Delhi and Faculty of Law, University of Delhi",71,105,0,0,N/A,"This MP was a leader of Opposition till May 2014 and was a minister between May 2014 to April 2019. LoP does not sign the attendance register. Participation details for this MP are thus available only till Feb 21, 2014 and after May 2019. Data corresponds to the period from 01-06-2009 to 10-02-2024.",52.47609267,1.163476828,305.1793408,N/A,45.91397836,0.760606061,294.8442569,N/A,Rajya Sabha
900290,Mayawati,Elected,03-04-2012,18-07-2017,Third Term,N/A,Uttar Pradesh,Bahujan Samaj Party,Female,Professional Graduate,"B.A., B. Ed., LL.B. Educated at Kalindi College, University of Delhi, BMLG College, Ghaziabad, Meerut University and University of Delhi",68,81,0,0,0.902506964, Data corresponds to the period from 01-06-2009 to 10-02-2024.,67.27133416,1.162626579,283.8944228,0.787043243,78.69328884,0.789247312,239.5030404,0.832984277,Rajya Sabha
900544,Swapan Dasgupta,Nominated,02-06-2021,24-04-2022,Second Term,N/A,N/A,Bharatiya Janata Party,Male,Doctorate,"B.A.(Hons.), M.A., Ph.D. Educated at La Martiniere College, Kolkata, St. Stephen’s College, Delhi and School of Oriental and African Studies, London (U.K.)",68,50,0,0,0.902777778, Data corresponds to the period from 01-06-2009 to 10-02-2024.,102.2102053,1.222498741,295.7323352,0.787043243,N/A,N/A,N/A,N/A,Rajya Sabha
900308,Munquad Ali,Elected,03-04-2006,02-04-2018,Second Term,N/A,Uttar Pradesh,Bahujan Samaj Party,Male,Graduate,"B.A. Educated at Meerut University, Meerut",62,10,0,0,0.644305772, Data corresponds to the period from 01-06-2009 to 10-02-2024.,100.1115821,1.948820144,511.9184554,0.787043243,112.1423079,2.006989247,406.6813308,0.832984277,Rajya Sabha
900399,R.S. Bharathi,Elected,30-06-2016,29-06-2022,First Term,N/A,Tamil Nadu,Dravida Munnetra Kazhagam,Male,Professional Graduate,BA.BL. from Madras University,76,40,0,0,0.678062678, Data corresponds to the period from 01-06-2009 to 10-02-2024.,101.5030364,1.196297868,289.4391529,0.787043243,139.0895425,0.784313725,333.3555556,0.713206211,Rajya Sabha
900064,Ashok Siddharth,Elected,05-07-2016,04-07-2022,First Term,N/A,Uttar Pradesh,Bahujan Samaj Party,Male,Post Graduate,"M.A. from Bundelkhand Degree College, Jhansi University and Diploma in Paramedical Ophthalmic Assistant, M.L.B. Medical College, Jhansi",59,57,0,0,0.735042735, Data corresponds to the period from 01-06-2009 to 10-02-2024.,101.5030364,1.196297868,289.4391529,0.787043243,108.6089765,0.267816092,283.8696223,0.832984277,Rajya Sabha
900168,Hemant Soren,Elected,24-06-2009,04-01-2010,First Term,N/A,Jharkhand,Jharkhand Mukti Morcha,Male,Professional Graduate,"Engineering, Birla Institute of Technology, Mesra",48,1,0,0,0.224489796, Data corresponds to the period from 01-06-2009 to 10-02-2024.,6.62068634,0.204427143,50.1203246,0.787043243,6.5,0.5,44.5,0.784158314,Rajya Sabha
900260,M.S. Gill,Elected,10-04-2010,09-04-2016,Second Term,N/A,Punjab,Indian National Congress,Male,Doctorate,"Senior Cambridge, B.A. (Honours), M.A., Ph.D., Diploma in Development Studies, University of Cambridge Doctor of Science (Honoris Causa) : Punjab Agriculture University, Panjab University, Haryana Agriculture University, Madras University and Guwahati Uni",87,51,0,0,0.970238095,"This MP was a minister. He tendered his resignation on Jul 12, 2011. Ministers represent the government in debates, so we do not report their participation. Participation and attendance details for this MP are thus available only from Jul 13, 2011. Data corresponds to the period from 01-06-2009 to 10-02-2024.",51.34243269,0.990355116,259.1667778,0.787043243,48.04761905,0.785714286,238.0238095,0.786130822,Rajya Sabha
900161,Haji Abdul Salam,Elected,10-04-2014,28-02-2017,First Term,N/A,Manipur,Indian National Congress,Male,Post Graduate,"M.A. (Political Science), LL.B. Educated at Mayang Imphal High School, Manipur College, Imphal, Guwahati University, Assam and Manipur Law College, Imphal",76,2,0,0,0.823834197, Data corresponds to the period from 01-06-2009 to 10-02-2024.,44.43164942,0.694368383,157.0788296,0.787043243,2,N/A,N/A,0.835576815,Rajya Sabha
900530,Subhasish Chakraborty,Elected,03-04-2018,02-04-2024,First Term,N/A,West Bengal,All India Trinamool Congress,Male,Professional Graduate,"B.Sc. , LL.B. Educated at Ashutosh College and Jogesh Chandra Chaudhuri Law College, Calcutta University, Kolkata (West Bengal)",66,39,0,0,0.3, Data corresponds to the period from 01-06-2009 to 10-02-2024.,113.5092723,1.402770352,256.9495301,0.787043243,169.2178571,1.8125,247.0172619,0.69145404,Rajya Sabha
900265,Madanlal Saini,Elected,04-04-2018,24-06-2019,First Term,N/A,Rajasthan,Bharatiya Janata Party,Male,Information not available,Information not available,71,0,0,0,0.714285714, Data corresponds to the period from 01-06-2009 to 10-02-2024.,7.682995676,0.192284593,42.20209401,0.787043243,3.45,0.575,32.725,0.822358304,Rajya Sabha
900641,Manik Saha,Elected,01-04-2022,04-07-2022,First Term,N/A,Tripura,Bharatiya Janata Party,Male,Post Graduate,"B.D.S., M.D.S. (Oral and Maxillofacial Surgery) Educated at Govt. Dental College, Patna, Bihar and King Georges' Medical College, Lucknow, Uttar Pradesh
",71,1,0,0,1, Data corresponds to the period from 01-06-2009 to 10-02-2024.,5.055720899,0.071428571,4.462962963,0.787043243,2,N/A,N/A,0.874642118,Rajya Sabha
900512,Shivraj Patil,Elected,05-07-2004,21-01-2010,First Term,N/A,Maharashtra,Indian National Congress,Male,Professional Post Graduate,"B.Sc., LL.B., LL.M. Educated at Osmania University, Hyderabad and Bombay University, Mumbai",88,1,0,0,0.905660377, Data corresponds to the period from 01-06-2009 to 10-02-2024.,7.026216294,0.204427143,50.1203246,0.787043243,9.723214286,0.276785714,88.86607143,0.776425958,Rajya Sabha
900145,G. Sanjeeva Reddy,Elected,03-04-2006,02-04-2012,First Term,N/A,Andhra Pradesh,Indian National Congress,Male,Graduate,"Honorary Doctorate from Mahatma Gandhi Kashi Vidyapeeth, Varanasi, 2004",94,2,0,0,0.737556561, Data corresponds to the period from 01-06-2009 to 10-02-2024.,23.58244777,0.61776919,178.9718321,0.787043243,20.52142857,0.883333333,251.8839286,0.758898933,Rajya Sabha
900339,Navjot Singh Sidhu,Nominated,28-04-2016,18-07-2016,First Term,N/A,N/A,Bharatiya Janata Party,Male,Professional Graduate,"B.A., LL.B.",60,0,0,0,0.4, Data corresponds to the period from 01-06-2009 to 10-02-2024.,4.833214745,0.026200873,10.5602648,0.787043243,N/A,N/A,N/A,N/A,Rajya Sabha
900202,K. Parasaran,Nominated,29-06-2012,28-06-2018,First Term,N/A,N/A,Independent,Male,Professional Graduate,"SSLC in 1942 from Hindu High School, Madras, completed graduation in 1949 from Presidency College, Madras and completed degree in Law in 1949 from Law College, Madras.",96,11,0,0,0.814536341, Data corresponds to the period from 01-06-2009 to 10-02-2024.,72.76195445,1.21886843,319.3733857,0.787043243,N/A,N/A,N/A,N/A,Rajya Sabha
900516,Shriram Pal,Elected,19-06-2009,04-07-2010,First Term,N/A,Uttar Pradesh,Bahujan Samaj Party,Male,Information not available,Information not available,64,2,0,0,0.50617284, Data corresponds to the period from 01-06-2009 to 10-02-2024.,9.759164835,0.32389617,78.08241781,0.787043243,7.646169355,0.346774194,55.01915323,0.832984277,Rajya Sabha
900402,Radhakant Nayak,Elected,02-07-2004,01-07-2010,First Term,N/A,Odisha,Indian National Congress,Male,Doctorate,"B.A., M.A., Ph.D. Educated at Q.M. School, Berhampur, Khallikote College, Berhampur, Ravenshaw College, Cuttack and Utkal University, Bhubaneswar Conferred of Honorary Doctorate (Honoris Causa) by New England College (University), Henniker, New Hampshire,",84,4,0,0,0.823529412, Data corresponds to the period from 01-06-2009 to 10-02-2024.,10.16469479,0.32389617,78.08241781,0.787043243,12.57777778,N/A,75.42222222,0.780593478,Rajya Sabha
900463,S.P. Singh Baghel (RS),Elected,05-07-2010,12-03-2014,First Term,N/A,Uttar Pradesh,Bahujan Samaj Party,Male,Doctorate,"M.Sc., LL.B., Ph.D. Educated at Jiwaji University, Gwalior (Madhya Pradesh), Meerut University and Chaudhary Charan Singh University, Meerut (Uttar Pradesh)",63,26,0,0,0.955719557, Data corresponds to the period from 01-06-2009 to 10-02-2024.,28.90670767,0.644155076,206.1667058,0.787043243,24.99692251,1.132258065,148.1496848,0.832984277,Rajya Sabha
900065,Ashwani Kumar,Elected,10-04-2010,09-04-2016,Third Term,N/A,Punjab,Indian National Congress,Male,Post Graduate,"B.A.(Hons.), LL.B., M.Phil. Educated at St. Stephen's College, Delhi; Faculty of Law, University of Delhi and Jawaharlal Nehru University, New Delhi",71,26,0,0,0.901273885,"This MP was a minister from Jan 2011 to May 2013. Ministers represent the government, so we do not report their participation. Participation and attendance details for this MP are thus not available for the above period. Data corresponds to the period from 01-06-2009 to 10-02-2024.",49.09530816,0.916647934,250.7448961,0.787043243,39.34761905,0.285714286,263.0904762,0.786130822,Rajya Sabha
900116,Chiranjeevi Konidala,Elected,03-04-2012,02-04-2018,First Term,N/A,Andhra Pradesh,Indian National Congress,Male,Graduate,"B.Com. Educated at YNM College, Narsapur, Distt. West Godavari, Andhra Pradesh",69,2,0,0,0.323770492,"This MP was a minister from Oct 2012 to May 2014 . Ministers represent the government, so we do not report their participation.  Participation and attendance details for this MP are thus not available for the above period. Data corresponds to the period from 01-06-2009 to 10-02-2024.",65.99803743,1.139561592,260.5453206,0.787043243,56.77094017,2.855555556,387.2641026,0.758898933,Rajya Sabha
900306,Mukul Roy,Elected,03-04-2006,11-10-2017,Second Term,N/A,West Bengal,All India Trinamool Congress,Male,Graduate,"Higher Secondary, B. Sc. (Part I); Educated at Harneet High School, Kanchrapara, North 24 Parganas and Calcutta University, Kolkata (West Bengal)",70,7,0,0,0.479166667,"This MP was a minister. He tendered his resignation on Sep 21, 2012. Ministers represent the government in debates, so we do not report their participation. Participation and attendance details for this MP are thus available only from Sep 22, 2012. Data corresponds to the period from 01-06-2009 to 10-02-2024.",67.22758776,1.062271247,265.9550881,0.787043243,95.86666667,1.966666667,192.0916667,0.69145404,Rajya Sabha
900563,Tazeen Fatma,Elected,26-11-2014,04-11-2019,First Term,N/A,Uttar Pradesh,Samajwadi Party,Female,Doctorate,"M.A., M.Phil., Ph.D., Diploma in Public Administration Educated at Aligarh Muslim University (A.M.U.), Aligarh",69,15,0,0,0.814371257, Data corresponds to the period from 01-06-2009 to 10-02-2024.,74.86793631,1.162418251,268.2267686,0.787043243,95.66299945,0.4,252.3995074,0.832984277,Rajya Sabha
900008,A.K. Antony,Elected,03-04-2016,02-04-2022,Fifth Term,N/A,Kerala,Indian National Congress,Male,Professional Graduate,"B.A., B.L. Educated at University of Kerala",83,14,0,0,0.78757515,"This MP has been re-elected/nominated. The previous term ended on Apr 2, 2016. Data corresponds to the period from 01-06-2009 to 10-02-2024.",162.7990425,2.505598746,623.4846136,0.787043243,243.6238095,2.476190476,800.1722222,0.78108786,Rajya Sabha
900050,Anu Aga,Nominated,27-04-2012,26-04-2018,First Term,N/A,N/A,Independent,Female,Post Graduate,"B.A.(Eco) from St Xavier's College, Mumbai, and post graduation in medical and psychiatric social work from the TISS, Mumbai. Also had been a Fulbright Scholar and studied in the United States for four months.",82,16,0,0,0.693045564, Data corresponds to the period from 01-06-2009 to 10-02-2024.,76.46773079,1.331050954,333.6858915,0.787043243,N/A,N/A,N/A,N/A,Rajya Sabha
900538,Surendra Motilal Patel,Elected,19-08-2005,18-08-2011,First Term,N/A,Gujarat,Bharatiya Janata Party,Male,Professional Graduate,"B.E. (Civil) Educated at Sardar Patel University, Vallabh Vidyanagar (Gujarat)",86,2,0,0,0.688235294, Data corresponds to the period from 01-06-2009 to 10-02-2024.,18.32375211,0.596309963,139.8847604,0.787043243,11.44055944,N/A,104.7692308,0.840459932,Rajya Sabha
900003,A. Navaneethakrishnan,Elected,30-06-2016,29-06-2022,Second Term,N/A,Tamil Nadu,All India Anna Dravida Munnetra Kazhagam,Male,Professional Graduate,"B.Sc., B.L. educated at A.V.V.M. Sri Pushpam College, Poondi, Dist. Thanjavur, Tamil Nadu and Law College, Chennai",68,186,0,0,0.865306122, Data corresponds to the period from 01-06-2009 to 10-02-2024.,135.6224814,1.741974644,405.7885263,0.787043243,186.0339869,1.117647059,504.8555556,0.713206211,Rajya Sabha
900180,Janardan Dwivedi,Elected,28-01-2006,27-01-2018,Third Term,N/A,Delhi,Indian National Congress,Male,Post Graduate,"M.A., M. Litt. Educated at Allahabad University and Delhi University Conferred Honorary Degree of Doctor of Letters (D.Litt.) by the Tilak Maharashtra University, Pune",79,4,0,0,0.990163934, Data corresponds to the period from 01-06-2009 to 10-02-2024.,98.64404014,1.925989094,490.2341018,0.787043243,30.5,N/A,183,0.886446707,Rajya Sabha
900404,Raghunath Mohapatra,Nominated,14-07-2018,09-05-2021,First Term,N/A,N/A,Bharatiya Janata Party,Male,Information not available,Information not available,81,2,0,0,0.903846154, Data corresponds to the period from 01-06-2009 to 10-02-2024.,51.58987449,0.520196128,120.7309544,0.787043243,N/A,N/A,N/A,N/A,Rajya Sabha
900231,Kapila Vatsyayan,Nominated,10-04-2007,15-02-2012,Second Term,N/A,N/A,Independent,Female,Doctorate,"M.A. (English), M.A. (Education) Ph.D. and D. Litt. (Honoris causa) Educated at University of Delhi, University of Michigan, Ann Arbor (U.S.A.) and Banaras Hindu University, Varanasi (U.P.)",95,7,0,0,0.888888889, Data corresponds to the period from 01-06-2009 to 10-02-2024.,21.78791778,0.61776919,167.7708056,0.787043243,N/A,N/A,N/A,N/A,Rajya Sabha
900039,Amit Anil Chandra Shah (RS),Elected,19-08-2017,22-05-2019,First Term,N/A,Gujarat,Bharatiya Janata Party,Male,Professional Graduate,B.Sc. (Iind Year) Educated at Gujarat University,59,3,0,0,0.651685393, Data corresponds to the period from 01-06-2009 to 10-02-2024.,11.26775583,0.181735892,75.60335457,0.787043243,5.214285714,N/A,50.94642857,0.840459932,Rajya Sabha
900245,Lakshmikanta Rao Voditela,Elected,22-06-2016,21-06-2022,First Term,N/A,Telangana,Bharat Rashtra Samithi,Male,Graduate,B.Sc. From Osmania University,84,5,0,0,0.554252199, Data corresponds to the period from 01-06-2009 to 10-02-2024.,101.5030364,1.196297868,289.4391529,0.787043243,58.2952381,1.023809524,312.5047619,0.71613233,Rajya Sabha
900216,K.V. Ramalingam,Elected,30-06-2010,20-05-2011,First Term,N/A,Tamil Nadu,All India Anna Dravida Munnetra Kazhagam,Male,Graduate,"B.A.; Educated at Arulmigu Palani Andavar Art and Science College, Palani, Tamil Nadu",68,5,0,0,0.652777778, Data corresponds to the period from 01-06-2009 to 10-02-2024.,6.916000766,0.173275862,50.98162769,0.787043243,7.5,N/A,57.33333333,0.713206211,Rajya Sabha
900013,Abani Roy,Elected,19-08-2005,18-08-2011,Third Term,N/A,West Bengal,Revolutionary Socialist Party,Male,Inter/ Higher Secondary,"Intermediate (in Science) Educated at Raisina Bengali Higher Secondary School, New Delhi and City-College, Ram Mohan Roy Sarani, Kolkata",84,9,0,0,0.876470588, Data corresponds to the period from 01-06-2009 to 10-02-2024.,18.32375211,0.596309963,139.8847604,0.787043243,29.62556391,0.40952381,103.9869674,0.69145404,Rajya Sabha
900525,Srinjoy Bose,Elected,18-08-2011,05-02-2015,First Term,N/A,West Bengal,All India Trinamool Congress,Male,Graduate,"B. Com. (Pass) Educated at Don Bosco, Kolkata and Calcutta University, Kolkata",48,2,0,0,0.412844037, Data corresponds to the period from 01-06-2009 to 10-02-2024.,31.67568524,0.592867403,183.7596548,0.787043243,43.53925439,0.5,92.10899123,0.69145404,Rajya Sabha
900270,Mahendra Sahni,Elected,03-04-2006,06-11-2009,First Term,N/A,Bihar,Janata Dal (United),Male,Inter/ Higher Secondary,"Intermediate Educated at Bihar Vidyalaya Pariksha Samiti, Patna and Bihar University, Muzaffarpur",84,2,0,0,0.933333333, Data corresponds to the period from 01-06-2009 to 10-02-2024.,4.32889009,0.095829858,25.52303953,0.787043243,5.1125,N/A,29.19583333,0.818079904,Rajya Sabha
900427,Ram Narayan Sahu,Elected,05-07-2004,04-07-2010,First Term,N/A,Uttar Pradesh,Samajwadi Party,Male,Under Matric,"Under Martric, Educated at Vishnu Narayan Inter College, Lucknow",86,14,0,0,0.764705882, Data corresponds to the period from 01-06-2009 to 10-02-2024.,10.16469479,0.32389617,78.08241781,0.787043243,7.946169355,0.346774194,55.01915323,0.832984277,Rajya Sabha
900054,Arjun Singh (RS),Elected,03-04-2006,04-03-2011,Second Term,N/A,Madhya Pradesh,Indian National Congress,Male,Professional Graduate,"B.A., LL.B., educated at Allahabad University and Agra University",94,1,0,0,0.216783217, Data corresponds to the period from 01-06-2009 to 10-02-2024.,14.74591295,0.497172032,122.3336107,0.787043243,12.12878788,0.333333333,134.3459596,0.850316503,Rajya Sabha
900053,Arjun Kumar Sengupta,Elected,19-08-2005,26-09-2010,First Term,N/A,West Bengal,Independent,Male,Doctorate,"B.A., M.A., Ph.D. (Economics) Educated at Mitra Institution, Bhavanipur, Kolkata, Presidency College, University of Calcutta, Kolkata and Massachusetts Institute of Technology (MIT), USA",86,7,0,0,0.612612613, Data corresponds to the period from 01-06-2009 to 10-02-2024.,13.6124855,0.397172032,96.97834761,0.787043243,22.4,0.266666667,68.86666667,0.69145404,Rajya Sabha
900608,Jaiprakash Nishad,Elected,17-08-2020,04-07-2022,First Term,N/A,Uttar Pradesh,Bharatiya Janata Party,Male,Graduate,"Graduate Educated at Pandit Deendayal Upadhyaya University, Gorakhpur",52,14,0,0,0.884210526, Data corresponds to the period from 01-06-2009 to 10-02-2024.,37.95357623,0.241009616,81.04968943,0.787043243,31.56206897,0.034482759,83.78735632,0.832984277,Rajya Sabha
900183,Javed Akhtar,Nominated,22-03-2010,21-03-2016,First Term,N/A,N/A,Independent,Male,Graduate,BA,79,6,0,0,0.529411765, Data corresponds to the period from 01-06-2009 to 10-02-2024.,60.01791652,1.283100005,325.2657498,0.787043243,N/A,N/A,N/A,N/A,Rajya Sabha
900233,Karan Singh,Elected,28-01-2006,27-01-2018,Fourth Term,N/A,Delhi,Indian National Congress,Male,Doctorate,"M.A., Ph.D. Educated at Doon School, University of Jammu & Kashmir and University of Delhi",92,34,0,0,0.854098361, Data corresponds to the period from 01-06-2009 to 10-02-2024.,98.64404014,1.925989094,490.2341018,0.787043243,30.5,N/A,183,0.886446707,Rajya Sabha
900057,Arun Shourie,Elected,05-07-2004,04-07-2010,Second Term,N/A,Uttar Pradesh,Bharatiya Janata Party,Male,Doctorate,"Ph.D. (Economics), Educated at Modern School, New Delhi, St.Stephen's College, Delhi and University of Syracuse, U.S.A",83,3,0,0,0.611764706, Data corresponds to the period from 01-06-2009 to 10-02-2024.,10.16469479,0.32389617,78.08241781,0.787043243,7.946169355,0.346774194,55.01915323,0.832984277,Rajya Sabha
900084,Beni Prasad Verma,Elected,05-07-2016,27-03-2020,First Term,N/A,Uttar Pradesh,Samajwadi Party,Male,Professional Graduate,"B.A., LL.B.; Educated at Lucknow University, Lucknow, Uttar Pradesh",82,2,0,0,0.661016949, Data corresponds to the period from 01-06-2009 to 10-02-2024.,63.5494602,0.955288252,208.3894635,0.787043243,77.0469075,0.233333333,200.082266,0.832984277,Rajya Sabha
900281,Manmohan Singh,Elected,20-08-2019,03-04-2024,Sixth Term,N/A,Rajasthan,Indian National Congress,Male,Doctorate,"M.A. (Economics), Panjab University, Chandigarh, First Class with first position in the University, Economics Tripos (First Class Honours), University of Cambridge, U.K., D.Phil, Nuffield College, University of Oxford, U.K.",91,7,0,0,0.725897921,This MP was a minister till May 2014. Participation and attendance details for this MP are available from Jun 2014. Data corresponds to the period from 01-06-2009 to 10-02-2024.,161.1447617,2.188113669,463.6886446,0.787043243,88.38452381,1.636507937,451.3261905,0.838237034,Rajya Sabha
900258,M.J. Akbar,Elected,30-06-2016,29-06-2022,Second Term,N/A,Madhya Pradesh,Bharatiya Janata Party,Male,Graduate,Graduate,73,3,0,0,0.832713755,"This MP was a minister from Jul 2016 to Oct 2018. Ministers represent the government, so we do not report their participation.  Participation and attendance details for this MP are thus available only till May 2016. Data corresponds to the period from 01-06-2009 to 10-02-2024.",82.93705839,0.92201365,213.1433964,0.787043243,61.66666667,0.236111111,191.2916667,0.817237408,Rajya Sabha
900105,Brijesh Pathak,Elected,26-11-2008,25-11-2014,First Term,N/A,Uttar Pradesh,Bahujan Samaj Party,Male,Post Graduate,"B.Com., LL.B., M.A. (I) Composite History Educated at Lucknow University",59,33,0,0,0.886597938, Data corresponds to the period from 01-06-2009 to 10-02-2024.,45.57240308,1.053576355,306.1097123,0.787043243,40.95922089,1.640322581,218.048408,0.832984277,Rajya Sabha
900418,Rajpal Singh Saini,Elected,05-07-2010,04-07-2016,First Term,N/A,Uttar Pradesh,Bahujan Samaj Party,Male,Graduate,"Graduate ; Educated at D.A.V. Inter College Budhana, Muzaffarnagar, Shri Chandan Lal National Inter College, Kandhla and S.D. Degree College, Muzaffarnagar, Uttar Pradesh",71,19,0,0,0.983451537, Data corresponds to the period from 01-06-2009 to 10-02-2024.,63.22170818,1.189831851,322.5160792,0.787043243,68.91305154,1.52688172,248.1292547,0.832984277,Rajya Sabha
900352,P. Selvarasu,Elected,03-04-2020,In Office,First Term,N/A,Tamil Nadu,Dravida Munnetra Kazhagam,Male,Under Matric,"8th Standard Educated at Government Elementary School, Distt. Erode, Tamil Nadu",69,3,0,0,0.544041451, Data corresponds to the period from 01-06-2009 to 10-02-2024.,76.68499124,0.882574224,159.8800249,0.787043243,111.1843137,1.166666667,157.172549,0.713206211,Rajya Sabha
900437,Ramilaben Bara,Elected,22-06-2020,In Office,First Term,N/A,Gujarat,Bharatiya Janata Party,Female,Professional Graduate,"B.A. (English), B.Ed.",70,30,0,0,0.974093264, Data corresponds to the period from 01-06-2009 to 10-02-2024.,76.68499124,0.882574224,159.8800249,0.787043243,41.5,N/A,150.125,0.840459932,Rajya Sabha
900442,Ranjan Gogoi,Nominated,19-03-2020,In Office,First Term,N/A,N/A,Nominated,Male,Professional Graduate,"B.A. (Hons.) History, LL.B. Educated at University of Delhi, Delhi",69,1,0,0,0.403225806, Data corresponds to the period from 01-06-2009 to 10-02-2024.,78.32904237,0.882574224,162.5208115,0.787043243,N/A,N/A,N/A,N/A,Rajya Sabha
900505,Sharad Chandra Govindrao Pawar,Elected,03-04-2020,In Office,Second Term,N/A,Maharashtra,Nationalist Congress Party,Male,Graduate,B.Com.,83,22,0,0,0.738768719, Data corresponds to the period from 01-06-2009 to 10-02-2024.,174.5494519,2.383539251,484.6188618,0.787043243,197.444202,6.286321195,647.5496104,0.776425958,Rajya Sabha
900624,Mahesh Jethmalani,Nominated,02-06-2021,In Office,First Term,N/A,N/A,Bharatiya Janata Party,Male,Graduate,"B.A.(Oxon), Bar-at-Law Educated at Oxford University, Oxford, London University
",67,12,0,0,0.93125, Data corresponds to the period from 01-06-2009 to 10-02-2024.,61.91939784,0.882574224,132.8904006,0.787043243,N/A,N/A,N/A,N/A,Rajya Sabha
900533,Subrata Bakshi,Elected,03-04-2020,In Office,First Term,N/A,West Bengal,All India Trinamool Congress,Male,Professional Graduate,"B.Sc., LL.B.",73,3,0,0,0.18579235, Data corresponds to the period from 01-06-2009 to 10-02-2024.,76.68499124,0.882574224,159.8800249,0.787043243,119.7803571,1.1875,145.7672619,0.69145404,Rajya Sabha
900159,H.D. Devegowda,Elected,26-06-2020,In Office,Second Term,N/A,Karnataka,Janata Dal (Secular),Male,Diploma Course,"D.C.E.; Educated at Government High School, Holenarsipura and Smt.L.V. Polytechnic, Hassan, Karnataka",91,18,0,0,0.608187135, Data corresponds to the period from 01-06-2009 to 10-02-2024.,76.68499124,0.882574224,159.8800249,0.787043243,39.83030303,0.1,181.5818182,0.724209112,Rajya Sabha
900313,N. Chandrasegharan,Elected,25-07-2019,In Office,First Term,N/A,Tamil Nadu,All India Anna Dravida Munnetra Kazhagam,Male,Graduate,"B.Sc. Educated at Government Arts College, University of Madras, Salem, Tamil Nadu",69,10,0,0,0.691056911, Data corresponds to the period from 01-06-2009 to 10-02-2024.,98.12004966,1.162027609,196.2135248,0.787043243,141.0372549,1.277777778,199.9503268,0.713206211,Rajya Sabha
900693,Faiyaz Ahmad,Elected,08-07-2022,In Office,First Term,N/A,Bihar,Rashtriya Janata Dal,Male,Doctorate,"B.A., M.A. (Sociology), Ph.D. (Sociology) Educated at L.N.M.U., Darbhanga, Bihar",60,7,0,0,0.765306122, Data corresponds to the period from 01-06-2009 to 10-02-2024.,38.73141501,0.641564607,78.83033549,0.787043243,15.46666667,0.8,55.93333333,0.818079904,Rajya Sabha
900349,P. Chidambaram,Elected,30-06-2022,In Office,Second Term,N/A,Tamil Nadu,Indian National Congress,Male,Professional Post Graduate,"B.Sc., B.L., M.B.A.; Educated at Madras University, Chennai, Tamil Nadu and Harvard University, Boston, Massachusetts (U.S.A.)",78,21,0,0,0.533029613, Data corresponds to the period from 01-06-2009 to 10-02-2024.,140.2344514,1.837862475,368.2694884,0.787043243,171.2853785,4.361484594,478.4012443,0.744816084,Rajya Sabha
900616,Ramji,Elected,26-11-2020,In Office,First Term,N/A,Uttar Pradesh,Bahujan Samaj Party,Male,Professional Post Graduate,"M.B.A. Educated at Chaudhary Charan Singh, University, Meerut, Uttar Pradesh",48,34,0,0,0.836065574, Data corresponds to the period from 01-06-2009 to 10-02-2024.,71.6365885,0.882574224,152.3730845,0.787043243,45.79827586,0.310344828,150.7753695,0.832984277,Rajya Sabha
900179,Jairam Ramesh,Elected,01-07-2022,In Office,Fourth Term,N/A,Karnataka,Indian National Congress,Male,Post Graduate,"B.Tech., M.S. and Graduate Study Educated at I.I.T., Bombay, Carnegie Mellon University, U.S.A. and M.I.T., U.S.A.",70,200,0,0,0.908485857, Data corresponds to the period from 01-06-2009 to 10-02-2024.,196.5401589,2.854418465,639.80394,0.787043243,143.8431624,1.984343434,827.2575369,0.735772386,Rajya Sabha
900705,Dinesh Sharma,Elected,18-09-2023,In Office,First Term,N/A,Uttar Pradesh,Bharatiya Janata Party,Male,Information not available,Information not available,Info Not Available,5,0,0,1, Data corresponds to the period from 01-06-2009 to 10-02-2024.,16.9540765,0.379197695,18.4932783,0.787043243,9.103448276,0.137931034,19.55172414,0.832984277,Rajya Sabha
900704,Nagendra Ray,Elected,19-08-2023,In Office,First Term,N/A,West Bengal,Bharatiya Janata Party,Male,Information not available,Information not available,Info Not Available,6,0,0,1, Data corresponds to the period from 01-06-2009 to 10-02-2024.,16.9540765,0.379197695,18.4932783,0.787043243,25.875,0.25,11.5625,0.69145404,Rajya Sabha
900283,Manohar Parrikar,Elected,26-11-2014,02-09-2017,First Term,N/A,Uttar Pradesh,Bharatiya Janata Party,Male,Graduate,IIT Bombay,68,0,0,0,0.052631579,"This MP was a minister till Mar 13, 2017. Ministers represent the government in debates, so we do not report their participation.  They do not sign the attendance register, ask questions, or introduce private member bills. Data corresponds to the period from 01-06-2009 to 10-02-2024.",12.02393238,0.10368623,34.75222858,0.787043243,17.36321839,0.033333333,32.76781609,0.832984277,Rajya Sabha
900199,K. Kasturirangan,Nominated,27-08-2003,08-07-2009,First Term,N/A,N/A,Independent,Male,Doctorate,"B. Sc. (Hons.) in Physics, M.Sc. (Physics) with specialization in Electronics, Ph.D. (Astronomy and Astrophysics) Educated at Bombay University, Mumbai and Physical Research Laboratory, Gujarat University, Ahmedabad",83,0,0,0,0.75, Data corresponds to the period from 01-06-2009 to 10-02-2024.,0.987348136,0.054545455,3.940909091,0.787043243,N/A,N/A,N/A,N/A,Rajya Sabha
900398,R.K. Dhawan,Elected,08-07-2004,07-07-2010,Second Term,N/A,Bihar,Indian National Congress,Male,Graduate,"Graduate, Educated at Panjab University, Chandigarh",86,0,0,0,0.835294118, Data corresponds to the period from 01-06-2009 to 10-02-2024.,10.16469479,0.32389617,78.08241781,0.787043243,11.31666667,N/A,82.9625,0.818079904,Rajya Sabha
900295,Mithun Chakraborty,Elected,03-04-2014,28-12-2016,First Term,N/A,West Bengal,All India Trinamool Congress,Male,Graduate,Information not available,73,0,0,0,0.1, Data corresponds to the period from 01-06-2009 to 10-02-2024.,42.0127305,0.662836851,152.0337846,0.787043243,59.63333333,1.3875,126.95,0.69145404,Rajya Sabha
900162,Hans Raj Bhardwaj,Elected,03-04-2006,29-07-2009,Fifth Term,N/A,Haryana,Indian National Congress,Male,Post Graduate,"M.A., LL.B., Doctor of Laws (Honoris Causa) Educated at G.B.C.High School, Rohtak, B.M.College, Shimla, Agra University and Panjab University, Chandigarh",87,0,0,0,1, Data corresponds to the period from 01-06-2009 to 10-02-2024.,3.361777359,0.054545455,19.42492736,0.787043243,4,N/A,8.2,0.872776121,Rajya Sabha
900018,Achyutananda Samanta (RS),Elected,04-04-2018,22-05-2019,First Term,N/A,Odisha,Biju Janata Dal,Male,Information not available,Information not available,60,0,0,0,0.530612245, Data corresponds to the period from 01-06-2009 to 10-02-2024.,6.924067104,0.071748879,40.67084401,0.787043243,4.5,N/A,23.4,0.780593478,Rajya Sabha
900541,Suryakantbhai Acharya,Elected,19-08-2005,21-12-2009,First Term,N/A,Gujarat,Bharatiya Janata Party,Male,Professional Graduate,"B.A., B.Com., LL.B. Educated at M.P.Shah College and Shamaldas College, Gujarat University, Bhavnagar and Dharmendra College, Gujarat University, Rajkot",94,0,0,0,0.568627451, Data corresponds to the period from 01-06-2009 to 10-02-2024.,6.917125385,0.204427143,50.1203246,0.787043243,4,N/A,31.54545455,0.840459932,Rajya Sabha
900390,Prithviraj Chavan,Elected,03-04-2008,06-05-2011,Second Term,N/A,Maharashtra,Indian National Congress,Male,Post Graduate,"B.E.(Hons), M.S. Educated at B.I.T.S., Pilani, Rajasthan and University of California, Berkeley, U.S.A.",78,0,0,0,0.186046512,"This MP was a minister. He tendered his resignation on Nov 10, 2010. Ministers represent the government in debates, so we do not report their participation. Data corresponds to the period from 01-06-2009 to 10-02-2024.",3.468210051,0.1,30.44933426,0.787043243,2.941176471,N/A,43.11764706,0.776425958,Rajya Sabha
900123,Dasari Narayana Rao,Elected,03-04-2006,02-04-2012,Second Term,N/A,Andhra Pradesh,Indian National Congress,Male,Graduate,"Honorary Doctorate from Andhra University, Visakhapatnam, 1986",77,0,0,0,0.126696833, Data corresponds to the period from 01-06-2009 to 10-02-2024.,23.58244777,0.61776919,178.9718321,0.787043243,20.52142857,0.883333333,251.8839286,0.758898933,Rajya Sabha
900687,Ilaiyaraaja,Nominated,07-07-2022,In Office,First Term,N/A,N/A,Nominated,Male,Information not available,Information not available,81,0,0,0,0.19047619, Data corresponds to the period from 01-06-2009 to 10-02-2024.,38.73141501,0.641564607,78.83033549,0.787043243,N/A,N/A,N/A,N/A,Rajya Sabha
900251,M. Rajasekara Murthy,Elected,03-04-2006,05-12-2010,Third Term,N/A,Karnataka,Janata Dal (Secular),Male,Professional Graduate,"B.A., B.Com., LL.B. Educated at Mysore University and Lucknow University",102,0,0,0,0.701492537, Data corresponds to the period from 01-06-2009 to 10-02-2024.,13.6124855,0.397172032,111.6793664,0.787043243,7.6,1,47.9,0.724209112,Rajya Sabha
900526,Su. Thirunavukkarasar,Elected,30-06-2004,09-11-2009,First Term,N/A,Madhya Pradesh,Indian National Congress,Male,Post Graduate,"B.L., M.A. Educated at Madras Law College, Chennai (Tamil Nadu) and Venkateshwara University (Andhra Pradesh)",74,0,0,0,0.5,"This MP was re-elected/nominated. During his previous term, he was affiliated with BJP; the term ended on 9th Nov, 2010. Data corresponds to the period from 01-06-2009 to 10-02-2024.",4.32889009,0.095829858,25.52303953,0.787043243,2.522727273,N/A,19.02272727,0.850316503,Rajya Sabha
900524,Soumya Ranjan Patnaik,Elected,04-04-2018,06-06-2019,First Term,N/A,Odisha,Biju Janata Dal,Male,Information not available,Information not available,71,0,0,0,0.632653061, Data corresponds to the period from 01-06-2009 to 10-02-2024.,6.924067104,0.071748879,40.67084401,0.787043243,4.5,N/A,23.4,0.780593478,Rajya Sabha
900421,Ram Dayal Munda,Nominated,22-03-2010,30-09-2011,First Term,N/A,N/A,Independent,Male,Doctorate,"M.A., Ph.D., Educated at Ranchi University, Ranchi and University of Chicago, U.S.A.",84,0,0,0,0.617391304, Data corresponds to the period from 01-06-2009 to 10-02-2024.,11.20180219,0.413342047,86.88535219,0.787043243,N/A,N/A,N/A,N/A,Rajya Sabha
900151,George Fernandes,Elected,04-08-2009,07-07-2010,First Term,N/A,Bihar,Janata Dal (United),Male,Inter/ Higher Secondary,"S.S.L.C. Educated at St. Aloysius College (High School), Mangalore",94,0,0,0,0.155172414, Data corresponds to the period from 01-06-2009 to 10-02-2024.,6.413009172,0.228066312,55.52446293,0.787043243,6.516666667,N/A,57.82916667,0.818079904,Rajya Sabha
900310,Murli Deora,Elected,03-04-2014,23-11-2014,Third Term,N/A,Maharashtra,Indian National Congress,Male,Graduate,B.A.,86,0,0,0,0.68558952,"This MP was a minister. He tendered his resignation on Jul 12, 2011. Ministers represent the government in debates, so we do not report their participation. Participation and attendance details for this MP are thus available only from Jul 13, 2011. Data corresponds to the period from 01-06-2009 to 10-02-2024.",28.3375225,0.556404323,175.402495,0.787043243,30.61029412,1.004901961,288.7446895,0.776425958,Rajya Sabha
900629,Sarbananda Sonowal,Elected,27-09-2021,04-06-2024,First Term,N/A,Assam,Bharatiya Janata Party,Male,Professional Graduate,"B.A., LL.B., B.C.J. Educated at D.H.S.K. College, Dibrugarh University, G.U. Law College and Gauhati University
",61,0,0,0,N/A,"This MP is a minister. Ministers represent the government in debates, so we do not report their participation. They do not sign the attendance register, ask questions, or introduce private member bills. Data corresponds to the period from 01-06-2009 to 10-02-2024.",60.9930979,0.882574224,116.89793,N/A,27.58730159,N/A,60.26984127,N/A,Rajya Sabha
900462,S.M. Krishna,Elected,26-06-2008,25-06-2014,Second Term,N/A,Karnataka,Indian National Congress,Male,Professional Post Graduate,"B.A., B.L., M.C.L. (U.S.A.) Educated at Maharaja's College, Mysore, Government Law College, Bangalore, Southern Methodist University, Dallas-Texas (U.S.A.)",92,0,0,0,0.115789474,"This MP was a minister. He tendered his resignation on 28th Oct, 2012. Ministers represent the government in debates, so we do not report their participation. Participation and attendance details for this MP are thus available only from 29th Oct, 2012. Data corresponds to the period from 01-06-2009 to 10-02-2024.",10.72665242,0.191489362,72.40130267,0.787043243,10.18585859,0.090909091,54.7979798,0.724209112,Rajya Sabha
900449,Rekha,Nominated,27-04-2012,26-04-2018,First Term,N/A,N/A,Independent,Female,Matric,"Matriculation Educated at Sacred Heart Convent, Church Park, Chennai",69,0,0,0,0.051813472, Data corresponds to the period from 01-06-2009 to 10-02-2024.,76.46773079,1.331050954,333.6858915,0.787043243,N/A,N/A,N/A,N/A,Rajya Sabha
900256,M.A.M. Ramaswamy,Elected,01-07-2004,30-06-2010,First Term,N/A,Karnataka,Janata Dal (Secular),Male,Doctorate,"B.A., D. Litt. (Honoris Causa) Educated at Vivekananda College, Chennai; conferrred D. Litt. (Honoris Causa) degree by Annamalai University, Chidambaram for outstanding contribution in the field of sports in 1979, Alagappa University, Karaikudi in 1996, P",92,0,0,0,0.058823529, Data corresponds to the period from 01-06-2009 to 10-02-2024.,10.16469479,0.32389617,78.08241781,0.787043243,5.6,1,35.2,0.724209112,Rajya Sabha
900492,Satish Kumar Sharma,Elected,05-07-2010,04-07-2016,Third Term,N/A,Uttar Pradesh,Indian National Congress,Male,Diploma Course,"Higher Secondary; Commercial Pilots Licence; Airline Transport Pilots Licence Educated at Mothers School, New Delhi; Hyderabad and Kansas City, U.S.A.",76,0,0,0,0.952755906,"This MP has been re-elected/nominated. During his previous term, this MP was an elected representative from Uttarakhand; the term ended on 4th July, 2010. Data corresponds to the period from 01-06-2009 to 10-02-2024.",73.38640297,1.513728021,400.598497,0.787043243,76.85922089,1.873655914,303.148408,0.832984277,Rajya Sabha
900508,Shibu Soren,Elected,22-06-2020,In Office,Fourth Term,N/A,Jharkhand,Jharkhand Mukti Morcha,Male,Matric,"Educated at Gola High School, Hazaribagh (Jharkhand)",80,0,0,0,0.388888889, Data corresponds to the period from 01-06-2009 to 10-02-2024.,76.68499124,0.882574224,159.8800249,0.787043243,36.66666667,0.366666667,137.1666667,0.784158314,Rajya Sabha
900686,V. Vijayendra Prasad,Nominated,07-07-2022,In Office,First Term,N/A,N/A,Nominated,Male,Graduate,"B.Sc. Educated at Andhra University, Eluru (Andhra Pradesh)",81,0,0,0,0.244897959, Data corresponds to the period from 01-06-2009 to 10-02-2024.,38.73141501,0.641564607,78.83033549,0.787043243,N/A,N/A,N/A,N/A,Rajya Sabha
900706,Satnam Singh Sandhu,Nominated,31-01-2024,In Office,First Term,N/A,N/A,Nominated,Male,Information not available,Information not available,Info Not Available,0,0,0,1, Data corresponds to the period from 01-06-2009 to 10-02-2024.,4.950672646,0.098654709,5.609865471,0.787043243,N/A,N/A,N/A,N/A,Rajya Sabha
900707,Swati Maliwal,Elected,31-01-2024,In Office,First Term,N/A,Delhi,Aam Aadmi Party,Female,Information not available,Information not available,Info Not Available,0,0,0,0.777777778, Data corresponds to the period from 01-06-2009 to 10-02-2024.,4.950672646,0.098654709,5.609865471,0.787043243,0.25,N/A,N/A,0.886446707,Rajya Sabha
