cino,date,from_court_no,from_judge,to_court_no,to_judge
ASLK030012292019,2020-03-04,9,Chief Judicial Magistrate,5,Addl. Chief Judicial Magistrate
AS07050000622018,2018-08-07,1,SDJM(M),2,MUNSIFF CUM JMFC
ASLK030003242021,2022-11-15,4,Chief Judicial Magistrate,9,Judicial Magistrate 1st Class
ASLK010007332017,2018-08-29,1,District &amp; Sessions Judge,2,Addl. District & Sessions Judge ( FTC)
ASLK030015842022,2022-12-16,5,Addl. Chief Judicial Magistrate,6,Sub Divisional Judicial Magistrate
BRNW020063192016,2017-09-20,NA,NA,26,ACJM2
ASLK030004792022,2022-08-22,6,Sub Divisional Judicial Magistrate,9,Judicial Magistrate 1st Class
ASLK030014332018,2019-12-27,9,Judicial Magistrate 1st Class,6,Sub Divisional Judicial Magistrate
ASLK030014332018,2022-07-19,6,Sub Divisional Judicial Magistrate,4,Chief Judicial Magistrate
ASLK030014332018,2022-12-21,4,Chief Judicial Magistrate,6,Sub Divisional Judicial Magistrate
ASLK010009102021,2021-12-22,1,District &amp; Sessions Judge,12,Addl. Sessions Judge -cum- Special Judge (POCSO)
ASSV030006602020,2022-01-28,4,"Chief Judicial Magistrate, Sivasagar",14,Sub Divisional Judicial Magistrate ( S)
ASSV030006602020,2022-01-28,12,"Addl. Chief Judicial Magistrate, Sivasagar",4,"Chief Judicial Magistrate, Sivasagar"
ASSV030014142019,2020-06-10,14,Sub Divisional Judicial Magistrate ( S),4,"Chief Judicial Magistrate, Sivasagar"
ASSV030014142019,2020-06-11,4,"Chief Judicial Magistrate, Sivasagar",12,"Addl. Chief Judicial Magistrate, Sivasagar"
ASSV030014142019,2020-12-14,12,"Addl. Chief Judicial Magistrate, Sivasagar",4,"Chief Judicial Magistrate, Sivasagar"
ASSV030014142019,2020-12-15,4,"Chief Judicial Magistrate, Sivasagar",13,"Judicial Magistrate 1st Class, Sivasagar"
ASSV030000472020,2020-06-12,14,Sub Divisional Judicial Magistrate ( S),4,"Chief Judicial Magistrate, Sivasagar"
ASSV030000472020,2020-06-17,4,"Chief Judicial Magistrate, Sivasagar",9,"Judicial Magistrate 1st Class, Sivasagar"
ASSV010000022017,2017-02-04,2,"Addl. Dist. and Sessions Judge(FTC), Special Judge  cum Addl. member MACT, Sivasagar",11,Circuit Court Addl Dist. and Sessions  Judge
ASSV010000022017,2017-02-04,1,"Dist and Sessions cum special Judge cum member  MACT cum President(DCDRF), Sivasagar",2,"Addl. Dist. and Sessions Judge(FTC), Special Judge  cum Addl. member MACT, Sivasagar"
ASSV030011002019,2020-06-10,14,Sub Divisional Judicial Magistrate ( S),4,"Chief Judicial Magistrate, Sivasagar"
ASSV030011002019,2020-06-11,4,"Chief Judicial Magistrate, Sivasagar",12,"Addl. Chief Judicial Magistrate, Sivasagar"
ASSV030011002019,2021-02-05,12,"Addl. Chief Judicial Magistrate, Sivasagar",4,"Chief Judicial Magistrate, Sivasagar"
ASSV030011002019,2021-02-06,4,"Chief Judicial Magistrate, Sivasagar",14,Sub Divisional Judicial Magistrate ( S)
ASSV030011002019,2021-08-09,14,Sub Divisional Judicial Magistrate ( S),4,"Chief Judicial Magistrate, Sivasagar"
ASSV030011002019,2021-08-16,4,"Chief Judicial Magistrate, Sivasagar",12,"Addl. Chief Judicial Magistrate, Sivasagar"
ASSV030011002019,2022-01-28,4,"Chief Judicial Magistrate, Sivasagar",14,Sub Divisional Judicial Magistrate ( S)
ASSV030011002019,2022-01-28,12,"Addl. Chief Judicial Magistrate, Sivasagar",4,"Chief Judicial Magistrate, Sivasagar"
ASSV030089312022,2022-09-28,14,Sub Divisional Judicial Magistrate ( S),9,"Judicial Magistrate 1st Class, Sivasagar"
ASSV030012242019,2020-06-10,14,Sub Divisional Judicial Magistrate ( S),4,"Chief Judicial Magistrate, Sivasagar"
ASSV030012242019,2020-06-12,4,"Chief Judicial Magistrate, Sivasagar",9,"Judicial Magistrate 1st Class, Sivasagar"
ASSV030012242019,2020-12-14,9,"Judicial Magistrate 1st Class, Sivasagar",4,"Chief Judicial Magistrate, Sivasagar"
ASSV030012242019,2020-12-15,4,"Chief Judicial Magistrate, Sivasagar",13,"Judicial Magistrate 1st Class, Sivasagar"
ASSV030000572020,2020-06-10,14,Sub Divisional Judicial Magistrate ( S),4,"Chief Judicial Magistrate, Sivasagar"
ASSV030000572020,2020-06-12,4,"Chief Judicial Magistrate, Sivasagar",9,"Judicial Magistrate 1st Class, Sivasagar"
ASSV030000572020,2021-02-05,9,"Judicial Magistrate 1st Class, Sivasagar",4,"Chief Judicial Magistrate, Sivasagar"
ASSV030000572020,2021-02-06,4,"Chief Judicial Magistrate, Sivasagar",14,Sub Divisional Judicial Magistrate ( S)
ASSN030010342019,2023-01-05,7,"Chief Judicial Magistrate,",6,"Addl. Chief Judicial Magistrate,"
ASSN030076852016,2021-02-04,6,"Addl. Chief Judicial Magistrate,",12,"Judicial Magistrate, 1st Class"
ASSN030048242015,2021-02-05,7,"Sub Divisional Judicial Magistrate (S),",10,"Judicial Magistrate, 1st Class,"
ASSN030048242015,2023-01-19,10,"Judicial Magistrate, 1st Class,",9,"Judicial Magistrate, 1st Class,"
ASUA010000092023,2023-01-09,6,Chief Judicial Magistrate,NA,"District And Sessions Court, Udalguri"
ASUA030000402023,2023-01-21,1,District And Sessions Judge,3,Civil Judge Cum Assistant Sessions Judge
ASUA030003692022,2022-07-20,1,District And Sessions Judge,3,Civil Judge Cum Assistant Sessions Judge
ASUA010005702022,2022-07-02,6,Chief Judicial Magistrate,NA,"District And Sessions Court, Udalguri"
ASDH030015882020,2023-01-09,2,Additional Chief Judicial Magistrate,6,JMFC2
ASCH020002152019,2020-06-12,2,Judicial Magistrate First Class,1,Chief Judicial Magistrate
ASCH020002242015,2021-05-17,5,Addl. Chief Judicial Magistrate,4,Sub Divisional Judicial Magistrate (S)
ASCH020002242015,2021-07-29,NA,NA,5,Addl. Chief Judicial Magistrate
ASCH020002242015,2022-10-26,5,Addl. Chief Judicial Magistrate,6,Judicial Magistrate First Class
ASCH020007412019,2019-12-09,NA,NA,4,Sub Divisional Judicial Magistrate (S)
ASCH020007412019,2021-07-29,NA,NA,5,Addl. Chief Judicial Magistrate
ASCH020007412019,2022-10-20,5,Addl. Chief Judicial Magistrate,6,Judicial Magistrate First Class
ASCH050008922019,2019-10-21,1,Sub Divisional Judicial Magistrate(M),2,Munsiff cum Judicial Magistrate First Class
ASCH020002652022,2022-04-25,NA,NA,3,Munsiff cum Judicial Magistrate First Class
ASCH020002652022,2022-09-29,3,Munsiff cum Judicial Magistrate First Class,2,Judicial Magistrate First Class
ASCH050008272019,2019-09-04,1,Sub Divisional Judicial Magistrate(M),2,Munsiff cum Judicial Magistrate First Class
ASJR030046492019,2021-03-06,11,JMFC3,10,JMFC2
ASJR030067832018,2019-09-18,9,JMFC1,11,JMFC3
ASJR030067832018,2021-04-05,11,JMFC3,9,JMFC1
ASJR030067832018,2022-11-16,9,JMFC1,11,JMFC3
ASJR010001822021,2021-02-12,1,District &amp; Sessions Judge,2,Addl. District and Sessions Judge
ASJR010001822021,2022-05-05,2,Addl. District and Sessions Judge,1,District & Sessions Judge
ASJR010001822021,2022-05-06,1,District &amp; Sessions Judge,2,Addl. District and Sessions Judge
ASJR030012622016,2018-05-14,10,JMFC2,7,Munsiff No. 1 cum JMFC
ASJR010007102022,2022-06-08,1,District &amp; Sessions Judge,2,Addl. District and Sessions Judge
ASJR030032292019,2021-03-17,11,JMFC3,10,JMFC2
ASKJ010016302022,2022-11-15,1,District and Sessions Judge,2,"Addl. District and Sessions Judge, FTC"
ASDB020037462020,2021-04-06,14,"Judicial Magistrate 1st Class, Dibrugarh",15,"Judicial Magistrate 1st Class, Dibrugarh"
ASDB020020032020,2023-01-17,12,Munsiff No. 1 Cum JMFC,15,"Judicial Magistrate 1st Class, Dibrugarh"
MHCC020081802019,2019-06-06,40,COURT 40  ADDL SESSIONS JUDGE,38,COURT 38 ADDL. SESSIONS JUDGE
ASDB020007382020,2020-06-20,10,"Judicial Magistrate 1st Class, Dibrugarh",16,Munsiff No. 3 cum J.M.F.C.
ASDB020057892018,2020-06-17,10,"Judicial Magistrate 1st Class, Dibrugarh",16,Munsiff No. 3 cum J.M.F.C.
ASDB020001742020,2020-07-04,10,"Judicial Magistrate 1st Class, Dibrugarh",16,Munsiff No. 3 cum J.M.F.C.
ASDB020004422016,2020-06-19,10,"Judicial Magistrate 1st Class, Dibrugarh",16,Munsiff No. 3 cum J.M.F.C.
ASDB020004422016,2022-02-25,16,Munsiff No. 3 cum J.M.F.C.,12,"Judicial Magistrate 1st Class, Dibrugarh"
ASDB020011952015,2023-03-03,12,Munsiff No. 1 Cum JMFC,15,"Judicial Magistrate 1st Class, Dibrugarh"
ASDB020021952021,2021-09-10,10,Chief Judicial Magistrate,NA,District and Session Judge
ASDB020089452018,2020-09-03,10,"Judicial Magistrate 1st Class, Dibrugarh",16,Munsiff No. 3 cum J.M.F.C.
ASMR040051302022,2023-01-04,5,Sub Divisional Judicial Magistrate ( S),8,JMFC
ASMR040044682022,2022-12-12,5,Sub Divisional Judicial Magistrate ( S),8,JMFC
ASHI030027722017,2018-03-14,6,Judicial Magistrate First Class,5,Munsiff No. 1
ASNL030012932019,2020-02-06,7,Munsiff No. 2 cum JMFC,4,Addl. Chief Judicial Magistrate
ASBK030007782019,2021-02-12,4,Addl Chief Judicial Magistrate,2,Judicial Magistrate 1st Class
ASBK030007782019,2023-03-01,2,Judicial Magistrate 1st Class,7,Sub Divisional Judicial Magistrate (S)
ASBK030006342021,2022-11-15,4,Addl Chief Judicial Magistrate,6,Judicial Magistrate 1st Class
ASCC030030232018,2019-04-30,NA,NA,14,JMFC 2
ASCC030030232018,2018-08-03,14,Chief Judicial Magistrate Court,NA,Munsiff Court
ASCC030000802017,2018-03-12,13,SDJM (S),15,JMFC 3
ASCC030007012019,2019-03-18,NA,NA,14,JMFC 2
ASCC040025052017,2018-02-23,9,Munsiff No. 4 cum JMFC,7,Munsiff No. 2 cum JMFC
ASCC030026492016,2018-04-05,13,SDJM (S),12,SDJM (S)
ASCC030026492016,2021-01-04,12,SDJM (S),16,JMFC 4
ASCC030014842017,2017-07-27,10,Chief Judicial Magistrate Court,NA,Munsiff Court
ASCC030023822019,2019-06-24,NA,NA,10,Chief Judicial Magistrate
ASCC030023902019,2019-06-24,NA,NA,11,Addl. Chief Judicial Magistrate
ASCC030004022020,2020-02-05,NA,NA,11,Addl. Chief Judicial Magistrate
ASCC040025032017,2018-02-23,9,Munsiff No. 4 cum JMFC,7,Munsiff No. 2 cum JMFC
ASCC030001302020,2020-01-10,NA,NA,11,Addl. Chief Judicial Magistrate
ASCC030001212017,2018-03-28,13,SDJM (S),12,SDJM (S)
ASCC030020872019,2019-06-24,NA,NA,12,SDJM (S)
ASCC030039862022,2022-12-22,0,Chief Judicial Magistrate Court,NA,Munsiff Court
ASCC030020442016,2019-11-19,11,Addl. Chief Judicial Magistrate,13,JMFC 1
ASCC030029462017,2017-09-07,10,Chief Judicial Magistrate,11,Addl. Chief Judicial Magistrate
ASCC030032092017,2017-09-20,10,Chief Judicial Magistrate Court,NA,Munsiff Court
ASCC040006202017,2017-12-07,7,Munsiff Court,NA,Chief Judicial Magistrate Court
ASCC030002092020,2020-01-21,NA,NA,11,Addl. Chief Judicial Magistrate
ASCC030026532016,2019-04-25,10,Chief Judicial Magistrate,14,JMFC 2
ASCC030026532016,2016-12-08,14,Chief Judicial Magistrate Court,NA,Munsiff Court
ASCC030032102017,2017-09-20,10,Chief Judicial Magistrate Court,NA,Munsiff Court
ASCC030029412015,2018-04-17,13,SDJM (S),12,SDJM (S)
ASCC030013792021,2021-06-18,NA,NA,13,JMFC 1
ASCC040002792017,2017-11-22,7,Munsiff Court,NA,Chief Judicial Magistrate Court
ASBN030007702016,2016-12-23,4,CJM Bongaigaon,5,Addl. CJM Bongaigaon
ASBN070011602021,2021-09-07,1,Sub-Divisional Judicial Magistrate,2,Judicial Magistrate 1st Class
ASBN030003832020,2020-04-29,4,CJM Bongaigaon,5,Addl. CJM Bongaigaon
ASBN070011612021,2021-09-07,1,Sub-Divisional Judicial Magistrate,2,Judicial Magistrate 1st Class
ASBN030025332019,2019-11-04,4,CJM Bongaigaon,6,SDJM (Sadar)
ASBN030025332019,2019-11-04,12,Special Railway Magistrate,4,CJM Bongaigaon
ASBN030025332019,2020-03-05,NA,NA,4,CJM Bongaigaon
ASBN030015122021,2021-07-27,4,CJM Bongaigaon,11,JM 1st Class
ASBN030015122021,2022-05-18,4,CJM Bongaigaon,11,JM 1st Class
ASBN030015122021,2022-05-18,11,JM 1st Class,4,CJM Bongaigaon
ASBN030015122021,2022-05-23,11,JM 1st Class,4,CJM Bongaigaon
ASGL030005452021,2021-07-07,5,Sub Divisional Judicial Magistrate ( S ),7,JMFC 2
ASGL030007752020,2021-03-04,8,JMFC 1,5,Sub Divisional Judicial Magistrate ( S )
ASGL030007752020,2022-10-01,5,Sub Divisional Judicial Magistrate ( S ),8,JMFC 1
ASGL030010192021,2021-11-16,5,Sub Divisional Judicial Magistrate ( S ),3,Chief Judicial Magistrate
ASTN040015032017,2018-11-12,6,"Additional Chief Judicial Magistrate,  Tinsukia",7,"Sub-Divisional Judicial Magistrate(Sadar),Tinsukia"
ASTN040003782020,2021-04-30,10,"Chief Judicial Magistrate,  Tinsukia",9,"Munsiff No.2 cum J.M.1st Class, Tinsukia"
ASTN040003782020,2021-09-15,9,"Munsiff No.2 cum J.M.1st Class, Tinsukia",7,"Sub-Divisional Judicial Magistrate(Sadar),Tinsukia"
ASTN040004252016,2017-11-27,6,"Additional Chief Judicial Magistrate,  Tinsukia",7,"Sub-Divisional Judicial Magistrate(Sadar),Tinsukia"
ASTN060004842016,2018-06-27,1,SDJM Margherita,2,Munsiff Cum JM 1st Class Margherita
ASTN040013912015,2017-09-16,4,"Chief Judicial Magistrate,  Tinsukia",10,"Judicial Magistrate 1st Class, Tinsukia"
ASTN040004272016,2017-10-17,8,"Munsiff No.1 cum J.M.1st Class, Tinsukia",9,"Munsiff No.2 cum J.M.1st Class, Tinsukia"
ASTN040004272016,2018-02-20,9,"Chief Judicial Magistrate,  Tinsukia",10,"Judicial Magistrate 1st Class, Tinsukia"
ASTN040004272016,2019-09-21,10,"Chief Judicial Magistrate,  Tinsukia",7,"Sub-Divisional Judicial Magistrate(Sadar),Tinsukia"
ASTN040004252015,2016-06-13,7,"Chief Judicial Magistrate,  Tinsukia",8,"Munsiff No.1 cum J.M.1st Class, Tinsukia"
ASTN040004242015,2016-06-20,7,"Chief Judicial Magistrate,  Tinsukia",8,"Munsiff No.1 cum J.M.1st Class, Tinsukia"
ASTN040004242015,2018-01-29,8,"Munsiff No.1 cum J.M.1st Class, Tinsukia",7,"Sub-Divisional Judicial Magistrate(Sadar),Tinsukia"
ASTN010003232023,2023-03-03,1,"District &amp; Sessions Judge, Tinsukia",3,"Addl. District & Sessions Judge,FTC No.2,Tinsukia"
ASTN040004262015,2016-06-03,7,"Chief Judicial Magistrate,  Tinsukia",6,"Additional Chief Judicial Magistrate,  Tinsukia"
ASTN040004262015,2017-11-27,6,"Additional Chief Judicial Magistrate,  Tinsukia",7,"Sub-Divisional Judicial Magistrate(Sadar),Tinsukia"
ASTN040004232015,2016-06-03,7,"Chief Judicial Magistrate,  Tinsukia",4,"Chief Judicial Magistrate,  Tinsukia"
ASTN010017362022,2022-12-22,1,"District &amp; Sessions Judge, Tinsukia",2,"Addl. Sessions Judge-cum-Special Judge, POCSO, Tinsukia"
ASDU030000462020,2020-07-04,11,Judicial Magistrate First Class 1,6,Sub-Divisional Judicial Magistrate (S)
ASKM010003362018,2022-06-15,1,"District and Sessions Judge, Kamrup Metro",23,"Addl. Sessions Judge -cum- Special Judge POCSO, Kamrup Metro"
ASKM010026302017,2017-07-21,1,"District and Sessions Judge, Kamrup Metro",2,"Addl. District and Sessions Judge No. 1, Kamrup Metro"
ASKM010032002015,2015-09-28,1,"District and Sessions Judge, Kamrup Metro",4,"Addl. District  and Sessions Judge (FTC) No. 4, Kamrup Metro"
AS01060248102017,2019-11-05,2,"C.J.M, Kamrup Metro.",15,"Munsiff No. 5 cum JMFC,Smti. Elizabeth Hazarika"
AS01060248102017,2020-02-11,15,Munsiff No. 5 cum JMFC,14,"JMFC 6, Smti Dimpy Naroh"
AS01060007192016,2023-02-24,6,"SDJM-2, Smti Jahnobi Hazarika",15,"Munsiff No-5 cum JMFC, Smti. Bhashyarima Bhuyan"
BRSW020004772017,2017-03-02,6,CJM,14,SDJM
BRSW020004762017,2017-02-22,6,CJM,14,SDJM
BRSW020037332012,2016-08-23,NA,NA,NA,NA
BRSW020037332012,2020-03-07,19,Judicial Magistarate First Class,31,Judicial Magistarate First Class
BRSW020048862016,2022-10-01,46,Addl. Civil Judge ( Sr.Division)-XIII-Cum-ACJM-XIII,41,Addl. Civil Judge ( Sr.Division)-VII-Cum-ACJM-X
BRRO110012762019,2021-02-05,10,Sub judge-I cum ACJM-I,13,Subjudge-III cum ACJM-III
BRRO110012762019,2022-04-06,13,Subjudge-III cum ACJM-III,11,J.M
BRRO110012762019,2022-08-23,11,J.M,6,J.M
BRSR020114312015,2017-02-14,NA,NA,39,ACJM-5
BRGA010131062022,2022-11-28,1,District and Sessions Judge,20,Addl District and Sessions Judge- XI
BRGA020045312021,2022-08-01,1,Chief Judicial Magistrate,15,Judicial Magistrate 1st Class
BRGA020007722017,2019-09-09,1,Chief Judicial Magistrate,19,Addl. Chief Judicial Magistrate -XIII
BRGA020059072019,2020-09-04,1,Chief Judicial Magistrate,17,Judicial Magistrate 1st Class -V
BRGA020059072019,2021-01-22,17,Judicial Magistrate 1st Class -V,2,Addl. Chief Judicial Magistrate -I
BRGA020017382016,2021-04-06,10,Addl. Chief Judicial Magistrate -XI,11,Addl. Chief Judicial Magistrate -V
BRGA020062472021,2021-10-22,1,Chief Judicial Magistrate,19,Addl. Chief Judicial Magistrate -XIII
BRGA020062472021,2022-11-21,19,Addl. Chief Judicial Magistrate -XIII,1,Chief Judicial Magistrate
BRGA010118202021,2022-01-07,13,Addl. District and Sessions Judge-IV,5,Addl. District and Sessions Judge-II
BRGA020071452019,2020-06-25,1,Chief Judicial Magistrate,14,Judicial Magistrate 1st  Class-II
BRGA020001372019,2019-01-07,1,Chief Judicial Magistrate,3,Addl. Chief Judicial Magistrate-VII
BRGA020001372019,2020-08-28,3,Addl. Chief Judicial Magistrate-VII,14,Judicial Magistrate 1st  Class-II
BRGA010001542017,2020-01-21,1,District and Sessions Judge,20,Addl District and Sessions Judge- XI
BRGA010001542017,2021-09-25,20,Addl District and Sessions Judge- XI,22,Addl District and Sessions Judge- XV
BRGA020007702017,2019-10-01,1,Chief Judicial Magistrate,15,Judicial Magistrate 1st  Class-III
BRGA010047432021,2021-04-08,1,District and Sessions Judge,8,Addl. District and Sessions Judge-V
BRGA010138192022,2022-12-09,1,District and Sessions Judge,22,Addl District and Sessions Judge- XV
BRGA010101572020,2021-01-05,1,District and Sessions Judge,4,Addl. District and Sessions Judge-I
BRGA020070472018,2019-10-01,1,Chief Judicial Magistrate,19,Addl. Chief Judicial Magistrate -XIII
BRGA010000602022,2022-06-07,1,District and Sessions Judge,5,Addl. District and Sessions Judge-II
BRGA020007082017,2019-10-01,1,Chief Judicial Magistrate,19,Addl. Chief Judicial Magistrate -XIII
BRGA020094062018,2019-06-21,1,Chief Judicial Magistrate,20,Judicial Magistrate 1st Class
BRGA020094062018,2019-10-31,20,Judicial Magistrate 1st Class,NA,NA
BRGA020004972019,2022-07-06,1,Chief Judicial Magistrate,38,Judicial Magistrate 1st Class
BRGA010110602022,2022-10-10,1,District and Sessions Judge,4,Addl. District and Sessions Judge-I
BRGA010095932018,2019-08-16,8,Addl. District and Sessions Judge-V,18,Addl District and Sessions Judge- X
BRGA010095932018,2021-01-22,18,Addl District and Sessions Judge- X,19,Addl. District and Sessions Judge-III
BRGA010095932018,2021-12-14,19,Addl. District and Sessions Judge-III,18,Addl District and Sessions Judge- X
BRGA020007672017,2019-09-09,1,Chief Judicial Magistrate,19,Addl. Chief Judicial Magistrate -XIII
BRGA020040792021,2021-07-15,1,Chief Judicial Magistrate,28,Judicial Magistrate 1st Class
BRGA010066662020,2020-09-22,1,District and Sessions Judge,8,Addl. District and Sessions Judge-V
BRGA020007712017,2019-10-01,1,Chief Judicial Magistrate,19,Addl. Chief Judicial Magistrate -XIII
BRGA110010802018,2018-05-01,1,A.C.J.M-I,2,Incharge-S.D.J.M.
BRGA010001242016,2021-09-25,1,District and Sessions Judge,17,Addl. District and Sessions Judge-IX
BRGA010001242016,2022-08-17,17,Addl. District and Sessions Judge-IX,8,Addl. District and Sessions Judge-V
BRGA010071982020,2020-10-05,1,District and Sessions Judge,8,Addl. District and Sessions Judge-V
BRGA020006412021,2021-01-30,1,Chief Judicial Magistrate,18,Addl. Chief Judicial Magistrate -VIII
BRGA020006412021,2022-06-30,18,Addl. Chief Judicial Magistrate -VIII,42,Judicial Magistrate 1st Class
BRGA020060752017,2021-01-22,1,Chief Judicial Magistrate,2,Addl. Chief Judicial Magistrate -I
BRGA020034122021,2021-06-17,1,Chief Judicial Magistrate,19,Addl. Chief Judicial Magistrate -XIII
BRGA020048022016,2020-10-21,4,Addl. Chief Judicial Magistrate -IX,19,Addl. Chief Judicial Magistrate -XIII
BRGA020048022016,2020-11-09,19,Addl. Chief Judicial Magistrate -XIII,24,Judicial Magistrate 1st Class
BRGA010075522022,2022-08-03,1,District and Sessions Judge,5,Addl. District and Sessions Judge-II
BRGA020007042017,2019-10-01,1,Chief Judicial Magistrate,16,Judicial Magistrate 1st Class
BRGA020007042017,2020-10-06,16,Judicial Magistrate 1st Class,26,Judicial Magistrate 1st Class
BRGA010025822020,2020-03-03,1,District and Sessions Judge,8,Addl. District and Sessions Judge-V
BRGA020009252018,2022-08-04,1,Chief Judicial Magistrate,38,Judicial Magistrate 1st Class
BRGA010084672020,2020-11-06,1,District and Sessions Judge,4,Addl. District and Sessions Judge-I
BRGA010073062021,2021-08-07,1,District and Sessions Judge,6,Special Judge SC/ST Act
BRGA010033272021,2021-03-08,1,District and Sessions Judge,8,Addl. District and Sessions Judge-V
BRGA010076472021,2021-08-05,1,District and Sessions Judge,23,Addl District and Sessions Judge- XVI
BRGA020026612022,2023-01-09,5,Addl. Chief Judicial Magistrate -X,24,Judicial Magistrate 1st Class
BRGA020007842017,2019-06-29,1,Chief Judicial Magistrate,13,Judicial Magistrate 1st  Class-I
BRGA010160412021,2022-06-07,1,District and Sessions Judge,13,Addl. District and Sessions Judge-IV
BRGA010160412021,2022-08-04,13,Addl. District and Sessions Judge-IV,21,Addl District and Sessions Judge- XII
BRVA010027572022,2022-04-07,1,District and Sessions Judge,17,A.D.J 12th
BRVA020020372020,2021-07-23,1,C.J.M,26,S Swetanki J.M 1st Class
BRVA020020372020,2022-06-23,26,S Swetanki J.M 1st Class,3,A.C.J.M 2nd
BRVA020085232019,2019-10-15,1,C.J.M,2,A.C.J.M 1st
BRVA010014982016,2021-12-09,4,A.D.J 1st,9,A.D.J 3rd
BRVA010105592022,2022-12-09,1,District and Sessions Judge,4,A.D.J 1st
BRVA020043202018,2019-11-20,1,C.J.M,5,A.C.J.M 4th
BRVA020043202018,2020-12-22,5,A.C.J.M 4th,4,A.C.J.M 3rd
BRVA020027862016,2019-09-02,1,C.J.M,16,A.C.J.M 15th
BRVA020027862016,2022-09-19,16,A.C.J.M 15th,33,Abhishek K J.M 1st Class
BRVA010032082018,2021-12-09,4,A.D.J 1st,9,A.D.J 3rd
BRVA020038422022,2022-09-05,1,C.J.M,34,Uzma Q J.M 1st Class
BRVA020041522018,2019-10-23,1,C.J.M,21,Hema K J.M 1st Class
BRVA020041522018,2021-11-01,21,Hema K J.M 1st Class,24,Shobha J.M 1st Class
BRVA010050812018,2018-12-17,1,District and Sessions Judge,9,A.D.J 3rd
BRVA010050812018,2019-02-08,9,A.D.J 3rd,12,A.D.J 6th
BRVA020007762016,2019-07-06,20,K.G.Gaurav J.M 1st Class,21,Hema K J.M 1st Class
BRVA020007762016,2021-11-01,21,Hema K J.M 1st Class,24,Shobha J.M 1st Class
BRVA020027882016,2019-09-02,1,C.J.M,28,J.M.S.C -7
BRVA020027882016,2022-08-24,28,Vandana J.M 1st Class,31,Mukesh K J.M 1st Class
BRRO210008462019,2022-08-23,4,Succ. of J.M 1st Class,8,J.M. 1ST CLASS -CUM- A.M.-1
BRRO010027282018,2018-04-17,1,DISTRICT AND SESSIONS JUDGE,3,ADDITIONAL DISTRICT AND SESSIONS JUDGE-I
BRRO020018662018,2020-02-29,7,C.J.M. -cum- Sub-Judge-II,24,SUB JUDGE-V -cum- A.C.J.M.
BRRO210005362015,2019-06-13,5,"J.M 2nd Class,",3,J.M 1st Class
BRRO210005362015,2021-11-03,3,J.M 1st Class,8,JM 2 Class
BRVA010051302018,2018-12-19,1,District and Sessions Judge,9,A.D.J 3rd
BRVA020040072022,2022-09-22,28,Vandana J.M 1st Class,10,A.C.J.M 9th
BRVA020043232022,2022-11-05,1,C.J.M,31,Mukesh K J.M 1st Class
BRVA020085222019,2019-10-15,1,C.J.M,2,A.C.J.M 1st
BRVA020022312016,2019-12-16,18,S.D.J.M.,3,A.C.J.M 2nd
BRVA020022312016,2020-12-15,3,A.C.J.M 2nd,17,A.C.J.M 16th
BRVA020022312016,2022-04-21,17,A.C.J.M 16th,30,J.M.S.C -1
BRVA020009452016,2020-03-12,1,C.J.M,26,S Swetanki J.M 1st Class
BRVA020009452016,2021-04-08,26,S Swetanki J.M 1st Class,1,C.J.M
BRVA020027902016,2019-09-02,1,C.J.M,14,A.C.J.M 13th
BRVA020027902016,2020-02-19,14,A.C.J.M 13th,29,Priti R J.M 1st Class
BRVA020027902016,2022-07-21,29,Priti R J.M 1st Class,32,Swati S J.M 1st Class
BRVA020027892016,2019-09-02,1,C.J.M,14,A.C.J.M 13th
BRVA020027892016,2020-02-07,14,A.C.J.M 13th,29,Priti R J.M 1st Class
BRVA020027892016,2022-08-20,29,Priti R J.M 1st Class,32,Swati S J.M 1st Class
BRVA020027872016,2019-09-02,1,C.J.M,5,A.C.J.M 4th
BRVA020027872016,2020-09-09,5,A.C.J.M 4th,15,A.C.J.M 14th
BRVA020027872016,2020-12-15,15,A.C.J.M 14th,4,A.C.J.M 3rd
BRVA020027872016,2021-03-09,4,CJM Division,NA,DJ Division
BRVA010037032021,2021-04-20,1,District and Sessions Judge,15,A.D.J 10th
BRVA010037032021,2022-03-23,15,A.D.J 10th,18,A.D.J 13th
BRSW020078622015,2020-03-19,NA,NA,34,Judicial Magistarate First Class
BRSW020044892019,2019-11-05,6,CJM,50,Judicial Magistarate First Class
BRRO020042682018,2021-02-01,7,C.J.M. -cum- Sub-Judge-II,16,Sub-Judge-VI -cum A.C.J.M.
BRRO020021292016,2018-09-12,18,Sub-Judge-IX -cum-A.C.J.M.,39,ACJM VII -CUM- SUB JUDGE XV
BRRO020021292016,2018-11-15,39,ACJM VII -CUM- SUB JUDGE XV,37,J M. 1st Class
BRRO010045012018,2018-06-22,1,DISTRICT AND SESSIONS JUDGE,3,ADDITIONAL DISTRICT AND SESSIONS JUDGE-I
BRRO020012792015,2015-08-03,7,C J M DIVISION SASARAM,NA,NA
BRSW020102752017,2023-01-10,6,Chief Judicial Magistrate-Cum-Addl Civil Judge ( Sr. Division)-I,35,Civil Judge ( Sr. Division)
BRSW020078602015,2020-03-19,NA,NA,34,Judicial Magistarate First Class
BRSW020066042018,2020-06-30,NA,NA,48,Judicial Magistarate First Class
BRSW020066042018,2021-02-18,48,Judicial Magistarate First Class,38,Addl. Civil Judge ( Sr.Division)-IV-Cum-ACJM-VII
BRSW020004782017,2017-02-24,6,CJM,14,SDJM
BRRO010062652019,2019-09-26,1,DISTRICT AND SESSIONS JUDGE,32,SPL. JUDGE EXCISE CASE.-02
BRRO010062652019,2019-12-18,32,SPL. JUDGE EXCISE CASE.-02,9,ADDITIONAL DISTRICT AND SESSIONS JUDGE-XV
BRRO010062652019,2022-10-11,9,ADDITIONAL DISTRICT AND SESSIONS JUDGE-XV,23,ADDITIONAL DISTRICT AND SESSIONS JUDGE-IX
BRRO020032512018,2019-04-30,17,Sub-Judge-VIII -cum-A.C.J.M,38,A.C.J.M-VI -cum SUBJUDGE-XIV
BRRO020032512018,2020-06-11,38,A.C.J.M-VI -cum SUBJUDGE-XIV,17,Sub-Judge-VIII -cum-A.C.J.M
BRRO020032512018,2021-03-10,17,Sub-Judge-VIII -cum-A.C.J.M,7,C.J.M. -cum- Sub-Judge-II
BRRO020032512018,2021-07-27,7,C.J.M. -cum- Sub-Judge-II,41,J.M.III
BRRO020032512018,2022-04-01,41,J.M.III,14,S.D.J.M.
BRRO020032512018,2022-08-23,14,S.D.J.M.,8,SUB JUDGE-I -CUM- A.C.J.M-I
BRRO020031262020,2022-03-15,7,C.J.M. -cum- Sub-Judge-II,22,SUB JUDGE-VII -cum- A.C.J.M.
BRRO020031262020,2022-10-18,22,SUB JUDGE-VII -cum- A.C.J.M.,37,J M. 1st Class
BRRO020031262020,2022-11-09,37,J M. 1st Class,22,SUB JUDGE-VII -cum- A.C.J.M.
BRRO020031262020,2022-11-09,22,SUB JUDGE-VII -cum- A.C.J.M.,43,JM-V
BRRO020005782021,2021-07-27,7,C.J.M. -cum- Sub-Judge-II,42,JM-IV
BRRO020005782021,2022-07-28,42,JM-IV,18,Sub-Judge-IX -cum-A.C.J.M.
BRRO210000432016,2018-10-15,1,SDJM,5,"J.M 2nd Class,"
BRRO210000432016,2019-06-13,5,"J.M 2nd Class,",3,J.M 1st Class
BRRO210000432016,2021-11-15,3,J.M 1st Class,8,JM 2 Class
BRRO010004262015,2015-03-10,1,DISTRICT AND SESSIONS JUDGE,21,ADDITIONAL DISTRICT AND SESSIONS JUDGE-VII
BRRO010058092019,2019-10-04,1,DISTRICT AND SESSIONS JUDGE,9,ADDITIONAL DISTRICT AND SESSIONS JUDGE-XV
BRRO020088412016,2017-02-23,26,J.M. -cum- A.M.-II,34,A.C.J.M.-V -cum- Sub Judge-XIII
BRRO020088412016,2020-01-03,34,A.C.J.M.-V -cum- Sub Judge-XIII,23,Sub-Judge-IV -cum- A.C.J.M.
BRRO010088542022,2022-11-14,1,DISTRICT AND SESSIONS JUDGE,28,ADDITIONAL DISTRICT AND SESSIONS JUDGE-XI
BRRO010021842018,2018-03-24,1,DISTRICT AND SESSIONS JUDGE,5,ADDITIONAL DISTRICT AND SESSIONS JUDGE-III
BRRO020035152016,2017-02-23,26,J.M. -cum- A.M.-II,34,A.C.J.M.-V -cum- Sub Judge-XIII
BRRO020098612016,2017-04-27,28,J.M. 1st Class  (vacant court),19,A.C.J.M -II -cum-Sub-Judge-X
BRRO020017712022,2022-09-30,7,C.J.M. -cum- Sub-Judge-II,47,Himshikha Mishra J.M. 1st Class
BRRO210013332019,2020-08-29,1,SDJM,2,MUNSIF -CUM- J.M. 1ST CLASS
BRRO210013332019,2022-09-13,2,Succ. of J.M 1st Class,6,J.M. 1ST CLASS -CUM- A.M.-1
BRSR010064252015,2015-11-07,1,District Judge,16,A.D.J 9
BRSR020114712015,2017-04-01,NA,NA,39,ACJM-5
BRSR020114712015,2019-01-29,39,ACJM-5,36,JM 1st No-11
BRSR020114712015,2021-03-18,36,JM 1st No-11,40,ACJM-6
BRSR020114712015,2021-03-18,40,ACJM-6,43,ACJM-9
BRSR010037382018,2018-03-23,1,District Judge,4,A.D.J 11
BRRO020019582016,2017-02-23,26,J.M. -cum- A.M.-II,34,A.C.J.M.-V -cum- Sub Judge-XIII
BRRO010026922020,2020-07-09,1,DISTRICT AND SESSIONS JUDGE,34,ADDITIONAL DISTRICT AND SESSIONS JUDGE- XVII
BRRO010026922020,2021-12-02,34,ADDITIONAL DISTRICT AND SESSIONS JUDGE- XVII,3,ADDITIONAL DISTRICT AND SESSIONS JUDGE-I
BRRO020018362016,2017-02-17,25,JM-1 cum AM-I Vacant Court of Kumari Jyotsna,32,A.C.J.M.-IV-cum- Sub Judge-XII
BRRO020018362016,2022-07-25,32,A.C.J.M.-IV-cum- Sub Judge-XII,43,JM-V
BRRO010027412018,2021-11-27,3,ADDITIONAL DISTRICT AND SESSIONS JUDGE-I,34,ADDITIONAL DISTRICT AND SESSIONS JUDGE- XVII
BRRO020081582016,2016-10-20,28,J.M. 1st Class  (vacant court),19,A.C.J.M -II -cum-Sub-Judge-X
BRRO020075732016,2016-11-11,28,J.M. 1st Class  (vacant court),26,J.M. -cum- A.M.-II
BRRO020075732016,2017-02-23,26,J.M. -cum- A.M.-II,23,Sub-Judge-IV -cum- A.C.J.M.
BRRO020070532016,2016-11-20,28,J.M. 1st Class  (vacant court),19,A.C.J.M -II -cum-Sub-Judge-X
BRRO020021412016,2016-10-19,18,Sub-Judge-IX -cum-A.C.J.M.,21,A.C.J.M. -III -cum- Sub Judge-XI
BRRO020021412016,2017-09-11,21,A.C.J.M. -III -cum- Sub Judge-XI,18,Sub-Judge-IX -cum-A.C.J.M.
BRRO010004272015,2015-03-10,1,DISTRICT AND SESSIONS JUDGE,21,ADDITIONAL DISTRICT AND SESSIONS JUDGE-VII
BRRO020035142017,2017-09-15,NA,NA,25,J.M-I -cum A.M-I
BRRO020035142017,2017-09-19,7,C.J.M. -cum- Sub-Judge-II,NA,NA
BRRO010075372019,2019-12-16,1,DISTRICT AND SESSIONS JUDGE,9,ADDITIONAL DISTRICT AND SESSIONS JUDGE-XV
BRRO010075372019,2020-01-06,9,ADDITIONAL DISTRICT AND SESSIONS JUDGE-XV,38,ADDITIONAL DISTRICT AND SESSIONS JUDGE- XXI
BRRO010075372019,2020-02-28,38,ADDITIONAL DISTRICT AND SESSIONS JUDGE- XXI,9,ADDITIONAL DISTRICT AND SESSIONS JUDGE-XV
BRRO010075372019,2022-10-11,9,ADDITIONAL DISTRICT AND SESSIONS JUDGE-XV,33,ADDITIONAL DISTRICT AND SESSIONS JUDGE- XVI
BRRO210000422016,2018-10-15,1,SDJM,5,"J.M 2nd Class,"
BRRO210000422016,2019-06-13,5,"J.M 2nd Class,",3,J.M 1st Class
BRRO210000422016,2021-11-15,3,J.M 1st Class,8,JM 2 Class
BRRO020020052016,2017-02-23,26,J.M. -cum- A.M.-II,34,A.C.J.M.-V -cum- Sub Judge-XIII
BRRO010022452019,2019-04-25,1,DISTRICT AND SESSIONS JUDGE,3,ADDITIONAL DISTRICT AND SESSIONS JUDGE-I
BRRO210016062018,2018-12-04,3,J.M 1st Class,4,J.M 1st Class
BRRO020084612016,2017-02-23,26,J.M. -cum- A.M.-II,34,A.C.J.M.-V -cum- Sub Judge-XIII
BRRO020084612016,2020-01-29,34,A.C.J.M.-V -cum- Sub Judge-XIII,18,Sub-Judge-IX -cum-A.C.J.M.
BRRO110004482016,2018-11-07,10,Sub judge-I cum ACJM-I,12,Sub Judge-II cum ACJM-II
BRRO110004482016,2020-12-18,12,Sub Judge-II cum ACJM-II,14,Subjudge-IV cum ACJM-IV
BRRO110004482016,2022-09-08,14,Subjudge-IV cum ACJM-IV,13,Subjudge-III cum ACJM-III
BRRO020005792021,2021-07-27,7,C.J.M. -cum- Sub-Judge-II,42,JM-IV
BRRO020005792021,2022-07-28,42,JM-IV,18,Sub-Judge-IX -cum-A.C.J.M.
BRBA020054942016,2017-05-04,11,A.C.J.M.-I -cum- Sub Judge-I -cum- A.S.J.-II,25,Sub-Judge-V cum A.C.J.M.-IV
BRBA020049212017,2020-02-18,10,C.J.M. -cum- Sub Judge-II -cum- A.S.J.-I,28,J.M. 1st Class (Presently Vacant)
BRBA020027512012,2019-07-11,11,A.C.J.M.-I -cum- Sub Judge-I -cum- A.S.J.-II,31,Judicial Magistrate 1st Class
BRBA020067422016,2020-12-17,NA,NA,25,Sub-Judge-V cum A.C.J.M.-IV
BRBA020067422016,2022-06-28,25,Sub-Judge-V cum A.C.J.M.-IV,19,Judicial Magistrate 1st Class
BRBA020059762015,2021-12-22,10,C.J.M. -cum- Sub Judge-II -cum- A.S.J.-I,35,Judicial Magistrate 2nd Class
BRBA020059762015,2022-05-07,35,Judicial Magistrate 2nd Class,28,Judicial Magistrate 1st Class
BRRO020018452018,2018-09-04,7,C.J.M. -cum- Sub-Judge-II,25,J.M-I -cum A.M-I
BRRO020018452018,2022-08-03,25,J.M-I -cum A.M-I,46,J.M-Ist Class
BRRO010010072015,2015-06-04,1,DISTRICT AND SESSIONS JUDGE,21,ADDITIONAL DISTRICT AND SESSIONS JUDGE-VII
BRRO010010072015,2017-11-14,21,ADDITIONAL DISTRICT AND SESSIONS JUDGE-VII,19,ADDITIONAL DISTRICT AND SESSIONS  JUDGE- IV
BRRO010010072015,2018-02-01,19,ADDITIONAL DISTRICT AND SESSIONS  JUDGE- IV,5,ADDITIONAL DISTRICT AND SESSIONS JUDGE-III
BRRO020030322016,2017-02-23,26,J.M. -cum- A.M.-II,34,A.C.J.M.-V -cum- Sub Judge-XIII
BRRO020030322016,2020-01-02,34,A.C.J.M.-V -cum- Sub Judge-XIII,23,Sub-Judge-IV -cum- A.C.J.M.
BRRO020086752016,2017-02-21,27,JM -3 cum AM-III (Vacant Court),34,A.C.J.M.-V -cum- Sub Judge-XIII
BRRO020086752016,2020-01-03,34,A.C.J.M.-V -cum- Sub Judge-XIII,23,Sub-Judge-IV -cum- A.C.J.M.
BRRO020045492016,2022-10-17,22,SUB JUDGE-VII -cum- A.C.J.M.,8,SUB JUDGE-I -CUM- A.C.J.M-I
BRNW020028642019,2022-11-28,35,JM 1st crt No. 5,39,J.M. 1st Court No. 8
BRRO020070312016,2016-11-20,28,J.M. 1st Class  (vacant court),19,A.C.J.M -II -cum-Sub-Judge-X
BRRO020045022016,2017-02-23,26,J.M. -cum- A.M.-II,34,A.C.J.M.-V -cum- Sub Judge-XIII
BRRO020045022016,2020-01-02,34,A.C.J.M.-V -cum- Sub Judge-XIII,23,Sub-Judge-IV -cum- A.C.J.M.
BRRO010051702018,2018-07-16,1,DISTRICT AND SESSIONS JUDGE,21,ADDITIONAL DISTRICT AND SESSIONS JUDGE-VII
BRRO010000812015,2015-03-31,1,DISTRICT AND SESSIONS JUDGE,21,ADDITIONAL DISTRICT AND SESSIONS JUDGE-VII
BRRO010000812015,2018-01-08,21,ADDITIONAL DISTRICT AND SESSIONS JUDGE-VII,19,ADDITIONAL DISTRICT AND SESSIONS  JUDGE- IV
BRRO010000812015,2019-11-20,19,ADDITIONAL DISTRICT AND SESSIONS  JUDGE- IV,6,ADDITIONAL DISTRICT AND SESSIONS JUDGE- VI
BRRO010000812015,2020-01-06,6,ADDITIONAL DISTRICT AND SESSIONS JUDGE- VI,33,ADDITIONAL DISTRICT AND SESSIONS JUDGE- XVI
BRRO010072212019,2021-07-28,1,DISTRICT AND SESSIONS JUDGE,28,ADDITIONAL DISTRICT AND SESSIONS JUDGE-XI
BRRO110007532016,2018-12-18,10,Sub judge-I cum ACJM-I,12,Sub Judge-II cum ACJM-II
BRRO110007532016,2020-05-20,12,Sub Judge-II cum ACJM-II,14,Subjudge-IV cum ACJM-IV
BRRO110007532016,2022-09-08,14,Subjudge-IV cum ACJM-IV,13,Subjudge-III cum ACJM-III
BRRO020045282016,2022-10-17,22,SUB JUDGE-VII -cum- A.C.J.M.,8,SUB JUDGE-I -CUM- A.C.J.M-I
BRRO020052852016,2017-02-21,27,JM -3 cum AM-III (Vacant Court),34,A.C.J.M.-V -cum- Sub Judge-XIII
BRNW020002842016,2019-12-05,8,CJM-Cum-Sub.J.IInd.,21,J.M. 1st  Crt No. 1
BRNW010035242018,2018-05-25,1,District and Sessions Judge,3,st ADJ
BRNW020066532018,2022-11-28,9,ACJM 1 cum SJ 1,41,J.M. 1st Court No. 13
BRNW020035872018,2019-03-28,8,CJM-Cum-Sub.J.IInd.,21,J.M. 1st  Crt No. 1
BRNW020035872018,2022-12-01,21,JM 1st Court No. 4,38,J.M. 1st Court No. 12
BRNW020000101992,2016-01-12,13,J.M.IstCumAdl.Munsf.VIth,25,J.M. 1st  Crt No. 1
BRNW020000101992,2016-03-30,25,J.M. 1st  Crt No. 1,13,J.M.IstCumAdl.Munsf.VIth
BRNW020000101992,2016-04-02,13,J.M.IstCumAdl.Munsf.VIth,25,J.M. 1st  Crt No. 1
BRNW020000101992,2017-02-09,NA,NA,26,ACJM2
BRNW020000101992,2017-10-03,26,ACJM2,25,J.M. 1st  Crt No. 1
BRNW020018102015,2016-02-26,8,CJM-Cum-Sub.J.IInd.,24,J.M. 1st  Crt No. 1
BRNW020018102015,2016-09-30,NA,NA,30,ACJM VI
BRNW020063582018,2019-05-13,8,CJM-Cum-Sub.J.IInd.,30,ACJM VI
BRNW020034322021,2022-09-24,8,CJM-Cum-Sub.J.IInd.,9,ACJM 1 cum SJ 1
BRNW020034322021,2022-11-26,9,ACJM 1 cum SJ 1,8,CJM-Cum-Sub.J.IInd.
BRNW020006582017,2020-06-20,8,CJM-Cum-Sub.J.IInd.,35,JM 1st crt No. 5
BRNW020006582017,2022-12-12,35,JM 1st crt No. 5,39,J.M. 1st Court No. 8
BRNW020021262015,2020-07-02,8,CJM-Cum-Sub.J.IInd.,37,JM 1st  Crt No. 7
BRNW020021262015,2022-11-10,37,JM 1st  Crt No. 7,42,J.M. 1st Court No. 10
BRNW020007622007,2018-01-05,9,ACJM 1 cum SJ 1,8,CJM-Cum-Sub.J.IInd.
BRNW020007622007,2018-10-04,8,CJM-Cum-Sub.J.IInd.,9,ACJM 1 cum SJ 1
BRNW020045702021,2022-09-27,8,CJM-Cum-Sub.J.IInd.,30,ACJM VI
BRNW020045702021,2022-11-09,30,ACJM VI,9,ACJM 1 cum SJ 1
BRNW020043212015,2019-05-22,8,CJM-Cum-Sub.J.IInd.,21,J.M. 1st  Crt No. 1
BRNW020043212015,2022-09-28,21,JM 1st Court No. 4,41,J.M. 1st Court No. 13
BRNW020006542011,2016-05-04,13,J.M.IstCumAdl.Munsf.VIth,24,J.M. 1st  Crt No. 1
BRNW020006542011,2016-09-30,NA,NA,30,ACJM VI
BRNW020005522011,2016-02-02,19,J.M. 2 Court No. 1,23,J.M. 1st  Crt No. 1
BRNW020005522011,2016-02-26,13,J.M.IstCumAdl.Munsf.VIth,19,J.M. 2 Court No. 1
BRNW020005522011,2018-08-07,23,J.M. 1st  Crt No. 1,25,J.M. 1st  Crt No. 1
BRNW020035902018,2019-03-28,8,CJM-Cum-Sub.J.IInd.,21,J.M. 1st  Crt No. 1
BRNW020035902018,2022-09-29,21,JM 1st Court No. 4,41,J.M. 1st Court No. 13
BRNW010048392019,2019-06-13,1,District and Sessions Judge,19,th ADJ
BRNW010048392019,2022-11-30,19,th ADJ,22,ADJ 12
BRNW020019462015,2016-02-26,8,CJM-Cum-Sub.J.IInd.,24,J.M. 1st  Crt No. 1
BRNW020019462015,2016-09-30,NA,NA,30,ACJM VI
UPSP010103282018,2018-12-21,1,District Judge,3,"Additional District Judge, C.R. No.3"
BRNW020028642019,2020-09-22,8,CJM-Cum-Sub.J.IInd.,35,JM 1st crt No. 5
BRNW020028182018,2019-04-22,29,ACJM5,30,ACJM VI
BRNW020028182018,2020-09-29,30,ACJM VI,9,ACJM 1 cum SJ 1
BRNW020056152018,2021-12-03,8,CJM-Cum-Sub.J.IInd.,21,J.M. 1st  Crt No. 1
BRNW020042922018,2022-11-10,8,CJM-Cum-Sub.J.IInd.,9,ACJM 1 cum SJ 1
BRNW020042532016,2020-06-27,8,CJM-Cum-Sub.J.IInd.,34,J.M. 1st  Crt No. 1
BRNW020001902019,2021-03-01,8,CJM-Cum-Sub.J.IInd.,37,JM 1st  Crt No. 7
BRNW020001902019,2022-11-11,37,JM 1st  Crt No. 7,42,J.M. 1st Court No. 10
BRNW020042272015,2016-04-12,8,CJM-Cum-Sub.J.IInd.,24,J.M. 1st  Crt No. 1
BRNW020042272015,2016-09-30,NA,NA,30,ACJM VI
BRNW020005722012,2015-08-11,13,J.M.IstCumAdl.Munsf.VIth,25,J.M. 1st  Crt No. 1
BRNW020005722012,2016-03-30,25,J.M. 1st  Crt No. 1,13,J.M.IstCumAdl.Munsf.VIth
BRNW020005722012,2016-05-02,13,J.M.IstCumAdl.Munsf.VIth,25,J.M. 1st  Crt No. 1
BRNW020005722012,2017-02-10,NA,NA,10,S.D.J.M
BRNW020005722012,2017-07-13,10,S.D.J.M,NA,NA
BRNW020005722012,2017-09-20,NA,NA,24,J.M. 1st  Crt No. 1
BRNW020005722012,2018-10-14,24,J.M. 1st  Crt No. 1,10,S.D.J.M
BRNW020029242016,2021-03-03,8,CJM-Cum-Sub.J.IInd.,35,JM 1st crt No. 5
BRNW020029242016,2022-11-05,35,JM 1st crt No. 5,39,J.M. 1st Court No. 8
BRNW020042892018,2019-06-07,8,CJM-Cum-Sub.J.IInd.,30,ACJM VI
BRNW020042892018,2022-11-30,30,ACJM VI,38,J.M. 1st Court No. 12
BRNW020021142015,2016-02-26,8,CJM-Cum-Sub.J.IInd.,24,J.M. 1st  Crt No. 1
BRNW020021142015,2016-09-30,NA,NA,30,ACJM VI
BRNW020062932018,2020-06-04,9,ACJM 1 cum SJ 1,8,CJM-Cum-Sub.J.IInd.
BRNW020062932018,2022-09-06,8,CJM-Cum-Sub.J.IInd.,9,ACJM 1 cum SJ 1
BRNW020047462018,2019-05-16,8,CJM-Cum-Sub.J.IInd.,30,ACJM VI
BRNW020028612019,2020-06-06,8,CJM-Cum-Sub.J.IInd.,25,J.M. 1st  Crt No. 3
BRNW020049512016,2020-09-22,8,CJM-Cum-Sub.J.IInd.,36,JM 1st crt No. 6
BRNW020049512016,2023-01-04,36,JM 1st crt No. 6,40,J.M. 1st  Court No. 9
BRNW010109222022,2022-10-17,1,District and Sessions Judge,22,ADJ 12
BRNW020035892018,2019-03-28,8,CJM-Cum-Sub.J.IInd.,25,J.M. 1st  Crt No. 1
BRNW020035892018,2021-06-02,25,J.M. 1st  Crt No. 3,24,J.M. 1st  Crt No. 2
BRNW020035892018,2021-06-02,24,J.M. 1st  Crt No. 2,25,J.M. 1st  Crt No. 3
BRNW020005782011,2016-01-12,13,J.M.IstCumAdl.Munsf.VIth,10,S.D.J.M
BRNW020005782011,2016-10-26,10,S.D.J.M,26,ACJM2
BRNW020067482016,2021-03-24,29,ACJM5,34,J.M. 1st  Crt No. 1
BRNW020003892008,2018-10-05,27,ACJM 1 cum SJ 1,9,ACJM 1 cum SJ 1
BRNW020003892008,2018-10-27,9,ACJM 1 cum SJ 1,NA,NA
BRNW020035882018,2019-03-28,8,CJM-Cum-Sub.J.IInd.,25,J.M. 1st  Crt No. 1
BRNW020035882018,2021-10-04,25,J.M. 1st  Crt No. 3,24,J.M. 1st  Crt No. 2
BRNW020035882018,2022-01-12,24,J.M. 1st  Crt No. 2,25,J.M. 1st  Crt No. 3
BRNW010049052019,2019-06-15,1,District and Sessions Judge,3,st ADJ
BRNW020018092015,2016-02-26,8,CJM-Cum-Sub.J.IInd.,24,J.M. 1st  Crt No. 1
BRNW020018092015,2016-09-30,NA,NA,30,ACJM VI
BRNW020018112015,2016-02-26,8,CJM-Cum-Sub.J.IInd.,24,J.M. 1st  Crt No. 1
BRNW020018112015,2016-09-30,NA,NA,30,ACJM VI
BRNW020034422019,2020-09-26,8,CJM-Cum-Sub.J.IInd.,36,JM 1st crt No. 6
BRBA020023852015,2016-03-18,NA,NA,11,A.C.J.M.-I -cum- Sub Judge-I -cum- A.S.J.-II
BRBA020023852015,2017-04-05,11,A.C.J.M.-I -cum- Sub Judge-I -cum- A.S.J.-II,10,C.J.M. -cum- Sub Judge-II -cum- A.S.J.-I
BRNW020043222015,2018-02-03,8,CJM-Cum-Sub.J.IInd.,25,J.M. 1st  Crt No. 1
BRNW020006592017,2020-07-02,8,CJM-Cum-Sub.J.IInd.,34,J.M. 1st  Crt No. 1
BRNW010005242019,2019-01-19,1,District and Sessions Judge,3,st ADJ
BRNW020006052007,2016-12-21,9,ACJM 1 cum SJ 1,32,J.M. 2 Court No. 1
BRNW020006052007,2017-05-01,NA,NA,25,J.M. 1st  Crt No. 1
BRNW020035922018,2019-05-10,8,CJM-Cum-Sub.J.IInd.,30,ACJM VI
BRNW020047052016,2020-08-12,8,CJM-Cum-Sub.J.IInd.,35,JM 1st crt No. 5
BRNW020047052016,2022-11-01,35,JM 1st crt No. 5,39,J.M. 1st Court No. 8
BRNW020003062017,2019-12-05,8,CJM-Cum-Sub.J.IInd.,30,ACJM VI
BRNW010005482019,2019-01-29,1,District and Sessions Judge,3,st ADJ
BRNW020018072015,2016-02-26,8,CJM-Cum-Sub.J.IInd.,24,J.M. 1st  Crt No. 1
BRNW020018072015,2016-09-30,NA,NA,30,ACJM VI
BRNW020047072016,2019-02-13,8,CJM-Cum-Sub.J.IInd.,30,ACJM VI
BRNW020006922012,2015-10-10,13,J.M.IstCumAdl.Munsf.VIth,26,ACJM2
BRNW020006922012,2017-07-15,26,CJM DIVISION,NA,DJ Division
BRNW020005772016,2016-01-30,NA,NA,8,CJM-Cum-Sub.J.IInd.
BRNW020005772016,2018-04-03,8,CJM-Cum-Sub.J.IInd.,24,J.M. 1st  Crt No. 1
BRNW020005772016,2021-02-01,24,J.M. 1st  Crt No. 2,21,J.M. 1st  Crt No. 1
BRNW020005772016,2022-11-14,21,JM 1st Court No. 4,43,J.M. 1st Court No. 11
BRNW020008262009,2017-08-08,9,ACJM 1 cum SJ 1,25,J.M. 1st  Crt No. 1
BRNW020008262009,2019-05-22,25,J.M. 1st  Crt No. 3,36,JM 1st crt No. 6
BRNW020008262009,2023-01-04,36,JM 1st crt No. 6,40,J.M. 1st  Court No. 9
BRNW020018062015,2016-02-26,8,CJM-Cum-Sub.J.IInd.,24,J.M. 1st  Crt No. 1
BRNW020018062015,2016-09-30,NA,NA,30,ACJM VI
BRNW020035932018,2019-03-28,8,CJM-Cum-Sub.J.IInd.,21,J.M. 1st  Crt No. 1
BRNW020035932018,2022-09-28,21,JM 1st Court No. 4,41,J.M. 1st Court No. 13
BRNW020032422018,2019-04-02,28,ACJM4,9,ACJM 1 cum SJ 1
BRNW020019452015,2016-02-26,8,CJM-Cum-Sub.J.IInd.,24,J.M. 1st  Crt No. 1
BRNW020019452015,2016-09-30,NA,NA,30,ACJM VI
BRNW020004632015,2016-02-26,8,CJM-Cum-Sub.J.IInd.,24,J.M. 1st  Crt No. 1
BRNW020004632015,2016-09-30,NA,NA,30,ACJM VI
BRNW020002872016,2016-09-23,8,CJM-Cum-Sub.J.IInd.,30,ACJM VI
BRNW020002862016,2016-09-23,8,CJM-Cum-Sub.J.IInd.,30,ACJM VI
BRNW010054582018,2018-08-03,1,District and Sessions Judge,3,st ADJ
BRNW020021242015,2020-06-20,8,CJM-Cum-Sub.J.IInd.,35,JM 1st crt No. 5
BRNW020043122018,2020-09-08,8,CJM-Cum-Sub.J.IInd.,37,JM 1st  Crt No. 7
BRNW020043122018,2022-11-15,37,JM 1st  Crt No. 7,42,J.M. 1st Court No. 10
BRNW020006942012,2015-10-10,13,J.M.IstCumAdl.Munsf.VIth,26,ACJM2
BRNW020006942012,2016-09-27,26,ACJM2,NA,NA
BRNW020006942012,2016-09-30,NA,NA,30,ACJM VI
BRNW020006942012,2018-04-09,30,ACJM VI,8,CJM-Cum-Sub.J.IInd.
BRNW020006942012,2018-10-01,8,CJM-Cum-Sub.J.IInd.,30,ACJM VI
BRNW010103242018,2019-01-02,1,District and Sessions Judge,3,st ADJ
BRNW020063192016,2019-06-15,26,ACJM2,34,J.M. 1st  Crt No. 1
BRNW020034332021,2022-09-24,8,CJM-Cum-Sub.J.IInd.,9,ACJM 1 cum SJ 1
BRNW020034332021,2022-11-26,9,ACJM 1 cum SJ 1,8,CJM-Cum-Sub.J.IInd.
BRNW020029532017,2023-01-04,8,CJM-Cum-Sub.J.IInd.,40,J.M. 1st  Court No. 9
BRNW020063012016,2017-09-01,NA,NA,24,J.M. 1st  Crt No. 1
BRNW020063012016,2021-05-27,24,J.M. 1st  Crt No. 2,37,JM 1st  Crt No. 7
BRNW020063012016,2022-10-31,37,JM 1st  Crt No. 7,42,J.M. 1st Court No. 10
BRNW020005932012,2016-01-12,13,J.M.IstCumAdl.Munsf.VIth,24,J.M. 1st  Crt No. 1
BRNW020005932012,2016-02-02,24,J.M. 1st  Crt No. 1,25,J.M. 1st  Crt No. 1
BRNW020005932012,2016-03-30,25,J.M. 1st  Crt No. 1,13,J.M.IstCumAdl.Munsf.VIth
BRNW020005932012,2016-09-08,NA,NA,25,J.M. 1st  Crt No. 1
BRNW020005932012,2017-02-10,NA,NA,10,S.D.J.M
BRNW020006602017,2020-08-13,8,CJM-Cum-Sub.J.IInd.,37,JM 1st  Crt No. 7
BRNW020035912018,2019-03-28,8,CJM-Cum-Sub.J.IInd.,25,J.M. 1st  Crt No. 1
BRNW020035912018,2021-07-12,25,J.M. 1st  Crt No. 3,24,J.M. 1st  Crt No. 2
BRNW020035912018,2022-03-07,24,J.M. 1st  Crt No. 2,25,J.M. 1st  Crt No. 3
BRNW020002972002,2017-03-22,9,ACJM 1 cum SJ 1,32,J.M. 2 Court No. 1
BRNW020002972002,2017-05-01,NA,NA,25,J.M. 1st  Crt No. 1
BRNW020049492016,2021-04-07,8,CJM-Cum-Sub.J.IInd.,25,J.M. 1st  Crt No. 3
BREC020059892018,2019-02-16,11,C.J.M,64,JM 1st Class
BREC020059892018,2022-07-14,64,JM 1st Class,77,"J.M 1st Class,Sadar"
BREC020136612020,2022-08-23,22,S.D.J.M Raxaul,82,"J.M 1st Class, Raxaul"
BREC020134132017,2018-07-03,11,C.J.M,50,Sub Judge-6-cum-ACJM
BREC020087502019,2020-11-06,49,Sub Judge-5-cum-ACJM,64,JM 1st Class
BREC020087502019,2021-07-05,64,JM 1st Class,NA,NA
BREC020087502019,2021-12-09,NA,NA,85,J.M 2nd CLASS
BREC020108462015,2021-12-09,59,Sub Judge-12-cum-ACJM,74,"th J.M  1st Class, Motihari Sadar"
BREC020108462015,2022-12-15,74,"th J.M  1st Class, Motihari Sadar",91,"J.M 1st Class,Sadar"
BREC020057242018,2019-12-18,56,Sub Judge-11-cum-ACJM,47,Sub judge 3rd
BREC020057242018,2020-10-13,47,Sub judge 3rd,71,"th J.M  1st Class, Motihari Sadar"
BREC020057242018,2023-01-17,71,"th J.M  1st Class, Motihari Sadar",78,"J.M 1st Class,Sadar"
BREC020124792019,2021-06-30,11,C.J.M,69,th J.M  1st Class Motihari Sadar
BREC020276002016,2021-07-29,NA,NA,75,"th J.M  1st Class, Motihari Sadar"
BREC020053392018,2018-06-05,11,C.J.M,49,Sub Judge-5-cum-ACJM
BREC020132572018,2022-07-06,11,C.J.M,73,"th J.M  1st Class, Motihari Sadar"
BREC010091662016,2021-12-21,3,st A.D.J,6,rd A.D.J
BREC020091812018,2018-08-29,11,C.J.M,64,JM 1st Class
BREC020091812018,2022-06-16,64,JM 1st Class,76,"J.M 1st Class,Sadar"
BREC010106102021,2021-12-02,3,st A.D.J,6,rd A.D.J
BREC020057312018,2022-06-17,12,A.C.J.M,70,"th J.M  1st Class, Motihari Sadar"
BREC020053402018,2018-06-05,11,C.J.M,49,Sub Judge-5-cum-ACJM
BREC020343802016,2020-01-22,26,"st J.M 1st Class-cum-A.M., Motihari",71,"th J.M  1st Class, Motihari Sadar"
BREC020343802016,2023-01-13,71,"th J.M  1st Class, Motihari Sadar",76,"J.M 1st Class,Sadar"
BREC020056032018,2021-02-02,57,Sub Judge-13-cum-ACJM,63,JM 1st Class
BREC020056032018,2022-09-19,63,JM 1st Class,92,"J.M 1st Class,Sadar"
BRBA020001252023,2023-01-13,10,C.J.M. -cum- Sub Judge-II -cum- A.S.J.-I,16,Judicial Magistrate 1st Class
BRBA020038852014,2020-01-31,NA,NA,25,Sub-Judge-V cum A.C.J.M.-IV
BRBA020038852014,2022-06-29,25,Sub-Judge-V cum A.C.J.M.-IV,19,Judicial Magistrate 1st Class
BRBA020049892017,2018-07-14,10,C.J.M. -cum- Sub Judge-II -cum- A.S.J.-I,28,J.M. 1st Class (Presently Vacant)
BRBA020013142018,2022-03-12,10,C.J.M. -cum- Sub Judge-II -cum- A.S.J.-I,11,A.C.J.M.-I -cum- Sub Judge-I -cum- A.S.J.-II
BRBA020060722015,2022-10-21,10,C.J.M. -cum- Sub Judge-II -cum- A.S.J.-I,16,Judicial Magistrate 1st Class
BRSR020088982018,2021-02-12,40,"CJM Division,Saran at Chapra",NA,"D J Division ,Saran at Chapra"
BRSR020116532018,2018-09-11,49,ACJM-11,36,JM 1st No-11
BRSR010034452018,2018-03-17,1,District Judge,15,A.D.J 8
BRSR020166962018,2019-10-22,9,C.J.M.,39,ACJM-5
BRSR020166962018,2021-02-18,39,ACJM-5,43,ACJM-9
BRSR010022712016,2016-04-11,1,District Judge,4,A.D.J 11
BRSR010028482016,2016-05-13,1,District Judge,3,"ADJ-I/Spl.SC/ST,ChildrenCourt"
BRSR020114792015,2017-05-04,NA,NA,48,ACJM-13
BRSR020114792015,2018-09-14,48,ACJM-13,36,JM 1st No-11
BRSR020114792015,2019-09-18,36,JM 1st No-11,39,ACJM-5
BREC020091832018,2018-08-29,11,C.J.M,63,JM 1st Class
BREC020091832018,2019-06-01,63,JM 1st Class,69,th J.M  1st Class Motihari Sadar
BREC020060122018,2019-07-13,11,C.J.M,68,"rd J.M. 1st Class, Sadar Motihari"
BREC020007812019,2021-10-21,NA,NA,81,"J.M 2ND CLASS, RAXAUL"
BREC020209722016,2017-11-20,NA,NA,21,S.D.J.M Sadar
BREC020209722016,2018-10-20,21,S.D.J.M Sadar,NA,NA
MHJN090001222016,2016-04-24,1,Civil Judge J.D. and J.M.F.C.Badnapur,NA,NA
BREC020073842019,2021-11-29,53,Sub Judge-9-cum-ACJM,47,Sub Judge-3-cum-ACJM
BREC020073842019,2022-11-26,47,Sub Judge-3-cum-ACJM,55,Sub Judge-10-cum-ACJM
BREC020004962021,2022-03-24,64,JM 1st Class,72,"th J.M  1st Class, Motihari Sadar"
BREC020091852018,2018-08-29,11,C.J.M,64,JM 1st Class
BREC020091852018,2022-06-21,64,JM 1st Class,71,"th J.M  1st Class, Motihari Sadar"
BREC020091852018,2022-07-01,71,"th J.M  1st Class, Motihari Sadar",76,"J.M 1st Class,Sadar"
BREC030018722016,2018-10-02,39,Civil Judge Division,NA,CJM Division
BREC020027302021,2022-09-05,11,C.J.M,91,"J.M 1st Class,Sadar"
BREC020027302021,2023-01-07,91,"J.M 1st Class,Sadar",87,"J.M 1st Class,Sadar"
BREC020089752017,2017-09-04,11,C.J.M,57,Sub Judge-13-cum-ACJM
MHJN030026312015,2016-06-06,8,Judicial Magistrate First Class - 1,32,Judicial Magistrate First Class-6
MHJN030026312015,2021-07-01,NA,NA,40,Judicial Magistrate First Class-6
BREC020134152017,2018-07-03,11,C.J.M,50,Sub Judge-6-cum-ACJM
BREC020073992015,2020-06-17,NA,NA,66,"st J.M. 1st Class, Sadar Motihari"
BREC020073992015,2022-12-23,66,"st J.M. 1st Class, Sadar Motihari",78,"J.M 1st Class,Sadar"
MHJN030007872016,2021-08-02,25,Judicial Magistrate First Class -- 2,40,Judicial Magistrate First Class  - 5
BREC020022042018,2018-11-08,11,C.J.M,65,JM 1st Class
BREC020022042018,2022-09-02,65,JM 1st Class,89,"J.M 1st Class,Sadar"
BREC020132192020,2021-04-30,52,Sub Judge-8-cum-ACJM,68,"rd J.M. 1st Class, Sadar Motihari"
MHJN030007862016,2021-08-02,25,Judicial Magistrate First Class -- 2,42,Judicial Magistrate First Class -3
MHJN090001242016,2016-04-24,1,Civil Judge J.D. and J.M.F.C.Badnapur,NA,NA
BREC020134172017,2018-07-03,11,C.J.M,26,"st J.M 1st Class-cum-A.M., Motihari"
BREC020134172017,2020-09-21,NA,NA,70,"th J.M  1st Class, Motihari Sadar"
BREC020134212017,2018-02-09,11,C.J.M,24,nd J.M 1st Class-cum- AM
BREC020134182017,2018-05-29,11,C.J.M,29,th J.M 1st Class-cum- AM
BREC020134142017,2018-09-06,11,C.J.M,63,JM 1st Class
BREC020134142017,2021-02-19,63,JM 1st Class,70,"th J.M  1st Class, Motihari Sadar"
BREC010161502019,2022-01-12,6,rd A.D.J,17,th A.D.J
BREC020091822018,2018-09-04,11,C.J.M,65,JM 1st Class
BREC020091822018,2022-07-12,65,JM 1st Class,83,"J.M 1st Class,Sadar"
BREC020077642018,2019-02-20,11,C.J.M,64,JM 1st Class
BREC020077642018,2022-07-14,64,JM 1st Class,77,"J.M 1st Class,Sadar"
BREC020049002016,2018-06-30,48,Sub Judge-9-cum-ACJM,26,"st J.M 1st Class-cum-A.M., Motihari"
BREC020049002016,2020-09-04,NA,NA,71,"th J.M  1st Class, Motihari Sadar"
BREC020049002016,2022-11-23,71,"th J.M  1st Class, Motihari Sadar",78,"J.M 1st Class,Sadar"
BREC020100062019,2022-07-06,11,C.J.M,74,"th J.M  1st Class, Motihari Sadar"
BREC020100062019,2023-01-05,74,"th J.M  1st Class, Motihari Sadar",21,S.D.J.M Sadar
BREC020174662016,2019-07-02,NA,NA,63,JM 1st Class
BREC020134162017,2018-02-03,11,C.J.M,29,th J.M 1st Class-cum- AM
BREC020134122017,2018-02-26,11,C.J.M,29,th J.M 1st Class-cum- AM
BREC020305882016,2020-11-16,NA,NA,71,"th J.M  1st Class, Motihari Sadar"
BREC020305882016,2022-12-12,71,"th J.M  1st Class, Motihari Sadar",79,"J.M 1st Class,Sadar"
BREC020389822016,2022-12-01,59,Sub Judge-12-cum-ACJM,88,"J.M 1st Class,Sadar"
BREC020134202017,2018-02-21,11,C.J.M,29,th J.M 1st Class-cum- AM
BREC020023842019,2019-11-26,11,C.J.M,72,"th J.M  1st Class, Motihari Sadar"
BREC020023842019,2020-11-04,72,"th J.M  1st Class, Motihari Sadar",64,JM 1st Class
BREC020023842019,2021-01-05,64,JM 1st Class,72,"th J.M  1st Class, Motihari Sadar"
BREC010055322015,2015-09-10,1,District and sessions Judge,7,nd A.D.J
BREC010055322015,2020-06-29,7,nd A.D.J,28,st A.D.J
BREC010055322015,2022-10-21,28,st A.D.J,3,st A.D.J
BREC010017222021,2021-02-04,1,District and sessions Judge,28,st A.D.J
BREC020134192017,2018-07-13,11,C.J.M,29,th J.M 1st Class-cum- AM
BREC020124802019,2021-06-30,11,C.J.M,69,th J.M  1st Class Motihari Sadar
BREC020055372018,2019-01-22,11,C.J.M,64,JM 1st Class
BREC020055372018,2020-09-19,64,JM 1st Class,65,JM 1st Class
BREC020055372018,2022-07-30,65,JM 1st Class,78,"J.M 1st Class,Sadar"
BREC020091842018,2018-08-29,11,C.J.M,63,JM 1st Class
BREC010117952019,2019-09-05,1,District and sessions Judge,6,rd A.D.J
BREC010117952019,2021-12-24,6,rd A.D.J,26,th A.D.J
BREC020133072019,2020-09-05,11,C.J.M,71,"th J.M  1st Class, Motihari Sadar"
BREC020054692018,2019-01-25,11,C.J.M,64,JM 1st Class
BREC020054692018,2022-07-14,64,JM 1st Class,77,"J.M 1st Class,Sadar"
BREC020089732017,2017-09-04,11,C.J.M,57,Sub Judge-13-cum-ACJM
BREC010108632021,2021-10-05,1,District and sessions Judge,16,th A.D.J
BREC010108632021,2022-12-06,16,th A.D.J,17,th A.D.J
BREC020059112015,2018-10-20,21,S.D.J.M Sadar,NA,NA
MHOS010008102017,2019-03-30,NA,NA,5,District Judge1 and  Addl.Sessions Judge SpecialCourt
MHOS010008102017,2019-08-13,5,District Judge1 and  Addl.Sessions Judge SpecialCourt,3,District Judge -2 and Addl.Sessions Judge Osmanabad.
UPAD010098312021,2021-09-09,6,Additional District and Session Judge RNo. 3,4,Additional District and  Session Judge RNo. 1
UPAD010098312021,2021-09-09,1,District and Session Judge,6,Additional District and Session Judge RNo. 3
UPAD010055732021,2021-05-10,1,District and Session Judge,2,Special Judge SC and ST Act
BREC020059112015,2018-10-30,NA,NA,53,Sub Judge-9-cum-ACJM
BREC020059112015,2019-01-25,53,Sub Judge-9-cum-ACJM,21,S.D.J.M Sadar
BREC020089742017,2017-09-04,11,C.J.M,57,Sub Judge-13-cum-ACJM
BREC110015812019,2020-09-16,2,S.D.J.M.,4,Sub Judge-3-Cum-ACJM
BREC020053382018,2018-06-05,11,C.J.M,49,Sub Judge-5-cum-ACJM
BREC020053382018,2022-07-19,NA,NA,77,"J.M 1st Class,Sadar"
BREC020069982014,2021-05-05,NA,NA,64,JM 1st Class
BREC020069982014,2022-06-29,64,JM 1st Class,88,"J.M 1st Class,Sadar"
BRBA020023152011,2021-11-16,10,C.J.M. -cum- Sub Judge-II -cum- A.S.J.-I,35,Judicial Magistrate 2nd Class
BRBA020023152011,2022-05-07,35,Judicial Magistrate 2nd Class,28,Judicial Magistrate 1st Class
BRBA020053452016,2022-04-29,11,A.C.J.M.-I -cum- Sub Judge-I -cum- A.S.J.-II,30,Judicial Magistrate 1st Class
BRBA020053452016,2022-06-07,11,A.C.J.M.-I -cum- Sub Judge-I -cum- A.S.J.-II,30,Judicial Magistrate 1st Class
BRBA020053762016,2021-01-22,11,A.C.J.M.-I -cum- Sub Judge-I -cum- A.S.J.-II,30,Judicial Magistrate 1st Class
BRBA020023002010,2022-10-14,26,Sub-Judge-IV cum A.C.J.M.-III,27,Judicial Magistrate 1st Class
BRBA010053112017,2022-06-20,19,Additional District and Sessions Judge-II,24,Additional District and Sessions Judge-V
BRBA020014232022,2022-08-06,10,C.J.M. -cum- Sub Judge-II -cum- A.S.J.-I,27,Judicial Magistrate 1st Class
BRBA020054122016,2017-04-13,11,A.C.J.M.-I -cum- Sub Judge-I -cum- A.S.J.-II,25,Sub-Judge-V cum A.C.J.M.-IV
BRBA020054122016,2018-12-03,25,Sub-Judge-V cum A.C.J.M.-IV,13,S.D.J.M.
BRBA020054122016,2021-01-11,13,S.D.J.M.,30,Judicial Magistrate 1st Class
BRBA020053252016,2021-09-04,11,A.C.J.M.-I -cum- Sub Judge-I -cum- A.S.J.-II,30,Judicial Magistrate 1st Class
BRBA020049222017,2020-03-17,10,C.J.M. -cum- Sub Judge-II -cum- A.S.J.-I,28,J.M. 1st Class (Presently Vacant)
MHCC020121842018,2021-06-11,34,COURT 34 ADDL SESSIONS JUDGE,60,COURT 60 ADDL SESSIONS JUDGE
BRSR020114792015,2021-02-18,39,ACJM-5,43,ACJM-9
BRSR010033862016,2016-06-01,1,District Judge,17,A.D.J 10
BRSR020121782020,2022-08-23,25,JM 1st No-09,34,JM 1st No-17
BRSR020122462017,2017-11-06,NA,NA,49,ACJM-11
BRSR010001882022,2022-01-10,1,District Judge,12,A.D.J. 5
BRSR020141382017,2019-10-22,9,C.J.M.,39,ACJM-5
BRSR020141382017,2022-09-03,39,ACJM-5,35,JM 1st No-13
BRSR020166992018,2019-10-22,9,C.J.M.,39,ACJM-5
BRSR020166992018,2021-02-18,39,ACJM-5,43,ACJM-9
BRSR010016822016,2016-03-16,1,District Judge,16,A.D.J 9
UPAD010030292022,2022-12-15,1,District and Session Judge,18,Additional District and Session Judge RNo. 19
UPAD010069972021,2021-07-02,1,District and Session Judge,4,Additional District and  Session Judge RNo. 1
UPAD010042742022,2022-05-07,1,District and Session Judge,10,Additional District and Session Judge RNo. 8
UPAD010069302021,2021-07-01,1,District and Session Judge,4,Additional District and  Session Judge RNo. 1
UPAD010070822021,2021-07-06,1,District and Session Judge,4,Additional District and  Session Judge RNo. 1
UPAD010070812021,2021-07-06,1,District and Session Judge,4,Additional District and  Session Judge RNo. 1
UPAD010070432021,2021-07-22,1,District and Session Judge,26,Additional District and Session Judge R.No. 12
UPAD010076472016,2017-09-19,1,District and Session Judge,10,Additional District and Session Judge RNo. 8
UPMH040009192021,2022-08-06,6,C.J.M.,16,Addl. Civil Judge (Sr. Div.)
UPMH040009192021,2022-08-31,16,Civil Judge Sr. Div. F. T. C.,10,Civil Judge (Jr. Div.)
BRSR010073002021,2021-08-03,1,District Judge,16,A.D.J 9
BRSR020031042016,2016-02-22,9,C.J.M.,26,J.M 1st Class
BRSR020031042016,2016-06-24,26,J.M 1st Class,36,J.M 1st Class
BRSR010110752021,2021-12-22,1,District Judge,20,ADJ 12
BRSR010014532017,2017-02-23,1,District Judge,17,A.D.J 10
BRSR020111622019,2019-11-06,9,C.J.M.,50,J.M. 2nd Class
BRSR020111622019,2020-01-23,NA,NA,25,JM 1st No-09
BRSR010007962016,2016-02-05,1,District Judge,16,A.D.J 9
BRSR020122482017,2017-11-08,NA,NA,48,ACJM-13
BRSR020053652018,2018-05-09,9,C.J.M.,36,JM 1st No-11
BRSR020031072016,2016-02-22,9,C.J.M.,26,J.M 1st Class
BRSR020031072016,2016-06-24,26,J.M 1st Class,36,J.M 1st Class
BRSR020031072016,2019-10-24,36,JM 1st No-11,39,ACJM-5
BRSR020031072016,2021-02-18,39,ACJM-5,43,ACJM-9
BRSR020059342016,2016-04-11,9,C.J.M.,33,J.M 1st Class
BRSR020059342016,2017-10-16,33,JM 1st No-10,36,JM 1st No-11
BRSR020059342016,2021-02-18,36,JM 1st No-11,43,ACJM-9
BRSR020141392017,2019-10-22,9,C.J.M.,39,ACJM-5
BRSR020141392017,2021-02-18,39,ACJM-5,43,ACJM-9
BRSR020114692015,2017-10-16,33,JM 1st No-10,36,JM 1st No-11
BRSR020114692015,2019-11-16,36,JM 1st No-11,39,ACJM-5
BRSR020114692015,2022-09-03,39,ACJM-5,35,JM 1st No-13
BRSR020122532017,2017-11-09,NA,NA,43,ACJM-9
BRSR020122532017,2019-04-26,43,ACJM-9,36,JM 1st No-11
BRSR020122532017,2019-09-06,36,JM 1st No-11,40,ACJM-6
BRSR020122532017,2022-06-20,40,ACJM-6,49,ACJM-11
BRSR010018592016,2016-03-22,1,District Judge,15,A.D.J 8
BRSR010143822018,2018-10-25,1,District Judge,17,A.D.J 10
BRSR020051632019,2019-05-30,NA,NA,39,ACJM-5
BRSR020051632019,2022-12-13,39,ACJM-5,36,JM 1st No-11
BRSR020141412017,2019-10-22,9,C.J.M.,39,ACJM-5
BRSR020141412017,2021-02-18,39,ACJM-5,43,ACJM-9
BRSR010014442022,2022-02-14,1,District Judge,5,A.D.J 4
BRSR010059672018,2018-05-09,1,District Judge,16,A.D.J 9
BRSR010059672018,2019-09-21,16,A.D.J 9,12,A.D.J. 5
BRSR020102282018,2020-03-02,44,ACJM-10,27,JM 1st No-06
BRBA020053902016,2017-03-27,11,A.C.J.M.-I -cum- Sub Judge-I -cum- A.S.J.-II,25,Sub-Judge-V cum A.C.J.M.-IV
BRBA020053902016,2018-11-22,25,Sub-Judge-V cum A.C.J.M.-IV,27,J.M. 1st Class (Presently Vacant)
BRBA020013122018,2018-10-01,10,C.J.M. -cum- Sub Judge-II -cum- A.S.J.-I,11,A.C.J.M.-I -cum- Sub Judge-I -cum- A.S.J.-II
BRSR010014762016,2016-03-05,1,District Judge,16,A.D.J 9
BRSR020114642015,2017-10-17,33,JM 1st No-10,36,JM 1st No-11
BRSR020031062016,2016-03-16,9,C.J.M.,26,J.M 1st Class
BRSR020031062016,2016-06-24,26,J.M 1st Class,36,J.M 1st Class
BRSR020031062016,2019-10-15,36,JM 1st No-11,39,ACJM-5
BRSR020031062016,2021-02-18,39,ACJM-5,43,ACJM-9
BRSR010041292016,2016-07-02,1,District Judge,17,A.D.J 10
BRSR020052062011,2018-12-04,44,ACJM-10,36,JM 1st No-11
BRSR020052062011,2019-10-15,36,JM 1st No-11,39,ACJM-5
BRSR020052062011,2021-02-18,39,ACJM-5,43,ACJM-9
BRSR010077722021,2021-08-18,1,District Judge,3,"ADJ-I/Spl.SC/ST,ChildrenCourt"
BRSR020113892015,2016-06-24,26,J.M 1st Class,36,J.M 1st Class
BRSR020059362016,2016-05-20,9,C.J.M.,26,J.M 1st Class
BRSR020113822015,2016-06-01,25,J.M 1st Class,36,J.M 1st Class
BRSR020113822015,2019-09-24,36,JM 1st No-11,40,ACJM-6
BRSR020113822015,2021-09-17,40,ACJM-6,43,ACJM-9
BRSR010104222022,2022-09-29,1,District Judge,21,ADJ 13
BRSR010104222022,2022-09-29,21,ADJ 13,1,District Judge
BRSR010104222022,2022-09-29,1,District Judge,3,ADJ-I/Spl.ChildrenCourt
BRSR010027812021,2021-04-15,1,District Judge,12,A.D.J. 5
MHCC020118782018,2018-09-24,29,COURT 29 ADDL  SESSIONS JUDGE,21,COURT 21 ADD SESSIONS JUDGE
MHCC020079972017,2020-01-27,34,COURT 34 ADDL SESSIONS JUDGE,10,COURT 10 ADDL SESSIONS JUDGE
BRSR010047492015,2015-08-12,1,District Judge,12,A.D.J. 5
BRSR020115382015,2018-02-21,41,ACJM-8,36,JM 1st No-11
BRSR020031082016,2016-02-27,9,C.J.M.,36,J.M 1st Class
BRSR020031082016,2019-09-24,36,JM 1st No-11,39,ACJM-5
BRSR020031082016,2022-09-02,39,ACJM-5,52,JM 1st No-21
BRSR020031012016,2016-02-22,9,C.J.M.,33,J.M 1st Class
BRSR020031012016,2018-01-25,NA,NA,36,JM 1st No-11
BRSR020031012016,2019-12-06,36,JM 1st No-11,40,ACJM-6
BRSR020031012016,2021-09-08,40,ACJM-6,43,ACJM-9
BRSR010006672022,2022-01-24,1,District Judge,12,A.D.J. 5
BRSR010086192021,2021-09-15,1,District Judge,16,A.D.J 9
BRSR010019092016,2016-03-28,1,District Judge,4,A.D.J 11
BRSR020122512017,2017-11-08,NA,NA,41,ACJM-8
BRSR010040492022,2022-04-29,1,District Judge,20,ADJ 12
BRSR010131462022,2022-12-07,1,District Judge,21,ADJ 13
BRSR010131462022,2022-12-22,21,ADJ 13,3,ADJ-I/Spl.ChildrenCourt
BRSR010075372017,2017-06-17,1,District Judge,10,A.D.J. 2
BRSR010006932016,2016-02-02,1,District Judge,13,ADJ 6/Spl.POCSO Act
BRSR010077712021,2021-08-18,1,District Judge,3,"ADJ-I/Spl.SC/ST,ChildrenCourt"
BRSR010044332015,2015-07-30,1,District Judge,13,ADJ 6/Spl.POCSO Act
BRSR010049582016,2016-08-06,1,District Judge,13,ADJ 6/Spl.POCSO Act
BRSR020122522017,2017-11-09,NA,NA,47,ACJM-12
BRSR020122522017,2018-07-26,47,ACJM-12,36,JM 1st No-11
BRSR020122522017,2019-09-11,36,JM 1st No-11,40,ACJM-6
BRSR020122522017,2019-09-18,40,ACJM-6,36,JM 1st No-11
BRSR020122522017,2019-09-18,36,JM 1st No-11,40,ACJM-6
BRSR020122522017,2021-03-18,40,ACJM-6,43,ACJM-9
BRSR010013632015,2015-02-12,1,District Judge,16,A.D.J 9
BRSR010024662016,2016-04-19,1,District Judge,15,A.D.J 8
BRSR020113902015,2016-06-24,26,J.M 1st Class,36,J.M 1st Class
BRSR020113902015,2019-12-06,36,JM 1st No-11,40,ACJM-6
BRSR020113902015,2022-06-20,40,ACJM-6,43,ACJM-9
BRSR010064262015,2015-11-07,1,District Judge,12,A.D.J. 5
BRSR010005032016,2016-01-23,1,District Judge,13,ADJ 6/Spl.POCSO Act
BRSR010001062022,2022-01-06,1,District Judge,12,A.D.J. 5
BRSR020105902018,2019-07-25,8,ACJM-I/Spl. MP/MLA/MLC,9,C.J.M.
BRSR020105902018,2022-12-13,9,C.J.M.,32,JM 1st No-16
BRSR010100442022,2022-09-21,1,District Judge,20,ADJ 12
BRSR020114592015,2017-10-16,33,JM 1st No-10,36,JM 1st No-11
BRSR010104672022,2022-09-30,1,District Judge,21,ADJ 13
BRSR010104672022,2022-10-21,21,ADJ 13,3,ADJ-I/Spl.ChildrenCourt
BRSR010096612017,2017-07-25,1,District Judge,10,A.D.J. 2
BRSR020115792015,2021-10-01,40,ACJM-6,8,ACJM-I/Spl. MP/MLA/MLC
BRSR010057252015,2015-09-22,1,District Judge,16,A.D.J 9
BRSR010103512022,2022-09-28,1,District Judge,3,ADJ-I/Spl.ChildrenCourt
BRSR010054002015,2015-09-09,1,District Judge,12,A.D.J. 5
BRSR010100362019,2019-09-16,1,District Judge,3,"ADJ-I/Spl.SC/ST,ChildrenCourt"
BRSR020115232018,2022-11-09,49,ACJM-11,46,JM 1st No-18
BRSR020114782015,2017-05-04,NA,NA,48,ACJM-13
BRSR020114782015,2017-11-07,48,ACJM-13,36,JM 1st No-11
BRSR020114782015,2019-09-19,36,JM 1st No-11,39,ACJM-5
BRSR020114782015,2021-02-18,39,ACJM-5,43,ACJM-9
UPGK010041252020,2020-09-22,1,District and Sessions Judge,2,"Additional District and Session Judge, C.No. 1"
BRSR020031022016,2016-02-25,9,C.J.M.,33,J.M 1st Class
BRSR020031022016,2017-10-16,33,JM 1st No-10,36,JM 1st No-11
BRSR020031022016,2019-09-11,36,JM 1st No-11,39,ACJM-5
BRSR020031022016,2021-02-18,39,ACJM-5,43,ACJM-9
BRSR020086102019,2020-10-12,9,C.J.M.,21,JM 1st No-07
BRSR020031052016,2016-02-22,9,C.J.M.,26,J.M 1st Class
BRSR020031052016,2016-06-24,26,J.M 1st Class,36,J.M 1st Class
BRSR020058072019,2019-12-16,9,C.J.M.,51,J.M. 2nd Class
BRSR020058072019,2020-01-24,NA,NA,33,JM 1st No-10
BRSR020031032016,2016-02-25,9,C.J.M.,33,J.M 1st Class
BRSR020031032016,2017-10-11,33,JM 1st No-10,36,JM 1st No-11
BRSR020031032016,2019-10-15,36,JM 1st No-11,39,ACJM-5
BRSR020031032016,2021-02-18,39,ACJM-5,43,ACJM-9
BRSR010071572017,2017-06-12,1,District Judge,10,A.D.J. 2
BRSR010012232016,2016-02-24,1,District Judge,4,A.D.J 11
UPGK010034172021,2021-04-09,1,District and Sessions Judge,51,ADJ/Spcial Judge Spl CN-2 PC Act
BRSR020059372016,2016-05-20,9,C.J.M.,33,J.M 1st Class
BRSR020059372016,2017-10-16,33,JM 1st No-10,36,JM 1st No-11
BRSR010065472021,2021-07-12,1,District Judge,16,A.D.J 9
BRSR020117102020,2022-05-30,9,C.J.M.,34,JM 1st No-17
BRSR010128552019,2019-11-29,1,District Judge,4,A.D.J 11
BRSR010010602021,2021-01-25,1,District Judge,20,ADJ 12
BRSR010019632016,2016-03-30,1,District Judge,12,A.D.J. 5
BRSR010007292016,2016-02-04,1,District Judge,16,A.D.J 9
BRSR020027762008,2017-07-06,44,ACJM-10,36,JM 1st No-11
BRSR020027762008,2019-09-18,36,JM 1st No-11,39,ACJM-5
BRSR010073682015,2015-12-21,1,District Judge,16,A.D.J 9
BRSR010015912016,2016-03-14,1,District Judge,4,A.D.J 11
BRSR010047332015,2015-08-12,1,District Judge,13,ADJ 6/Spl.POCSO Act
BRSR020141402017,2019-10-22,9,C.J.M.,39,ACJM-5
BRSR020141402017,2021-02-18,39,ACJM-5,43,ACJM-9
BRSR010021462017,2017-03-20,1,District Judge,3,"ADJ-I/Spl.SC/ST,ChildrenCourt"
BRSR010021462017,2017-04-13,3,"ADJ-I/Spl.SC/ST,ChildrenCourt",4,A.D.J 11
BRSR020114312015,2019-01-15,39,ACJM-5,36,JM 1st No-11
BRSR020114312015,2019-09-18,36,JM 1st No-11,40,ACJM-6
BRSR020114312015,2022-06-20,40,ACJM-6,43,ACJM-9
BRSR010088192020,2020-10-28,1,District Judge,20,ADJ 12
BRSR010046842015,2015-08-14,1,District Judge,16,A.D.J 9
BRSR010103362017,2017-08-09,1,District Judge,16,A.D.J 9
BRSR020088342019,2022-10-21,9,C.J.M.,29,JM 1st No-14
BRSR010001872022,2022-01-10,1,District Judge,12,A.D.J. 5
BRSR020166972018,2019-10-22,9,C.J.M.,39,ACJM-5
BRSR020166972018,2021-02-18,39,ACJM-5,43,ACJM-9
BRSR010068062015,2015-11-25,1,District Judge,3,"ADJ-I/Spl.SC/ST,ChildrenCourt"
BRSR010068062015,2016-01-04,3,"ADJ-I/Spl.SC/ST,ChildrenCourt",4,A.D.J 11
BRKI020025452019,2021-10-25,5,S.D.J.M,12,A.C.J.M-I
BRKI020012942016,2017-04-25,6,CHIEF JUDICIAL MAGISTRATE,NA,NA
BRKI020012942016,2017-04-28,NA,NA,4,J.M. F.C COURT NO. 1
BRKI020029692017,2022-06-08,11,J.M.-I(Incharge),15,J.M. 1st Class
BRKI020029672017,2022-05-21,11,J.M. F.C COURT NO. 2,15,J.M. 1st Class
BRKI020009042017,2017-03-31,6,CHIEF JUDICIAL MAGISTRATE,11,J.M. F.C COURT NO. 2
BRKI020009042017,2022-06-08,11,J.M.-I(Incharge),15,J.M. 1st Class
BRKI020018092020,2022-07-14,6,CHIEF JUDICIAL MAGISTRATE,16,J.M. 1st Class
BRKI020027392019,2022-05-25,6,CHIEF JUDICIAL MAGISTRATE,16,J.M. 1st Class
BRKI020009052017,2017-03-31,6,CHIEF JUDICIAL MAGISTRATE,11,J.M. F.C COURT NO. 2
BRKI020000732016,2017-03-22,6,CHIEF JUDICIAL MAGISTRATE,9,A.C.J.M-III
BRKI020029682017,2022-06-01,11,J.M. F.C COURT NO. 2,15,J.M. 1st Class
BRKI020009062017,2017-03-31,6,CHIEF JUDICIAL MAGISTRATE,11,J.M. F.C COURT NO. 2
BRKI020009062017,2022-05-17,11,J.M. F.C COURT NO. 2,15,J.M. 1st Class
BRKI020022682019,2022-07-08,6,CHIEF JUDICIAL MAGISTRATE,16,J.M. 1st Class
BRKI020012952016,2017-06-13,6,CHIEF JUDICIAL MAGISTRATE,4,J.M. F.C COURT NO. 1
BRKI020012952016,2019-12-18,4,J.M. 1st Class,3,J.M. 1st Class
BRKI020001522020,2020-11-10,6,CHIEF JUDICIAL MAGISTRATE,3,J.M. 1st Class
BRKI020012962016,2017-08-01,3,A.C.J.M-II,4,J.M. F.C COURT NO. 1
BRKI020012962016,2020-01-09,4,J.M. 1st Class,3,J.M. 1st Class
BRKI020006962016,2016-07-01,6,CHIEF JUDICIAL MAGISTRATE,12,A.C.J.M-I
BRKI020016492016,2017-01-11,6,CHIEF JUDICIAL MAGISTRATE,3,A.C.J.M-II
BRKI020016492016,2017-08-01,3,A.C.J.M-II,4,J.M. F.C COURT NO. 1
BRKI020001652016,2019-12-04,6,CHIEF JUDICIAL MAGISTRATE,3,J.M 2nd Class
BRKI020012972016,2017-07-25,3,A.C.J.M-II,14,J.M F.C COURT NO. 4
BRKI020013212019,2019-09-06,6,CHIEF JUDICIAL MAGISTRATE,3,J.M 2nd Class
UPGK010028722021,2021-03-31,1,District and Sessions Judge,51,ADJ/Spcial Judge Spl CN-2 PC Act
UPGK010040092021,2021-06-21,1,District and Sessions Judge,8,"ADJ, CNo. 3"
UPGK010044962017,2017-05-12,1,District and Sessions Judge,44,Additional District & Session Judge CNo. 6
UPGK010044962017,2017-08-02,44,Additional District &amp; Session Judge CNo. 6,12,Additional District & Session Judge CNo. 9
UPGK010119482017,2017-11-23,1,District and Sessions Judge,4,Additional District & Session Judge CNo. 4
UPGK010119482017,2017-12-12,4,Additional District &amp; Session Judge CNo. 4,51,ADJ/Spcial Judge Spl CN-2 PC Act
UPGK010099712021,2021-11-18,1,District and Sessions Judge,53,ADJ/SPCL JUDGE POCSO CN-2
UPGK010099712021,2022-08-05,53,ADJ/SPCL JUDGE POCSO CN-2,44,Additional District & Session Judge CNo. 6
MHCC020134522018,2021-06-21,37,COURT 37 ADDL SESSIONS JUDGE,64,COURT 64 ADDL SESSIONS JUDGE
MHCC020134522018,2021-06-23,NA,NA,37,COURT 37 ADDL SESSIONS JUDGE
BRKI020021822019,2019-11-06,5,CJM DIVISION,NA,DJ DIVISION
BRKI010022412019,2019-11-06,2,District and Sessions Judge,1,A.D.J - I
BRKI020012982016,2017-07-03,3,A.C.J.M-II,4,J.M. F.C COURT NO. 1
BRBE020034202015,2015-03-20,12,CJM/Sub Judge-II/ASJ-I,49,Judicial Magistrate VI
BRBE020034202015,2019-10-01,49,J.M. I cum- Principal Magistrate,16,SDJM
BRBE020011582021,2021-03-04,12,CJM/Sub Judge-II/ASJ-I,29,Sub Judge-I-cum-ACJM-I
BRBE020034232015,2015-03-20,12,CJM/Sub Judge-II/ASJ-I,46,Judicial Magistrate III
BRBE020034232015,2016-12-20,NA,NA,49,J.M. I cum- Principal Magistrate
BRBE020033192015,2015-03-17,28,JM Ist Class cum AM-III,NA,NA
BRBE020033192015,2016-08-01,NA,NA,71,ACJM-VI
BRBE020033192015,2019-11-19,71,ACJM-VI,50,Judicial Magistrate VII
BRBE020065132018,2019-05-15,58,ACJM-V,73,Judicial Magistarte 1st Class X
BRBE020034182015,2015-03-20,12,CJM/Sub Judge-II/ASJ-I,51,Judicial Magistrate VIII
BRBE020034182015,2017-01-23,NA,NA,56,ACJM-III
BRBE020034182015,2017-08-26,56,ACJM-III,50,Judicial Magistrate VII
BRBE020063732018,2019-06-19,12,CJM/Sub Judge-II/ASJ-I,82,Judicial Magistrate II
BRBE020063732018,2019-12-24,NA,NA,28,Judicial Magistrate 1st Class
BRBE020063732018,2022-06-29,28,Judicial Magistrate 1st Class,73,JM 1st Class
BRBE010004242015,2015-01-14,1,District and Sessions Judge,41,Addl. District and Sessions Judge VII
BRBE020022122015,2015-05-06,25,JM Ist Class cum AM-II,52,Judicial Magistrate IX
BRBE020022122015,2017-02-07,NA,NA,71,ACJM-VI
BRBE020022122015,2017-02-07,71,ACJM-VI,59,ACJM-IV
BRBE020022122015,2017-03-23,59,ACJM-IV,71,ACJM-VI
BRBE020022122015,2019-12-07,71,ACJM-VI,16,SDJM
BRBE020025452015,2015-03-03,28,JM Ist Class cum AM-III,NA,NA
BRBE020025452015,2015-09-24,NA,NA,52,Judicial Magistrate IX
BRBE020025452015,2017-01-17,NA,NA,71,ACJM-VI
BRBE020025452015,2019-06-24,71,ACJM-VI,74,Judicial Magistarte 1st Class XI
BRBE020025452015,2020-02-29,74,Judicial Magistarte 1st Class XI,28,Judicial Magistrate 1st Class
BRBE020025452015,2022-07-19,28,Judicial Magistrate 1st Class,73,JM 1st Class
BRBE020041982015,2015-04-21,12,CJM/Sub Judge-II/ASJ-I,NA,NA
BRBE020041982015,2018-05-05,NA,NA,71,ACJM-VI
BRBE020041982015,2019-07-05,71,ACJM-VI,82,Judicial Magistrate II
BRBE020041982015,2019-12-24,NA,NA,28,Judicial Magistrate 1st Class
BRBE020041982015,2022-07-15,28,Judicial Magistrate 1st Class,73,JM 1st Class
BRBE020033292019,2020-03-20,12,CJM/Sub Judge-II/ASJ-I,28,Judicial Magistrate 1st Class
BRBE020033292019,2022-06-25,28,Judicial Magistrate 1st Class,73,JM 1st Class
BRBE020022592015,2015-02-19,28,JM Ist Class cum AM-III,23,JM Ist Class cum AM-VI
BRBE020022592015,2016-06-13,NA,NA,48,Judicial Magistrate V
BRBE020022592015,2017-03-01,48,Judicial Magistrate V,29,Sub Judge-I-cum-ACJM-I
BRBE020022592015,2019-05-30,29,Sub Judge-I-cum-ACJM-I,81,Judicial Magistrate II
BRBE020009482001,2015-01-12,28,JM Ist Class cum AM-III,48,Judicial Magistrate V
BRBE020055852019,2019-09-28,12,CJM/Sub Judge-II/ASJ-I,29,Sub Judge-I-cum-ACJM-I
BRBE020055852019,2020-02-03,29,Sub Judge-I-cum-ACJM-I,50,Judicial Magistrate 1st Class
BRBE020053492017,2017-11-15,12,CJM/Sub Judge-II/ASJ-I,29,Sub Judge-I-cum-ACJM-I
BRBE020070242019,2021-01-02,12,CJM/Sub Judge-II/ASJ-I,49,Judicial Magistrate 1st Class
BRBE020070242019,2021-10-21,49,Judicial Magistrate 1st Class,87,Judicial Magistrate II
BRBE020070242019,2022-05-31,87,Judicial Magistrate II,49,JM 1st Class
BRBE020003152019,2019-01-22,12,CJM/Sub Judge-II/ASJ-I,59,ACJM-IV
BRBE020003152019,2019-07-30,59,ACJM-IV,12,CJM/Sub Judge-II/ASJ-I
BRBE020003152019,2021-12-23,12,CJM/Sub Judge-II/ASJ-I,58,ACJM-V
BRBE020003152019,2022-08-17,58,ACJM-V,23,JM 1st Class
BRBE020023252015,2015-02-21,28,JM Ist Class cum AM-III,22,JM Ist Class cum AM-V
BRBE020023252015,2015-07-20,22,JM Ist Class cum AM-V,45,Judicial Magistrate II
BRBE020023252015,2017-02-17,45,Judicial Magistrate II,58,ACJM-V
BRBE020023252015,2019-06-18,58,ACJM-V,73,Judicial Magistarte 1st Class X
BRSM020021142018,2020-10-12,46,ACJM V,42,JM 1st Class
BRSM020021142018,2020-11-10,42,JM 1st Class,34,JM 1st Class
BRSM020010102017,2019-12-04,10,CJM/ASJ1st/SUB JUDGE 2nd,48,JM cum Munsif
BRSM020010102017,2020-01-29,NA,NA,10,CJM/ASJ1st/SUB JUDGE 2nd
BRSM020031282019,2020-05-22,44,ACJM IV,47,ACJM II
BRSM020036462018,2018-10-10,10,CJM/ASJ1st/SUB JUDGE 2nd,43,ACJM III
BRSM020036462018,2018-10-20,43,ACJM III,10,CJM/ASJ1st/SUB JUDGE 2nd
BRSM020046642017,2018-10-10,10,CJM/ASJ1st/SUB JUDGE 2nd,43,ACJM III
BRSM020046642017,2018-10-21,43,ACJM III,10,CJM/ASJ1st/SUB JUDGE 2nd
BRSM020046642017,2019-12-04,10,CJM/ASJ1st/SUB JUDGE 2nd,48,JM cum Munsif
BRSM020046642017,2020-01-03,NA,NA,10,CJM/ASJ1st/SUB JUDGE 2nd
BRSM020033292016,2018-10-10,10,CJM/ASJ1st/SUB JUDGE 2nd,43,ACJM III
BRSM020033292016,2018-10-20,43,ACJM III,10,CJM/ASJ1st/SUB JUDGE 2nd
BRSM020033292016,2019-12-03,10,CJM/ASJ1st/SUB JUDGE 2nd,46,ACJM V
BRSM020033292016,2020-01-21,46,ACJM V,10,CJM/ASJ1st/SUB JUDGE 2nd
BRSM020033292016,2020-01-30,10,CJM/ASJ1st/SUB JUDGE 2nd,41,JM 1st Class
BRSM020033292016,2022-05-21,41,JM 1st Class,53,JM 1st Class
BRSM020033292016,2022-08-23,53,JM 1st Class,54,JM 1st Class
BRSM020033302016,2019-12-03,10,CJM/ASJ1st/SUB JUDGE 2nd,46,ACJM V
BRSM020033302016,2020-07-17,46,ACJM V,10,CJM/ASJ1st/SUB JUDGE 2nd
BRSM020002982020,2020-09-17,18,SDJM,44,ACJM IV
BRBE020023252015,2020-03-04,73,Judicial Magistarte 1st Class X,51,Judicial Magistrate 1st Class
BRBE020023252015,2022-07-25,51,Judicial Magistrate 1st Class,75,JM 1st Class
BRBE020034192015,2015-03-20,12,CJM/Sub Judge-II/ASJ-I,50,Judicial Magistrate VII
BRBE020034192015,2017-01-09,50,Judicial Magistrate VII,71,ACJM-VI
BRBE020034192015,2019-11-25,71,ACJM-VI,50,Judicial Magistrate VII
BRBE020034192015,2022-03-03,50,JM 1st Class,86,Judicial Magistrate II
BRBE020034192015,2022-05-21,86,Judicial Magistrate II,50,JM 1st Class
BRBE020074302015,2015-08-20,22,JM Ist Class cum AM-V,52,Judicial Magistrate IX
BRBE020074302015,2017-02-04,NA,NA,71,ACJM-VI
BRBE020074302015,2019-11-18,71,ACJM-VI,50,Judicial Magistrate VII
BRBE020074302015,2022-02-21,50,JM 1st Class,87,Judicial Magistrate II
BRBE020074302015,2022-05-30,87,Judicial Magistrate II,49,JM 1st Class
BRBE020041972015,2015-04-21,12,CJM/Sub Judge-II/ASJ-I,27,JM Ist Class cum AM-XI
BRBE020041972015,2016-05-16,27,JM Ist Class cum AM-XI,58,ACJM-V
BRBE020041972015,2019-06-22,58,ACJM-V,73,Judicial Magistarte 1st Class X
BRBE020041952015,2015-04-21,12,CJM/Sub Judge-II/ASJ-I,23,JM Ist Class cum AM-VI
BRBE020041952015,2016-05-09,NA,NA,49,Judicial Magistrate VI
BRBE020041952015,2019-09-05,49,J.M. I cum- Principal Magistrate,73,Judicial Magistarte 1st Class X
BRBE020041952015,2019-09-16,49,J.M. I cum- Principal Magistrate,73,Judicial Magistarte 1st Class X
BRBE020041952015,2019-09-16,73,Judicial Magistarte 1st Class X,49,J.M. I cum- Principal Magistrate
BRBE020041952015,2020-06-12,73,Judicial Magistarte 1st Class X,51,Judicial Magistrate 1st Class
BRBE020041952015,2022-07-02,51,Judicial Magistrate 1st Class,75,JM 1st Class
BRBE020068892013,2019-10-03,49,J.M. I cum- Principal Magistrate,75,JM 1st Class
BRBE020068892013,2020-12-16,75,JM 1st Class,49,Judicial Magistrate 1st Class
BRBE020072482019,2021-04-29,12,CJM/Sub Judge-II/ASJ-I,51,Judicial Magistrate 1st Class
BRBE020072482019,2022-06-20,51,Judicial Magistrate 1st Class,75,JM 1st Class
BRBE020034212015,2015-03-20,12,CJM/Sub Judge-II/ASJ-I,47,J.M. I cum- Principal Magistrate
BRBE020034212015,2015-04-13,47,J.M. I cum- Principal Magistrate,45,Judicial Magistrate II
BRBE020034212015,2015-05-11,NA,NA,48,Judicial Magistrate V
BRBE020034212015,2015-05-11,47,J.M. I cum- Principal Magistrate,NA,NA
BRBE020034212015,2015-05-12,45,Judicial Magistrate II,47,J.M. I cum- Principal Magistrate
BRBE020034212015,2017-03-25,48,Judicial Magistrate V,29,Sub Judge-I-cum-ACJM-I
BRBE020034212015,2019-05-28,29,Sub Judge-I-cum-ACJM-I,80,Judicial Magistrate II
BRBE020034212015,2019-12-24,NA,NA,47,Judicial Magistrate 1st Class
BRBE020034212015,2022-08-02,47,Judicial Magistrate 1st Class,50,JM 1st Class
BRBE010039202015,2015-07-20,1,District and Sessions Judge,7,Addl.District and Session Judge-IV
BRBE020012132019,2021-02-17,12,CJM/Sub Judge-II/ASJ-I,47,Judicial Magistrate 1st Class
BRBE020012132019,2022-07-27,47,Judicial Magistrate 1st Class,50,JM 1st Class
BRBE010064612015,2015-12-14,1,District and Sessions Judge,4,Addl.District and Session Judge-III
BRBE010042242015,2015-08-03,1,District and Sessions Judge,4,Addl.District and Session Judge-III
BRBE020063122019,2019-12-09,12,CJM/Sub Judge-II/ASJ-I,73,Judicial Magistarte 1st Class X
BRBE110003592017,2021-02-19,5,ACJM,12,ACJM-III
BRBE110003592017,2022-08-29,12,ACJM-III,10,Judicial Magistrate -I Class
BRBE010018182015,2015-03-23,1,District and Sessions Judge,42,Addl. District and Sessions Judge VIII
BRBE020087672015,2015-10-30,NA,NA,48,Judicial Magistrate V
BRBE020087672015,2017-03-17,48,Judicial Magistrate V,29,Sub Judge-I-cum-ACJM-I
BRBE010033842015,2015-06-22,1,District and Sessions Judge,10,FTC-1
BRBE020083552015,2015-09-26,23,JM Ist Class cum AM-VI,47,J.M. I cum- Principal Magistrate
BRBE020083552015,2017-02-10,NA,NA,49,J.M. I cum- Principal Magistrate
BRBE020083552015,2019-08-31,49,J.M. I cum- Principal Magistrate,73,Judicial Magistarte 1st Class X
BRBE020080272015,2015-09-14,22,JM Ist Class cum AM-V,52,Judicial Magistrate IX
BRBE020080272015,2017-02-07,NA,NA,71,ACJM-VI
BRBE020080272015,2019-11-25,71,ACJM-VI,50,Judicial Magistrate VII
BRBE020080272015,2020-03-03,50,Judicial Magistrate 1st Class,23,Judicial Magistrate 1st Class
BRBE020014672015,2015-01-29,28,JM Ist Class cum AM-III,24,Judicial Magistrate I
BRBE020014672015,2015-09-24,NA,NA,52,Judicial Magistrate IX
BRBE020082242015,2015-09-21,22,JM Ist Class cum AM-V,56,ACJM-III
BRBE020082242015,2017-08-26,56,ACJM-III,50,Judicial Magistrate VII
BRBE020082242015,2017-10-18,50,Judicial Magistrate VII,56,ACJM-III
BRBE020044622019,2020-09-14,12,CJM/Sub Judge-II/ASJ-I,74,Judicial Magistarte 1st Class XI
BRBE020024572015,2015-03-09,28,JM Ist Class cum AM-III,22,JM Ist Class cum AM-V
BRBE020024572015,2015-07-31,22,JM Ist Class cum AM-V,46,Judicial Magistrate III
BRBE020024572015,2017-01-05,NA,NA,59,ACJM-IV
BRBE020024572015,2017-01-11,59,ACJM-IV,NA,NA
BRBE020024572015,2017-01-11,NA,NA,49,J.M. I cum- Principal Magistrate
BRBE020024572015,2019-08-31,49,J.M. I cum- Principal Magistrate,73,Judicial Magistarte 1st Class X
BRBE020024572015,2022-11-10,73,JM 1st Class,94,Judicial Magistrate 1st Class
BRBE020080922018,2018-12-01,12,CJM/Sub Judge-II/ASJ-I,29,Sub Judge-I-cum-ACJM-I
BRBE020024312008,2015-01-13,28,JM Ist Class cum AM-III,48,Judicial Magistrate V
BRBE020024312008,2017-02-18,48,Judicial Magistrate V,29,Sub Judge-I-cum-ACJM-I
BRBE010008512015,2015-01-31,1,District and Sessions Judge,3,Addl.District and Session Judge-I
BRBE020025472015,2015-03-03,28,JM Ist Class cum AM-III,NA,NA
BRBE020025472015,2018-04-03,NA,NA,71,ACJM-VI
BRBE020025472015,2019-07-05,71,ACJM-VI,81,Judicial Magistrate II
BRBE020029672015,2015-03-10,25,JM Ist Class cum AM-II,53,JM 1st Class
BRBE020029672015,2015-08-10,53,JM 1st Class,56,ACJM-III
BRBE020029672015,2017-08-26,56,ACJM-III,50,Judicial Magistrate VII
BRBE020029672015,2018-09-10,50,Judicial Magistrate VII,75,JM 1st Class
BRBE020029672015,2020-09-24,75,JM 1st Class,47,Judicial Magistrate 1st Class
BRBE020010072020,2020-09-08,12,CJM/Sub Judge-II/ASJ-I,47,Judicial Magistrate 1st Class
BRBE020010072020,2022-07-25,47,Judicial Magistrate 1st Class,50,JM 1st Class
BRBE010055092015,2015-10-09,1,District and Sessions Judge,NA,NA
BRBE020003932015,2016-01-14,23,JM Ist Class cum AM-VI,29,Sub Judge-I-cum-ACJM-I
BRBE020032052015,2015-03-17,28,JM Ist Class cum AM-III,NA,NA
BRBE020032052015,2017-11-28,NA,NA,71,ACJM-VI
BRBE020032052015,2019-06-20,71,ACJM-VI,74,Judicial Magistarte 1st Class XI
BRBE020016792015,2015-02-10,28,JM Ist Class cum AM-III,22,JM Ist Class cum AM-V
BRBE020016792015,2015-07-30,22,JM Ist Class cum AM-V,46,Judicial Magistrate III
BRBE020016792015,2017-01-20,NA,NA,49,J.M. I cum- Principal Magistrate
BRBE020016792015,2019-09-11,49,J.M. I cum- Principal Magistrate,73,Judicial Magistarte 1st Class X
BRBE020016792015,2022-11-04,73,JM 1st Class,94,Judicial Magistrate 1st Class
BRBE020034762015,2015-03-21,12,CJM/Sub Judge-II/ASJ-I,53,JM 1st Class
BRBE020034762015,2015-08-18,53,JM 1st Class,56,ACJM-III
BRBE020039932017,2019-09-17,12,CJM/Sub Judge-II/ASJ-I,77,Judicial Magistrate II
BRBE020039932017,2019-12-24,NA,NA,49,Judicial Magistrate 1st Class
UPBN010008262021,2021-02-06,4,"A.D.AND S.J./SPL. JUDGE D.A.A, BUDAUN",9,"A.D. AND S.J., COURT NO.-12, BUDAUN"
UPBN010008262021,2021-03-01,9,"A.D. AND S.J., COURT NO.-12, BUDAUN",4,"A.D.AND S.J./SPL. JUDGE D.A.A, BUDAUN"
UPBN010050022015,2015-12-21,1,"DISTRICT JUDGE, BUDAUN",10,"A.D. AND S.J., COURT NO.-8, BUDAUN"
UPBN040224512016,2018-05-01,23,"A.C.J.M., COURT NO.1, BUDAUN",34,CJSD/ACJM
UPBN040224512016,2019-01-17,34,CJSD/ACJM,35,CJSD FTC / ACJM
UPBN040224512016,2020-08-20,35,CJSD FTC / ACJM,22,"A.C.J.M., COURT NO.2, BUDAUN"
UPRB040120302022,2022-05-13,12,A.C.J.M. I,16,A.C.J.M. III
UPRB040120302022,2022-05-14,16,A.C.J.M. III,12,A.C.J.M. I
MHCC050033072021,2021-07-14,15,Judge  Additional Sessions Judge,9,Judge  Additional Sessions Judge
BRBE020052322018,2019-08-06,49,J.M. I cum- Principal Magistrate,50,Judicial Magistrate VII
BRBE020052322018,2020-03-02,50,Judicial Magistrate 1st Class,23,Judicial Magistrate 1st Class
BRBE020034222015,2015-03-20,12,CJM/Sub Judge-II/ASJ-I,45,Judicial Magistrate II
BRBE020034222015,2017-01-03,45,Judicial Magistrate II,58,ACJM-V
BRBE020034222015,2019-10-14,58,ACJM-V,83,JM Ist Class cum AM-I
BRBE020034222015,2020-01-08,83,JM Ist Class cum AM-I,24,Judicial Magistrate 1st Class
BRBE010006882015,2015-01-27,1,District and Sessions Judge,3,Addl.District and Session Judge-I
BRBE010006862015,2015-01-27,1,District and Sessions Judge,3,Addl.District and Session Judge-I
BRBE020067682019,2020-10-01,12,CJM/Sub Judge-II/ASJ-I,29,Sub Judge-I-cum-ACJM-I
BRBE020042952019,2021-03-16,12,CJM/Sub Judge-II/ASJ-I,49,Judicial Magistrate 1st Class
BRBE020027122015,2015-03-02,28,JM Ist Class cum AM-III,22,JM Ist Class cum AM-V
BRBE020027122015,2015-11-05,22,JM Ist Class cum AM-V,59,ACJM-IV
BRBE020027122015,2019-10-03,59,ACJM-IV,83,JM Ist Class cum AM-I
BRBE020027122015,2020-03-21,83,JM Ist Class cum AM-I,24,Judicial Magistrate 1st Class
BRBE020027122015,2020-04-04,24,Judicial Magistrate 1st Class,83,JM Ist Class cum AM-I
BRBE020027122015,2020-11-24,83,JM Ist Class cum AM-I,71,ACJM-VI
BRBE020027122015,2022-07-28,71,ACJM-VI,24,JM 1st Class
BRBE010071712017,2017-11-21,1,District and Sessions Judge,40,ADJ-VI-cum-Spl Judge POCSO
BRBE020009562015,2015-01-16,28,JM Ist Class cum AM-III,48,Judicial Magistrate V
BRBE010065212017,2017-11-15,1,District and Sessions Judge,3,Addl.District and Session Judge-I
BRBE020026672015,2015-03-02,28,JM Ist Class cum AM-III,22,JM Ist Class cum AM-V
BRBE020026672015,2015-07-16,22,JM Ist Class cum AM-V,45,Judicial Magistrate II
BRBE020026672015,2017-03-13,45,Judicial Magistrate II,58,ACJM-V
BRBE020026672015,2019-05-28,58,ACJM-V,83,JM Ist Class cum AM-I
BRBE020026672015,2020-11-06,83,JM Ist Class cum AM-I,71,ACJM-VI
BRBE020026672015,2022-07-31,71,ACJM-VI,24,JM 1st Class
BRBE020026672015,2022-11-01,24,JM 1st Class,94,Judicial Magistrate 1st Class
BRBE010013722015,2015-02-24,1,District and Sessions Judge,7,Addl.District and Session Judge-IV
BRBE010057422015,2019-02-05,36,Asst Sessions Judge-I,7,Addl.District and Session Judge-IV
BRBE010057422015,2019-04-26,7,Addl.District and Session Judge-IV,82,Addl District and Sessions Judge-XIII
BRBE010057422015,2021-02-11,82,Addl District and Sessions Judge-XIII,10,FTC-1
BRBE010057422015,2021-12-14,10,FTC-1,6,Addl.District and Session Judge-V
MHCC050032272020,2021-02-17,7,Assistant Sessions Judge,2,Assistant Sessions Judge
MHCC050032272020,2021-06-17,2,Judge  Additional Sessions Judge,14,Assistant Sessions Judge
MHCC050032272020,2021-08-26,14,"Ad-hoc Judge, City Civil Court and Asst. Sessions Judge",15,Assistant Sessions Judge
MHCC050032272020,2021-12-06,15,Judge City Civil Court and Assistant Sessions Judge,5,Assistant Sessions Judge
MHCC050032272020,2022-11-23,5,Ad Hoc Judge City Civil Court and Addl. Sessions Judge,7,"Judge, City Civil Court and Additional Sessions Judge"
MHCC020106072019,2021-06-11,38,COURT 38 ADDL. SESSIONS JUDGE,36,COURT 36  ADDL SESSIONS JUDGE
BRBE020021742007,2019-11-25,71,ACJM-VI,50,Judicial Magistrate VII
BRBE020021742007,2020-01-13,50,Judicial Magistrate 1st Class,71,ACJM-VI
BRBE020021742007,2022-06-28,71,ACJM-VI,24,JM 1st Class
BRBE010075242017,2018-01-05,40,ADJ-VI-cum-Spl Judge POCSO,41,Addl. District and Sessions Judge VII
BRBE010075242017,2018-01-05,1,District and Sessions Judge,40,ADJ-VI-cum-Spl Judge POCSO
BRBE020090082015,2015-10-27,22,JM Ist Class cum AM-V,59,ACJM-IV
BRBE020021932007,2019-01-07,NA,NA,73,Judicial Magistarte 1st Class X
BRBE110006682018,2020-12-04,5,ACJM,12,ACJM-III
BRBE110006682018,2022-07-23,12,ACJM-III,10,Judicial Magistrate -I Class
BRBE020078472013,2019-12-13,59,ACJM-IV,74,Judicial Magistarte 1st Class XI
BRBE020078472013,2021-02-24,74,Judicial Magistarte 1st Class XI,24,Judicial Magistrate 1st Class
BRBE020034172015,2015-03-20,12,CJM/Sub Judge-II/ASJ-I,49,Judicial Magistrate VI
BRBE020034172015,2015-04-13,49,Judicial Magistrate VI,52,Judicial Magistrate IX
BRBE020034172015,2017-01-19,NA,NA,71,ACJM-VI
BRBE020034172015,2019-06-29,71,ACJM-VI,74,Judicial Magistarte 1st Class XI
BRBE020034172015,2020-01-13,74,Judicial Magistarte 1st Class XI,28,Judicial Magistrate 1st Class
BRBE020034172015,2022-07-28,28,Judicial Magistrate 1st Class,73,JM 1st Class
BRBE020035142015,2015-03-21,28,JM Ist Class cum AM-III,23,JM Ist Class cum AM-VI
BRBE020035142015,2016-04-26,NA,NA,48,Judicial Magistrate V
BRBE020035142015,2017-02-18,48,Judicial Magistrate V,29,Sub Judge-I-cum-ACJM-I
BRBE020035142015,2019-06-03,29,Sub Judge-I-cum-ACJM-I,81,Judicial Magistrate II
BRBE020070052015,2015-09-18,23,JM Ist Class cum AM-VI,47,J.M. I cum- Principal Magistrate
BRBE020070052015,2017-01-10,47,J.M. I cum- Principal Magistrate,49,J.M. I cum- Principal Magistrate
BRBE020070052015,2019-09-05,49,J.M. I cum- Principal Magistrate,73,Judicial Magistarte 1st Class X
BRBE020070052015,2020-01-06,73,Judicial Magistarte 1st Class X,51,Judicial Magistrate 1st Class
BRBE020070052015,2022-07-22,51,Judicial Magistrate 1st Class,75,JM 1st Class
BRBE020028422016,2016-05-18,27,JM Ist Class cum AM-XI,56,ACJM-III
BRBE020028422016,2017-08-25,56,ACJM-III,50,Judicial Magistrate VII
BRBE020022752015,2015-02-24,25,JM Ist Class cum AM-II,45,Judicial Magistrate II
BRBE020022752015,2017-02-14,45,Judicial Magistrate II,58,ACJM-V
BRBE020022752015,2019-10-17,58,ACJM-V,83,JM Ist Class cum AM-I
BRBE020022752015,2020-06-06,83,JM Ist Class cum AM-I,24,Judicial Magistrate 1st Class
BRBE020022752015,2022-11-04,24,JM 1st Class,94,Judicial Magistrate 1st Class
BRBE020028172020,2021-02-20,12,CJM/Sub Judge-II/ASJ-I,49,Judicial Magistrate 1st Class
BRBE020022582015,2015-02-19,25,JM Ist Class cum AM-II,51,Judicial Magistrate VIII
BRBE020022582015,2017-02-17,NA,NA,56,ACJM-III
BRBE020022582015,2017-08-26,56,ACJM-III,50,Judicial Magistrate VII
BRBE020022582015,2018-10-04,50,Judicial Magistrate VII,75,JM 1st Class
BRBE020022582015,2020-02-13,75,JM 1st Class,56,ACJM-III
BRBE020022582015,2022-09-15,56,ACJM-III,49,JM 1st Class
BRMP020020682022,2022-12-03,9,C.J.M.,32,JM 1st Class
BRMP110025052019,2022-06-15,1,Addl. Chief Judicial Magistrate -I,6,Judicial Magistrate 1st  Class-II
BRMP020011842022,2022-07-21,9,C.J.M.,34,JM 1st Class
BRMP110014542018,2020-08-21,3,J.M 1st class Cum Addl.Munsif-V,5,Additional Chief Judicial Magistrate - II
BRMP110014542018,2022-04-20,5,Additional Chief Judicial Magistrate - II,1,Addl. Chief Judicial Magistrate -I
BRMP110014542018,2022-07-27,1,Addl. Chief Judicial Magistrate -I,4,Judicial Magistrate 1st  Class-I
BRMP020020242019,2021-02-19,9,C.J.M.,28,A.C.J.M.-II
BRMP020020242019,2022-03-14,28,I/c A.C.J.M-II,22,JM 1st Class
BRMP020020242019,2022-08-10,22,I/c JM1st Class(The Court  of Sri Kumaresh),20,A.C.J.M.
BRMP010000712020,2020-01-08,1,District and Sessions Judge,3,Additional District and Sessions Judge-I
BRMP020011122022,2022-08-05,9,C.J.M.,32,JM 1st Class
BRMP020007322022,2022-06-04,9,C.J.M.,32,JM 1st Class
BRMP020008302022,2022-06-04,9,C.J.M.,32,JM 1st Class
BRMP110014552018,2020-08-21,3,J.M 1st class Cum Addl.Munsif-V,5,Additional Chief Judicial Magistrate - II
BRMP110014552018,2022-04-20,5,Additional Chief Judicial Magistrate - II,1,Addl. Chief Judicial Magistrate -I
BRMP110014552018,2022-07-28,1,Addl. Chief Judicial Magistrate -I,4,Judicial Magistrate 1st  Class-I
BRWC020016952015,2016-02-04,8,CHIEF JUDICIAL MAGISTRATE(C.J.M),19,SRI NAGESH PRATAP SINGH JM 1ST CLASS
BRWC020016952015,2019-09-18,NA,NA,25,JM 1ST Class-Cum-Munsif
BRWC020030062016,2016-11-10,8,CHIEF JUDICIAL MAGISTRATE(C.J.M),12,S.D.J.M.
BRWC010082052019,2019-08-30,1,DISTRICT AND SESSIONS JUDGE,35,th Addl. District and Session Judge
BRWC020009702016,2016-05-17,8,CHIEF JUDICIAL MAGISTRATE(C.J.M),20,J.M. 1ST CLASS
BRWC020009702016,2019-11-30,20,JM 1st Class,NA,NA
BRWC020061692016,2019-07-04,NA,NA,NA,NA
BRWC020061692016,2020-03-28,18,ACJM-II,33,JM 1st Class
BRWC100039702015,2015-08-01,1,SRI ABHIMANYU LAL DIST AND SESSIONS JUDGE,NA,NA
BRWC010044252015,2015-06-11,1,DISTRICT AND SESSIONS JUDGE,3,st Addl. District and Session Judge
BRWC010019152016,2016-04-20,1,DISTRICT AND SESSIONS JUDGE,27,th Addl. District and Session Judge
BRWC020013392015,2015-11-19,8,CHIEF JUDICIAL MAGISTRATE(C.J.M),30,SRI CHANDRABHUSHAN RAM JM 2ND CLASS
BRWC020013392015,2017-04-18,NA,NA,19,J.M. 1ST CLASS
BRWC020013392015,2020-01-08,19,ACJM-IV,18,ACJM-II
BRWC020013392015,2020-05-28,18,ACJM-II,33,JM 1st Class
BRWC020013392015,2021-07-15,33,JM 1st Class,18,ACJM-II
BRWC020008822017,2020-03-20,8,CHIEF JUDICIAL MAGISTRATE(C.J.M),33,JM 1st Class
BRWC020008822017,2020-04-29,33,JM 1st Class,41,JM 1st Class
BRWC020052692018,2021-09-07,8,CHIEF JUDICIAL MAGISTRATE(C.J.M),41,JM 1st Class
BRWC020052692018,2022-08-12,41,J.M 1St Class-Cum-A.M-VI,35,J.M 1St Class-Cum-A.M-XI
BRWC020091532018,2022-03-28,8,CHIEF JUDICIAL MAGISTRATE(C.J.M),41,JM 1st Class
BRWC020003562015,2015-02-19,8,CHIEF JUDICIAL MAGISTRATE(C.J.M),20,J.M. 1ST CLASS
BRWC020021542015,2015-10-08,8,CHIEF JUDICIAL MAGISTRATE(C.J.M),25,JM 1ST CLASS-CUM-ADDL.MUNSIF
BRWC010057452022,2022-04-30,1,DISTRICT AND SESSIONS JUDGE,3,st Addl. District and Session Judge
BRWC010038132015,2015-05-04,1,DISTRICT AND SESSIONS JUDGE,30,th Addl. District and Session Judge
BRWC010038132015,2022-12-27,30,nd Addl. District and Session Judge,35,th Addl. District and Session Judge
BRWC010020372015,2015-06-02,1,DISTRICT AND SESSIONS JUDGE,3,st Addl. District and Session Judge
BRWC020069212018,2021-06-16,8,CHIEF JUDICIAL MAGISTRATE(C.J.M),20,JM 1st Class
BRWC020069212018,2022-07-05,20,J.M 1St Class-Cum-A.M-II,34,J.M 1St Class-Cum-A.M-X
BRWC020002372015,2015-01-31,8,CHIEF JUDICIAL MAGISTRATE(C.J.M),19,SRI NAGESH PRATAP SINGH JM 1ST CLASS
BRWC020002372015,2019-02-06,19,J.M. 1ST CLASS,NA,NA
BRWC020002372015,2019-08-17,NA,NA,NA,NA
BRWC020002372015,2020-07-27,19,ACJM-IV,33,JM 1st Class
BRWC020003552015,2015-02-19,8,CHIEF JUDICIAL MAGISTRATE(C.J.M),22,SRI  J.M.-CUM-ADDL. MUNSIF
BRWC020003552015,2017-02-02,NA,NA,34,SRI B. K. RAI SUBJUDGE IV -CUM- A.C.J.M.
BRWC020003552015,2017-11-22,NA,NA,37,SRI RAKESH  KR. TIWARI SUBJUDGE VII-CUM-A.C.J.M.
BRWC020003552015,2019-07-04,NA,NA,25,JM 1ST Class-Cum-Munsif
BRWC020003552015,2020-02-01,25,JM 1ST Class-Cum-Munsif,32,JM 1st Class
BRWC020033022017,2022-07-02,8,CHIEF JUDICIAL MAGISTRATE(C.J.M),35,J.M 1St Class-Cum-A.M-XI
BRWC010028122015,2015-02-24,1,DISTRICT AND SESSIONS JUDGE,NA,NA
BRWC020066602018,2018-10-02,25,J.M. 1ST CLASS,20,J.M. 1ST CLASS
BRWC020066602018,2018-10-23,NA,NA,25,J.M. 1ST CLASS
BRWC020066602018,2019-06-03,20,JM 1st Class,NA,NA
BRWC010065582017,2017-07-10,1,DISTRICT AND SESSIONS JUDGE,24,nd Addl. District and Session Judge
BRWC010065582017,2017-11-15,NA,NA,4,rd Addl. District and Session Judge
BRWC010065582017,2018-10-05,4,rd Addl. District and Session Judge,32,FAST TRACK COURT-2
BRWC010076682021,2021-09-03,1,DISTRICT AND SESSIONS JUDGE,38,Additional District and Sessions Judge IX
BRWC020009692016,2016-05-17,8,CHIEF JUDICIAL MAGISTRATE(C.J.M),18,SRI MANAS KUMAR  J.M.-CUM-ADDL. MUNSIF
BRWC020009692016,2020-05-22,18,ACJM-II,32,JM 1st Class
BRWC020000242016,2016-01-28,8,CHIEF JUDICIAL MAGISTRATE(C.J.M),20,J.M. 1ST CLASS
BRWC020000242016,2019-06-26,20,JM 1st Class,NA,NA
BRWC010072672022,2022-07-15,1,DISTRICT AND SESSIONS JUDGE,4,Additional District and Sessions Judge VIII
BRWC020003532015,2015-02-19,8,CHIEF JUDICIAL MAGISTRATE(C.J.M),20,J.M. 1ST CLASS
BRWC010054722015,2015-07-27,1,DISTRICT AND SESSIONS JUDGE,4,rd Addl. District and Session Judge
BRWC010054722015,2018-06-29,NA,NA,3,st Addl. District and Session Judge
BRWC010046132015,2015-06-23,1,DISTRICT AND SESSIONS JUDGE,3,st Addl. District and Session Judge
BRWC020013732015,2018-11-24,8,CHIEF JUDICIAL MAGISTRATE(C.J.M),20,J.M. 1ST CLASS
BRWC020046802015,2017-11-29,NA,NA,20,J.M. 1ST CLASS
BRWC020046802015,2021-07-05,20,JM 1st Class,32,JM 1st Class
BRWC020016942015,2016-02-04,8,CHIEF JUDICIAL MAGISTRATE(C.J.M),34,SRI B. K. RAI SUBJUDGE IV -CUM- A.C.J.M.
BRWC020016942015,2017-11-21,NA,NA,19,J.M. 1ST CLASS
BRWC020016942015,2019-02-07,19,J.M. 1ST CLASS,20,JM 1st Class
BRWC020016942015,2021-11-02,20,JM 1st Class,17,JM 2nd Class
BRWC020016942015,2022-06-10,17,JM 2nd Class,20,J.M 1St Class-Cum-A.M-II
BRSM010049832022,2022-07-25,1,District &amp; Sessions Judge,4,ADJ 2nd
BRSM020036432018,2018-10-10,10,CJM/ASJ1st/SUB JUDGE 2nd,43,ACJM III
BRSM020036432018,2018-10-20,43,ACJM III,10,CJM/ASJ1st/SUB JUDGE 2nd
BRSM020052592018,2019-01-17,43,ACJM III,18,SDJM
BRSM020054172018,2020-01-23,10,CJM/ASJ1st/SUB JUDGE 2nd,41,JM 1st Class
BRSM020054172018,2022-12-16,41,JM 1st Class,54,JM 1st Class
BRSM020033282016,2019-12-03,10,CJM/ASJ1st/SUB JUDGE 2nd,46,ACJM V
BRSM020033282016,2020-05-06,46,ACJM V,10,CJM/ASJ1st/SUB JUDGE 2nd
BRSM020029472018,2020-05-04,45,ACJM VI,43,ACJM III
BRSM020020012018,2019-04-25,43,ACJM III,44,ACJM IV
BRSM020020012018,2020-01-17,44,ACJM IV,29,JM 1st Class
BRSM020020012018,2022-05-27,29,JM 1st Class,52,JM 1st Class
BRSM020010112017,2018-10-10,10,CJM/ASJ1st/SUB JUDGE 2nd,43,ACJM III
BRSM020010112017,2018-10-20,43,ACJM III,10,CJM/ASJ1st/SUB JUDGE 2nd
BRSM020010112017,2019-12-04,10,CJM/ASJ1st/SUB JUDGE 2nd,48,JM cum Munsif
BRSM020010112017,2020-01-29,NA,NA,10,CJM/ASJ1st/SUB JUDGE 2nd
BRSM020036442018,2018-10-10,10,CJM/ASJ1st/SUB JUDGE 2nd,43,ACJM III
BRSM020036442018,2018-10-20,43,ACJM III,10,CJM/ASJ1st/SUB JUDGE 2nd
BRSM020040882017,2019-12-04,10,CJM/ASJ1st/SUB JUDGE 2nd,48,JM cum Munsif
BRSM020040882017,2020-01-03,NA,NA,10,CJM/ASJ1st/SUB JUDGE 2nd
BRSM020040882017,2020-01-23,10,CJM/ASJ1st/SUB JUDGE 2nd,41,JM 1st Class
BRSM020040882017,2022-02-14,41,JM 1st Class,53,J.M. 2nd Class
BRSM020018112017,2018-10-10,10,CJM/ASJ1st/SUB JUDGE 2nd,43,ACJM III
BRSM020018112017,2018-10-20,43,ACJM III,10,CJM/ASJ1st/SUB JUDGE 2nd
BRSM020018112017,2019-12-04,10,CJM/ASJ1st/SUB JUDGE 2nd,48,JM cum Munsif
BRSM020018112017,2020-01-03,NA,NA,10,CJM/ASJ1st/SUB JUDGE 2nd
BRSM010000062022,2022-01-04,1,District &amp; Sessions Judge,7,ADJ 7th
BRSM020044432018,2020-10-12,46,ACJM V,42,JM 1st Class
BRSM020044432018,2021-11-15,42,JM 1st Class,54,J.M. 2nd Class
BRSM020028352018,2018-10-10,10,CJM/ASJ1st/SUB JUDGE 2nd,43,ACJM III
BRSM020028352018,2018-10-19,43,ACJM III,10,CJM/ASJ1st/SUB JUDGE 2nd
BRBJ020026462018,2019-08-22,6,A.C.J.M-VII,2,A.C.J.M -I
BRBJ020026462018,2020-01-14,2,A.C.J.M -I,6,A.C.J.M-VII
BRBJ020036622016,2020-06-01,12,A.C.J.M-XIV,25,J.M  1st Class / Court No-5
BRWC010173562022,2022-12-19,1,DISTRICT AND SESSIONS JUDGE,24,rd Addl. District and Session Judge
BRWC010030682015,2015-03-18,1,DISTRICT AND SESSIONS JUDGE,NA,NA
BRWC011349012022,2022-10-13,1,DISTRICT AND SESSIONS JUDGE,25,th Addl. District and Session Judge
BRWC010043432015,2015-06-10,1,DISTRICT AND SESSIONS JUDGE,3,st Addl. District and Session Judge
BRWC020063622013,2022-08-22,25,J.M 1St Class-Cum-A.M-I,28,J.M 1St Class-Cum-A.M-VII
BRWC020066742019,2021-02-08,8,CHIEF JUDICIAL MAGISTRATE(C.J.M),36,ACJM-III
BRWC020042642017,2017-07-18,8,CHIEF JUDICIAL MAGISTRATE(C.J.M),25,J.M. 1ST CLASS
UPRB040120352022,2022-05-13,12,A.C.J.M. I,16,A.C.J.M. III
UPRB040120352022,2022-05-14,16,A.C.J.M. III,12,A.C.J.M. I
BRWC020007842017,2017-02-15,NA,NA,16,SUBJUDGE VIII-CUM-A.C.J.M-VII
BRWC020007842017,2019-09-05,NA,NA,NA,NA
BRWC020007842017,2020-03-19,18,ACJM-II,33,JM 1st Class
UPRB040120332022,2022-05-13,12,A.C.J.M. I,16,A.C.J.M. III
UPRB040120332022,2022-05-14,16,A.C.J.M. III,12,A.C.J.M. I
BRWC020013382015,2015-11-19,8,CHIEF JUDICIAL MAGISTRATE(C.J.M),20,J.M. 1ST CLASS
BRWC020013382015,2020-04-08,20,JM 1st Class,32,JM 1st Class
BRWC020061052019,2022-03-30,8,CHIEF JUDICIAL MAGISTRATE(C.J.M),41,JM 1st Class
BRWC020061052019,2022-08-22,41,J.M 1St Class-Cum-A.M-VI,38,J.M 1St Class-Cum-A.M-XIII
BRWC020051642017,2017-07-07,40,C J M Bettiah Division,NA,D J Bettiah Division
BRWC020021612016,2016-12-29,8,CHIEF JUDICIAL MAGISTRATE(C.J.M),18,SRI MANAS KUMAR  J.M.-CUM-ADDL. MUNSIF
BRWC020021612016,2020-05-27,18,ACJM-II,33,JM 1st Class
BRWC020020982008,2019-01-08,NA,NA,20,JM 1st Class
BRWC020020982008,2020-03-19,20,JM 1st Class,32,JM 1st Class
BRWC020009682016,2016-05-17,8,CHIEF JUDICIAL MAGISTRATE(C.J.M),19,SRI NAGESH PRATAP SINGH JM 1ST CLASS
BRWC020009682016,2020-04-24,19,ACJM-IV,41,JM 1st Class
BRWC020007012020,2021-03-01,39,Subjudge 1st-cum- A.C.J.M. 1st,36,ACJM-III
UPRB010010122015,2015-08-04,1,District and Session Judge,5,IV Addl District and Session Judge
UPRB040120322022,2022-05-13,12,A.C.J.M. I,16,A.C.J.M. III
UPRB040120322022,2022-05-14,16,A.C.J.M. III,12,A.C.J.M. I
BRWC020069512018,2019-06-29,NA,NA,20,JM 1st Class
BRWC020069512018,2022-07-08,20,J.M 1St Class-Cum-A.M-II,34,J.M 1St Class-Cum-A.M-X
BRWC010057432022,2022-04-21,36,th Addl. District and Session Judge,1,DISTRICT AND SESSIONS JUDGE
BRWC010057432022,2022-04-30,1,DISTRICT AND SESSIONS JUDGE,3,st Addl. District and Session Judge
BRWC010057432022,2022-08-06,3,st Addl. District and Session Judge,4,Additional District and Sessions Judge VIII
BRWC010057432022,2022-11-05,4,Additional District and Sessions Judge VIII,36,th Addl. District and Session Judge
BRWC020009322015,2018-11-26,8,CHIEF JUDICIAL MAGISTRATE(C.J.M),16,SUBJUDGE VIII-CUM-A.C.J.M-VII
BRWC020009322015,2019-09-20,NA,NA,NA,NA
BRWC020009322015,2022-09-06,19,ACJM-IV,37,J.M 1St Class-Cum-A.M-XII
BRWC010020672015,2015-06-02,1,DISTRICT AND SESSIONS JUDGE,3,st Addl. District and Session Judge
BRWC020021512015,2015-10-09,8,CHIEF JUDICIAL MAGISTRATE(C.J.M),NA,NA
BRWC020021512015,2015-10-11,NA,NA,20,J.M. 1ST CLASS
BRWC020021512015,2021-11-01,20,JM 1st Class,30,JM 2nd Class
BRWC020038332018,2022-03-30,8,CHIEF JUDICIAL MAGISTRATE(C.J.M),41,JM 1st Class
BRWC020038332018,2022-07-25,41,J.M 1St Class-Cum-A.M-VI,35,J.M 1St Class-Cum-A.M-XI
BRWC010130502018,2020-08-13,3,st Addl. District and Session Judge,37,Additional District and Sessions Judge VII
BRWC010130502018,2020-08-20,37,Additional District and Sessions Judge VII,35,th Addl. District and Session Judge
BRWC010130502018,2021-06-11,35,th Addl. District and Session Judge,37,Additional District and Sessions Judge VII
BRWC020042662017,2017-07-18,8,CHIEF JUDICIAL MAGISTRATE(C.J.M),25,J.M. 1ST CLASS
BRWC020042662017,2020-06-15,25,JM 1ST Class-Cum-Munsif,41,JM 1st Class
BRWC020042592019,2021-10-05,8,CHIEF JUDICIAL MAGISTRATE(C.J.M),25,JM 1ST Class-Cum-Munsif
BRWC020042592019,2022-03-25,25,JM 1ST Class-Cum-Munsif,8,CHIEF JUDICIAL MAGISTRATE(C.J.M)
BRWC020002382015,2015-02-02,8,CHIEF JUDICIAL MAGISTRATE(C.J.M),22,SRI  J.M.-CUM-ADDL. MUNSIF
BRWC020002382015,2017-02-02,NA,NA,34,SRI B. K. RAI SUBJUDGE IV -CUM- A.C.J.M.
BRWC020002382015,2017-11-28,NA,NA,37,SRI RAKESH  KR. TIWARI SUBJUDGE VII-CUM-A.C.J.M.
BRWC020002382015,2019-08-05,NA,NA,NA,NA
BRWC020006582020,2022-09-07,25,J.M 1St Class-Cum-A.M-I,30,J.M 1St Class-Cum-A.M-VIII
BRWC020016632017,2018-12-07,8,CHIEF JUDICIAL MAGISTRATE(C.J.M),37,Subjudge VII- CUM- A.C.J.M. V
BRWC020016632017,2019-08-13,NA,NA,25,JM 1ST Class-Cum-Munsif
BRWC020016632017,2022-12-21,25,J.M 1St Class-Cum-A.M-I,41,J.M 1St Class-Cum-A.M-VI
BRWC010037102015,2015-04-29,1,DISTRICT AND SESSIONS JUDGE,3,st Addl. District and Session Judge
BRWC010031242022,2022-03-08,1,DISTRICT AND SESSIONS JUDGE,24,rd Addl. District and Session Judge
BRWC020011632015,2018-11-20,8,CHIEF JUDICIAL MAGISTRATE(C.J.M),20,J.M. 1ST CLASS
BRWC020011632015,2022-07-08,20,J.M 1St Class-Cum-A.M-II,34,J.M 1St Class-Cum-A.M-X
BRWC020008512019,2022-03-30,8,CHIEF JUDICIAL MAGISTRATE(C.J.M),41,JM 1st Class
BRWC020008512019,2022-08-22,41,J.M 1St Class-Cum-A.M-VI,38,J.M 1St Class-Cum-A.M-XIII
BRWC020042652017,2017-07-18,8,CHIEF JUDICIAL MAGISTRATE(C.J.M),25,J.M. 1ST CLASS
BRWC020042652017,2022-07-07,25,J.M 1St Class-Cum-A.M-I,28,J.M 1St Class-Cum-A.M-VII
BRWC100044872019,2021-02-01,3,Subjudge III,6,A.C.J.M III
BRWC100044872019,2022-07-16,NA,NA,23,J.M-I st Class-Cum-A.M-IV
BRWC020044202019,2020-09-25,8,CHIEF JUDICIAL MAGISTRATE(C.J.M),25,JM 1ST Class-Cum-Munsif
BRWC020044202019,2022-03-11,25,JM 1ST Class-Cum-Munsif,12,S.D.J.M.
BRWC100123302017,2020-09-08,18,A.C.J.M Ist,13,ACJM V
BRWC100123302017,2021-01-27,13,ACJM V,6,A.C.J.M III
BRWC100123302017,2022-08-08,NA,NA,18,A.C.J.M Ist
BRWC020064782017,2022-07-08,8,CHIEF JUDICIAL MAGISTRATE(C.J.M),35,J.M 1St Class-Cum-A.M-XI
BRWC020042682017,2017-07-18,8,CHIEF JUDICIAL MAGISTRATE(C.J.M),25,J.M. 1ST CLASS
BRWC020042682017,2022-08-06,25,J.M 1St Class-Cum-A.M-I,30,J.M 1St Class-Cum-A.M-VIII
BRWC100032832019,2021-08-27,18,A.C.J.M Ist,20,J.M.-cum-Addl. Munsif
BRWC100032832019,2022-10-14,20,J.M-I st Class-Cum-A.M-I,23,J.M-I st Class-Cum-A.M-IV
BRWC020034262016,2017-01-16,8,CHIEF JUDICIAL MAGISTRATE(C.J.M),35,SRI RAJIV KUMAR III SUBJUDGE- V CUM- A.C.J.M.
BRWC020034262016,2018-04-24,37,SRI RAKESH  KR. TIWARI SUBJUDGE VII-CUM-A.C.J.M.,20,J.M. 1ST CLASS
BRWC020034262016,2018-08-04,NA,NA,37,Subjudge VII- CUM- A.C.J.M. V
BRWC020034262016,2021-11-02,20,JM 1st Class,30,JM 2nd Class
BRWC020064792017,2022-07-02,8,CHIEF JUDICIAL MAGISTRATE(C.J.M),35,J.M 1St Class-Cum-A.M-XI
BRWC020020832015,2015-09-20,8,CHIEF JUDICIAL MAGISTRATE(C.J.M),NA,NA
BRWC020020832015,2015-10-29,NA,NA,19,SRI NAGESH PRATAP SINGH JM 1ST CLASS
BRWC020020832015,2019-03-14,19,J.M. 1ST CLASS,NA,NA
BRWC020020832015,2019-08-06,NA,NA,NA,NA
BRWC020020832015,2020-03-04,18,ACJM-II,32,JM 1st Class
BRWC020009042015,2015-09-14,8,CHIEF JUDICIAL MAGISTRATE(C.J.M),24,SRI AMRENDRA KUMAR RAIJM 2ND CLASS
BRWC020009042015,2016-05-12,24,SRI AMRENDRA KUMAR RAIJM 2ND CLASS,NA,NA
BRWC020009042015,2016-06-10,NA,NA,19,SRI NAGESH PRATAP SINGH JM 1ST CLASS
UPRB040120342022,2022-05-13,12,A.C.J.M. I,16,A.C.J.M. III
UPRB040120342022,2022-05-14,16,A.C.J.M. III,12,A.C.J.M. I
UPRB040120282022,2022-05-13,12,A.C.J.M. I,16,A.C.J.M. III
UPRB040120282022,2022-05-14,16,A.C.J.M. III,12,A.C.J.M. I
UPRB010074092022,2022-11-03,1,District and Session Judge,14,Addl District and Session Judge/ Spl Judge (POCSO Act)-I
UPRB040120312022,2022-05-13,12,A.C.J.M. I,16,A.C.J.M. III
UPRB040120312022,2022-05-14,16,A.C.J.M. III,12,A.C.J.M. I
UPRB010005492015,2015-04-09,1,District and Session Judge,2,I Addl District and Session Judge
UPRB010005492015,2016-01-29,2,I Addl District and Session Judge,8,VII Addl District and Session Judge
UPFT040018052016,2018-01-25,17,Chief Judicial Magistrate,29,Special Judicial Magistrate
UPFT040018052016,2018-08-28,29,Special Judicial Magistrate,17,Chief Judicial Magistrate
UPFT040018072016,2018-01-25,17,Chief Judicial Magistrate,29,Special Judicial Magistrate
UPFT040018072016,2018-08-28,29,Special Judicial Magistrate,17,Chief Judicial Magistrate
UPFT040028072018,2018-02-10,17,Chief Judicial Magistrate,30,Civil Judge (SD) FTC
UPFT040182632016,2018-01-25,17,Chief Judicial Magistrate,29,Special Judicial Magistrate
UPFT040182622016,2018-01-25,17,Chief Judicial Magistrate,29,Special Judicial Magistrate
UPFT040182622016,2018-08-28,29,Special Judicial Magistrate,17,Chief Judicial Magistrate
UPME040318332021,2022-07-22,48,A.C.J.M. Court No.7,42,A.C.J.M. Court No.1
BRBJ020061032018,2019-03-06,2,A.C.J.M -I,1,Chief Judicial Magistrate
MHCC050039102021,2021-12-04,13,Judge  Additional Sessions Judge,15,Assistant Sessions Judge
BRWC020009042015,2020-10-21,19,ACJM-IV,33,JM 1st Class
BRWC020080232018,2019-09-09,NA,NA,39,Subjudge 1st-cum- A.C.J.M. 1st
BRWC020082452017,2022-07-08,8,CHIEF JUDICIAL MAGISTRATE(C.J.M),35,J.M 1St Class-Cum-A.M-XI
BRWC020007832017,2017-02-15,NA,NA,16,SUBJUDGE VIII-CUM-A.C.J.M-VII
BRWC020007832017,2019-07-22,NA,NA,25,JM 1ST Class-Cum-Munsif
BRWC020008522019,2022-03-30,8,CHIEF JUDICIAL MAGISTRATE(C.J.M),41,JM 1st Class
BRWC020008522019,2022-07-28,41,J.M 1St Class-Cum-A.M-VI,38,J.M 1St Class-Cum-A.M-XIII
BRWC020050612012,2022-08-22,25,J.M 1St Class-Cum-A.M-I,28,J.M 1St Class-Cum-A.M-VII
BRWC020003542015,2015-02-19,8,CHIEF JUDICIAL MAGISTRATE(C.J.M),22,SRI  J.M.-CUM-ADDL. MUNSIF
BRWC020003542015,2017-02-02,NA,NA,34,SRI B. K. RAI SUBJUDGE IV -CUM- A.C.J.M.
BRWC020003542015,2018-01-30,NA,NA,36,SRI ANURAG KR. TRIPATHI SUB JUDGE-CUM-A.C.J.M.
BRWC020003542015,2018-12-24,NA,NA,8,CHIEF JUDICIAL MAGISTRATE(C.J.M)
BRWC020003542015,2020-01-29,NA,NA,33,JM 1st Class
BRWC020037872019,2022-07-13,8,CHIEF JUDICIAL MAGISTRATE(C.J.M),35,J.M 1St Class-Cum-A.M-XI
BRWC020015172022,2022-04-29,0,C J M Bettiah Division,NA,D J Bettiah Division
BRWC020066632018,2018-10-02,25,J.M. 1ST CLASS,20,J.M. 1ST CLASS
BRWC020066632018,2018-10-23,NA,NA,25,J.M. 1ST CLASS
BRWC020066632018,2021-11-01,20,JM 1st Class,30,JM 2nd Class
BRWC010086762022,2022-06-24,1,DISTRICT AND SESSIONS JUDGE,27,Additional District and Sessions Judge X
BRWC010086762022,2022-07-05,27,Additional District and Sessions Judge X,35,th Addl. District and Session Judge
BRWC011348592022,2022-10-12,1,DISTRICT AND SESSIONS JUDGE,25,th Addl. District and Session Judge
BRWC020011762018,2022-07-08,8,CHIEF JUDICIAL MAGISTRATE(C.J.M),35,J.M 1St Class-Cum-A.M-XI
BRWC010099092022,2022-07-18,1,DISTRICT AND SESSIONS JUDGE,25,th Addl. District and Session Judge
BRWC010020102015,2015-05-30,1,DISTRICT AND SESSIONS JUDGE,3,st Addl. District and Session Judge
BRWC010053792015,2015-07-28,1,DISTRICT AND SESSIONS JUDGE,3,st Addl. District and Session Judge
BRWC020066032018,2018-09-29,25,J.M. 1ST CLASS,20,J.M. 1ST CLASS
BRWC020066032018,2018-10-23,NA,NA,25,J.M. 1ST CLASS
BRWC020066032018,2022-07-08,20,J.M 1St Class-Cum-A.M-II,35,J.M 1St Class-Cum-A.M-XI
BRWC020007852017,2017-02-15,NA,NA,16,SUBJUDGE VIII-CUM-A.C.J.M-VII
BRWC020007852017,2019-08-16,NA,NA,NA,NA
BRWC020007852017,2020-03-04,18,ACJM-II,32,JM 1st Class
BRWC020038212018,2021-03-05,8,CHIEF JUDICIAL MAGISTRATE(C.J.M),25,JM 1ST Class-Cum-Munsif
BRWC020038212018,2022-10-10,25,J.M 1St Class-Cum-A.M-I,28,J.M 1St Class-Cum-A.M-VII
BRWC100077012017,2017-12-11,9,S.D.J.M,20,MD FIROZ AKRAM JM
BRWC020035582017,2018-10-15,8,CHIEF JUDICIAL MAGISTRATE(C.J.M),25,J.M. 1ST CLASS
BRWC020035582017,2020-06-29,25,JM 1ST Class-Cum-Munsif,33,JM 1st Class
BRWC020012642021,2022-03-30,8,CHIEF JUDICIAL MAGISTRATE(C.J.M),41,JM 1st Class
BRWC020012642021,2022-08-03,41,J.M 1St Class-Cum-A.M-VI,42,J.M 1St Class-Cum-A.M-XIV
BRSM110007742015,2016-09-16,21,ACJM,27,ACJM III
BRSM020031702019,2021-01-22,18,SDJM,44,ACJM IV
BRSM020031702019,2022-11-04,44,ACJM IV,41,JM 1st Class
BRSM020036422018,2018-10-10,10,CJM/ASJ1st/SUB JUDGE 2nd,43,ACJM III
BRSM020036422018,2018-10-20,43,ACJM III,10,CJM/ASJ1st/SUB JUDGE 2nd
BRSM020018102017,2018-10-10,10,CJM/ASJ1st/SUB JUDGE 2nd,43,ACJM III
BRSM020018102017,2018-10-21,43,ACJM III,10,CJM/ASJ1st/SUB JUDGE 2nd
BRSM020018102017,2019-12-04,10,CJM/ASJ1st/SUB JUDGE 2nd,48,JM cum Munsif
BRSM020018102017,2020-01-03,NA,NA,10,CJM/ASJ1st/SUB JUDGE 2nd
BRSM020010122017,2018-10-10,10,CJM/ASJ1st/SUB JUDGE 2nd,43,ACJM III
BRSM020010122017,2018-10-20,43,ACJM III,10,CJM/ASJ1st/SUB JUDGE 2nd
BRSM020010122017,2019-12-04,10,CJM/ASJ1st/SUB JUDGE 2nd,48,JM cum Munsif
BRSM020010122017,2020-01-03,NA,NA,10,CJM/ASJ1st/SUB JUDGE 2nd
BRSM010043562022,2022-07-02,1,District &amp; Sessions Judge,4,ADJ 2nd
BRSM020036452018,2018-10-10,10,CJM/ASJ1st/SUB JUDGE 2nd,43,ACJM III
BRSM020036452018,2018-10-20,43,ACJM III,10,CJM/ASJ1st/SUB JUDGE 2nd
BRSM020033352019,2020-09-23,10,CJM/ASJ1st/SUB JUDGE 2nd,41,JM 1st Class
BRSM020031682016,2018-10-10,10,CJM/ASJ1st/SUB JUDGE 2nd,43,ACJM III
BRSM020031682016,2018-10-20,43,ACJM III,10,CJM/ASJ1st/SUB JUDGE 2nd
BRSM210016432019,2020-06-24,7,JM I,15,ACJM II
BRSM210016432019,2022-05-23,7,JM I,4,SDJM
BRSM020005271998,2019-11-29,45,ACJM VI,34,J.M. 2nd Class
BRSM020005271998,2022-06-09,34,JM 1st Class,52,JM 1st Class
BRSM020030692018,2018-10-10,10,CJM/ASJ1st/SUB JUDGE 2nd,43,ACJM III
BRSM020030692018,2018-10-19,43,ACJM III,10,CJM/ASJ1st/SUB JUDGE 2nd
BRSM020030692018,2020-02-17,10,CJM/ASJ1st/SUB JUDGE 2nd,41,JM 1st Class
BRSM020046672017,2018-10-10,10,CJM/ASJ1st/SUB JUDGE 2nd,43,ACJM III
BRSM020046672017,2018-10-21,43,ACJM III,10,CJM/ASJ1st/SUB JUDGE 2nd
BRSM020046672017,2019-12-04,10,CJM/ASJ1st/SUB JUDGE 2nd,48,JM cum Munsif
BRSM020046672017,2020-01-03,NA,NA,10,CJM/ASJ1st/SUB JUDGE 2nd
BRSM010043262022,2022-07-02,1,District &amp; Sessions Judge,4,ADJ 2nd
BRSM020046632017,2018-10-10,10,CJM/ASJ1st/SUB JUDGE 2nd,43,ACJM III
BRSM020046632017,2018-10-20,43,ACJM III,10,CJM/ASJ1st/SUB JUDGE 2nd
BRSM020046632017,2019-12-04,10,CJM/ASJ1st/SUB JUDGE 2nd,48,JM cum Munsif
BRSM020046632017,2020-01-03,NA,NA,10,CJM/ASJ1st/SUB JUDGE 2nd
BRSM020046632017,2020-01-30,10,CJM/ASJ1st/SUB JUDGE 2nd,41,JM 1st Class
BRSM020046632017,2022-06-09,41,JM 1st Class,54,JM 1st Class
BRSM010044322022,2022-07-04,1,District &amp; Sessions Judge,4,ADJ 2nd
BRSM020046652017,2018-10-10,10,CJM/ASJ1st/SUB JUDGE 2nd,43,ACJM III
BRSM020046652017,2018-10-19,43,ACJM III,10,CJM/ASJ1st/SUB JUDGE 2nd
BRSM020046682017,2018-10-10,10,CJM/ASJ1st/SUB JUDGE 2nd,43,ACJM III
BRSM020046682017,2018-10-20,43,ACJM III,10,CJM/ASJ1st/SUB JUDGE 2nd
BRSM020046682017,2019-12-04,10,CJM/ASJ1st/SUB JUDGE 2nd,48,JM cum Munsif
BRSM020046682017,2020-01-03,NA,NA,10,CJM/ASJ1st/SUB JUDGE 2nd
BRSM010004842023,2023-01-16,1,District &amp; Sessions Judge,47,ADJ 10th
BRSM010047832022,2022-07-18,1,District &amp; Sessions Judge,32,ADJ 3rd
BRSM010047832022,2022-08-01,32,ADJ 3rd,5,ADJ 9th
BRSM020023512018,2020-02-04,35,ACJM I,29,JM 1st Class
BRSM020023512018,2022-05-28,29,JM 1st Class,52,JM 1st Class
BRSM010080622022,2022-11-16,1,District &amp; Sessions Judge,7,ADJ 7th
BRSM010064822021,2021-10-08,1,District &amp; Sessions Judge,31,ADJ 5th cum-Exclusive Spl. Excise Court-2
BRSM010044822022,2022-07-04,1,District &amp; Sessions Judge,32,ADJ 3rd
BRSM010044822022,2022-07-28,32,ADJ 3rd,5,ADJ 9th
BRSM020047152018,2020-05-22,44,ACJM IV,47,ACJM II
BRSM020047152018,2021-12-24,47,ACJM II,34,JM 1st Class
BRSM020031542019,2022-11-05,10,CJM/ASJ1st/SUB JUDGE 2nd,50,JM 1st Class
BRSM110007752015,2016-09-16,21,ACJM,27,ACJM III
BRSM020051202017,2020-10-12,46,ACJM V,34,JM 1st Class
BRSM020051202017,2021-01-09,34,JM 1st Class,47,ACJM II
BRSM010094632017,2017-12-06,1,District &amp; Sessions Judge,4,ADJ 3rd
BRSM110013892013,2022-06-02,26,ACJM II,30,JM I
BRSM020036412018,2018-10-10,10,CJM/ASJ1st/SUB JUDGE 2nd,43,ACJM III
BRSM020036412018,2018-10-20,43,ACJM III,10,CJM/ASJ1st/SUB JUDGE 2nd
BRSM020046662017,2018-10-10,10,CJM/ASJ1st/SUB JUDGE 2nd,43,ACJM III
BRSM020046662017,2018-10-20,43,ACJM III,10,CJM/ASJ1st/SUB JUDGE 2nd
BRBJ020061032018,2019-09-27,1,Chief Judicial Magistrate,23,J.M 2nd class
BRBJ020066972018,2020-06-08,12,A.C.J.M-XIV,25,J.M  1st Class / Court No-5
BRBJ020011412019,2019-10-04,1,Chief Judicial Magistrate,19,J.M 1st  Class / Court No 1
BRBJ020026152015,2020-08-25,12,A.C.J.M-XIV,25,J.M  1st Class / Court No-5
BRBJ020026152015,2021-11-20,25,J.M  1st Class / Court No-5,29,J.M 2nd class
BRBJ020026152015,2022-05-19,29,J.M 2nd class,25,J.M  1st Class / Court No-5
BRBJ020015022015,2019-03-07,8,A.C.J.M -IX,19,J.M 1st  Class / Court No 1
BRBJ020069892019,2020-11-26,1,Chief Judicial Magistrate,17,J.M 1st class  / Court No-7
BRBJ020007902015,2020-06-18,9,A.C.J.M -X,23,J.M 1st  Class / Court No-4
BRBJ020032692016,2020-06-01,12,A.C.J.M-XIV,25,J.M  1st Class / Court No-5
BRBJ020013662020,2020-05-06,1,Chief Judicial Magistrate,11,A.C.J.M -XII
BRBJ020013662020,2021-03-18,11,A.C.J.M -XII,2,A.C.J.M -I
BRBJ020013662020,2022-01-20,2,A.C.J.M -I,4,A.C.J.M -V
BRBJ020061122018,2019-03-06,2,A.C.J.M -I,1,Chief Judicial Magistrate
BRBJ020061122018,2020-02-05,1,Chief Judicial Magistrate,4,A.C.J.M -V
BRNL020009262016,2019-12-02,3,Addl. Chief Judicial Magistrate-IV,10,Judicial Magistrate 1st  Class-IV
BRNL110036622016,2022-07-14,15,J.M 1st Class- II,27,J.M 1st Class-I
BRNL020056762019,2021-03-26,1,Chief Judicial Magistrate,5,Addl. Chief Judicial Magistrate -V
BRNL020056762019,2022-07-18,5,Addl. Chief Judicial Magistrate -V,1,Chief Judicial Magistrate
BRNL010003472018,2018-10-09,1,District and Sessions Judge,3,Addl. District and Sessions Judge-I
BRNL020065932019,2021-04-03,1,Chief Judicial Magistrate,3,Addl. Chief Judicial Magistrate-IV
BRNL020065932019,2022-06-30,3,Addl. Chief Judicial Magistrate-IV,19,J.M 1st Class-VI-Cum Addl. Munsif-VI
BRNL100020952018,2019-09-13,2,Addl. District and Sessions Judge-I,13,Addl. District and Sessions Judge-III
BRNL100020952018,2021-02-04,13,Addl. District and Sessions Judge-III,23,Addl. District and Sessions Judge-IV
BRNL010008272019,2019-01-29,1,District and Sessions Judge,3,Addl. District and Sessions Judge-I
BRNL020012392015,2019-12-22,8,Judicial Magistrate 1st  Class-III,14,Addl. Chief Judicial Magistrate-VII
UPME041296432022,2022-11-30,46,A.C.J.M. Court No.5,44,A.C.J.M. Court No.3
UPME040213632021,2021-07-16,48,A.C.J.M. Court No.7,40,Chief Judicial Magistrate
UPME040213632021,2022-10-12,40,Chief Judicial Magistrate,NA,District and Sessions Judge
UPME040117592021,2021-10-19,40,Chief Judicial Magistrate,NA,Civil Judge Junior Division
UPME040008192017,2017-03-24,43,A.C.J.M. Court No.2,48,A.C.J.M. Court No.7
UPME040008192017,2018-06-05,48,A.C.J.M. Court No.7,51,A.C.J.M. Court No.10
UPME040008192017,2019-09-18,51,Chief Judicial Magistrate,NA,Civil Judge Senior Division
UPME040167702021,2021-08-05,48,Chief Judicial Magistrate,NA,Civil Judge Senior Division
BRSH020036062019,2022-06-15,30,J.M. Ist Class,37,J.M. Ist Class
BRNL110026452018,2018-10-22,5,A.C.J.M-I Comp Department,11,J.M 1st Class- IV
BRNL020047032018,2019-04-02,1,Chief Judicial Magistrate,7,Judicial Magistrate 1st  Class-I
BRNL020047032018,2020-01-20,7,Judicial Magistrate 1st  Class-I,11,Addl. Chief Judicial Magistrate -III
BRNL020047032018,2020-12-08,11,Addl. Chief Judicial Magistrate -III,8,Judicial Magistrate 1st  Class-III
BRNL110022642018,2019-07-06,14,A.C.J.M-I,15,Munsif Cum J.M 1st Class-II
BRNL110022642018,2022-06-14,15,J.M 1st Class- II,27,J.M 1st Class-I
BRNL110002252017,2018-06-23,16,A.C.J.M II,7,S.D.J.M
BRNL020022512019,2019-07-05,1,Chief Judicial Magistrate,4,Addl. Chief Judicial Magistrate -VI
BRNL020022512019,2019-11-23,4,Addl. Chief Judicial Magistrate -VI,13,Addl. Chief Judicial Magistrate-II
BRNL020022512019,2019-11-23,13,Addl. Chief Judicial Magistrate-II,4,Addl. Chief Judicial Magistrate -VI
BRNL020027942015,2022-05-28,9,Judicial Magistrate 1st  Class-II,20,J.M 1st Class-VII-Cum Addl. Munsif-VII
BRNL110070862017,2019-08-14,15,Munsif Cum J.M 1st Class-II,23,J.M 1st Class- V
BRDA020030972018,2022-10-11,14,J.M.Ist class,42,J.M.Ist class
BRNL110071532017,2022-03-31,22,J.M-III (1ST CLASS),25,J.M. 2nd CLASS
BRNL110071532017,2022-05-25,25,J.M. 2nd CLASS,23,J.M 1st Class- V
BRNL020078632020,2022-10-01,1,Chief Judicial Magistrate,22,J.M 1st Class-IX Cum Addl. Munsif-IX
BRNL020014812019,2019-07-05,1,Chief Judicial Magistrate,10,Judicial Magistrate 1st  Class-IV
BRNL020014812019,2022-06-01,10,J.M 1st Class-IV-Cum Addl. Munsif-IV,19,J.M 1st Class-VI-Cum Addl. Munsif-VI
BRNL020079382019,2019-11-23,1,Chief Judicial Magistrate,6,S.D.J.M.
BRNL020079382019,2020-08-17,6,S.D.J.M.,11,Addl. Chief Judicial Magistrate -III
BRNL020079382019,2020-08-25,11,Addl. Chief Judicial Magistrate -III,3,Addl. Chief Judicial Magistrate-IV
BRNL020079382019,2022-06-15,3,Addl. Chief Judicial Magistrate-IV,19,J.M 1st Class-VI-Cum Addl. Munsif-VI
BRNL020019252021,2021-03-19,1,Chief Judicial Magistrate,2,Addl. Chief Judicial Magistrate -I
BRNL020000962017,2020-09-16,1,Chief Judicial Magistrate,14,Addl. Chief Judicial Magistrate-VII
BRNL020000962017,2021-06-16,14,Addl. Chief Judicial Magistrate-VII,1,Chief Judicial Magistrate
BRNL110049502017,2017-12-22,11,J.M 1st Class- IV,14,A.C.J.M-I
BRNL110018292016,2019-01-10,5,A.C.J.M-I Comp Department,14,A.C.J.M-I
MHCC020124642018,2020-01-27,34,COURT 34 ADDL SESSIONS JUDGE,54,COURT 54 ADDL SESSIONS JUDGE
MHCC020124642018,2022-02-03,54,COURT 54 ADDL SESSIONS JUDGE,41,COURT 41 ADDL SESSIONS JUDGE
UPBH040125392020,2020-09-01,26,Civil Judge Jr. Div. FTC/ JM FTC,11,Addl. Chief Judicial Magistrate (ACJM)
UPBH010023642019,2021-01-30,1,District and Sessions Judge Bahraich,27,th Additional District and Sessions Judge Bahraich
UPBH010023642019,2021-04-16,27,th Additional District and Sessions Judge Bahraich,30,ADJ Fast Track Court No. 2
UPBH010023642019,2021-10-07,30,ADJ Fast Track Court No. 2,2,st Additional District and Sessions Judge Bahraich
UPBH040024402019,2021-11-06,9,Chief Judicial Magistrate (CJM),11,Addl. Chief Judicial Magistrate (ACJM)
UPKJ010033122017,2017-10-27,1,District &amp; Session Judge,20,Adj F.T.C.II
UPKJ010032072017,2017-10-23,1,District &amp; Session Judge,20,Adj F.T.C.II
UPKJ010029852016,2019-02-26,1,District &amp; Session Judge,20,Adj F.T.C.II
UPKJ010029852016,2023-01-05,20,Adj F.T.C.II,1,District & Session Judge
UPKJ010021372017,2017-08-03,1,District &amp; Session Judge,4,Adj II
UPKJ010024752017,2017-08-19,1,District &amp; Session Judge,20,Adj F.T.C.II
UPKJ010013762017,2017-08-24,1,District &amp; Session Judge,5,Adj III
UPKJ010013762017,2019-04-17,5,Adj III,23,Adj II
UPKJ010013762017,2020-02-26,23,Adj II,20,Adj F.T.C.II
UPKJ010013762017,2023-01-05,20,Adj F.T.C.II,1,District & Session Judge
UPKJ010031662017,2018-01-15,1,District &amp; Session Judge,2,ADJ I
UPKJ010031662017,2018-02-12,2,ADJ I,19,Adj F.T.C.I
UPKJ010031662017,2022-09-28,19,Adj F.T.C.I,2,ADJ I
UPKJ010021562017,2017-08-03,1,District &amp; Session Judge,4,Adj II
UPKJ010022322017,2017-08-09,1,District &amp; Session Judge,20,Adj F.T.C.II
UPKJ010015712017,2017-06-19,1,District &amp; Session Judge,20,Adj F.T.C.II
UPKJ010002642017,2017-08-29,1,District &amp; Session Judge,5,Adj III
UPKJ010002642017,2019-04-17,5,Adj III,23,Adj II
UPKJ010002642017,2020-02-18,23,Adj II,20,Adj F.T.C.II
UPKJ010002642017,2023-01-05,20,Adj F.T.C.II,1,District & Session Judge
UPKJ010021682017,2017-08-04,1,District &amp; Session Judge,20,Adj F.T.C.II
UPKJ010020262017,2017-07-24,1,District &amp; Session Judge,20,Adj F.T.C.II
UPKJ010014412017,2017-06-09,1,District &amp; Session Judge,2,ADJ I
UPKJ010015862017,2017-06-19,4,Adj II,20,Adj F.T.C.II
UPKJ010015862017,2017-06-19,1,District &amp; Session Judge,4,Adj II
UPKJ010012952017,2017-06-03,1,District &amp; Session Judge,2,ADJ I
UPKJ010039332017,2018-01-17,1,District &amp; Session Judge,20,Adj F.T.C.II
UPKJ010039332017,2018-08-04,20,Adj F.T.C.II,2,ADJ I
UPKJ010039332017,2020-01-23,2,ADJ I,18,ADJ IV
UPKJ010039332017,2020-03-19,18,ADJ-IV,2,ADJ I
UPKJ010012732017,2017-06-03,1,District &amp; Session Judge,2,ADJ I
UPKJ010013182017,2017-06-03,1,District &amp; Session Judge,2,ADJ I
UPKJ010019662017,2017-07-21,1,District &amp; Session Judge,20,Adj F.T.C.II
UPKJ010016352017,2017-07-06,1,District &amp; Session Judge,19,Adj F.T.C.I
UPKJ010022442017,2017-08-02,1,District &amp; Session Judge,20,Adj F.T.C.II
UPKJ010012642017,2017-06-03,1,District &amp; Session Judge,2,ADJ I
UPKJ010016182017,2017-06-16,1,District &amp; Session Judge,2,ADJ I
UPKJ010007542017,2017-08-26,1,District &amp; Session Judge,5,Adj III
UPKJ010007542017,2019-04-17,5,Adj III,23,Adj II
UPKJ010007542017,2022-07-25,23,Adj II,2,ADJ I
UPKJ010010692017,2018-03-15,1,District &amp; Session Judge,4,Adj II
UPKJ010010692017,2019-07-16,4,Special Judge SC/St Act,2,ADJ I
UPKJ010018562017,2017-07-11,1,District &amp; Session Judge,20,Adj F.T.C.II
UPKJ010005582017,2017-04-14,1,District &amp; Session Judge,20,Adj F.T.C.II
UPKJ010005582017,2023-01-05,20,Adj F.T.C.II,1,District & Session Judge
UPKJ010020672017,2017-07-26,1,District &amp; Session Judge,20,Adj F.T.C.II
UPSI040014442019,2022-06-20,21,Chief Judicial Magistrate,35,Civil Judge Senior Division  Fast Track Court
UPSI040014442019,2022-06-22,35,Civil Judge Senior Division  Fast Track Court,21,Chief Judicial Magistrate
BRNL110026462018,2018-12-20,5,A.C.J.M-I Comp Department,11,J.M 1st Class- IV
BRKM010010842021,2021-03-04,1,District and Session Judge,27,ADJ - VII Bhabhua Kaimur Bihar
BRKM020007072021,2022-07-22,26,C J M Division,NA,Mohania CJM Division
BRKM020020262016,2016-06-01,6,"CJM, Kaimur at Bhabhua",17,ACJM 4
BRKM020001762021,2022-07-18,7,C J M Division,NA,Mohania CJM Division
BRKM020020242016,2016-06-01,6,"CJM, Kaimur at Bhabhua",28,ACJM 3
BRKM020020242016,2020-08-14,28,ACJM 3,16,J M 1st Class
BRKM020044042017,2019-06-18,6,"CJM, Kaimur at Bhabhua",24,J M 1st Class
BRKM020026902019,2022-01-22,6,"CJM, Kaimur at Bhabhua",24,J M 1st Class
BRKM020026902019,2022-02-03,24,C J M Division,NA,D J Division
BRKM020001102022,2022-01-17,6,"CJM, Kaimur at Bhabhua",21,J M 1st Class
BRKM020001102022,2022-08-01,21,C J M Division,NA,Mohania CJM Division
BRKM020020272016,2016-06-01,6,"CJM, Kaimur at Bhabhua",17,ACJM 4
BRKM020007202015,2015-03-25,6,"CJM, Kaimur at Bhabhua",15,J M 2nd Class
BRKM020007202015,2020-05-05,15,J M 1st Class,14,J M 1st Class
BRKM020037342017,2019-06-18,6,"CJM, Kaimur at Bhabhua",24,J M 1st Class
BRKM010021062019,2019-06-21,1,District and Session Judge,3,ADJ - 1 Bhabhua Kaimur Bihar
BRKM020043982017,2019-06-18,6,"CJM, Kaimur at Bhabhua",24,J M 1st Class
BRKM010030162016,2016-09-21,1,District and Session Judge,3,ADJ - 1 Bhabhua Kaimur Bihar
BRKM020003522021,2022-07-16,7,C J M Division,NA,Mohania CJM Division
BRKM020002552021,2021-03-27,6,"CJM, Kaimur at Bhabhua",30,ACJM 5
BRKM020033502016,2016-08-27,6,"CJM, Kaimur at Bhabhua",26,ACJM 6
BRKM020033492016,2016-08-27,6,"CJM, Kaimur at Bhabhua",26,ACJM 6
BRKM020020222016,2016-06-01,6,"CJM, Kaimur at Bhabhua",27,ACJM 2
BRKM020010272022,2022-09-15,6,"CJM, Kaimur at Bhabhua",28,ACJM 3
BRKM020035952020,2021-03-27,6,"CJM, Kaimur at Bhabhua",14,J M 1st Class
BRKM020035952020,2022-08-10,14,C J M Division,NA,Mohania CJM Division
BRKM020050012018,2021-02-09,6,"CJM, Kaimur at Bhabhua",25,J M 1st Class
BRKM020044292016,2017-04-06,6,"CJM, Kaimur at Bhabhua",30,ACJM 5
BRKM020033482016,2016-08-27,6,"CJM, Kaimur at Bhabhua",26,ACJM 6
BRKM010027862015,2015-12-05,1,District and Session Judge,24,ADJ - VI Bhabhua Kaimur Bihar
BRKM020020232016,2016-06-01,6,"CJM, Kaimur at Bhabhua",27,ACJM 2
BRKM020033472016,2016-08-27,6,"CJM, Kaimur at Bhabhua",26,ACJM 6
BRKM020034222020,2021-02-27,6,"CJM, Kaimur at Bhabhua",16,J M 1st Class
BRKM020006392021,2022-08-20,6,C J M Division,NA,Mohania CJM Division
BRKM020020252016,2016-06-01,6,"CJM, Kaimur at Bhabhua",28,ACJM 3
BRKT010067062020,2020-11-25,1,District and Sessions Judge,43,ADJ-V
BRKT020065762017,2020-07-08,8,CJM,52,JM 1st Class-V
BRKT010005102021,2021-01-15,1,District and Sessions Judge,43,ADJ-V
BRKT010047012021,2021-07-23,1,District and Sessions Judge,43,ADJ-V
BRKT010039932022,2022-10-22,1,District and Sessions Judge,40,ADJ-IV
BRKT010057422020,2020-10-20,1,District and Sessions Judge,25,ADJ-I
BRKT020079982019,2021-02-19,8,CJM,53,JM 1st Class-IV
BRKT020079982019,2022-11-28,53,C J M Division,NA,D J Division
BRKT010050392022,2022-11-15,1,District and Sessions Judge,43,ADJ-V
BRKT020015662017,2017-03-08,8,CJM,37,JM 1st Class-III
BRKT020069482018,2018-09-22,8,CJM,44,Sub Judge-VI
BRKT020089702017,2018-04-03,8,CJM,43,Sub Judge-V
BRKT020089702017,2019-02-14,43,Sub Judge-V,NA,NA
BRKT020104742017,2020-06-05,8,CJM,52,JM 1st Class-V
BRKT010089072022,2022-12-19,1,District and Sessions Judge,13,ADJ-II
BRKT020098832017,2018-09-24,8,CJM,36,JM 1st Class-IV
BRKT010051572020,2020-09-24,1,District and Sessions Judge,43,ADJ-V
BRKT020069342018,2020-06-18,8,CJM,52,JM 1st Class-V
BRKT010054002021,2021-08-18,1,District and Sessions Judge,43,ADJ-V
BRKT020061772020,2021-01-02,8,CJM,37,JM 1st Class-II
BRKT020027782017,2018-05-09,8,CJM,47,JM 1st Class-I
BRKT010049852021,2021-08-03,1,District and Sessions Judge,43,ADJ-V
BRKT020011592018,2018-08-17,8,CJM,37,JM 1st Class-III
BRKT010049962020,2020-09-18,1,District and Sessions Judge,40,ADJ-IV
BRKT010045022021,2021-07-14,1,District and Sessions Judge,20,ADJ-III
BRKT020069312018,2022-04-06,8,CJM,50,JM 2nd Class-I
BRKT020069312018,2022-05-24,50,JM 2nd Class-I,36,JM 1st Class-I
BRKT020061792020,2021-01-02,8,CJM,23,ACJM-I
BRKT020065972017,2020-08-19,8,CJM,52,JM 1st Class-V
BRKT020104612017,2018-01-02,8,CJM,47,JM 1st Class-I
BRKT010003272021,2021-01-09,1,District and Sessions Judge,43,ADJ-V
BRKT010050602021,2021-08-04,1,District and Sessions Judge,43,ADJ-V
BRKT020089692017,2018-10-09,8,CJM,37,JM 1st Class-III
BRKT020038482018,2020-04-21,8,CJM,52,JM 1st Class-V
BRKT020069462018,2018-09-22,8,CJM,44,Sub Judge-VI
BRKT020069462018,2020-01-21,44,ACJM-V,8,CJM
BRKT010009042022,2022-06-04,1,District and Sessions Judge,17,ADJ-X
BRKT010009042022,2022-08-06,17,ADJ-X,13,ADJ-II
BRKT020069302018,2020-03-23,8,CJM,52,JM 1st Class-V
BRKT010050442020,2020-09-21,1,District and Sessions Judge,40,ADJ-IV
MHCC050059912021,2021-12-04,10,Judge  Additional Sessions Judge,15,Assistant Sessions Judge
BRKT010051552021,2021-08-07,1,District and Sessions Judge,43,ADJ-V
BRKT020098822017,2018-09-02,8,CJM,36,JM 1st Class-IV
BRKT010005932022,2022-04-06,1,District and Sessions Judge,25,ADJ-I
BRKT020078532019,2021-12-14,37,C J M Division,NA,D J Division
BRKT020065782015,2020-02-29,45,ACJM-VI,53,JM 1st Class-IV
BRKT020035202021,2021-11-24,8,C J M Division,NA,D J Division
BRKT010002212021,2021-01-07,1,District and Sessions Judge,40,ADJ-IV
BRKT020040702019,2020-11-05,8,CJM,52,JM 1st Class-V
BRKT020061752020,2021-01-02,8,CJM,37,JM 1st Class-II
BRKT020061752020,2022-01-07,37,C J M Division,NA,D J Division
MHCC050031902020,2021-12-04,10,Judge  Additional Sessions Judge,15,Assistant Sessions Judge
BRKT020065732017,2020-03-28,8,CJM,52,JM 1st Class-V
BRKT020013402020,2021-03-15,8,CJM,53,JM 1st Class-IV
BRKT020013402020,2022-02-04,53,C J M Division,NA,D J Division
BRKT020104682017,2018-01-02,8,CJM,37,JM 1st Class-III
BRKT020061782020,2021-01-02,8,CJM,37,JM 1st Class-II
BRKT020061782020,2022-01-24,37,C J M Division,NA,D J Division
BRKT010079662021,2022-06-10,18,ADJ-XI,21,ADJ-XII
BRKT010079662021,2022-06-10,1,District and Sessions Judge,18,ADJ-XI
BRKT010079662021,2022-06-16,NA,NA,17,ADJ-X
BRKT010079662021,2022-08-11,17,ADJ-X,13,ADJ-II
BRKT020061802020,2021-01-02,8,CJM,23,ACJM-I
BRKT020017482019,2020-05-21,8,CJM,52,JM 1st Class-V
BRKT020078202019,2021-01-22,8,CJM,52,JM 1st Class-V
BRKT020078202019,2021-04-17,52,C J M Division,NA,D J Division
BRKT020064182015,2019-12-20,37,JM 1st Class-II,52,JM 1st Class-V
BRKT010001742022,2022-06-10,1,District and Sessions Judge,17,ADJ-X
BRKT010001742022,2022-08-17,17,ADJ-X,13,ADJ-II
UPJP040328232020,2021-09-01,15,"A.C.J.M-IV, Court No.15",33,Civil Judge S.D./F.T.C.  Court
UPJP050052682018,2020-06-27,11,Civil Judge Senior  Division,NA,Chief Judicial Magistrate
BRKT020011602018,2020-09-28,8,CJM,52,JM 1st Class-V
BRKT020038972019,2021-04-08,8,CJM,47,JM 1st Class-III
BRKT020038972019,2020-03-07,47,C J M Division,NA,D J Division
BRKT020098812017,2020-03-27,8,CJM,52,JM 1st Class-V
UPJP040099182021,2021-07-10,17,Judicial Magistrate First,11,Chief Judicial Magistrate
BRKT020039172019,2022-04-02,8,CJM,50,JM 2nd Class-I
BRKT020039172019,2022-05-25,50,JM 2nd Class-I,36,JM 1st Class-I
BRKT020008832019,2020-03-12,8,CJM,52,JM 1st Class-V
BRKT020011582018,2020-06-05,8,CJM,44,ACJM-V
BRKT010022622020,2020-03-16,1,District and Sessions Judge,25,ADJ-I
BRKT020104752017,2018-01-02,8,CJM,47,JM 1st Class-I
BRKT020104692017,2018-01-02,8,CJM,37,JM 1st Class-III
BRKT020013492020,2021-03-05,8,CJM,52,JM 1st Class-V
BRKT020013492020,2022-07-26,52,C J M Division,NA,D J Division
BRKT020083912018,2021-12-23,23,ACJM-I,50,JM 2nd Class-I
BRKT020083912018,2022-05-21,50,JM 2nd Class-I,36,JM 1st Class-I
BRKT020069432018,2022-04-04,8,CJM,50,JM 2nd Class-I
BRKT020069432018,2022-05-27,50,JM 2nd Class-I,36,JM 1st Class-I
BRKT020069442018,2020-07-08,8,CJM,52,JM 1st Class-V
BRKT020065772017,2020-05-21,8,CJM,52,JM 1st Class-V
UPJP040090802021,2021-07-10,13,"A.C.J.M-II, Court No.13",11,Chief Judicial Magistrate
BRKT020069472018,2018-09-22,8,CJM,44,Sub Judge-VI
UPJP040095972020,2021-04-13,34,Addl. Civil Judge (J.D.)-II,33,Civil Judge S.D./F.T.C.  Court
BRKT020038442018,2019-01-27,8,CJM,37,JM 1st Class-III
BRKT020104762017,2018-01-02,8,CJM,47,JM 1st Class-I
BRKT020065962017,2020-03-17,8,CJM,52,JM 1st Class-V
BRKT020000652020,2021-03-05,8,CJM,52,JM 1st Class-V
BRKT020065722017,2020-02-15,8,CJM,52,JM 1st Class-V
BRKT020038432018,2020-06-16,8,CJM,52,JM 1st Class-V
BRKT020069452018,2018-09-22,8,CJM,44,Sub Judge-VI
BRKT020069452018,2020-01-21,44,ACJM-V,8,CJM
BRKT020069452018,2020-06-26,52,JM 1st Class-V,8,CJM
BRKT020069452018,2020-06-26,8,CJM,52,JM 1st Class-V
UPJP040091682021,2021-07-10,18,Judicial Magistrate Second,11,Chief Judicial Magistrate
BRKT020065742017,2020-03-17,8,CJM,52,JM 1st Class-V
UPJP040052882016,2018-06-05,13,Chief Judicial Magistrate,NA,Civil Judge Senior Division
UPJP040090822021,2021-07-10,13,"A.C.J.M-II, Court No.13",11,Chief Judicial Magistrate
BRAU010057272016,2019-05-22,3,ADJ-I-cum special judge SC/ST and NDPS,39,Adj-XII
BRAU010057272016,2019-11-22,39,Adj-XII,24,ADJ-V-Exclusive Judge Special Excise Court-I
BRAU010057272016,2022-04-23,24,A.D.J-cum-Exclusive Judge Special Excise Court-I,43,Incharge Court ADJ-V
BRAU010057272016,2022-09-14,43,Incharge Court ADJ-V,42,ADJ XV cum Special Judge Human Trafficking Act
UPET050036052017,2018-05-23,20,Civil Judge Senior Division,NA,Chief Judicial Magistrate
MHGO040000892015,2015-02-04,1,"Civil Judge, Junior Division, &amp; J.M.F.C., Amgaon",2,"JtCivil Judge, Junior Division, & J.M.F.C., Amgaon"
MHGO040000892015,2022-06-07,2,"JtCivil Judge, Junior Division, &amp; J.M.F.C., Amgaon",9,"nd Joint Civil Judge, Jr. Dn. and J.M.F.C. Amgaon"
MHGO040000892015,2023-01-11,9,"nd Joint Civil Judge, Jr. Dn. and J.M.F.C. Amgaon",2,"JtCivil Judge, Junior Division, & J.M.F.C., Amgaon"
MHGO030010242017,2017-04-17,19,Chief Judicial Magistrate Gondia,6,nd Jt.Civil Judge Jr.Dn.  J.M.F.C.Gondiya.
MHBH030000042017,2019-12-05,5,nd Jt. Civil Judge Jr. Dn.  J.M.F.C. Bhandara.,4,Jt. Civil Judge Jr. Dn.  J.M.F.C. Bhandara.
MHBU170008222015,2022-08-01,1,"Civil Judge Jr.Dn. and JMFC, Lonar",2,Jt.CJJD and  JMFC Lonar
MHBU170008212015,2017-01-10,2,Jt.Civil Judge Jr.Dn. and JMFC,1,"Civil Judge Jr.Dn. and JMFC, Lonar"
MHBU170008212015,2017-01-10,1,"Civil Judge Jr.Dn. and JMFC, Lonar",2,Jt.Civil Judge Jr.Dn. and JMFC
MHBU170008212015,2022-08-01,1,"Civil Judge Jr.Dn. and JMFC, Lonar",2,Jt.CJJD and  JMFC Lonar
MHBU030015442016,2018-12-19,NA,NA,18,J.M.F.C. I Buldana
MHBU030015442016,2020-07-03,18,J.M.F.C. I Buldana,4,J.M.F.C. II Buldana.
MHNS230008462016,2018-06-04,NA,NA,2,CIVIL JUDGE J.D. AND JMFC
MHNS050028762018,2022-12-26,NA,NA,2,nd JT CIVIL JUDGE J.D. AND JMFC
MHNS030069122015,2017-11-18,6,III Jt.CIVIL JUDGE JUNIOR DIVISION  JMFC,8,JOINT CIVIL JUDGE JUNIOR DIVISION  JMFC
MHNS050020682019,2022-12-26,NA,NA,3,CIVIL JUDGE J.D. AND JMFC
MHNS010000292017,2017-09-28,52,"AD-HOC DISTRICT JUDGE-3 AND ASSTT. SESSIONS JUDGE, NASHIK",19,DISTRICT JUDGE-9 AND ASSITT SESSJUDGE
MHNS030043512015,2017-11-18,6,III Jt.CIVIL JUDGE JUNIOR DIVISION  JMFC,8,JOINT CIVIL JUDGE JUNIOR DIVISION  JMFC
MHNS030008742015,2016-06-06,18,VIII Jt. CIVIL JUDGE JUNIOR DIVN   JMFC,19,IX JOINT CIVIL JUDGE JUNIOR DIVISION  JMFC
MHNS030008742015,2016-06-07,6,II JOINT CIVIL JUDGE JUNIOR DIVISION  JMFC,18,VIII Jt. CIVIL JUDGE JUNIOR DIVN   JMFC
MHNS030008742015,2017-01-16,19,VIII Jt. CIVIL JUDGE JUNIOR DIVN   JMFC,10,X JOINT CIVIL JUDGE J.D.  JMFC
MHNS030008742015,2017-09-29,10,X JOINT CIVIL JUDGE J.D.  JMFC,9,IX JOINT CIVIL JUDGE JUNIOR DIVISION  JMFC
MHNS030008742015,2017-11-14,9,X JOINT CIVIL JUDGE J.D.  JMFC,8,JOINT CIVIL JUDGE JUNIOR DIVISION  JMFC
MHNS030005182016,2016-07-02,16,VII JOINT CIVIL JUDGE JUNIOR DIVISION  JMFC,20,IX JOINT CIVIL JUDGE JUNIOR DIVISION  JMFC
MHNS030005182016,2017-11-14,20,VIII Jt. CIVIL JUDGE JUNIOR DIVN   JMFC,8,JOINT CIVIL JUDGE JUNIOR DIVISION  JMFC
MHCH030015142015,2018-06-04,19,th Jt.Civil Judge J.D. Chandrapur.,15,Jt.Civil Judge J.D.  JMFC Chandrapur
MHCH030015142015,2019-01-29,15,nd Jt.Civil Judge Jr.Dn.  JMFC Chandrapur,16,rd Jt.Civil Judge J.D.  JMFC Chandrapur
MHCH030015142015,2019-06-03,16,rd Jt.Civil Judge J.D.  JMFC Chandrapur,13,Jt.Civil Judge J.D.  JMFC Chandrapur
MHCH030015142015,2022-02-28,13,Jt.Civil Judge J.D.  JMFC Chandrapur,38,th Jt.Civil Judge Jr.Dn.JMFC Chandrapur.
MHST150002332016,2016-08-01,3,rd  Jt. C.J.J.D. and  J.M.F.C. Vaduj,7,th Jt.C.J.J.D and J.M.F.C.Vaduj
MHST150002332016,2017-09-01,NA,NA,2,nd Jt. C.J.J.D. and J.M.F.C. VADUJ
MHST150002332016,2019-06-10,2,nd Jt. C.J.J.D. and J.M.F.C. VADUJ,1,Jt. C.J.J.D and  J.M.F.C. Vaduj
MHST070037292018,2019-06-03,5,th Jt. Civil Judge J.D.  J.M.F.C. Karad,7,th Jt. Civil Judge J.D  J.M.F.C. Karad.
MHST070037292018,2019-06-03,7,th Jt. Civil Judge J.D  J.M.F.C. Karad.,3,rd Jt. Civil Judge J.D.  J.M.F.C.Karad.
MHST070037292018,2019-11-11,3,rd Jt. Civil Judge J.D.  J.M.F.C.Karad.,2,nd Jt. Civil  Judge J.D.  J.M.F.C. Karad
MHST070037292018,2022-06-06,7,Vacant Court,4,th Jt. Civil Judge J.D. J.M.F.C. Karad.
MHST070037292018,2022-06-06,2,nd Jt. Civil  Judge J.D.  J.M.F.C. Karad,7,Vacant Court
MHAH030007942017,2018-08-06,NA,NA,39,th Jt.Civil Judge J.D. and J.M.F.C.
MHAH030007942017,2019-11-01,39,th Jt.Civil Judge J.D. and J.M.F.C.,43,nd Jt.Civil Judge J.D. and J.M.F.C.
MHJG060023222015,2015-10-23,NA,NA,8,"Principal Magistrate, Juvenile Justice Board Jalgaon"
MHJG060023222015,2015-10-23,8,"Principal Magistrate, Juvenile Justice Board Jalgaon",2,"Jt Civil Judge JD and JMFC, Jalgaon"
MHMM160050752015,2021-03-03,5,Metropolitan Magistrate Court 72,2,Metropolitan Magistrate Court 34
MHMM150051752018,2019-03-20,29,"Metropolitan Magistrate,  29th Court",62,Metropolitan Magistrate 62th Court
MHMM150013282016,2019-02-13,29,"Metropolitan Magistrate,  29th Court",62,Metropolitan Magistrate 62th Court
BRAU020000182020,2022-03-24,10,CJM,26,ACJM-II
BRAU020000182020,2022-10-06,26,ACJM-II,41,JM 1st Class
BRAU020036012017,2019-02-20,10,CJM,34,JM-2nd Class
BRAU020036012017,2020-01-18,34,JM 1st Class,37,JM 1st Class
BRAU020036012017,2022-04-08,37,JM 1st Class,27,ACJM-III
BRAU020013262017,2017-04-27,10,CJM,31,ACJM-VII
BRAU020013262017,2019-07-23,31,ACJM-VII,10,CJM
BRAU020027212016,2019-02-20,10,CJM,34,JM-2nd Class
BRAU020027212016,2020-02-12,34,JM 1st Class,35,JM 1st Class
BRAU020027212016,2021-11-18,35,JM 1st Class,38,JM 1st Class
UPET120009162016,2021-05-12,1,Civil Judge Junior Division - Jalesar - Etah,NA,Civil Judge Senior Division - Jaleshar - Etah
UPET040006222015,2016-07-02,27,Chief Judicial Magistrate,NA,Civil Judge Junior Division
UPET110047282021,2022-07-13,1,Civil Judge Senior Division - Jalesar - Etah,NA,Civil Judge Junior Division - Jalesar - Etah
UPET060027362016,2017-08-08,27,Civil Judge Junior Division,NA,Civil Judge Senior Division
UPSB040030302015,2022-01-10,8,Addl. Chief Judicial Magistrate,6,Chief Judicial Magistrate
UPSB040030342015,2022-01-10,8,Addl. Chief Judicial Magistrate,6,Chief Judicial Magistrate
UPSB040030332015,2022-01-10,8,Addl. Chief Judicial Magistrate,6,Chief Judicial Magistrate
UPMP010060582017,2017-12-22,1,District &amp; Session Judge,4,Adj III
UPMP010060582017,2022-01-24,4,Adj III,2,ADJ I
UPMP040045392018,2020-10-24,13,C.J.M.,26,Civil Judge Jr Div/JM
UPMP040045392018,2020-10-24,26,Civil Judge Jr Div/JM,13,C.J.M.
UPMP040021802018,2020-10-24,13,C.J.M.,26,Civil Judge Jr Div/JM
UPMP040021802018,2020-10-24,26,Civil Judge Jr Div/JM,13,C.J.M.
UPMP040021792018,2020-10-24,13,C.J.M.,26,Civil Judge Jr Div/JM
UPMP040021792018,2020-10-24,26,Civil Judge Jr Div/JM,13,C.J.M.
UPMP040137172016,2017-12-08,13,Chief Judicial Magistrate,NA,District Session Judge
UPMP010004532018,2018-02-15,1,District &amp; Session Judge,27,Adj F.T.C.I
UPMP040021812018,2020-10-24,13,C.J.M.,26,Civil Judge Jr Div/JM
UPMP040021812018,2020-10-24,26,Civil Judge Jr Div/JM,13,C.J.M.
UPMP040095522019,2022-11-04,13,C.J.M.,30,J.M.Ist class-cum-Addl.Munsif I
UPAL040287872015,NA,24,Chief Judicial Magistrate,NA,NA
UPAL010065052021,2021-07-12,1,District judge,16,Special Judge (E.C. Act.)
UPAL010065362021,2021-07-12,1,District judge,16,Special Judge (E.C. Act.)
UPAL010065022021,2021-07-12,1,District judge,16,Special Judge (E.C. Act.)
UPAL010097072021,2021-09-22,1,District judge,56,Addl. Distt. and Sess. Judge/Spl. Judge (POCSO) Act-2012
UPAL010097062021,2021-09-22,1,District judge,56,Addl. Distt. and Sess. Judge/Spl. Judge (POCSO) Act-2012
UPAL010068892021,2021-07-22,1,District judge,16,Special Judge (E.C. Act.)
UPAL010065012021,2021-07-12,1,District judge,16,Special Judge (E.C. Act.)
BRAU020027182016,2019-04-02,10,CJM,34,JM-2nd Class
BRAU020027182016,2020-01-18,34,JM 1st Class,35,JM 1st Class
BRAU020027182016,2022-10-14,35,JM 1st Class,41,JM 1st Class
BRAU020009952020,2022-07-13,10,CJM,43,JM 1st Class
BRAU020032502017,2017-11-18,10,CJM,31,ACJM-VII
BRAU020032502017,2019-03-13,31,ACJM-VII,32,ACJM-VIII
BRAU020032502017,2019-06-29,32,ACJM-VIII,14,Incharge -SDJM
BRAU020032502017,2020-01-31,14,Incharge -SDJM,26,ACJM-II
BRAU020032502017,2021-02-25,26,ACJM-II,28,ACJM-IV
BRAU020032502017,2022-01-05,28,ACJM-IV,30,ACJM-VI
BRAU020032502017,2022-04-08,30,ACJM-VI,27,ACJM-III
BRAU020006292019,2022-04-04,10,CJM,31,ACJM-VII
BRAU010003722019,2019-01-23,1,District And Sessions Judge,32,FTC-VI
BRAU010003722019,2021-06-22,32,FTC-VI,22,ADJ-VII
BRAU020002432015,2015-06-29,19,JM 1st Class,24,JM 1st Class
BRAU020002432015,2015-09-23,24,JM 1st Class,28,ACJM-IV
BRAU020002432015,2017-11-30,28,ACJM-IV,26,ACJM-II
BRAU020002432015,2019-08-29,26,ACJM-II,34,JM-2nd Class
BRAU020002432015,2020-02-11,34,JM 1st Class,35,JM 1st Class
BRAU020002432015,2022-06-07,35,JM 1st Class,41,JM 1st Class
UPAL010065092021,2021-07-12,1,District judge,16,Special Judge (E.C. Act.)
UPAL010065042021,2021-07-12,1,District judge,16,Special Judge (E.C. Act.)
UPVR040237152017,2017-07-19,21,C.J.M.,40,A.C.J.M.-10
UPVR040237152017,2017-08-04,40,A.C.J.M.-10,21,C.J.M.
UPVR010080152019,2019-09-13,1,District &amp; Session Judge,3,Spl. Judge(SC/ST) Act
UPVR040306542021,2021-12-16,46,J.M.3,59,A.Cl.J.(JD) - 9
UPVR040122122021,2022-05-20,21,C.J.M.,23,Spl.C.J.M.
UPVR040557042015,2021-10-04,30,A.C.J.M.-4,61,A.Cl.J.(JD)-11
UPMA010014282017,2017-04-15,1,District and Sessions Judge,13,Adj F.T.C.I
UPMA040011422020,2022-07-01,5,Chief Judicial Magistrate,13,Spl. Judicial Magistrate
UPMA040011462020,2022-07-01,5,Chief Judicial Magistrate,13,Spl. Judicial Magistrate
BRAU020001142018,2018-01-13,NA,NA,31,ACJM-VII
BRAU020025682017,2018-09-25,10,CJM,30,ACJM-VI
BRAU020025682017,2019-03-15,30,ACJM-VI,14,Incharge -SDJM
BRAU020025682017,2020-01-17,14,Incharge -SDJM,26,ACJM-II
BRAU020025682017,2021-02-22,26,ACJM-II,28,ACJM-IV
BRAU020025682017,2021-11-01,28,ACJM-IV,30,ACJM-VI
BRAU020025682017,2022-11-15,30,ACJM-VI,40,JM 1st Class
BRAU020027172016,2019-04-02,10,CJM,34,JM-2nd Class
BRAU020027172016,2020-01-18,34,JM 1st Class,37,JM 1st Class
BRAU020027172016,2020-02-11,37,JM 1st Class,35,JM 1st Class
BRAU020027172016,2021-11-18,35,JM 1st Class,42,JM 1st Class
BRAU020021332017,2018-04-24,10,C J M Division,NA,D J Division
BRDA020030962018,2021-01-28,4,C.J.M.,7,S.D.J.M.
MHMM230003392018,2018-02-14,2,Metropolitan Magistrate  53rd Court,1,Metropolitan Magistrate 27th Court
MHMM120090952015,2016-10-06,7,"Metropolitan Magistrate, 25th Court",3,"Metropolitan Magistrate, 6th Court"
MHMM190178392019,2022-02-11,66,Metropolitan Magistrate 66th Court,44,"Metropolitan Magistrate, 44th Court"
MHMM190128672016,2017-09-20,1,"Metropolitan Magistrate, Railway Court",44,"Metropolitan Magistrate, 44th Court"
BRAU020025462019,2019-10-24,10,CJM,27,ACJM-III
BRAU020025462019,2019-11-21,27,C J M Division,NA,D J Division
BRAU020036022017,2019-02-20,10,CJM,34,JM-2nd Class
BRAU020036022017,2020-02-15,34,JM 1st Class,37,JM 1st Class
BRAU020036022017,2022-04-08,37,JM 1st Class,27,ACJM-III
BRAU020004682020,2022-06-17,10,CJM,40,JM 1st Class
BRAU020026542017,2017-09-14,10,CJM,26,ACJM-II
BRAU020026542017,2019-08-08,26,ACJM-II,34,JM-2nd Class
BRAU020026542017,2019-12-11,34,JM 1st Class,27,ACJM-III
BRAU020026542017,2022-01-06,27,ACJM-III,26,ACJM-II
BRAU020026542017,2022-10-14,26,ACJM-II,43,JM 1st Class
BRAU020017652019,2022-02-14,10,CJM,26,ACJM-II
BRAU020017652019,2022-11-04,26,ACJM-II,41,JM 1st Class
BRSO020000592019,2019-12-23,1,CJM cum Sub-Judge II,7,Sub-Judge IV cum ACJM -II
BRSO020000592019,2022-02-25,7,Sub-Judge IV cum ACJM -II,3,S.D.J.M.
BRSO010012032021,2021-06-09,1,District and Sessions Judge,3,ADJ-I
BRSO020007702019,2019-12-23,1,CJM cum Sub-Judge II,7,Sub-Judge IV cum ACJM -II
BRSO020007702019,2022-02-23,7,Sub-Judge IV cum ACJM -II,1,CJM cum Sub-Judge II
BRDA020015132017,2019-04-24,4,CJM,27,ACJM-IV-cum-SUB-JUDGE-IV
BRDA020015132017,2019-12-12,27,ACJM-IV-cum-SUB-JUDGE-IV,4,CJM
UPBR010228072018,2021-08-04,54,Additional District and Sessions Judge Special Judge(POCSO Act),55,Additional District and Sessions Judge (POCSO Act) Court No 1
BRAU020033782017,2018-03-22,10,CJM,32,ACJM-VIII
BRAU020033782017,2019-08-09,32,ACJM-VIII,14,Incharge -SDJM
BRAU020033782017,2020-01-31,14,Incharge -SDJM,26,ACJM-II
BRAU020033782017,2022-11-24,26,ACJM-II,38,JM 1st Class
BRAU010020462018,2018-04-24,1,District And Sessions Judge,22,Adj-II
BRAU010020462018,2020-11-26,22,ADJ-VII,23,ADJ-III cum special judge MP.s/MLA case
MHCC020057362015,2015-04-20,39,COURT 39 ADDL SESSIONS JUDGE,24,COURT 24 ADDL SESSIONS JUDGE
MHCC020169112015,2016-06-06,7,COURT 7 ADDL SESSIONS JUDGE,30,COURT 30  SESSIONS JUDGE
MHCC020169112015,2017-10-30,30,COURT 30  SESSIONS JUDGE,10,COURT 10 ADDL SESSIONS JUDGE
BRAU010035222019,2019-07-25,1,District And Sessions Judge,33,FTC-VI
BRAU010035222019,2020-08-31,33,FTC-VI,42,ADJ XV cum Special Judge Human Trafficking Act
BRAU010035222019,2020-10-09,42,ADJ XV cum Special Judge Human Trafficking Act,33,FTC-VII
BRAU010035222019,2021-06-04,33,FTC-VII,37,ADJ-X
BRAU020034252015,2019-08-08,26,ACJM-II,34,JM-2nd Class
BRAU020034252015,2019-12-11,34,JM 1st Class,27,ACJM-III
BRAU020034252015,2022-01-06,27,ACJM-III,26,ACJM-II
BRAU020034252015,2022-11-02,26,ACJM-II,39,JM 1st Class
BRAU020035182014,2019-07-11,10,CJM,36,JM 1st Class
BRAU020035182014,2022-06-27,36,JM 1st Class,31,ACJM-VII
MHCC020170592015,2015-12-07,25,COURT 25  ADDL SESSIONS JUDGE,15,COURT 15 ADDL SESSIONS JUDGE
BRAU020000632017,2017-01-05,10,CJM,29,ACJM-V
BRAU020000632017,2019-06-07,29,ACJM-V,36,JM 1st Class
BRAU020000632017,2021-11-22,36,JM 1st Class,40,JM 1st Class
BRAU020031252015,2019-05-04,10,CJM,34,JM-2nd Class
BRAU020031252015,2020-02-08,34,JM 1st Class,36,JM 1st Class
BRAU020031252015,2022-05-30,36,JM 1st Class,31,ACJM-VII
BRDA020031472018,2020-12-05,4,C.J.M.,7,S.D.J.M.
BRDA020031482018,2020-09-29,4,C.J.M.,7,S.D.J.M.
BRDA020028292018,2018-06-19,NA,NA,4,CJM
BRDA020037292022,2023-01-05,4,C.J.M.,13,J.M.Ist class
BRDA020030992018,2021-01-16,4,C.J.M.,11,J.M.Ist class
BRDA020003652019,2020-03-30,7,S.D.J.M.,36,J.M.Ist class
BRDA020003652019,2020-05-22,36,J.M.Ist class,37,J.M.Ist class
BRDA020003652019,2020-10-21,37,J.M.Ist class,15,J.M.Ist class
BRDA020003652019,2021-03-04,15,J.M.Ist class,37,J.M.Ist class
BRDA020006442022,2022-04-26,37,J.M.Ist class,7,S.D.J.M.
BRDA020030972018,2021-01-20,4,C.J.M.,14,J.M.Ist class
MHCC030002952015,2015-05-25,58,"FAST TRACK SESSIONS COURT, SEWREE, MUMBAI",NA,city criminal court
BRDA020069832017,2018-06-04,4,CJM,33,ACJM - IX
BRDA020069832017,2019-04-25,33,ACJM - IX,14,JM 2nd Class
BRDA020069832017,2022-10-11,14,J.M.Ist class,13,J.M.Ist class
BRDA020047272019,2020-04-15,7,S.D.J.M.,37,J.M.Ist class
BRDA020051962016,2017-02-11,NA,NA,37,JM 2nd Class
BRDA010010352016,2016-03-14,1,District &amp; Sessions Judge,2,ADJ I
BRDA020057892014,2017-11-30,35,J.M.Ist class,32,ACJM - VIII
BRDA020031012018,2021-01-28,4,C.J.M.,7,S.D.J.M.
BRDA020030132016,2016-06-01,4,C.J.M.,26,ACJM-III-cum-SUB-JUDGE-III
BRDA020030132016,2018-06-01,26,ACJM - V,30,ACJM - III
BRDA020030132016,2019-12-01,30,ACJM - III,26,ACJM - V
BRDA020030102016,2016-06-01,4,C.J.M.,26,ACJM-III-cum-SUB-JUDGE-III
BRDA020030102016,2018-06-01,26,ACJM - V,30,ACJM - III
BRDA020030102016,2018-07-02,30,ACJM - III,26,ACJM - V
BRDA020031002018,2021-01-20,4,C.J.M.,14,J.M.Ist class
BRDA020031002018,2022-10-11,14,J.M.Ist class,42,J.M.Ist class
BRDA020052022016,2017-03-21,NA,NA,37,J.M.Ist class
BRDA020052042016,2016-12-22,NA,NA,28,ACJM-V-cum-SUB-JUDGE-V
BRDA020052042016,2018-06-01,28,ACJM - VI,26,ACJM - V
BRDA020031452018,2021-01-19,4,C.J.M.,7,S.D.J.M.
BRDA020013892017,2017-07-03,4,C.J.M.,35,J.M.Ist class
BRDA020013892017,2017-11-18,35,J.M.Ist class,29,J.M Ist class-cum-Munsif II
BRDA020013892017,2018-01-12,29,J.M Ist class-cum-Munsif II,33,ACJM - IX
BRDA020041172017,2017-09-07,4,C.J.M.,35,J.M.Ist class
BRDA020041172017,2017-11-17,35,J.M.Ist class,33,ACJM - IX
BRDA020020412018,2019-02-19,4,CJM,7,S.D.J.M.
BRDA020020412018,2020-02-12,7,S.D.J.M.,16,J.M.Ist class
BRDA020055402016,2017-06-16,4,C.J.M.,36,J.M.Ist class
BRDA020055402016,2020-09-18,36,J.M.Ist class,12,J.M.Ist class
BRDA020055402016,2023-01-11,12,J.M.Ist class,42,J.M.Ist class
BRDA020050402015,2017-08-03,4,C.J.M.,16,J.M.Ist class
BRDA020050402015,2017-12-15,16,J.M.Ist class,4,C.J.M.
BRDA020050402015,2018-04-22,4,CJM,17,ACJM - I
BRDA020070052015,2018-06-01,28,ACJM - VI,26,ACJM - V
BRDA020070052015,2018-08-06,26,ACJM - V,37,J.M.Ist class
BRDA020047502017,2017-09-06,4,C.J.M.,37,J.M.Ist class
BRDA020042182017,2017-10-31,4,C.J.M.,35,J.M.Ist class
BRDA020042182017,2017-11-07,35,J.M.Ist class,33,ACJM - IX
BRDA020042182017,2018-09-25,33,ACJM - IX,28,ACJM - VI
BRDA020042182017,2019-10-24,28,ACJM - VI,33,ACJM - IX
BRDA020073232019,2019-12-28,4,CJM,7,S.D.J.M.
BRDA020073232019,2020-03-30,7,S.D.J.M.,36,J.M.Ist class
BRDA020073232019,2020-05-27,36,J.M.Ist class,37,J.M.Ist class
BRDA020074952016,2019-08-07,7,S.D.J.M.,37,J.M.Ist class
BRDA210011272017,2021-12-13,1,Addl. Chief Judicial Magistrate -I,8,Judicial Magistrate 2nd Class-II
BRDA210011272017,2022-02-19,8,Judicial Magistrate 2nd Class-II,1,Addl. Chief Judicial Magistrate -I
BRDA020068742015,2017-03-23,27,ACJM-IV-cum-SUB-JUDGE-IV,35,J.M.Ist class
BRDA020068742015,2017-11-13,35,J.M.Ist class,7,S.D.J.M.
BRDA020068742015,2020-01-21,7,S.D.J.M.,13,J.M.Ist class
BRDA020060162017,2018-05-26,4,CJM,33,ACJM - IX
BRDA020060162017,2019-04-25,33,ACJM - IX,14,JM 2nd Class
BRDA020060162017,2022-08-22,14,J.M.Ist class,41,J.M.Ist class
BRDA020070302015,2017-03-21,NA,NA,37,J.M.Ist class
BRDA020070302015,2017-04-12,37,J.M.Ist class,35,J.M.Ist class
BRDA020070302015,2018-11-06,NA,NA,26,ACJM - V
BRDA020070302015,2019-04-18,26,ACJM - V,15,JM 2nd Class
BRDA020034602018,2019-07-29,4,CJM,37,J.M.Ist class
BRDA020005052018,2018-10-11,7,S.D.J.M.,4,CJM
BRDA020005052018,2022-05-26,4,C.J.M.,40,JM 2nd Class
BRDA020005052018,2022-08-23,40,JM 2nd Class,36,J.M.Ist class
BRDA020070312015,2017-03-21,NA,NA,37,J.M.Ist class
BRDA020075052016,2019-06-29,7,S.D.J.M.,37,J.M.Ist class
UPAG040173752018,2019-06-01,NA,NA,31,Addl. Chief Judicial Magistrate Court No. 8
UPAG040173752018,2020-01-04,31,Addl. Chief Judicial Magistrate Court No. 8,33,Addl. Chief Judicial Magistrate Court No. 7
UPAG040173752018,2020-01-18,33,Addl. Chief Judicial Magistrate Court No. 7,69,Judicial Magistrate - I
UPAG040173752018,2021-07-02,69,Judicial Magistrate - I,36,Addl. Chief Judicial Magistrate Court No. 3
UPAG040173752018,2021-07-10,36,Addl. Chief Judicial Magistrate Court No. 3,24,Chief Judicial Magistrate
UPRP040019172020,2020-11-28,9,C.J.M.,11,A.C.J.M. I
UPRP040049272018,2022-12-03,9,C.J.M.,13,A.C.J.M. II
UPGZ010069062021,2021-04-14,1,District &amp; Session Judge,77,ADJ/Special Judge POCSO
UPGZ010162142022,2022-08-17,1,District &amp; Session Judge,16,Spl. Judge SC/ST Act
UPBU040137092017,2018-03-14,30,J.M. Ist,23,A.C.J.M. Court No.2
UPBU040137092017,2019-07-24,23,A.C.J.M. Court No.2,30,J.M. Ist
UPBU040137092017,2022-12-13,30,J.M. Ist,39,Addl Civil Judge (JD) Court No.7
UPBU040137092017,2022-12-15,39,Addl Civil Judge (JD) Court No.7,30,J.M. Ist
UPBU040043882016,2018-03-12,30,J.M. Ist,23,A.C.J.M. Court No.2
UPBU040043882016,2019-10-05,23,A.C.J.M. Court No.2,30,J.M. Ist
UPBU040043882016,2022-12-13,30,J.M. Ist,39,Addl Civil Judge (JD) Court No.7
UPBU040043882016,2022-12-15,39,Addl Civil Judge (JD) Court No.7,30,J.M. Ist
UPBU040159292018,2019-11-29,23,A.C.J.M. Court No.2,30,J.M. Ist
UPBU040159292018,2022-12-13,30,J.M. Ist,39,Addl Civil Judge (JD) Court No.7
UPBU040043892016,2018-03-14,30,J.M. Ist,23,A.C.J.M. Court No.2
UPBU040043892016,2019-11-28,23,A.C.J.M. Court No.2,30,J.M. Ist
UPBU040043892016,2022-12-13,30,J.M. Ist,39,Addl Civil Judge (JD) Court No.7
UPBU040140752017,2018-03-14,30,J.M. Ist,23,A.C.J.M. Court No.2
UPBU040140752017,2019-07-24,23,A.C.J.M. Court No.2,30,J.M. Ist
UPBU040140752017,2022-12-15,30,J.M. Ist,33,Addl. Civil Judge (JD) Court No.3
UPBU040140752017,2022-12-15,33,Addl. Civil Judge (JD) Court No.3,30,J.M. Ist
UPBU040043952016,2022-12-13,30,J.M. Ist,39,Addl Civil Judge (JD) Court No.7
UPBU040159822018,2019-07-24,23,A.C.J.M. Court No.2,30,J.M. Ist
UPBU040159822018,2022-12-13,30,J.M. Ist,39,Addl Civil Judge (JD) Court No.7
UPBU040159822018,2022-12-15,39,Addl Civil Judge (JD) Court No.7,30,J.M. Ist
UPBU040159862018,2019-07-24,23,A.C.J.M. Court No.2,30,J.M. Ist
UPBU040159862018,2022-12-13,30,J.M. Ist,39,Addl Civil Judge (JD) Court No.7
UPBU040159862018,2022-12-15,39,Addl Civil Judge (JD) Court No.7,30,J.M. Ist
UPBU040159832018,2019-07-24,23,A.C.J.M. Court No.2,30,J.M. Ist
UPBU040159522018,2019-10-05,23,A.C.J.M. Court No.2,30,J.M. Ist
UPBU040159522018,2022-12-13,30,J.M. Ist,39,Addl Civil Judge (JD) Court No.7
UPBU040159522018,2022-12-15,39,Addl Civil Judge (JD) Court No.7,30,J.M. Ist
UPBU040159842018,2019-07-24,23,A.C.J.M. Court No.2,30,J.M. Ist
UPBU040159842018,2022-12-13,30,J.M. Ist,39,Addl Civil Judge (JD) Court No.7
UPBU040159842018,2022-12-15,39,Addl Civil Judge (JD) Court No.7,30,J.M. Ist
UPBU040109192016,2022-12-13,30,J.M. Ist,39,Addl Civil Judge (JD) Court No.7
UPBU040142562019,2022-12-13,30,J.M. Ist,39,Addl Civil Judge (JD) Court No.7
UPBU040142562019,2022-12-15,39,Addl Civil Judge (JD) Court No.7,30,J.M. Ist
UPBU040159882018,2019-07-24,23,A.C.J.M. Court No.2,30,J.M. Ist
UPBU040159882018,2022-12-13,30,J.M. Ist,39,Addl Civil Judge (JD) Court No.7
UPBU040159882018,2022-12-15,39,Addl Civil Judge (JD) Court No.7,30,J.M. Ist
UPBU040007662015,2018-03-14,30,J.M. Ist,23,A.C.J.M. Court No.2
UPBU040007662015,2019-11-13,23,A.C.J.M. Court No.2,30,J.M. Ist
UPBU040007662015,2022-12-14,30,J.M. Ist,42,Addl Civil Judge (JD) Court No.9
UPBU040137122017,2018-03-14,30,J.M. Ist,23,A.C.J.M. Court No.2
UPBU040137122017,2019-07-24,23,A.C.J.M. Court No.2,30,J.M. Ist
UPBU040142522019,2022-12-13,30,J.M. Ist,39,Addl Civil Judge (JD) Court No.7
UPBU040142522019,2022-12-15,39,Addl Civil Judge (JD) Court No.7,30,J.M. Ist
UPBU040159782018,2019-07-24,23,A.C.J.M. Court No.2,30,J.M. Ist
UPBU040159782018,2022-12-13,30,J.M. Ist,39,Addl Civil Judge (JD) Court No.7
UPBU040159782018,2022-12-15,39,Addl Civil Judge (JD) Court No.7,30,J.M. Ist
UPBU040159872018,2019-07-24,23,A.C.J.M. Court No.2,30,J.M. Ist
UPBU040159872018,2022-12-13,30,J.M. Ist,39,Addl Civil Judge (JD) Court No.7
MHTH090001022019,2021-10-01,10,th Jt.C.J.J.D. J.M.F.C.Kalyan,2,th Jt.C.J.J.D. J.M.F.C.Kalyan
MHTH250005772022,2022-09-26,12,th Jt. Civil Judge J.D. and J.M.F.C. Vasai,3,th Jt.Civil Judge J.D.  J.M.F.C. Vasai
MHTH170005222016,2018-06-04,1,Joint Civil Judge S.D. and  A.C.J.M. Palghar,14,V Jt. Civil Judge J.D. and J.M.F.C. Palghar
MHTH170005222016,2022-12-19,14,II JOINT CIVIL JUDGE J. D.  J.M.F.C. PALGHAR,6,II JOINT CIVIL JUDGE J. D.  J.M.F.C. PALGHAR
MHTH250042692017,2019-08-17,2,Jt. Civil Judge J.D.  J.M.F.C. Vasai,12,th Jt. Civil Judge J.D. and J.M.F.C. Vasai
MHTH090011182018,2021-10-01,10,th Jt.C.J.J.D. J.M.F.C.Kalyan,2,th Jt.C.J.J.D. J.M.F.C.Kalyan
BRDA020069822017,2018-06-08,4,CJM,33,ACJM - IX
BRDA020069822017,2019-04-26,33,ACJM - IX,14,JM 2nd Class
BRDA020069822017,2022-10-11,14,J.M.Ist class,13,J.M.Ist class
BRDA020020362016,2017-03-06,NA,NA,35,JM 2nd Class
BRDA020020362016,2017-11-17,35,J.M.Ist class,31,ACJM - VII
BRJA020024132015,2018-10-20,21,J.M.Ist class,30,J.M.Ist class
BRJA020043702015,2017-02-08,24,ACJM I cum ASJ I,31,J.M.Ist class
BRJA020043702015,2019-04-24,31,J.M.Ist class,30,J.M.Ist class
BRJA010004912021,2021-01-28,1,District and Sessions Judge,3,ADJ II
BRJA020002922020,2022-01-25,15,CJM cum ASJ II,30,J.M.Ist class
BRJA020002922020,2022-06-17,15,CJM cum ASJ II,30,J.M.Ist class-cum-Addl.Munsif II
BRJA020002922020,2022-07-25,30,J.M.Ist class-cum-Addl.Munsif II,34,J.M.Ist class
BRJA020024152019,2021-11-25,15,CJM cum ASJ II,33,J.M.Ist class
BRJA020016142018,2018-05-18,15,CJM cum ASJ II,30,J.M.Ist class
BRJA020008582015,2015-11-03,NA,NA,24,ACJM I cum ASJ I
BRJA020008582015,2017-10-17,NA,NA,31,J.M.Ist class
BRJA020008582015,2019-04-04,31,J.M.Ist class,29,J.M.Ist class
BRJA010048062021,2021-11-01,1,District and Sessions Judge,13,ADJ IV
BRJA020039022016,2016-11-24,15,CJM cum ASJ II,17,S.D.J.M.
BRJA020039022016,2018-02-09,17,S.D.J.M.,30,J.M.Ist class
BRJA020005642016,2020-01-04,21,J.M.Ist class,35,ACJM II
BRJA010032302021,2021-08-04,1,District and Sessions Judge,15,ADJ V
BRJA020043722015,2019-05-13,NA,NA,29,J.M.Ist class
BRJA020041692015,2020-02-05,21,J.M.Ist class,35,ACJM II
BRJA010016922021,2021-10-17,2,DJ Division,NA,DJ Division
BRJA010038512021,2021-09-07,1,District and Sessions Judge,2,ADJ I
BRJA010019492017,2017-08-30,1,District and Sessions Judge,2,ADJ I
BRJA020008292015,2016-03-03,NA,NA,24,ACJM I cum ASJ I
BRJA020008292015,2017-06-05,NA,NA,30,J.M.Ist class
BRJA020024122015,2018-10-20,21,J.M.Ist class,30,J.M.Ist class
BRJA020041682015,2017-06-23,NA,NA,25,ACJM III
BRJA020041682015,2021-02-09,25,ACJM III,37,ACJM V
BRJA020041682015,2022-07-05,37,ACJM V,34,J.M.Ist class
BRJA020016152018,2018-05-18,15,CJM cum ASJ II,29,J.M.Ist class
BRJA020039042016,2017-10-17,15,CJM cum ASJ II,16,ACJM I cum ASJ I
BRJA020004032016,2020-01-24,21,J.M.Ist class,33,J.M.Ist class
BRJA020026732018,2020-10-20,16,ACJM I cum ASJ I,31,JM I class-cum-Addl.Munsif IV
BRJA020038642017,2018-10-09,15,CJM cum ASJ II,30,J.M.Ist class
BRJA020008592015,2016-03-03,NA,NA,24,ACJM I cum ASJ I
BRJA020008592015,2017-08-24,NA,NA,31,J.M.Ist class
BRJA020008592015,2022-06-22,31,JM I class-cum-Addl.Munsif IV,34,J.M.Ist class
BRJA020033342015,2016-01-30,NA,NA,NA,NA
BRJA020033342015,2019-05-22,21,J.M.Ist class,34,J.M.Ist class
BRJA020004222016,2017-06-16,NA,NA,25,ACJM III
BRJA020004222016,2020-12-05,25,ACJM III,37,ACJM V
BRJA020004222016,2022-05-21,37,ACJM V,42,J.M.Ist class-cum-Addl.Munsif III
BRJA020043712015,2020-02-04,21,J.M.Ist class,33,J.M.Ist class
BRJA020039032016,2016-11-24,15,CJM cum ASJ II,21,J.M.Ist class
BRJA020039032016,2017-05-05,21,J.M.Ist class,25,ACJM III
BRJA020033332015,2016-01-30,NA,NA,NA,NA
BRJA020033332015,2020-01-24,21,J.M.Ist class,34,J.M.Ist class
BRJA020033332015,2020-02-27,21,J.M.Ist class,34,J.M.Ist class
BRJA020004172018,2018-02-12,15,CJM cum ASJ II,31,J.M.Ist class
BRJA020004172018,2022-07-04,31,JM I class-cum-Addl.Munsif IV,34,J.M.Ist class
BRJA020022452015,2020-01-03,21,J.M.Ist class,36,ACJM IV
BRJA020022452015,2022-07-27,36,ACJM IV,35,ACJM II
BRJA020004182018,2018-02-12,15,CJM cum ASJ II,30,J.M.Ist class
BRJA020023972019,2021-03-15,17,S.D.J.M.,15,CJM cum ASJ II
BRJA020022442015,2020-02-07,21,J.M.Ist class,33,J.M.Ist class
UPGZ010046712022,2022-03-23,1,District &amp; Session Judge,16,Spl. Judge SC/ST Act
BRJA020031912020,2021-07-09,15,CJM cum ASJ II,33,J.M.Ist class
MHTH090025682018,2021-10-01,10,th Jt.C.J.J.D. J.M.F.C.Kalyan,2,th Jt.C.J.J.D. J.M.F.C.Kalyan
BRJA020041672015,2018-02-06,17,S.D.J.M.,30,J.M.Ist class
BRJA020022432015,2017-01-04,21,J.M.Ist class,29,J.M.Ist class
BRJA020022432015,2019-12-14,29,J.M.Ist class,21,J.M.Ist class
BRJA020002762016,2020-01-13,21,J.M.Ist class,35,ACJM II
BRJA020004042016,2019-06-01,21,J.M.Ist class,30,J.M.Ist class
MHTH030068532018,2020-02-07,1,Chief Judicial Magistrate Thane,33,th Joint Civil Judge J.D.  J.M.F.C. Thane
MHTH040048222015,2017-04-26,NA,NA,7,nd Joint Civil Judge J.D.  J.M.F.C. Thane
MHTH040048222015,2019-08-22,7,nd Joint Civil Judge J.D.  J.M.F.C. Thane,30,th Joint Civil Judge J.D.  J.M.F.C. Thane
MHTH040048222015,2020-01-02,30,th Joint Civil Judge J.D.  J.M.F.C. Thane,22,th Joint Civil Judge J.D.  J.M.F.C. Thane
MHTH040048222015,2020-01-17,22,th Joint Civil Judge J.D.  J.M.F.C. Thane,31,th Joint Civil Judge J.D.  J.M.F.C. Thane
MHTH090013872018,2021-10-01,10,th Jt.C.J.J.D. J.M.F.C.Kalyan,2,th Jt.C.J.J.D. J.M.F.C.Kalyan
MHTH090026892017,2021-10-01,10,th Jt.C.J.J.D. J.M.F.C.Kalyan,2,th Jt.C.J.J.D. J.M.F.C.Kalyan
BRJA020038652017,2020-01-22,15,CJM cum ASJ II,29,J.M.Ist class
BRJA020008602015,2016-02-02,NA,NA,24,ACJM I cum ASJ I
BRJA020008602015,2017-05-24,NA,NA,29,J.M.Ist class
BRSH020041272019,2019-11-16,7,CJM,30,J.M. Ist Class
BRSH020023622019,2019-07-04,7,CJM,30,J.M. Ist Class
BRSH020023622019,2022-06-15,30,J.M. Ist Class,36,J.M. Ist Class
BRSH020006082015,2015-04-16,7,CJM,15,J.M-cum-A.M-III
BRSH020006082015,2015-09-29,NA,NA,7,CJM
BRSH020006082015,2016-12-23,7,CJM,20,J.M.-I
BRSH020006082015,2022-05-14,20,J.M. 1st Class,34,J.M. Ist Class
BRSH020043192019,2019-12-05,NA,NA,30,J.M. Ist Class
BRSH020043192019,2022-06-30,30,J.M. Ist Class,37,J.M. Ist Class
BRSH020006072015,2015-04-16,7,CJM,18,J.M-cum-A.M-VI
BRSH020006072015,2016-08-30,NA,NA,20,J.M.-I
BRSH020006072015,2022-05-14,20,J.M. 1st Class,34,J.M. Ist Class
BRSH020023612019,2019-07-04,7,CJM,30,J.M. Ist Class
BRSH020023582019,2019-07-04,7,CJM,30,J.M. Ist Class
BRSH020023582019,2022-06-22,30,J.M. Ist Class,36,J.M. Ist Class
BRSH020027692019,2019-07-25,7,CJM,30,J.M. Ist Class
BRSH020027692019,2022-06-15,30,J.M. Ist Class,35,J.M. Ist Class
BRSH020027692019,2022-07-21,35,J.M. Ist Class,36,J.M. Ist Class
BRSH020005152019,2019-04-24,7,CJM,30,J.M. Ist Class
BRSH020002972020,2020-01-28,7,CJM,30,J.M. Ist Class
BRSH020027722019,2019-07-25,7,CJM,30,J.M. Ist Class
BRSH020027722019,2022-06-16,30,J.M. Ist Class,36,J.M. Ist Class
BRSH020024122019,2022-04-18,7,CJM,NA,NA
BRSH020027742019,2019-07-25,7,CJM,30,J.M. Ist Class
BRSH020027742019,2022-06-27,30,J.M. Ist Class,36,J.M. Ist Class
BRSH010024782016,2016-09-30,1,District and Sessions Judge,3,A.D.J I
BRSH020006062015,2015-04-16,7,CJM,16,J.M-cum-A.M-IV
BRSH020006062015,2015-09-09,NA,NA,26,ACJM-III-cum-Sub Judge-IV
BRSH020006062015,2019-12-21,26,ACJM-II-cum-Sub Judge-III,25,ACJM-IV-cum-Sub Judge-V
BRSH010013862021,2021-09-15,1,District and Sessions Judge,6,ADJ-IV
BRSH020027702019,2019-07-25,7,CJM,30,J.M. Ist Class
BRSH020006342019,2019-03-18,7,CJM,29,J.M. 1st
BRSH020036062019,2019-10-26,7,CJM,30,J.M. Ist Class
UPGZ040049712016,2018-06-02,40,Chief Judicial Magistrate,48,A.C.J.M. Court No. 8
UPGZ040049712016,2020-10-22,48,A.C.J.M. Court No. 8,45,A.C.J.M. Court No. 5
UPGZ010152522022,2022-07-29,1,District &amp; Session Judge,16,Spl. Judge SC/ST Act
UPGZ010054202021,2021-03-20,1,District &amp; Session Judge,77,ADJ/Special Judge POCSO
UPHR040143322018,2020-07-30,22,Addl. Chief Judicial Magistrate Court No. 2,18,Chief Judicial Magistrate
UPHR040143322018,2020-08-20,18,Chief Judicial Magistrate,22,Addl. Chief Judicial Magistrate Court No. 2
UPSR040060322021,2022-07-19,3,Chief Judicial Magistrate,7,Civil Judge (Senior Division) FTC/ACJM
UPSR040060322021,2022-08-04,7,Civil Judge (Senior Division) FTC/ACJM,3,Chief Judicial Magistrate
UPSR040035932019,2022-05-26,3,Chief Judicial Magistrate,7,Civil Judge (Senior Division) FTC/ACJM
UPSR040035932019,2022-05-30,7,Civil Judge (Senior Division) FTC/ACJM,3,Chief Judicial Magistrate
UPSR040035932019,2022-07-19,3,Chief Judicial Magistrate,7,Civil Judge (Senior Division) FTC/ACJM
UPSR040035932019,2022-08-16,7,Civil Judge (Senior Division) FTC/ACJM,3,Chief Judicial Magistrate
UPSR040035862019,2022-05-26,3,Chief Judicial Magistrate,7,Civil Judge (Senior Division) FTC/ACJM
UPSR040035862019,2022-05-30,7,Civil Judge (Senior Division) FTC/ACJM,3,Chief Judicial Magistrate
UPSR040035862019,2022-07-19,3,Chief Judicial Magistrate,7,Civil Judge (Senior Division) FTC/ACJM
UPSR040035862019,2022-08-03,7,Civil Judge (Senior Division) FTC/ACJM,3,Chief Judicial Magistrate
UPSR040060342021,2022-07-19,3,Chief Judicial Magistrate,7,Civil Judge (Senior Division) FTC/ACJM
UPSR040060342021,2022-08-11,7,Civil Judge (Senior Division) FTC/ACJM,3,Chief Judicial Magistrate
UPSR040035852019,2022-05-26,3,Chief Judicial Magistrate,7,Civil Judge (Senior Division) FTC/ACJM
UPSR040035852019,2022-05-30,7,Civil Judge (Senior Division) FTC/ACJM,3,Chief Judicial Magistrate
BRSH020036182017,2017-12-12,7,CJM,29,J.M. 1st
BRSH020036132019,2019-10-26,7,CJM,30,J.M. Ist Class
BRSH020036082019,2019-10-26,7,CJM,30,J.M. Ist Class
BRSH020003002020,2020-01-28,7,CJM,30,J.M. Ist Class
BRSH020006042015,2015-04-16,7,CJM,17,J.M-cum-A.M-V
BRSH020006042015,2016-08-20,NA,NA,22,J.M-III
BRSH020006042015,2017-12-16,NA,NA,27,ACJM-IV-cum-Sub Judge-V
BRSH020006042015,2020-01-28,27,ACJM-III-cum-Sub Judge-IV,11,SDJM
BRSH010000392015,2015-01-22,1,District and Sessions Judge,NA,NA
BRSH010000392015,2015-01-27,NA,NA,11,A.D.J.II
BRSH010000392015,2022-07-30,11,A.D.J-II,8,A.D.J. V
BRSH020041312019,2019-11-16,7,CJM,30,J.M. Ist Class
BRSH020006092015,2015-04-16,7,CJM,17,J.M-cum-A.M-V
BRSH020006092015,2016-08-20,NA,NA,22,J.M-III
BRSH020006092015,2017-12-16,NA,NA,27,ACJM-IV-cum-Sub Judge-V
BRSH020027712019,2019-07-25,7,CJM,30,J.M. Ist Class
BRSH020027712019,2022-06-15,30,J.M. Ist Class,36,J.M. Ist Class
BRSH020002702019,2022-12-22,7,CJM,11,SDJM
BRSH020016572015,2015-05-07,7,CJM,19,J.M.
BRSH020007252020,2021-02-02,7,CJM,33,J.M. 1st Class
BRSH020027732019,2019-07-25,7,CJM,30,J.M. Ist Class
BRSH020027732019,2022-06-27,30,J.M. Ist Class,36,J.M. Ist Class
BRSH020043222019,2019-12-05,NA,NA,30,J.M. Ist Class
BRSH020043222019,2022-06-15,30,J.M. Ist Class,37,J.M. Ist Class
BRSH020041082019,2019-11-15,7,CJM,30,J.M. Ist Class
BRSH020023642019,2019-07-04,7,CJM,30,J.M. Ist Class
BRSH020043212019,2019-12-05,NA,NA,30,J.M. Ist Class
MHTH250020862018,2020-01-08,2,Jt. Civil Judge J.D.  J.M.F.C. Vasai,12,th Jt. Civil Judge J.D. and J.M.F.C. Vasai
MHTH250013332019,2022-12-28,NA,NA,2,nd Jt.Civil Judge J.D.  J.M.F.C. Vasai
UPSR040035852019,2022-07-19,3,Chief Judicial Magistrate,7,Civil Judge (Senior Division) FTC/ACJM
UPSR040035852019,2022-08-16,7,Civil Judge (Senior Division) FTC/ACJM,3,Chief Judicial Magistrate
UPUN010040292015,2015-10-15,1,District Judge,4,Special Judge (E/C Act)
UPUN010035922015,2015-09-18,1,District Judge,11,Addl. District Judge Court No. 10
UPUN010016842015,2015-05-15,1,District Judge,8,"Addl. District Judge, FTC No.1"
UPLK040467352016,NA,23,Chief Judicial Magistrate Lucknow,NA,NA
UPLK040056862017,2017-07-31,33,CHIEF JUDICIAL MAGISTRATE,80,ADD. Court No.1(N.I. Act)
UPLK040056862017,2018-01-16,80,ADD. Court No.1(N.I. Act),33,CHIEF JUDICIAL MAGISTRATE
UPLK010047292022,2022-04-13,1,District &amp; Session Judge,16,SPL.JUDGE CBI-4
UPLK040500712016,2021-04-28,23,A.C.J.M. COURT NO.27,25,A.C.J.M. COURT NO.25
UPLK041017542015,2015-12-09,48,A.C.J.M. COURT NO.30,33,CHIEF JUDICIAL MAGISTRATE
UPLK041017542015,2016-02-13,33,CHIEF JUDICIAL MAGISTRATE,48,A.C.J.M. COURT NO.30
UPLK040493872016,2016-07-27,33,CHIEF JUDICIAL MAGISTRATE,23,A.C.J.M. COURT NO.27
UPLK040493872016,2016-10-31,23,A.C.J.M. COURT NO.27,33,CHIEF JUDICIAL MAGISTRATE
UPLK040328192016,2021-09-03,45,A.C.J.M. COURT NO.32,71,A.C.J.M. (A.P.) CBI
UPLK010118992022,2022-08-10,1,District &amp; Session Judge,52,Additional District and Sessions Judge Court No 3
UPLK010118992022,2022-12-17,52,Additional District and Sessions Judge Court No 3,4,Additional District and Sessions Judge Court No 5
UPKU010031992017,2017-06-05,1,District and Sessions Judge,4,A.D.J. COURT NO.3
UPGD010015482016,2016-05-03,1,District and Sessions Judge,5,ADJ/Spl. Judge (EC . Act)
UPGD010040962019,2019-08-05,1,District and Sessions Judge,8,ADJ/FTC-II
UPGD040049502015,2019-12-21,10,CJM,NA,District Judge Estabishment
UPGD010001952016,2016-09-08,1,District and Sessions Judge,7,Addl. District Judge-VII
BRST020020782012,2022-06-08,5,C.J.M.-cum-Sub Judge-II-cum-A.S.J.-I,35,J.M.Ist class
BRST010049402015,2015-12-08,1,District and Sessions Judge,2,A.D.J.-I-cum-Spl. Judge
BRST020062492016,2019-05-21,23,J.M. Ist class-cum-Addl. Munsif,20,J.M.Ist class
BRST020062492016,2019-11-14,20,IC J.M.Ist class,23,J.M. Ist class-cum-Addl. Munsif
BRST020062492016,2020-02-13,23,J.M. Ist class-cum-Addl. Munsif,17,Sub-Judge VI Cum A.C.J.M.
BRST010083772021,2021-10-05,1,District and Sessions Judge,15,A.D.J. IX
BRST020015982010,2016-11-19,14,J.M.Ist class-cum-Addl.Munsif II,19,Sub-Judge IV Cum A.C.J.M.
BRST020015982010,2022-05-13,19,IC Sub-Judge-IV-Cum- ACJM,34,J.M. Ist class-cum-Addl. Munsif
BRPA010062912019,2019-03-27,1,District and Sessions Judge,13,ADJ I
BRSH020000502016,2016-04-29,7,CJM,21,J.M-II
BRSH020000502016,2017-12-16,NA,NA,29,J.M. 1st
BRSH020027752019,2019-07-25,7,CJM,30,J.M. Ist Class
BRSH020036442020,2021-11-22,7,CJM,33,J.M. 1st Class
BRSH020017942018,2018-06-07,11,SDJM,7,CJM
BRSH020017942018,2018-07-16,7,CJM,11,SDJM
BRSH020017942018,2018-09-14,7,CJM,11,SDJM
BRSH020017942018,2019-01-22,11,SDJM,7,CJM
BRBU110010642015,2021-11-24,11,Chief Judicial Magistrate,22,J. M. 2nd/Court No 8
BRBU110010642015,2022-05-12,22,J. M. 2nd/Court No 8,39,J.M. 1st/Court No 5
BRBU110000762015,2015-01-05,11,Chief Judicial Magistrate,31,J.M. 1st/Court No 4
BRBU110000762015,2015-08-10,NA,NA,20,J.M. 1st/Court No 5
BRBU110010622015,2015-04-10,11,Chief Judicial Magistrate,29,J.M. 1st/Court No 4
BRBU110010622015,2015-06-01,29,J.M. 1st/Court No 4,22,J.M. 1st/Court No 3
BRBU110010612015,2015-04-10,11,Chief Judicial Magistrate,27,J.M. 1st/Court No 4
BRBU110010612015,2015-07-01,27,J.M. 1st/Court No 4,21,J.M. 1st/Court No 2
BRBU110010612015,2020-10-16,21,J.M. 1st/Court No 2,22,J.M. 1st/Court No 3
BRBU110010612015,2022-05-21,22,J. M. 2nd/Court No 8,39,J.M. 1st/Court No 5
BRBU110010662015,2015-04-10,11,Chief Judicial Magistrate,20,J.M. 1st/Court No 5
BRBU110060722016,2018-11-15,11,Chief Judicial Magistrate,22,J.M. 1st/Court No 3
BRBU110060722016,2020-01-27,22,J.M. 1st/Court No 3,20,J.M. 1st/Court No 11
BRBU110043852017,2021-11-02,11,Chief Judicial Magistrate,31,J.M.  2nd/Court No 10
BRBU110043852017,2022-05-11,31,J.M.  2nd/Court No 10,20,J.M. 1st/Court No 11
BRBU110020432022,2022-07-23,NA,NA,28,J.M. 1st/Court No 13
BRBU110003272015,2015-07-23,11,Chief Judicial Magistrate,27,J.M. 1st/Court No 4
BRBU110003272015,2015-08-06,NA,NA,21,J.M. 1st/Court No 2
BRBU110003272015,2020-01-27,21,J.M. 1st/Court No 2,33,A.C.J.M. 2
BRBU110003272015,2021-06-29,33,A.C.J.M. 2,36,A.C.J.M. 5
BRBU110010672015,2015-04-10,11,Chief Judicial Magistrate,21,J.M. 1st/Court No 2
BRBU110010672015,2019-04-27,21,J.M. 1st/Court No 2,11,Chief Judicial Magistrate
BRBU110010672015,2021-11-03,11,Chief Judicial Magistrate,21,J.M.  2nd/Court No 7
BRBU110010672015,2022-05-26,21,J.M.  2nd/Court No 7,30,J.M. 1st/Court No 4
BRBU110029152022,2022-09-07,NA,NA,11,Chief Judicial Magistrate
BRBU110029152022,2022-10-10,11,Chief Judicial Magistrate,28,J.M. 1st/Court No 13
BRBU110010632015,2022-03-28,11,Chief Judicial Magistrate,31,J.M.  2nd/Court No 10
BRBU110010632015,2022-05-11,31,J.M.  2nd/Court No 10,20,J.M. 1st/Court No 11
BRBG020016972014,2023-01-10,3,Additional Chief Judicial Magistrate II (I/C),31,JM 1st  _ Ms. Kiran Kumari Chourasia
BRBG020070692022,2023-01-05,1,Chief Judicial Magistrate,27,JM 1st  _ Prabhat Kumar Ranjan
BRBG020059142022,2022-11-25,1,Chief Judicial Magistrate,30,JM 1st  _ Ms. Ritika Rishi
BRBG020001662007,2022-12-08,3,Additional Chief Judicial Magistrate II (I/C),30,JM 1st  _ Ms. Ritika Rishi
BRBG020014852019,2019-03-14,1,Chief Judicial Magistrate,25,JM 1st class Cum AddlMunsif- II
BRBG020014022013,2022-12-09,3,Additional Chief Judicial Magistrate II (I/C),30,JM 1st  _ Ms. Ritika Rishi
BRBG020009942012,2023-01-10,3,Additional Chief Judicial Magistrate II (I/C),31,JM 1st  _ Ms. Kiran Kumari Chourasia
BRBG020016942014,2022-12-16,3,Additional Chief Judicial Magistrate II (I/C),29,JM 1st  _ Ms. Pallavi
BRBG020072632022,2023-01-09,1,Chief Judicial Magistrate,31,JM 1st  _ Ms. Kiran Kumari Chourasia
BRBG020014842019,2019-03-14,1,Chief Judicial Magistrate,25,JM 1st class Cum AddlMunsif- II
BRBG020009892012,2022-12-16,3,Additional Chief Judicial Magistrate II (I/C),29,JM 1st  _ Ms. Pallavi
BRBG020006972011,2023-01-04,3,Additional Chief Judicial Magistrate II (I/C),27,JM 1st  _ Prabhat Kumar Ranjan
BRBG020018392019,2019-03-30,1,Chief Judicial Magistrate,17,Judicial Magistrate 1st  Class-I
BRBG020018392019,2021-09-29,17,Judicial Magistrate 1st  Class-I,33,Judicial Magistrate 1st Class
BRBG020029272022,2022-07-23,1,Chief Judicial Magistrate,30,JM 1st  _ Ms. Ritika Rishi
BRBG020046512021,2021-09-29,17,Judicial Magistrate 1st  Class-I,15,Addl. Chief Judicial Magistrate-XIV
BRBG020046512021,2022-03-02,15,Additional Chief Judicial Magistrate XIV (I/C),1,Chief Judicial Magistrate
BRBG020029282022,2022-07-23,1,Chief Judicial Magistrate,30,JM 1st  _ Ms. Ritika Rishi
BRBG020017072014,2022-11-28,3,Additional Chief Judicial Magistrate II (I/C),36,JM 1st _ Ms.Kavita Kumari
BRBG020014822021,2022-03-07,1,Chief Judicial Magistrate,33,Judicial Magistrate 1st Class
BRBG020014822021,2022-11-23,33,Judicial Magistrate 1st Class,28,JM 1st  _ Prashant Kumar
BRBG020006912011,2022-11-28,3,Additional Chief Judicial Magistrate II (I/C),36,JM 1st _ Ms.Kavita Kumari
BRBG020037382022,2022-11-17,1,Chief Judicial Magistrate,29,JM 1st  _ Ms. Pallavi
BRBG020037412022,2022-11-14,1,Chief Judicial Magistrate,30,JM 1st  _ Ms. Ritika Rishi
BRPA020123652022,2022-09-08,35,C.J.M.,100,J.M.F.C. - 12
BRMG020005972016,2017-09-23,NA,NA,24,ACJM 4th
MHPU010094602018,2019-02-21,17,DISTRICT JUDGE - 1 AND  ADDL. SESSIONS JUDGE PUNE,8,DISTRICT JUDGE -3 AND  ADDL. SESSIONS JUDGE PUNE
BRBG020009912012,2022-12-16,3,Additional Chief Judicial Magistrate II (I/C),29,JM 1st  _ Ms. Pallavi
BRBG020014072013,2023-01-10,3,Additional Chief Judicial Magistrate II (I/C),31,JM 1st  _ Ms. Kiran Kumari Chourasia
BRBG020009852012,2023-01-04,3,Additional Chief Judicial Magistrate II (I/C),27,JM 1st  _ Prabhat Kumar Ranjan
BRBG020022312022,2022-08-10,1,Chief Judicial Magistrate,28,JM 1st  _ Prashant Kumar
BRBG020058462022,2022-11-14,1,Chief Judicial Magistrate,30,JM 1st  _ Ms. Ritika Rishi
BRBG020018382019,2019-03-30,1,Chief Judicial Magistrate,18,Judicial Magistrate 1st  Class-II
BRBG020016912014,2023-01-10,3,Additional Chief Judicial Magistrate II (I/C),30,JM 1st  _ Ms. Ritika Rishi
BRBG020042772019,2019-11-28,1,Chief Judicial Magistrate,18,Judicial Magistrate 1st  Class-II
BRBG020037392022,2022-11-14,1,Chief Judicial Magistrate,30,JM 1st  _ Ms. Ritika Rishi
BRBG020018372019,2019-03-30,1,Chief Judicial Magistrate,25,JM 1st class Cum AddlMunsif- II
BRBG020014822019,2019-03-14,1,Chief Judicial Magistrate,17,Judicial Magistrate 1st  Class-I
BRBG020014822019,2021-09-29,17,Judicial Magistrate 1st  Class-I,25,Judicial Magistrate 1st Class
BRBG020035082022,2022-11-25,1,Chief Judicial Magistrate,29,JM 1st  _ Ms. Pallavi
BRBG020077582022,2023-01-04,1,Chief Judicial Magistrate,29,JM 1st  _ Ms. Pallavi
BRBG020017082014,2023-01-10,3,Additional Chief Judicial Magistrate II (I/C),31,JM 1st  _ Ms. Kiran Kumari Chourasia
BRBG020004842009,2023-01-10,3,Additional Chief Judicial Magistrate II (I/C),30,JM 1st  _ Ms. Ritika Rishi
BRBG020009932012,2022-12-16,3,Additional Chief Judicial Magistrate II (I/C),36,JM 1st _ Ms.Kavita Kumari
BRBG020004692019,2019-06-28,1,Chief Judicial Magistrate,18,Judicial Magistrate 1st  Class-II
BRBG020014812019,2019-04-15,1,Chief Judicial Magistrate,19,Judicial Magistrate 1st  Class-III
BRBG010008562017,2020-05-27,7,Additional District and Sessions Judge V (I/C)),13,Additional District and Sessions Judge XI
BRBG010008562017,2021-10-25,13,Additional District and Sessions Judge XI (I/C),14,Additional District and Sessions Judge - IX
BRBG010008562017,2022-03-26,14,Additional District and Sessions Judge - IX,4,Additional District and Sessions Judge II (I/C)
BRBG010008562017,2022-06-28,4,Addl. District and Sessions Judge-II,20,Additional District and Sessions Judge XIV
BRBG020037402022,2022-11-14,1,Chief Judicial Magistrate,30,JM 1st  _ Ms. Ritika Rishi
BRBG020016892014,2023-01-10,3,Additional Chief Judicial Magistrate II (I/C),30,JM 1st  _ Ms. Ritika Rishi
BRMG020005992016,2016-01-30,11,Chief Judicial Magistrate,42,Judicial Magistrate 2nd Class
BRMG020005992016,2018-10-03,42,JM 1st Class No.5,24,ACJM 4th
BRMG020005992016,2020-02-18,24,ACJM 4th,12,ACJM 1st
BRMG010117432022,2023-01-03,1,District and Sessions Judge,40,ADJ VIIth
BRMG020000072016,2016-02-01,11,Chief Judicial Magistrate,40,JM 1st Class No.4
BRMG020000072016,2019-06-14,40,JM 1st Class -cum- AM 4th,53,JM 2nd Class
BRMG020009092015,2015-03-17,11,Chief Judicial Magistrate,16,JM 1st Class -cum- AM 4th
BRMG020009092015,2015-09-18,NA,NA,27,ACJM 2nd
BRMG020009092015,2019-02-23,27,ACJM 2nd,37,JM 1st Class
BRMG020001192015,2015-07-28,NA,NA,40,JM 1st Class No.4
BRMG020015972015,2015-10-27,NA,NA,38,JM 1st Class No.2
BRMG020015972015,2015-12-14,NA,NA,40,JM 1st Class No.4
BRMG020015972015,2017-12-18,40,JM 1st Class No.4,12,ACJM 1st
BRMG020015972015,2019-02-21,12,ACJM 1st,37,JM 1st Class
BRMG020015972015,2019-05-21,37,C J M Division,NA,D J Division
BRMG020005402018,2022-06-18,11,Chief Judicial Magistrate,24,ACJM 4th
BRMG020042172017,2018-11-15,11,Chief Judicial Magistrate,40,JM 1st Class No.4
BRMG020042172017,2022-06-07,40,JM 1st Class,24,ACJM 4th
BRMG010024472015,2015-11-25,1,District and Sessions Judge,3,A.D.J. 1st
BRMG020042432017,2019-07-20,11,Chief Judicial Magistrate,52,JM 2nd Class
BRMG020005392018,2019-12-17,11,Chief Judicial Magistrate,40,JM 1st Class -cum- AM 4th
BRMG020005392018,2022-06-09,40,JM 1st Class,24,ACJM 4th
BRMG020005392018,2022-11-06,24,ACJM 4th,57,JM 1st Class
BRMG020005392018,2022-11-29,57,JM 1st Class,24,ACJM 4th
BRMG020003692016,2016-02-01,11,Chief Judicial Magistrate,12,ACJM 1st
BRMG020003692016,2019-05-27,12,ACJM 1st,51,JM 2nd Class
BRMG020042452017,2017-12-09,11,Chief Judicial Magistrate,27,ACJM 2nd
BRMG020003662021,2021-07-23,24,ACJM 4th,12,ACJM 1st
BRMG020022492019,2021-09-16,27,ACJM 2nd,49,JM 1st Class
BRMG020004102019,2022-12-14,11,Chief Judicial Magistrate,37,JM 1st Class
BRMG020021582015,2015-07-25,NA,NA,37,JM 1st Class No.1
BRMG020021582015,2016-06-02,NA,NA,39,JM 1st Class No.3
BRMG020021582015,2018-08-29,39,JM 1st Class -cum- AM 4th,12,ACJM 1st
BRMG020015862015,2015-05-30,11,Chief Judicial Magistrate,37,JM 1st Class No.1
BRMG020015862015,2016-08-12,NA,NA,39,JM 1st Class No.3
BRMG020015862015,2020-08-05,39,JM 1st Class -cum- AM 4th,11,Chief Judicial Magistrate
BRMG020005972016,2016-01-30,11,Chief Judicial Magistrate,45,ACJM 3rd
BRLA020014572018,2021-03-18,1,CJM,16,JM 1
BRLA020014572018,2022-03-14,NA,NA,18,JM-2nd Class
BRLA020014572018,2022-07-02,18,JM 1,16,JM 1
BRLA020005392021,2021-03-18,1,CJM,2,ACJM 1st
BRLA020014562018,2020-01-28,NA,NA,3,ACJM 2nd
BRLA020014582018,2020-01-28,NA,NA,3,ACJM 2nd
BRMG020005972016,2019-01-17,24,ACJM 4th,49,JM 1st Class
BRMG020004862015,2015-01-23,11,Chief Judicial Magistrate,21,JM 1st Class -cum- AM 3rd
BRMG020004862015,2016-05-06,NA,NA,42,JM 1st Class No.5
BRMG020004862015,2018-09-06,42,JM 1st Class No.5,27,ACJM 2nd
BRMG020004862015,2019-03-06,27,ACJM 2nd,37,JM 1st Class
UPGD010020172021,2021-07-30,1,District and Sessions Judge,7,ADJ-7th
UPGD010020172021,2022-08-03,7,Addl. District Judge-VII,26,ADJ6
UPGD010020172021,2022-09-11,26,ADJ6,28,ADJ8
UPGD010067112019,2020-01-09,1,District and Sessions Judge,37,A.D.J.
UPGD010067112019,2021-07-12,37,A.D.J.,7,ADJ-7th
UPGD010067112019,2022-08-03,7,Addl. District Judge-VII,26,ADJ6
UPGD010067112019,2022-09-11,26,ADJ6,28,ADJ8
MHPU040177052015,2015-06-22,18,"JUDICIAL MAGISTRATE F.C. ANTI-CORRUPTION, PUNE",51,ST JOINT CIVIL JUDGE J.D. AND JMFC PUNE.
MHPU040177052015,2015-09-16,51,ST JOINT CIVIL JUDGE J.D. AND JMFC PUNE.,3,TH JOINT CIVIL JUDGE J.D. AND JMFC PUNE.
MHPU040177052015,2016-04-22,3,TH JOINT CIVIL JUDGE J.D. AND JMFC PUNE.,NA,NA
MHPU040177052015,2016-05-04,121,ND JOINT CIVIL JUDGE J.D. AND JMFC PUNE.,3,TH JOINT CIVIL JUDGE J.D. AND JMFC PUNE.
MHPU040177052015,2017-04-05,3,TH JOINT CIVIL JUDGE J.D. AND JMFC PUNE.,131,TH JOINT CIVIL JUDGE J.D. AND JMFC PUNE.
MHPU040177052015,2017-09-18,NA,NA,136,ND JOINT CIVIL JUDGE J.D. AND JMFC PUNE.
MHPU040177052015,2018-06-26,NA,NA,148,TH JOINT CIVIL JUDGE J.D. AND JMFC PUNE.
MHPU040177052015,2019-01-02,148,TH JOINT CIVIL JUDGE J.D. AND JMFC PUNE.,3,JOINT CIVIL JUDGE J.D. AND JMFC PUNE.
MHPU040386502016,2016-09-14,12,TH JOINT CIVIL JUDGE J.D. AND JMFC PUNE.,63,TH JOINT CIVIL JUDGE J.D. AND JMFC PUNE.
MHPU040386502016,2018-06-11,NA,NA,150,TH JOINT CIVIL JUDGE J.D. AND JMFC PUNE.
MHPU040386502016,2019-01-02,150,TH JOINT CIVIL JUDGE J.D. AND JMFC PUNE.,12,TH JOINT CIVIL JUDGE J.D. AND JMFC PUNE.
MHPU040361942018,2018-06-26,3,JOINT CIVIL JUDGE J.D. AND JMFC PUNE.,149,TH JOINT CIVIL JUDGE J.D. AND JMFC PUNE.
BRMG010020102022,2022-05-31,1,District and Sessions Judge,40,ADJ VIIth
BRMG020021642019,2019-09-19,11,Chief Judicial Magistrate,40,JM 1st Class -cum- AM 4th
BRMG020021642019,2022-06-08,40,JM 1st Class,24,ACJM 4th
BRMG020021642019,2022-12-08,24,ACJM 4th,11,Chief Judicial Magistrate
BRMG020001602016,2016-01-04,11,Chief Judicial Magistrate,40,JM 1st Class No.4
BRMG020001602016,2022-05-31,24,ACJM 4th,49,JM 1st Class
BRMG020001602016,2022-06-07,40,JM 1st Class,24,ACJM 4th
BRMG020005042020,2022-09-15,11,Chief Judicial Magistrate,37,JM 1st Class
UPGD010004892016,2016-02-04,1,District and Sessions Judge,5,ADJ/Spl. Judge (EC . Act)
UPBS010011052018,2018-05-16,26,District and Session Judge,6,VI- ADJ
UPMT040082292018,2020-02-13,17,Addl. Chief Judicial Magistrate-3,42,Civil Judge Junior Division FTC / JM
UPMT040073592020,2021-07-17,14,Chief Judicial Magistrate,40,Civil Judge Senior Division FTC / ACJM
UPMT040073592020,2021-11-02,40,Civil Judge Senior Division FTC / ACJM,15,Addl. Chief Judicial Magistrate-1
UPMT040088532020,2021-07-17,14,Chief Judicial Magistrate,40,Civil Judge Senior Division FTC / ACJM
UPMT040088532020,2021-09-11,40,Civil Judge Senior Division FTC / ACJM,14,Chief Judicial Magistrate
UPMT040052862017,2017-09-06,14,Chief Judicial Magistrate,NA,Civil Judge Senior Division
UPMT040397642017,2017-09-14,14,Chief Judicial Magistrate,NA,Civil Judge Senior Division
UPMT040082342018,2020-02-13,17,Addl. Chief Judicial Magistrate-3,42,Civil Judge Junior Division FTC / JM
UPMT040230302017,2017-10-10,14,Chief Judicial Magistrate,NA,District and Session Judge
UPMT040084142020,2021-07-17,14,Chief Judicial Magistrate,40,Civil Judge Senior Division FTC / ACJM
UPMT040084142020,2021-11-02,40,Civil Judge Senior Division FTC / ACJM,15,Addl. Chief Judicial Magistrate-1
UPMT040093232020,2021-07-17,14,Chief Judicial Magistrate,40,Civil Judge Senior Division FTC / ACJM
UPMT040093232020,2021-11-02,40,Civil Judge Senior Division FTC / ACJM,15,Addl. Chief Judicial Magistrate-1
UPMT040090112020,2021-07-17,14,Chief Judicial Magistrate,40,Civil Judge Senior Division FTC / ACJM
UPMT040090112020,2021-11-02,40,Civil Judge Senior Division FTC / ACJM,15,Addl. Chief Judicial Magistrate-1
UPMT040093162020,2021-07-17,14,Chief Judicial Magistrate,40,Civil Judge Senior Division FTC / ACJM
UPMT040093162020,2021-11-02,40,Civil Judge Senior Division FTC / ACJM,15,Addl. Chief Judicial Magistrate-1
UPMT040076162020,2021-07-17,14,Chief Judicial Magistrate,40,Civil Judge Senior Division FTC / ACJM
UPMT040076162020,2021-11-02,40,Civil Judge Senior Division FTC / ACJM,15,Addl. Chief Judicial Magistrate-1
UPMT010114232019,2019-07-22,1,District  &amp; Session Judge,9,Addl. District Judge Court No. 8
UPMT040089652020,2021-07-17,14,Chief Judicial Magistrate,40,Civil Judge Senior Division FTC / ACJM
UPMT040089652020,2021-11-02,40,Civil Judge Senior Division FTC / ACJM,15,Addl. Chief Judicial Magistrate-1
UPMT040082192018,2020-02-13,17,Addl. Chief Judicial Magistrate-3,42,Civil Judge Junior Division FTC / JM
UPMT040087472020,2021-07-17,14,Chief Judicial Magistrate,40,Civil Judge Senior Division FTC / ACJM
UPMT040087472020,2021-09-11,40,Civil Judge Senior Division FTC / ACJM,14,Chief Judicial Magistrate
UPMT040082232018,2020-02-13,17,Addl. Chief Judicial Magistrate-3,42,Civil Judge Junior Division FTC / JM
UPMT040090712020,2021-07-17,14,Chief Judicial Magistrate,40,Civil Judge Senior Division FTC / ACJM
UPMT040090712020,2021-11-02,40,Civil Judge Senior Division FTC / ACJM,15,Addl. Chief Judicial Magistrate-1
UPMT040200372015,2017-07-08,14,Chief Judicial Magistrate,NA,Chief Judicial Magistrate
UPMT040082262018,2020-02-13,17,Addl. Chief Judicial Magistrate-3,42,Civil Judge Junior Division FTC / JM
UPMT040090422020,2021-07-17,14,Chief Judicial Magistrate,40,Civil Judge Senior Division FTC / ACJM
UPMT040090422020,2021-09-11,40,Civil Judge Senior Division FTC / ACJM,14,Chief Judicial Magistrate
UPMT040091062020,2021-07-17,14,Chief Judicial Magistrate,40,Civil Judge Senior Division FTC / ACJM
UPMT040091062020,2021-11-02,40,Civil Judge Senior Division FTC / ACJM,15,Addl. Chief Judicial Magistrate-1
UPMT040091062020,2022-01-20,15,Addl. Chief Judicial Magistrate-1,14,Chief Judicial Magistrate
UPMT010136492017,2017-10-11,1,District  &amp; Session Judge,2,Addl. District Judge Court No. 1
UPMT040082352018,2020-02-13,17,Addl. Chief Judicial Magistrate-3,42,Civil Judge Junior Division FTC / JM
BRMG020015882015,2015-05-30,11,Chief Judicial Magistrate,39,JM 1st Class No.3
BRMG020015882015,2019-07-26,39,JM 1st Class -cum- AM 4th,52,JM 2nd Class
BRMG020018452015,2015-06-23,11,Chief Judicial Magistrate,39,JM 1st Class No.3
BRMG020018452015,2020-07-14,39,JM 1st Class -cum- AM 4th,52,JM 1st Class
BRMG020004152015,2015-01-14,11,Chief Judicial Magistrate,38,Judicial Magistrate 2nd Class
BRMG020004152015,2016-05-07,NA,NA,42,JM 1st Class No.5
BRMG020004152015,2018-10-01,42,JM 1st Class No.5,24,ACJM 4th
BRMG020004682015,2015-01-22,11,Chief Judicial Magistrate,16,JM 1st Class -cum- AM 4th
BRMG020004682015,2015-11-28,NA,NA,27,ACJM 2nd
BRMG020004682015,2019-02-23,27,ACJM 2nd,37,JM 1st Class
BRMG020000602015,2015-07-28,NA,NA,40,JM 1st Class No.4
BRMG020000602015,2022-06-07,40,JM 1st Class,24,ACJM 4th
BRMG010002172015,2015-06-04,1,D J Division,NA,C J M Division
MHAK030082172017,2018-06-06,17,rd Jt.J.M.F.C.Akola,8,th Jt.J.M.F.C. Akola
MHAK030082172017,2019-06-03,8,th Jt.J.M.F.C. Akola,4,"Joint J.M.F.C., Akola"
BRMG020028922016,2020-11-09,42,JM 1st Class,51,JM 1st Class
BRMG020009082015,2015-03-17,11,Chief Judicial Magistrate,16,JM 1st Class -cum- AM 4th
BRMG020009082015,2015-11-28,NA,NA,45,ACJM 3rd
BRMG020009082015,2017-09-23,NA,NA,24,ACJM 4th
BRMG020009082015,2019-04-22,24,ACJM 4th,52,JM 2nd Class
BRMG020016092018,2018-06-12,NA,NA,14,S.D.J.M.
BRMG020049512017,2021-04-01,11,Chief Judicial Magistrate,40,JM 1st Class -cum- AM 4th
BRMG020049512017,2022-06-07,40,JM 1st Class,24,ACJM 4th
BRMG020049512017,2022-10-31,24,ACJM 4th,57,JM 1st Class
BRMG020040462016,2020-02-18,24,ACJM 4th,12,ACJM 1st
BRMG020004172019,2019-03-27,11,Chief Judicial Magistrate,37,JM 1st Class
BRMG020022592019,2019-07-18,24,ACJM 4th,49,JM 1st Class
BRMG020022592019,2021-07-23,49,JM 1st Class,40,JM 1st Class -cum- AM 4th
BRMG020022592019,2022-06-08,40,JM 1st Class,24,ACJM 4th
BRMG020022592019,2022-10-30,24,ACJM 4th,57,JM 1st Class
BRMG020022592019,2022-11-09,57,JM 1st Class,50,JM 1st Class
BRMG020019942015,2015-07-06,11,Chief Judicial Magistrate,39,JM 1st Class No.3
BRMG020019942015,2018-11-23,39,JM 1st Class -cum- AM 4th,12,ACJM 1st
BRMG020019942015,2022-11-16,12,ACJM 1st,50,JM 1st Class
BRMG020004142019,2020-09-22,11,Chief Judicial Magistrate,37,JM 1st Class
BRMG020049532017,2021-04-01,11,Chief Judicial Magistrate,40,JM 1st Class -cum- AM 4th
BRMG020049532017,2022-06-07,40,JM 1st Class,24,ACJM 4th
BRMG020049532017,2022-12-11,24,ACJM 4th,57,JM 1st Class
BRMG020010172022,2022-11-13,24,ACJM 4th,57,JM 1st Class
BRMG020010172022,2022-12-04,24,ACJM 4th,57,JM 1st Class
BRMG020010172022,2022-12-12,57,JM 1st Class,24,ACJM 4th
BRMG020010172022,2022-12-16,57,JM 1st Class,24,ACJM 4th
BRMG020027272015,2016-03-02,11,Chief Judicial Magistrate,NA,NA
BRMG020027272015,2016-05-19,NA,NA,42,JM 1st Class No.5
BRMG020027272015,2018-10-04,42,JM 1st Class No.5,27,ACJM 2nd
BRMG020027272015,2019-01-25,27,ACJM 2nd,37,JM 1st Class
BRMG020042032017,2022-10-13,11,Chief Judicial Magistrate,14,S.D.J.M.
BRMG020019252015,2015-06-22,11,Chief Judicial Magistrate,39,JM 1st Class No.3
BRMG020019252015,2020-08-05,39,JM 1st Class -cum- AM 4th,11,Chief Judicial Magistrate
BRMG020018292016,2016-08-09,NA,NA,39,JM 1st Class No.3
BRMG020018292016,2019-05-04,39,JM 1st Class -cum- AM 4th,51,JM 2nd Class
BRMG010041902017,2017-08-24,1,District and Sessions Judge,4,A.D.J. 2nd
BRMG020028932016,2016-11-21,11,Chief Judicial Magistrate,47,JM 2nd Class
BRMG020028932016,2017-04-21,NA,NA,42,JM 1st Class No.5
BRMG020028932016,2020-11-09,42,JM 1st Class,51,JM 1st Class
BRMG020028932016,2022-11-30,51,JM 1st Class,49,JM 1st Class
BRMG020010152022,2022-11-20,24,ACJM 4th,57,JM 1st Class
BRMG020010152022,2022-12-02,57,JM 1st Class,24,ACJM 4th
BRMG020005982016,2016-01-30,11,Chief Judicial Magistrate,42,Judicial Magistrate 2nd Class
BRMG020005982016,2019-04-24,42,JM 1st Class No.5,49,JM 1st Class
BRMG020042162017,2018-12-03,11,Chief Judicial Magistrate,40,JM 1st Class No.4
BRMG020042162017,2022-06-07,40,JM 1st Class,24,ACJM 4th
BRMG020004712015,2015-01-22,11,Chief Judicial Magistrate,16,JM 1st Class -cum- AM 4th
BRMG020004712015,2015-11-28,NA,NA,27,ACJM 2nd
BRMG020004712015,2019-07-04,27,ACJM 2nd,53,JM 2nd Class
BRMG020029592018,2020-12-23,11,Chief Judicial Magistrate,40,JM 1st Class -cum- AM 4th
BRMG020029592018,2022-06-23,40,JM 1st Class,24,ACJM 4th
BRMG020029592018,2022-10-26,24,ACJM 4th,57,JM 1st Class
BRMG020029592018,2022-12-19,57,JM 1st Class,24,ACJM 4th
BRMG020042922019,2020-09-02,11,Chief Judicial Magistrate,52,JM 1st Class
BRMG020016122018,2018-06-12,NA,NA,40,JM 1st Class No.4
BRMG020016122018,2022-06-09,40,JM 1st Class,24,ACJM 4th
BRMG020042442017,2018-12-03,11,Chief Judicial Magistrate,40,JM 1st Class No.4
BRMG020042442017,2022-06-07,40,JM 1st Class,24,ACJM 4th
BRMG020004062019,2020-02-01,11,Chief Judicial Magistrate,37,JM 1st Class
BRMG020004062019,2023-01-13,37,JM 1st Class,11,Chief Judicial Magistrate
BRMG020004062019,2023-01-18,11,Chief Judicial Magistrate,37,JM 1st Class
BRMG020005222015,2015-01-31,NA,NA,16,JM 1st Class -cum- AM 4th
UPBU040159872018,2022-12-15,39,Addl Civil Judge (JD) Court No.7,30,J.M. Ist
UPBU040159852018,2019-07-24,23,A.C.J.M. Court No.2,30,J.M. Ist
UPBU040159852018,2022-12-13,30,J.M. Ist,39,Addl Civil Judge (JD) Court No.7
UPBU040159852018,2022-12-15,39,Addl Civil Judge (JD) Court No.7,30,J.M. Ist
UPBU040142552019,2022-12-13,30,J.M. Ist,39,Addl Civil Judge (JD) Court No.7
UPBU040142552019,2022-12-15,39,Addl Civil Judge (JD) Court No.7,30,J.M. Ist
UPBU040137772017,2018-03-14,30,J.M. Ist,23,A.C.J.M. Court No.2
UPBU040137772017,2019-07-24,23,A.C.J.M. Court No.2,30,J.M. Ist
UPBU040137772017,2022-12-15,30,J.M. Ist,33,Addl. Civil Judge (JD) Court No.3
UPBU040137772017,2022-12-15,33,Addl. Civil Judge (JD) Court No.3,30,J.M. Ist
UPBU040120282015,2018-03-13,30,J.M. Ist,23,A.C.J.M. Court No.2
UPBU040120282015,2019-10-05,23,A.C.J.M. Court No.2,30,J.M. Ist
UPBU040120282015,2022-12-13,30,J.M. Ist,39,Addl Civil Judge (JD) Court No.7
UPBU040120282015,2022-12-15,39,Addl Civil Judge (JD) Court No.7,30,J.M. Ist
UPBU040120252015,2018-03-13,30,J.M. Ist,23,A.C.J.M. Court No.2
UPBU040120252015,2019-07-24,23,A.C.J.M. Court No.2,30,J.M. Ist
UPBU040120252015,2022-12-13,30,J.M. Ist,39,Addl Civil Judge (JD) Court No.7
UPBU040120252015,2022-12-15,39,Addl Civil Judge (JD) Court No.7,30,J.M. Ist
UPBU040159432018,2019-07-24,23,A.C.J.M. Court No.2,30,J.M. Ist
UPBU040159432018,2022-12-13,30,J.M. Ist,39,Addl Civil Judge (JD) Court No.7
UPBU040159432018,2022-12-15,39,Addl Civil Judge (JD) Court No.7,30,J.M. Ist
UPBU040038532015,2018-03-13,30,J.M. Ist,23,A.C.J.M. Court No.2
UPBU040038532015,2019-10-05,23,A.C.J.M. Court No.2,30,J.M. Ist
UPBU040038532015,2022-12-13,30,J.M. Ist,39,Addl Civil Judge (JD) Court No.7
UPBU040038532015,2022-12-15,39,Addl Civil Judge (JD) Court No.7,30,J.M. Ist
UPBU040120262015,2018-03-13,30,J.M. Ist,23,A.C.J.M. Court No.2
UPBU040120262015,2019-11-27,23,A.C.J.M. Court No.2,30,J.M. Ist
UPBU040120262015,2022-12-13,30,J.M. Ist,39,Addl Civil Judge (JD) Court No.7
UPBU040120262015,2022-12-15,39,Addl Civil Judge (JD) Court No.7,30,J.M. Ist
UPBU040159892018,2019-07-24,23,A.C.J.M. Court No.2,30,J.M. Ist
UPBU040159892018,2022-12-13,30,J.M. Ist,39,Addl Civil Judge (JD) Court No.7
UPBU040159892018,2022-12-15,39,Addl Civil Judge (JD) Court No.7,30,J.M. Ist
UPBU040043912016,2018-03-14,30,J.M. Ist,23,A.C.J.M. Court No.2
UPBU040043912016,2019-07-24,23,A.C.J.M. Court No.2,30,J.M. Ist
UPBU040043912016,2022-12-13,30,J.M. Ist,39,Addl Civil Judge (JD) Court No.7
UPBU040043912016,2022-12-15,39,Addl Civil Judge (JD) Court No.7,30,J.M. Ist
UPBU040159132018,2019-07-24,23,A.C.J.M. Court No.2,30,J.M. Ist
UPBU040159132018,2022-12-15,30,J.M. Ist,33,Addl. Civil Judge (JD) Court No.3
UPBU040159132018,2022-12-15,33,Addl. Civil Judge (JD) Court No.3,30,J.M. Ist
UPBU040120302015,2022-12-13,30,J.M. Ist,39,Addl Civil Judge (JD) Court No.7
UPBU040120302015,2022-12-15,39,Addl Civil Judge (JD) Court No.7,30,J.M. Ist
UPBU040120292015,2018-03-14,30,J.M. Ist,23,A.C.J.M. Court No.2
UPBU040120292015,2019-11-27,23,A.C.J.M. Court No.2,30,J.M. Ist
UPBU040120292015,2022-12-13,30,J.M. Ist,39,Addl Civil Judge (JD) Court No.7
UPBU040159412018,2019-07-24,23,A.C.J.M. Court No.2,30,J.M. Ist
UPBU040159412018,2022-12-13,30,J.M. Ist,39,Addl Civil Judge (JD) Court No.7
UPBU040159412018,2022-12-15,39,Addl Civil Judge (JD) Court No.7,30,J.M. Ist
UPBU040120272015,2018-03-14,30,J.M. Ist,23,A.C.J.M. Court No.2
UPBU040120272015,2019-11-27,23,A.C.J.M. Court No.2,30,J.M. Ist
UPBU040120272015,2022-12-13,30,J.M. Ist,39,Addl Civil Judge (JD) Court No.7
UPBU040028432020,2022-12-15,30,J.M. Ist,33,Addl. Civil Judge (JD) Court No.3
UPBU040028432020,2022-12-15,33,Addl. Civil Judge (JD) Court No.3,30,J.M. Ist
UPBU040159172018,2018-12-03,20,C.J.M.,23,A.C.J.M. Court No.2
UPBU040043872016,2018-03-13,30,J.M. Ist,23,A.C.J.M. Court No.2
UPBU040043872016,2019-07-24,23,A.C.J.M. Court No.2,30,J.M. Ist
UPBU040043872016,2022-12-13,30,J.M. Ist,39,Addl Civil Judge (JD) Court No.7
BRMG020004892015,2015-01-23,11,Chief Judicial Magistrate,16,JM 1st Class -cum- AM 4th
BRMG020004892015,2015-09-29,NA,NA,27,ACJM 2nd
BRMG020004892015,2019-11-19,27,ACJM 2nd,42,JM 1st Class
BRMG020004892015,2020-11-09,42,JM 1st Class,50,JM 1st Class
BRMG020033202015,2016-01-02,11,Chief Judicial Magistrate,45,ACJM 3rd
BRMG020009102015,2015-03-17,11,Chief Judicial Magistrate,16,JM 1st Class -cum- AM 4th
BRMG020009102015,2015-11-28,NA,NA,45,ACJM 3rd
BRMG020009102015,2017-11-30,NA,NA,24,ACJM 4th
BRMG020009102015,2022-04-26,24,ACJM 4th,14,S.D.J.M.
BRMG020033192015,2016-01-02,11,Chief Judicial Magistrate,40,JM 1st Class No.4
BRMG020033192015,2022-05-31,24,ACJM 4th,49,JM 1st Class
BRMG020033192015,2022-06-07,40,JM 1st Class,24,ACJM 4th
BRMG020021602015,2015-07-25,NA,NA,40,JM 1st Class No.4
BRMG020004692015,2015-01-22,11,Chief Judicial Magistrate,21,JM 1st Class -cum- AM 3rd
BRMG020004692015,2015-10-03,NA,NA,27,ACJM 2nd
BRMG020004692015,2019-02-23,27,ACJM 2nd,37,JM 1st Class
BRMG020021562019,2019-10-03,11,Chief Judicial Magistrate,37,JM 1st Class
BRMG020028922016,2016-11-21,11,Chief Judicial Magistrate,47,JM 2nd Class
BRMG020028922016,2017-04-21,NA,NA,42,JM 1st Class No.5
UPCD040036252019,2022-10-10,3,Judicial Magistrate - I,4,ACJM/Civil Judge Senior Division
UPCD010017622021,2021-08-19,10,Additional District and Sessions Judge / POCSO Act,9,Additional District and Sessions Judge / POCSO Act
UPCD010017642021,2021-08-19,10,Additional District and Sessions Judge / POCSO Act,9,Additional District and Sessions Judge / POCSO Act
UPMO040285202020,2021-06-23,22,Chief Judicial Magistrate,28,A.C.J.M. -4
UPMO040285202020,2021-09-22,28,A.C.J.M. -4,22,Chief Judicial Magistrate
UPMO010042762021,2021-07-07,1,"District and Sessions Judge, Moradabad",5,"Additional District and Sessions Judge Court No. 3, Moradabad"
UPMO040393022017,2022-08-23,36,Judicial Magistrate,24,A.C.J.M. -1
UPMO010043232021,2021-07-08,1,"District and Sessions Judge, Moradabad",5,"Additional District and Sessions Judge Court No. 3, Moradabad"
UPMO010042392021,2021-07-05,1,"District and Sessions Judge, Moradabad",5,"Additional District and Sessions Judge Court No. 3, Moradabad"
UPMO050024272016,2017-05-10,31,Civil Judge Sr. Div. Moradabad,NA,CHIEF JUDICIAL MAGISTRATE MORADABAD
UPMO040470902022,2022-07-29,36,Judicial Magistrate,24,A.C.J.M. -1
UPBU040043872016,2022-12-15,39,Addl Civil Judge (JD) Court No.7,30,J.M. Ist
UPBU040109342016,2018-03-14,30,J.M. Ist,23,A.C.J.M. Court No.2
UPBU040109342016,2019-07-24,23,A.C.J.M. Court No.2,30,J.M. Ist
UPBU040109342016,2022-12-15,30,J.M. Ist,33,Addl. Civil Judge (JD) Court No.3
UPBU040109342016,2022-12-15,33,Addl. Civil Judge (JD) Court No.3,30,J.M. Ist
UPBU040159192018,2019-10-05,23,A.C.J.M. Court No.2,30,J.M. Ist
BRMG020028922016,2022-10-02,51,JM 1st Class,50,JM 1st Class
BRMG010009512016,2016-05-04,1,District and Sessions Judge,9,A.D.J. 3rd
BRMG010009512016,2018-03-07,9,A.D.J. 3rd,36,A.D.J. 5th
BRMG010009512016,2019-12-17,36,ADJ Vth,38,A.D.J. 4th
BRMG010009512016,2022-12-24,38,A.D.J. 4th,9,A.D.J. 2nd
BRMG020007622015,2015-02-28,11,Chief Judicial Magistrate,16,JM 1st Class -cum- AM 4th
BRMG020007622015,2015-10-07,NA,NA,27,ACJM 2nd
BRMG020007622015,2019-02-23,27,ACJM 2nd,37,JM 1st Class
BRMG020041412019,2022-01-31,24,ACJM 4th,53,JM 1st Class
BRMG020032402019,2020-01-07,11,Chief Judicial Magistrate,53,JM 1st Class
BRMG020032402019,2021-11-16,53,JM 1st Class,56,JM 2nd Class
BRMG020032402019,2022-06-30,NA,NA,50,JM 1st Class
BRAR020054402017,2017-12-16,5,CJM,13,Judicial Magistrate 1st Class cum AM-1
BRAR020019052018,2019-05-28,5,CJM,8,SDJM
BRAR020019052018,2022-09-07,8,SDJM,40,Judicial Magistrate 1st Class cum AM-1
BRAR020051082015,2022-07-28,8,SDJM,42,Judicial Magistrate 1st Class cum AM-1
BRAR020045562016,2022-09-07,8,SDJM,42,Judicial Magistrate 1st Class cum AM-1
BRAR020054432017,2018-01-16,5,CJM,22,Judicial Magistrate 1st Class
BRAR020054432017,2020-01-13,22,Judicial Magistrate 1st Class,29,Sub Judge-VII cum A.C.J.M-VI
BRAR020054432017,2021-06-24,29,Sub Judge-VII cum A.C.J.M-VI,28,Sub Judge-VI cum A.C.J.M-V
BRAR020033772018,2019-03-12,19,CJM DIVISION,NA,DJ DIVISION
BRAR020029012017,2017-09-07,5,CJM,14,Judicial Magistrate 1st Class
BRAR020029012017,2017-11-02,14,Judicial Magistrate 1st Class,22,Judicial Magistrate 1st Class
BRAR020029012017,2018-01-16,22,Judicial Magistrate 1st Class,5,CJM
BRAR020029012017,2018-05-19,5,CJM,22,Judicial Magistrate 1st Class
BRAR020029012017,2019-12-23,22,Judicial Magistrate 1st Class,29,Sub Judge-VII cum A.C.J.M-VI
BRAR020029012017,2021-06-28,29,Sub Judge-VII cum A.C.J.M-VI,28,Sub Judge-VI cum A.C.J.M-V
BRAR020029012017,2021-08-03,28,Sub Judge-VI cum A.C.J.M-V,29,Sub Judge-VII cum A.C.J.M-VI
BRAR020029012017,2022-05-30,29,Sub Judge-VII cum A.C.J.M-VI,42,Judicial Magistrate 1st Class cum AM-1
BRAR020031922017,2017-09-07,5,CJM,22,Judicial Magistrate 1st Class
BRAR020031922017,2020-01-13,22,Judicial Magistrate 1st Class,29,Sub Judge-VII cum A.C.J.M-VI
BRAR020031922017,2022-06-04,29,Sub Judge-VII cum A.C.J.M-VI,28,Sub Judge-VI cum A.C.J.M-V
BRAR010017912019,2019-03-16,25,District and Sessions Judge,28,ADJ V
BRAR020045552016,2022-07-27,8,SDJM,42,Judicial Magistrate 1st Class cum AM-1
BRAR010006712021,2021-06-23,25,District and Sessions Judge,30,ADJ VII
BRAR010006712021,2021-09-28,30,ADJ VII,27,ADJ IV
BRAR010006712021,2022-10-10,27,ADJ IV,22,ADJ II
BRAR020043962015,2017-11-28,24,Sub Judge-III cum A.C.J.M-II,5,CJM
BRAR020043962015,2018-02-02,24,Sub Judge-III cum A.C.J.M-II,22,Judicial Magistrate 1st Class
BRAR020043962015,2019-12-24,22,Judicial Magistrate 1st Class,29,Sub Judge-VII cum A.C.J.M-VI
BRAR020043962015,2021-06-28,29,Sub Judge-VII cum A.C.J.M-VI,28,Sub Judge-VI cum A.C.J.M-V
BRAR020064572016,2021-10-22,29,Sub Judge-VII cum A.C.J.M-VI,38,Judicial Magistrate IInd Class
BRAR020072612017,2018-11-16,5,CJM,22,Judicial Magistrate 1st Class
BRAR020072612017,2019-12-24,22,Judicial Magistrate 1st Class,29,Sub Judge-VII cum A.C.J.M-VI
BRAR020072612017,2021-06-28,29,Sub Judge-VII cum A.C.J.M-VI,28,Sub Judge-VI cum A.C.J.M-V
BRAR020051222015,2022-07-27,8,SDJM,42,Judicial Magistrate 1st Class cum AM-1
BRAR020045032016,2022-07-27,8,SDJM,42,Judicial Magistrate 1st Class cum AM-1
BRAR020054382017,2018-01-23,5,CJM,22,Judicial Magistrate 1st Class
BRAR020048482017,2017-08-29,5,CJM,14,Judicial Magistrate 1st Class
BRAR020048482017,2017-12-05,14,Judicial Magistrate 1st Class,5,CJM
BRAR020050752016,2021-12-11,8,SDJM,28,Sub Judge-VI cum A.C.J.M-V
BRAR020045262016,2019-08-05,29,Sub Judge-VII cum A.C.J.M-VI,14,Judicial Magistrate 1st Class
BRAR020045262016,2020-01-16,14,Judicial Magistrate 1st Class,29,Sub Judge-VII cum A.C.J.M-VI
BRAR020045262016,2021-06-25,29,Sub Judge-VII cum A.C.J.M-VI,28,Sub Judge-VI cum A.C.J.M-V
BRAR020019402018,2019-02-07,5,CJM,13,Judicial Magistrate 1st Class cum AM-1
BRAR020045632016,2022-07-27,8,SDJM,42,Judicial Magistrate 1st Class cum AM-1
BRAR020051142015,2022-08-26,8,SDJM,42,Judicial Magistrate 1st Class cum AM-1
BRAR020041382016,2019-09-06,NA,NA,14,Judicial Magistrate 1st Class
BRAR020041382016,2020-01-09,14,Judicial Magistrate 1st Class,29,Sub Judge-VII cum A.C.J.M-VI
BRAR020041382016,2021-06-26,29,Sub Judge-VII cum A.C.J.M-VI,28,Sub Judge-VI cum A.C.J.M-V
BRAR020059042016,2020-02-14,22,Judicial Magistrate 1st Class,29,Sub Judge-VII cum A.C.J.M-VI
BRAR020059042016,2021-06-26,29,Sub Judge-VII cum A.C.J.M-VI,28,Sub Judge-VI cum A.C.J.M-V
BRAR020045622016,2022-07-27,8,SDJM,42,Judicial Magistrate 1st Class cum AM-1
BRAR020071552019,2020-04-17,5,CJM,29,Sub Judge-VII cum A.C.J.M-VI
BRAR020071552019,2022-05-12,29,Sub Judge-VII cum A.C.J.M-VI,34,Judicial Magistrate 1st Class cum AM-1
BRAR020032362019,2021-03-02,5,CJM,28,Sub Judge-VI cum A.C.J.M-V
BRAR020063922017,2018-01-08,5,CJM,22,Judicial Magistrate 1st Class
BRAR020063922017,2020-01-13,22,Judicial Magistrate 1st Class,29,Sub Judge-VII cum A.C.J.M-VI
BRAR020063922017,2021-10-22,29,Sub Judge-VII cum A.C.J.M-VI,38,Judicial Magistrate IInd Class
BRAR020045602016,2022-07-28,8,SDJM,42,Judicial Magistrate 1st Class cum AM-1
BRAR020045612016,2022-07-27,8,SDJM,42,Judicial Magistrate 1st Class cum AM-1
BRAR020061482019,2019-10-01,5,CJM,28,Sub Judge-VI cum A.C.J.M-V
BRAR020061482019,2020-04-27,28,Sub Judge-VI cum A.C.J.M-V,25,Sub Judge-IV cum A.C.J.M-III
BRAR020061482019,2022-06-16,25,Sub Judge-IV cum A.C.J.M-III,41,Judicial Magistrate 1st Class cum AM-1
BRAR020061482019,2022-06-16,41,Judicial Magistrate 1st Class cum AM-1,25,Sub Judge-IV cum A.C.J.M-III
BRAR020061482019,2022-07-15,25,Sub Judge-IV cum A.C.J.M-III,41,Judicial Magistrate 1st Class cum AM-1
BRAR020051042015,2022-07-28,8,SDJM,42,Judicial Magistrate 1st Class cum AM-1
BRAR020008072020,2020-02-14,5,CJM,29,Sub Judge-VII cum A.C.J.M-VI
BRAR020008072020,2022-05-12,29,Sub Judge-VII cum A.C.J.M-VI,34,Judicial Magistrate 1st Class cum AM-1
BRAR020051002015,2022-07-27,8,SDJM,42,Judicial Magistrate 1st Class cum AM-1
BRAR010011912019,2019-02-16,25,District and Sessions Judge,27,ADJ IV
BRAR020025862022,2022-06-20,29,Sub Judge-VII cum A.C.J.M-VI,8,SDJM
BRAR020019012017,2017-05-24,5,CJM,14,Judicial Magistrate 1st Class
BRAR020019012017,2017-11-28,14,Judicial Magistrate 1st Class,8,SDJM
BRAR010032722019,2019-05-22,25,District and Sessions Judge,22,ADJ II
BRAR020015862017,2017-05-19,5,CJM,14,Judicial Magistrate 1st Class
BRAR020015862017,2018-04-09,NA,NA,22,Judicial Magistrate 1st Class
BRAR020015862017,2020-02-05,22,Judicial Magistrate 1st Class,29,Sub Judge-VII cum A.C.J.M-VI
BRAR020015862017,2022-05-25,29,Sub Judge-VII cum A.C.J.M-VI,38,Judicial Magistrate 1st Class cum AM-1
BRAR020053222020,2021-01-04,5,CJM,33,Judicial Magistrate Ist Class
BRAR020053222020,2021-01-28,33,CJM DIVISION,NA,DJ DIVISION
BRAR020005602022,2022-06-01,5,CJM,8,SDJM
BRAR020051062015,2022-07-27,8,SDJM,42,Judicial Magistrate 1st Class cum AM-1
BRAR020033202018,2018-09-10,5,CJM,13,Judicial Magistrate 1st Class cum AM-1
BRAR020063192017,2018-01-19,5,CJM,13,Judicial Magistrate 1st Class cum AM-1
BRAR010034182018,2018-07-21,25,District and Sessions Judge,3,st ADJ
BRAR020045172016,2019-09-06,NA,NA,14,Judicial Magistrate 1st Class
BRAR020045172016,2020-02-13,14,Judicial Magistrate 1st Class,29,Sub Judge-VII cum A.C.J.M-VI
BRAR020045172016,2021-06-25,29,Sub Judge-VII cum A.C.J.M-VI,28,Sub Judge-VI cum A.C.J.M-V
BRAR020043242015,2022-07-27,8,SDJM,42,Judicial Magistrate 1st Class cum AM-1
BRAR020050972015,2022-07-27,8,SDJM,42,Judicial Magistrate 1st Class cum AM-1
BRAR020053322018,2019-09-05,NA,NA,19,Sub Judge-I cum A.C.J.M-I
BRAR020019412018,2019-05-22,5,CJM,13,Judicial Magistrate 1st Class cum AM-I
BRAR020005402019,2020-09-18,5,CJM,33,Judicial Magistrate Ist Class
BRAR020020562019,2019-04-08,5,CJM,19,Sub Judge-I cum A.C.J.M-I
BRAR020020562019,2020-01-07,19,Sub Judge-I cum A.C.J.M-I,29,Sub Judge-VII cum A.C.J.M-VI
BRAR020020562019,2021-07-14,29,Sub Judge-VII cum A.C.J.M-VI,28,Sub Judge-VI cum A.C.J.M-V
BRAR020072622017,2018-03-27,5,CJM,13,Judicial Magistrate 1st Class cum AM-1
BRAR020051032015,2022-07-28,8,SDJM,42,Judicial Magistrate 1st Class cum AM-1
BRAR020057532015,2020-07-24,28,Sub Judge-VI cum A.C.J.M-V,25,Sub Judge-IV cum A.C.J.M-III
BRAR020057532015,2022-07-04,25,Sub Judge-IV cum A.C.J.M-III,34,Judicial Magistrate 1st Class cum AM-1
BRAR020051252015,2022-08-01,8,SDJM,42,Judicial Magistrate 1st Class cum AM-1
BRMB110002432019,2022-02-28,9,A.C.J.M-III,8,A.C.J.M-II
BRMB110002432019,2022-08-31,8,A.C.J.M-II,7,J.M.Ist class
BRMB210008292016,2020-02-28,3,Judicial Magistrate 1st  Class-I,6,A.C.J.M-III
BRMB210008292016,2022-02-02,6,A.C.J.M-III,2,S.D.J.M.
BRMB210003872016,2020-02-26,3,Judicial Magistrate 1st  Class-I,6,A.C.J.M-III
BRMB210003872016,2022-02-02,6,A.C.J.M-III,2,S.D.J.M.
BRMB010047582022,2022-09-13,1,District and Sessions Judge,3,st A.D.J.-Cum-Spcl. Judge(MLA/MP)
BRMB020021762018,2021-11-29,8,C.J.M.,29,nd A.C.J.M.
BRMB020021762018,2022-07-20,29,nd A.C.J.M.,9,st A.C.J.M.
BRMB210009072016,2019-03-05,1,Addl. Chief Judicial Magistrate -I,4,Judicial Magistrate 1st  Class-II
BRMB210009072016,2019-11-21,4,Judicial Magistrate 1st  Class-II,2,S.D.J.M.
BRMB020027882018,2019-05-21,8,C.J.M.,18,J.M. 2nd Class-I
BRMB020027882018,2019-12-18,NA,NA,28,J.M. 1st  Class-III
BRMB020027882018,2022-07-27,28,J.M. 1st  Class-III,26,J.M. 1st Class-VI
BRMB210004622018,2020-01-11,1,Addl. Chief Judicial Magistrate -I,6,A.C.J.M-III
BRMB210004622018,2022-02-02,6,A.C.J.M-III,2,S.D.J.M.
BRMB100000932015,2015-02-10,1,JJPDJ,NA,CJM Division
BRMB020042332015,2021-01-06,31,th A.C.J.M.,27,J.M. 1st Class-II
BRMB210007152016,2020-02-06,3,Judicial Magistrate 1st  Class-I,6,A.C.J.M-III
BRMB210007152016,2022-02-02,6,A.C.J.M-III,2,S.D.J.M.
BRMB210008552021,2022-05-13,1,A.C.J.M-I,8,Judicial Magistrate 1st  Class-II
BRMB020027202018,2021-02-18,31,th A.C.J.M.,28,J.M. 1st  Class-III
BRMB020027202018,2022-12-03,28,J.M. 1st  Class-III,23,J.M. 1st Class-I
BRMB020027932018,2019-05-21,8,C.J.M.,19,J.M. 2nd Class-I
BRMB020027932018,2019-12-18,NA,NA,24,JM 1st Class-IV
BRMB020002172016,2016-07-23,8,C.J.M.,12,S.D.J.M.
BRMB020002172016,2018-10-21,12,S.D.J.M.,8,C.J.M.
BRMB020027912018,2019-05-21,8,C.J.M.,22,J.M. 2nd Class-I
BRMB020027912018,2019-12-18,NA,NA,26,J.M. 1st Class-VI
BRMB010049812016,2016-12-23,1,District and Sessions Judge,3,st A.D.J.
BRMB020003652020,2020-02-13,8,C.J.M.,23,J.M. 1st Class-I
BRMB020003652020,2021-07-16,23,J.M. 1st Class-I,9,st A.C.J.M.
BRMB020003652020,2022-06-14,9,st A.C.J.M.,23,J.M. 1st Class-I
BRMB210004602018,2020-01-11,1,Addl. Chief Judicial Magistrate -I,6,A.C.J.M-III
BRMB210004602018,2022-02-02,6,A.C.J.M-III,2,S.D.J.M.
BRMB020042362015,2021-01-29,31,th A.C.J.M.,27,J.M. 1st Class-II
BRMB020036772016,2018-11-24,23,J.M. 1st Class-II,27,J.M. 1st Class-VII
BRMB020036772016,2020-01-20,27,J.M. 1st Class-II,24,JM 1st Class-IV
BRMB020027942018,2019-05-21,8,C.J.M.,19,J.M. 2nd Class-I
BRMB020027942018,2019-12-18,NA,NA,24,JM 1st Class-IV
BRMB100007772018,2022-06-07,11,ADJ I,13,Adj III
BRMB100000922015,2015-02-09,1,JJPDJ,NA,CJM Division
BRMB210003852016,2020-02-26,3,Judicial Magistrate 1st  Class-I,6,A.C.J.M-III
BRMB210003852016,2022-02-02,6,A.C.J.M-III,2,S.D.J.M.
BRMB020042342015,2021-02-02,31,th A.C.J.M.,27,J.M. 1st Class-II
BRMB020021782018,2021-11-29,8,C.J.M.,29,nd A.C.J.M.
BRMB020021782018,2022-07-20,29,nd A.C.J.M.,9,st A.C.J.M.
BRMB010071072019,2020-12-02,15,th A.D.J.,19,th A.D.J.
BRMB010071072019,2022-06-01,19,th A.D.J.,NA,NA
BRMB020042322015,2021-01-06,31,th A.C.J.M.,27,J.M. 1st Class-II
BRMB020042322015,2022-02-15,27,J.M. 1st Class-II,34,JM 2nd Class-II
BRMB020042322015,2022-06-10,34,JM 2nd Class-II,27,J.M. 1st Class-II
UPBB010040702015,2016-05-16,5,"Addl. District &amp; Sessions Judge, Court no.-5",4,"Addl. District & Sessions Judge, Court no.-4"
UPBB010040702015,2017-02-07,4,"Addl. District &amp; Sessions Judge, Court no.-4",1,"Addl. District & Sessions Judge, Court No.-1"
UPBB010040702015,2017-05-17,1,"Addl. District &amp; Sessions Judge, Court No.-1",60,"Addl. District & Sessions Judge, Court no.-6"
UPBB010040702015,2017-07-03,60,"Addl. District &amp; Sessions Judge, Court no.-6",1,"Addl. District & Sessions Judge, Court No.-1"
UPBB010040702015,2017-09-01,1,"Addl. District &amp; Sessions Judge, Court No.-1",60,"Addl. District & Sessions Judge, Court no.-6"
UPBB010040702015,2017-11-23,60,"Addl. District &amp; Sessions Judge, Court no.-6",5,"Addl. District & Sessions Judge, Court no.-5"
UPBB010040702015,2018-04-26,5,"Addl. District &amp; Sessions Judge, Court no.-5",60,"Addl. District & Sessions Judge, Court no.-6"
UPBB010040702015,2018-08-10,60,VIIth Additional District and Sessions Judge,9,VIIIth Additional District and Sessions Judge
UPBB010040702015,2018-10-31,9,"Addl. District and Sessions Judge, FTC C.No-36",1,Ist Additional District and Sessions Judge
UPBB010040702015,2019-04-17,1,"Addl. District &amp; Sessions Judge, Court No.-1",9,"Addl. District & Sessions Judge, Court no.-9"
UPBB010040702015,2019-05-31,9,"Addl. District &amp; Sessions Judge, Court no.-9",4,"Addl. District & Sessions Judge, Court no.-4"
UPBB010040702015,2019-08-08,4,"Addl. District &amp; Sessions Judge, Court no.-4",8,"Addl. District & Sessions Judge, Court no.-8"
UPGB040263062016,2022-12-20,11,ACJM-I,22,Civil Judge (Jr. Div.)/FTC
UPGB040085612018,2022-08-02,NA,NA,18,Addl. Civil Judge (Jr. Div.) C RNo. 5
UPGB060073452017,2018-05-23,14,Civil Judge Junior Division,NA,Chief Judicial Magistrate
UPGB060071312015,2017-05-23,14,Civil Judge Junior Division,NA,Chief Judicial Magistrate
UPGB040268972018,2019-03-31,4,Chief Judicial Magistrate,NA,Civil Judge Senior Division
UPGB040210192017,2017-03-24,2,Chief Judicial Magistrate,15,ACJM-III
UPGB040210192017,2017-09-17,15,ACJM-III,2,Chief Judicial Magistrate
UPHT040018222015,2016-11-11,5,Chief Judicial Magistrate,7,Addl. Chief Judicial Magistrate Court No. 2
UPHT040018222015,2016-12-18,7,Addl. Chief Judicial Magistrate Court No. 2,5,Chief Judicial Magistrate
UPHT040018212015,2016-11-11,5,Chief Judicial Magistrate,7,Addl. Chief Judicial Magistrate Court No. 2
UPHT040018212015,2020-09-26,7,Addl. Chief Judicial Magistrate Court No. 2,12,Civil Judge (Jr.Div.)/FTC
UPHT040052142019,2020-06-24,7,Addl. Chief Judicial Magistrate Court No. 2,10,Civil Judge (Sr. Div.)
UPHT040052142019,2020-09-21,10,Civil Judge (Sr. Div.),7,Addl. Chief Judicial Magistrate Court No. 2
UPMZ040282102022,2023-01-07,22,A.C.J.M. C.NO.1,21,C.J.M.
UPSH060020022019,2020-03-04,29,Civil Judge Junior Division,NA,Chief Judicial Magistrate
UPSH040109632020,2021-08-12,20,"Additional Chief Judicial Magistrate-1 , Court No. 16",27,"Judicial Magistrate- III , Court No. 33"
UPBU040109322016,2018-03-14,30,J.M. Ist,23,A.C.J.M. Court No.2
UPBU040109322016,2019-07-24,23,A.C.J.M. Court No.2,30,J.M. Ist
UPBU040109322016,2022-12-13,30,J.M. Ist,39,Addl Civil Judge (JD) Court No.7
UPBU040109322016,2022-12-15,39,Addl Civil Judge (JD) Court No.7,30,J.M. Ist
UPBU040120332015,2018-03-13,30,J.M. Ist,23,A.C.J.M. Court No.2
UPBU040120332015,2019-11-27,23,A.C.J.M. Court No.2,30,J.M. Ist
UPBU040120332015,2022-12-15,30,J.M. Ist,33,Addl. Civil Judge (JD) Court No.3
UPBU040120332015,2022-12-15,33,Addl. Civil Judge (JD) Court No.3,30,J.M. Ist
UPBU040159902018,2019-07-24,23,A.C.J.M. Court No.2,30,J.M. Ist
UPBU040159902018,2022-12-13,30,J.M. Ist,39,Addl Civil Judge (JD) Court No.7
UPBU040159902018,2022-12-15,39,Addl Civil Judge (JD) Court No.7,30,J.M. Ist
UPBU040159772018,2019-07-24,23,A.C.J.M. Court No.2,30,J.M. Ist
UPBU040159772018,2022-12-13,30,J.M. Ist,39,Addl Civil Judge (JD) Court No.7
UPBU040159772018,2022-12-15,39,Addl Civil Judge (JD) Court No.7,30,J.M. Ist
UPBU040043932016,2018-03-14,30,J.M. Ist,23,A.C.J.M. Court No.2
UPBU040043932016,2019-07-24,23,A.C.J.M. Court No.2,30,J.M. Ist
UPBU040043932016,2022-12-13,30,J.M. Ist,39,Addl Civil Judge (JD) Court No.7
UPBU040043932016,2022-12-15,39,Addl Civil Judge (JD) Court No.7,30,J.M. Ist
BRMB210004782016,2020-01-28,3,Judicial Magistrate 1st  Class-I,6,A.C.J.M-III
BRMB210004782016,2022-02-02,6,A.C.J.M-III,2,S.D.J.M.
BRMB210007592016,2019-03-05,1,Addl. Chief Judicial Magistrate -I,4,Judicial Magistrate 1st  Class-II
BRMB210007132016,2020-01-28,3,Judicial Magistrate 1st  Class-I,6,A.C.J.M-III
BRMB210007132016,2022-02-02,6,A.C.J.M-III,2,S.D.J.M.
BRMB020003222019,2022-08-10,8,C.J.M.,12,S.D.J.M.
BRMB020021752018,2020-02-26,8,C.J.M.,26,J.M. 1st Class-VI
BRMB020021802018,2019-05-21,8,C.J.M.,16,J.M. 2nd Class-I
BRMB020021802018,2019-12-16,16,J.M. 2nd Class-I,23,J.M. 1st Class-II
BRMB020021802018,2022-06-08,23,J.M. 1st Class-I,27,J.M. 1st Class-II
BRMB020042462015,2019-07-09,8,C.J.M.,16,J.M. 2nd Class-I
BRMB020042462015,2019-12-19,NA,NA,23,J.M. 1st Class-I
BRMB110000742016,2020-02-10,1,A.C.J.M-I,8,A.C.J.M-II
BRMB020027892018,2019-05-21,8,C.J.M.,20,J.M. 2nd Class-I
BRMB020027922018,2019-05-21,8,C.J.M.,18,J.M. 2nd Class-I
BRMB020027922018,2019-12-18,NA,NA,28,J.M. 1st  Class-III
BRMB020027922018,2022-09-27,28,J.M. 1st  Class-III,24,JM 1st Class-IV
BRMB020038032016,2018-11-01,23,J.M. 1st Class-II,27,J.M. 1st Class-VII
BRMB020038032016,2020-01-20,27,J.M. 1st Class-II,24,JM 1st Class-IV
BRMB020031622017,2018-12-01,8,C.J.M.,34,J.M. 2nd Class-I
BRMB020031622017,2018-12-21,NA,NA,28,J.M. 1st  Class-III
BRMB020031622017,2020-01-23,28,J.M. 1st  Class-III,26,J.M. 1st Class-VI
BRMB020026322018,2019-05-21,8,C.J.M.,17,J.M. 2nd Class-I
BRMB020026322018,2019-12-18,NA,NA,27,J.M. 1st Class-II
BRMB210002502022,2022-07-01,NA,NA,14,Judicial Magistrate 1st Class-VIII
BRMB020026332018,2019-05-21,8,C.J.M.,16,J.M. 2nd Class-I
BRMB020026332018,2019-12-16,16,J.M. 2nd Class-I,23,J.M. 1st Class-II
BRMB020008922018,2020-02-26,8,C.J.M.,26,J.M. 1st Class-VI
BRMB020019062015,2015-08-18,27,JM 1st Class-IV,NA,NA
BRMB020019062015,2015-10-07,8,C.J.M.,27,JM 1st Class-IV
BRMB020019062015,2017-02-06,27,J.M. 1st Class-VII,NA,NA
BRMB020019062015,2017-04-20,NA,NA,28,J.M. 1st  Class-III
BRMB020019062015,2022-12-09,28,J.M. 1st  Class-III,24,JM 1st Class-IV
BRSU110004952012,2021-01-07,3,Munsif,5,Addl Chief Judicial Magistrate-II
BRSU110004952012,2021-11-01,5,Addl Chief Judicial Magistrate-II,6,J.M.-2nd Class
BRSU020018062022,2022-11-17,6,C.J.M-cum-Sub Judge-II,26,JM-cum-AM
BRSU020026922022,2023-01-10,6,C.J.M-cum-Sub Judge-II,27,JM-cum-AM
BRSU020037952017,2018-02-05,6,C.J.M-cum-Sub Judge-II,17,ACJM-IV-cum-Sub Judge-V
BRSU020037952017,2019-08-30,NA,NA,9,SDJM
BRSU110003352013,2021-01-07,3,Munsif,5,Addl Chief Judicial Magistrate-II
BRSU110003352013,2021-11-01,5,Addl Chief Judicial Magistrate-II,6,J.M.-2nd Class
BRSU110004532012,2021-01-07,3,Munsif,5,Addl Chief Judicial Magistrate-II
BRSU110004532012,2021-11-01,5,Addl Chief Judicial Magistrate-II,6,J.M.-2nd Class
BRSU020021682019,2019-11-25,6,C.J.M-cum-Sub Judge-II,23,J.M.-1st Class
BRSU020021682019,2022-04-29,23,J.M.-1st Class,20,J.M. 1st Class
BRSU020021682019,2022-07-11,20,J.M. 1st Class,26,JM-cum-AM
BRSU020038402014,2019-05-23,16,ACJM-III-cum-Sub Judge-IV,15,J.M. 1st Class
BRSU020038402014,2022-06-29,15,J.M. 1st Class,25,JM-cum-AM
BRSU110001662009,2021-01-07,3,Munsif,5,Addl Chief Judicial Magistrate-II
BRSU110001662009,2021-11-01,5,Addl Chief Judicial Magistrate-II,6,J.M.-2nd Class
BRSU110004572012,2021-01-07,3,Munsif,5,Addl Chief Judicial Magistrate-II
BRSU110004572012,2021-11-01,5,Addl Chief Judicial Magistrate-II,6,J.M.-2nd Class
BRSU110002072014,2021-01-07,3,Munsif,5,Addl Chief Judicial Magistrate-II
BRSU110002072014,2021-11-01,5,Addl Chief Judicial Magistrate-II,6,J.M.-2nd Class
BRSU020016292019,2019-11-23,6,C.J.M-cum-Sub Judge-II,23,J.M.-1st Class
BRSU110000422007,2019-12-07,3,Munsif-cum-J.M. 1st Class,4,Judicial Magistrate 1st  Class-I
BRSU020037652015,2022-08-04,15,J.M. 1st Class,28,JM-cum-AM
BRSU110001332007,2021-01-07,3,Munsif,5,Addl Chief Judicial Magistrate-II
BRSU110001332007,2021-11-01,5,Addl Chief Judicial Magistrate-II,6,J.M.-2nd Class
BRSU020034332019,2020-05-12,6,C.J.M-cum-Sub Judge-II,23,J.M.-1st Class
BRSU020016202019,2019-09-04,NA,NA,7,Sub Judge-I-cum-ACJM
BRSU020016202019,2020-06-16,7,Sub Judge-I-cum-ACJM,19,ACJM - V
BRSU020037382015,2019-05-23,16,ACJM-III-cum-Sub Judge-IV,15,J.M. 1st Class
BRSU020037382015,2019-07-02,15,J.M. 1st Class,14,ACJM-II-cum-Sub Judge-III
BRSU020037382015,2019-09-13,NA,NA,15,J.M. 1st Class
BRSU110004842012,2021-01-07,3,Munsif,5,Addl Chief Judicial Magistrate-II
BRSU110004842012,2021-11-01,5,Addl Chief Judicial Magistrate-II,6,J.M.-2nd Class
BRSU110004512012,2021-01-07,3,Munsif,5,Addl Chief Judicial Magistrate-II
BRSU110004512012,2021-11-01,5,Addl Chief Judicial Magistrate-II,6,J.M.-2nd Class
BRSU020003272021,2021-08-06,6,C.J.M-cum-Sub Judge-II,19,ACJM - V
BRSU110001652009,2021-01-07,3,Munsif,5,Addl Chief Judicial Magistrate-II
BRSU110001652009,2021-11-01,5,Addl Chief Judicial Magistrate-II,6,J.M.-2nd Class
BRSU020037452015,2019-09-30,NA,NA,9,SDJM
BRSU020030192020,2021-08-06,6,C.J.M-cum-Sub Judge-II,19,ACJM - V
BRSU020007332021,2021-03-23,6,C.J.M-cum-Sub Judge-II,7,Sub Judge-I-cum-ACJM
BRSU020025742019,2019-09-04,6,C.J.M-cum-Sub Judge-II,21,ACJM-VI cum SubJudge-VII
BRJE010000652018,2018-05-09,1,District and Sessions Judge,3,Addl. District and Sessions Judge-I
BRJE010000682018,2018-05-09,1,District and Sessions Judge,3,Addl. District and Sessions Judge-I
BRJE020010602022,2022-11-18,11,Addl. Chief Judicial Magistrate -III,4,S.D.J.M.
BRJE020009772019,2022-09-19,1,Chief Judicial Magistrate,11,Addl. Chief Judicial Magistrate -III
BRJE020009772019,2022-11-23,11,Addl. Chief Judicial Magistrate -III,4,S.D.J.M.
BRJE010001862018,2018-05-14,1,District and Sessions Judge,3,Addl. District and Sessions Judge-I
BRJE110011002017,2020-07-03,1,Chief Judicial Magistrate,7,Addl. Chief Judicial Magistrate -III
BRJE110011002017,2022-11-28,7,Addl. Chief Judicial Magistrate -III,5,Judicial Magistrate 1st  Class-I
BRJE010003502018,2018-05-28,1,District and Sessions Judge,3,Addl. District and Sessions Judge-I
BRJE010001742018,2018-05-11,1,District and Sessions Judge,NA,NA
BRJE110007342016,2020-01-15,2,Addl. Chief Judicial Magistrate -I,7,Addl. Chief Judicial Magistrate -III
BRJE110007342016,2022-11-29,7,Addl. Chief Judicial Magistrate -III,4,S.D.J.M.
BRJE010012762019,2019-04-08,1,District and Sessions Judge,4,Addl. District and Sessions Judge-II
UPBU040159192018,2022-12-15,30,J.M. Ist,33,Addl. Civil Judge (JD) Court No.3
UPBU040159192018,2022-12-15,33,Addl. Civil Judge (JD) Court No.3,30,J.M. Ist
UPBU040142572019,2022-12-13,30,J.M. Ist,39,Addl Civil Judge (JD) Court No.7
UPBU040142572019,2022-12-15,39,Addl Civil Judge (JD) Court No.7,30,J.M. Ist
UPBU040109242016,2018-03-14,30,J.M. Ist,23,A.C.J.M. Court No.2
UPBU040109242016,2019-07-24,23,A.C.J.M. Court No.2,30,J.M. Ist
BRLA020010792018,2019-09-30,1,CJM,13,SDJM
BRLA020010792018,2020-09-19,13,JM 1,4,SDJM
BRLA020004112021,2022-07-02,1,CJM,16,JM 1
BRLA020010732018,2019-08-27,1,CJM,15,JM-2nd Class
BRLA020010732018,2019-12-17,15,JM-2nd Class,16,JM 1
UPBU040109242016,2022-12-13,30,J.M. Ist,39,Addl Civil Judge (JD) Court No.7
UPBU040109242016,2022-12-15,39,Addl Civil Judge (JD) Court No.7,30,J.M. Ist
UPBU040159142018,2019-07-24,23,A.C.J.M. Court No.2,30,J.M. Ist
UPBU040159142018,2022-12-15,30,J.M. Ist,33,Addl. Civil Judge (JD) Court No.3
UPBU040159142018,2022-12-15,33,Addl. Civil Judge (JD) Court No.3,30,J.M. Ist
UPBU040159462018,2019-10-05,23,A.C.J.M. Court No.2,30,J.M. Ist
UPBU040159462018,2022-06-01,30,J.M. Ist,36,Civil Judge (JD) Court No.1
UPBU040159462018,2022-07-01,36,Civil Judge (JD) Court No.1,30,J.M. Ist
UPBU040159462018,2022-12-13,30,J.M. Ist,39,Addl Civil Judge (JD) Court No.7
UPBU040159462018,2022-12-15,39,Addl Civil Judge (JD) Court No.7,30,J.M. Ist
UPBU040159242018,2019-11-27,23,A.C.J.M. Court No.2,30,J.M. Ist
UPBU040159242018,2022-12-15,30,J.M. Ist,33,Addl. Civil Judge (JD) Court No.3
UPBU040159202018,2019-07-24,23,A.C.J.M. Court No.2,30,J.M. Ist
UPBU040159202018,2022-12-13,30,J.M. Ist,39,Addl Civil Judge (JD) Court No.7
UPBU040159202018,2022-12-15,39,Addl Civil Judge (JD) Court No.7,30,J.M. Ist
UPBU040032702019,2019-10-05,23,A.C.J.M. Court No.2,30,J.M. Ist
UPBU040032702019,2022-12-13,30,J.M. Ist,39,Addl Civil Judge (JD) Court No.7
UPBU040032702019,2022-12-15,39,Addl Civil Judge (JD) Court No.7,30,J.M. Ist
UPBU040109262016,2018-03-14,30,J.M. Ist,23,A.C.J.M. Court No.2
UPBU040109262016,2019-07-24,23,A.C.J.M. Court No.2,30,J.M. Ist
UPBU040109262016,2022-12-13,30,J.M. Ist,39,Addl Civil Judge (JD) Court No.7
UPBU040109262016,2022-12-15,39,Addl Civil Judge (JD) Court No.7,30,J.M. Ist
UPBU040120232015,2018-03-14,30,J.M. Ist,23,A.C.J.M. Court No.2
UPBU040120232015,2019-11-20,23,A.C.J.M. Court No.2,30,J.M. Ist
UPBU040120232015,2022-12-13,30,J.M. Ist,39,Addl Civil Judge (JD) Court No.7
UPBU040109352016,2018-03-14,30,J.M. Ist,23,A.C.J.M. Court No.2
UPBU040109352016,2019-11-27,23,A.C.J.M. Court No.2,30,J.M. Ist
UPBU040109352016,2022-12-13,30,J.M. Ist,39,Addl Civil Judge (JD) Court No.7
UPBU040043922016,2018-03-14,30,J.M. Ist,23,A.C.J.M. Court No.2
UPBU040043922016,2019-11-27,23,A.C.J.M. Court No.2,30,J.M. Ist
UPBU040043922016,2022-12-13,30,J.M. Ist,39,Addl Civil Judge (JD) Court No.7
UPBU040159222018,2019-07-24,23,A.C.J.M. Court No.2,30,J.M. Ist
UPBU040159222018,2022-12-15,30,J.M. Ist,33,Addl. Civil Judge (JD) Court No.3
UPBU040159222018,2022-12-15,33,Addl. Civil Judge (JD) Court No.3,30,J.M. Ist
UPKN040175522018,2019-01-07,45,Metropolitan Magistrate - I,27,Chief Metropolitan Magistrate
UPKN040302142017,2019-08-06,45,Metropolitan Magistrate - I,27,Chief Metropolitan Magistrate
BRST020072622016,2022-09-21,16,IC Sub-Judge V Cum A.C.J.M.,36,J.M.Ist class
UPKN040175782018,2019-02-13,45,Metropolitan Magistrate - I,27,Chief Metropolitan Magistrate
BRST010010842015,2015-04-01,1,District and Sessions Judge,8,A.D.J. II
UPBU040137172017,2018-03-14,30,J.M. Ist,23,A.C.J.M. Court No.2
UPBU040137172017,2019-07-24,23,A.C.J.M. Court No.2,30,J.M. Ist
UPBU040137172017,2022-12-13,30,J.M. Ist,39,Addl Civil Judge (JD) Court No.7
UPBU040137172017,2022-12-15,39,Addl Civil Judge (JD) Court No.7,30,J.M. Ist
UPBU040109202016,2018-03-14,30,J.M. Ist,23,A.C.J.M. Court No.2
UPBU040109202016,2019-07-24,23,A.C.J.M. Court No.2,30,J.M. Ist
UPBU040109202016,2022-12-13,30,J.M. Ist,39,Addl Civil Judge (JD) Court No.7
UPBU040109202016,2022-12-15,39,Addl Civil Judge (JD) Court No.7,30,J.M. Ist
UPBU040159802018,2019-07-24,23,A.C.J.M. Court No.2,30,J.M. Ist
UPBU040007652015,2018-03-14,30,J.M. Ist,23,A.C.J.M. Court No.2
UPBU040007652015,2019-07-24,23,A.C.J.M. Court No.2,30,J.M. Ist
UPBU040007652015,2022-12-14,30,J.M. Ist,42,Addl Civil Judge (JD) Court No.9
UPBU040007652015,2022-12-15,42,Addl Civil Judge (JD) Court No.9,30,J.M. Ist
UPBU040109252016,2018-03-14,30,J.M. Ist,23,A.C.J.M. Court No.2
UPBU040109252016,2019-07-24,23,A.C.J.M. Court No.2,30,J.M. Ist
UPBU040109252016,2022-12-13,30,J.M. Ist,39,Addl Civil Judge (JD) Court No.7
UPBU040109252016,2022-12-15,39,Addl Civil Judge (JD) Court No.7,30,J.M. Ist
UPBU040109222016,2018-03-14,30,J.M. Ist,23,A.C.J.M. Court No.2
UPBU040109222016,2019-11-27,23,A.C.J.M. Court No.2,30,J.M. Ist
UPBU040109222016,2022-12-13,30,J.M. Ist,39,Addl Civil Judge (JD) Court No.7
UPBU040109222016,2022-12-15,39,Addl Civil Judge (JD) Court No.7,30,J.M. Ist
UPBU040120322015,2022-12-13,30,J.M. Ist,39,Addl Civil Judge (JD) Court No.7
UPBU040120322015,2022-12-15,39,Addl Civil Judge (JD) Court No.7,30,J.M. Ist
UPBU040137182017,2018-03-14,30,J.M. Ist,23,A.C.J.M. Court No.2
UPBU040137182017,2019-07-24,23,A.C.J.M. Court No.2,30,J.M. Ist
UPBU040137182017,2022-12-13,30,J.M. Ist,39,Addl Civil Judge (JD) Court No.7
UPBU040137182017,2022-12-15,39,Addl Civil Judge (JD) Court No.7,30,J.M. Ist
UPBU040137742017,2018-03-14,30,J.M. Ist,23,A.C.J.M. Court No.2
UPBU040137742017,2019-07-24,23,A.C.J.M. Court No.2,30,J.M. Ist
UPBU040120242015,2018-03-14,30,J.M. Ist,23,A.C.J.M. Court No.2
UPBU040120242015,2019-11-27,23,A.C.J.M. Court No.2,30,J.M. Ist
UPBU040120242015,2022-12-15,30,J.M. Ist,33,Addl. Civil Judge (JD) Court No.3
UPBU040109232016,2018-03-14,30,J.M. Ist,23,A.C.J.M. Court No.2
UPBU040109232016,2019-11-27,23,A.C.J.M. Court No.2,30,J.M. Ist
UPBU040109232016,2022-12-13,30,J.M. Ist,39,Addl Civil Judge (JD) Court No.7
UPBU040007672015,2018-03-14,30,J.M. Ist,23,A.C.J.M. Court No.2
UPBU040007672015,2019-07-24,23,A.C.J.M. Court No.2,30,J.M. Ist
UPBU040007672015,2022-12-14,30,J.M. Ist,42,Addl Civil Judge (JD) Court No.9
UPBU040007672015,2022-12-15,42,Addl Civil Judge (JD) Court No.9,30,J.M. Ist
UPBU040043902016,2018-03-13,30,J.M. Ist,23,A.C.J.M. Court No.2
UPBU040043902016,2019-07-24,23,A.C.J.M. Court No.2,30,J.M. Ist
UPBU040043902016,2022-12-13,30,J.M. Ist,39,Addl Civil Judge (JD) Court No.7
UPBU040043902016,2022-12-15,39,Addl Civil Judge (JD) Court No.7,30,J.M. Ist
UPBU040141622017,2018-03-14,30,J.M. Ist,23,A.C.J.M. Court No.2
UPBU040141622017,2019-07-24,23,A.C.J.M. Court No.2,30,J.M. Ist
UPBU040103822019,2022-12-15,30,J.M. Ist,33,Addl. Civil Judge (JD) Court No.3
UPBU040103822019,2022-12-15,33,Addl. Civil Judge (JD) Court No.3,30,J.M. Ist
UPBU040142582019,2022-12-13,30,J.M. Ist,39,Addl Civil Judge (JD) Court No.7
UPBU040142582019,2022-12-15,39,Addl Civil Judge (JD) Court No.7,30,J.M. Ist
UPBU040159812018,2019-11-26,23,A.C.J.M. Court No.2,30,J.M. Ist
UPBU040159812018,2022-12-13,30,J.M. Ist,39,Addl Civil Judge (JD) Court No.7
UPBU040159792018,2019-07-24,23,A.C.J.M. Court No.2,30,J.M. Ist
UPBU040159792018,2022-12-13,30,J.M. Ist,39,Addl Civil Judge (JD) Court No.7
UPBU040159792018,2022-12-15,39,Addl Civil Judge (JD) Court No.7,30,J.M. Ist
UPBU040109212016,2018-03-13,30,J.M. Ist,23,A.C.J.M. Court No.2
UPBU040109212016,2019-11-26,23,A.C.J.M. Court No.2,30,J.M. Ist
UPBU040109212016,2022-12-13,30,J.M. Ist,39,Addl Civil Judge (JD) Court No.7
UPBU040109212016,2022-12-15,39,Addl Civil Judge (JD) Court No.7,30,J.M. Ist
UPBU040159372018,2019-10-05,23,A.C.J.M. Court No.2,30,J.M. Ist
UPBU040159372018,2022-12-13,30,J.M. Ist,39,Addl Civil Judge (JD) Court No.7
UPBU040159372018,2022-12-15,39,Addl Civil Judge (JD) Court No.7,30,J.M. Ist
UPBU040159122018,2019-10-05,23,A.C.J.M. Court No.2,30,J.M. Ist
UPBU040159122018,2022-12-15,30,J.M. Ist,33,Addl. Civil Judge (JD) Court No.3
UPBU040159122018,2022-12-15,33,Addl. Civil Judge (JD) Court No.3,30,J.M. Ist
UPBU040140242017,2022-12-15,30,J.M. Ist,33,Addl. Civil Judge (JD) Court No.3
UPBU040140242017,2022-12-15,33,Addl. Civil Judge (JD) Court No.3,30,J.M. Ist
BRLA020022592015,2020-02-05,NA,NA,3,ACJM 2nd
BRLA020001552021,2021-02-12,1,CJM,13,JM 1
BRLA020001552021,2022-04-25,NA,NA,2,ACJM 1st
BRLA020001552021,2022-06-27,2,ACJM 1st,17,JM-2nd Class
BRLA020001552021,2022-07-12,17,JM-2nd Class,13,JM 1
BRLA020017202009,2022-03-10,1,CJM,19,JM-2nd Class
BRST110003592016,2022-01-22,2,IC Judicial Magistrate 1st,1,"S.D.J.M., Poopri"
BRST020023072014,2022-05-25,19,IC Sub-Judge-IV-Cum- ACJM,34,J.M. Ist class-cum-Addl. Munsif
BRST010056972020,2020-10-23,1,District and Sessions Judge,17,ADJ XI
BRST020013452009,2017-01-03,15,J.M. Ist class-cum-Addl. Munsif,21,IC Sub-Judge VII Cum A.C.J.M.
BRST020013452009,2017-12-19,21,IC Sub-Judge VII Cum A.C.J.M.,17,Sub-Judge VI Cum A.C.J.M.
BRST020013452009,2018-05-25,17,A.C.J.M. VI,24,J.M.Ist class
BRST020013452009,2018-06-19,24,J.M.Ist class,23,J.M. Ist class-cum-Addl. Munsif
BRST020036202021,2022-08-31,18,IC Sub-Judge VII Cum A.C.J.M.,35,J.M.Ist class
BRST020007962008,2017-01-13,14,J.M. Ist class-cum-Addl. Munsif,19,Sub-Judge IV Cum A.C.J.M.
BRST020025702014,2022-05-26,19,IC Sub-Judge-IV-Cum- ACJM,34,J.M. Ist class-cum-Addl. Munsif
BRST020024902014,2017-02-23,14,J.M. Ist class-cum-Addl. Munsif,18,ACJM-cum-Sub Judge III
BRST020024902014,2017-05-26,18,ACJM-cum-Sub Judge III,23,J.M. Ist class-cum-Addl. Munsif
BRST020010862009,2017-04-15,11,J.M. Ist class-cum-Addl. Munsif,20,J.M.Ist class
BRST020010862009,2017-06-09,20,J.M.Ist class-cum-Addl.Munsif V,24,J.M.Ist class
BRST020010862009,2017-11-03,24,J.M.Ist class,23,J.M. Ist class-cum-Addl. Munsif
BRST020010862009,2017-11-03,23,J.M. Ist class-cum-Addl. Munsif,8,"S.D.J.M., Sadar"
BRST110001712020,2022-07-27,2,IC Judicial Magistrate 1st,3,Judicial Magistrate 1st class Cum Addl. Munsif-I
BRST020093412017,2022-07-19,18,IC Sub-Judge VII Cum A.C.J.M.,39,J.M.Ist class
BRST020022402012,2022-05-26,5,C.J.M.-cum-Sub Judge-II-cum-A.S.J.-I,NA,NA
BRST010015582015,2015-04-25,1,District and Sessions Judge,2,A.D.J.-I-cum-Spl. Judge
BRST020018142011,2022-05-24,19,IC Sub-Judge-IV-Cum- ACJM,34,J.M. Ist class-cum-Addl. Munsif
BRST010036172016,2016-08-24,1,District and Sessions Judge,2,A.D.J.-I-cum-Spl. Judge
BRST010036172016,2019-01-24,2,A.D.J.-I-cum-Spl. Judge,11,A.D.J. V
BRST010036172016,2019-01-24,11,A.D.J. V,2,A.D.J.-I-cum-Spl. Judge
BRST010036172016,2019-05-24,2,A.D.J.-I-cum-Spl. Judge,11,A.D.J. V
BRST010036172016,2021-03-31,11,A.D.J. V,9,A.D.J. III
BRST010036172016,2021-07-06,9,A.D.J. III,11,A.D.J. V
BRST010036172016,2022-08-01,11,IC A.D.J. V,8,Exclusive Special Excise Court No- 01
BRST020018122015,2017-06-15,20,J.M.Ist class-cum-Addl.Munsif V,24,J.M.Ist class
BRST020018122015,2017-11-03,24,J.M.Ist class,23,J.M. Ist class-cum-Addl. Munsif
BRST020018122015,2017-11-29,23,J.M. Ist class-cum-Addl. Munsif,6,A.C.J.M.-cum-Sub Judge-I-cum-A.S.J.-II
UPKN040043282018,2018-04-22,27,Chief Metropolitan Magistrate,69,Addl. Judge Small Causes Court - II
UPKN040043282018,2018-05-18,69,Addl. Judge Small Causes Court - II,27,Chief Metropolitan Magistrate
UPKN041006932022,2022-09-22,67,Civil Judge Jr. Div.  FTC,31,Addl.Chief Metropolitan Magistrate - I
UPKN040358552019,2022-03-25,29,Special Chief Judicial Magistrate,33,Addl.Chief Metropolitan Magistrate - III
UPKN040358552019,2022-12-01,33,Addl.Chief Metropolitan Magistrate - III,53,Metropolitan Magistrate - VI
UPKN040358552019,2022-12-13,53,Metropolitan Magistrate - VI,41,Addl.Chief Metropolitan Magistrate - VII
UPKN040252182015,2018-04-05,27,Chief Metropolitan Magistrate,52,Metropolitan Magistrate - II
UPKN040278312017,2017-05-18,27,Chief Metropolitan Magistrate,41,Addl.Chief Metropolitan Magistrate - VII
UPKN040278312017,2017-05-20,41,Addl.Chief Metropolitan Magistrate - VII,27,Chief Metropolitan Magistrate
UPKN040043262018,2018-04-22,27,Chief Metropolitan Magistrate,69,Addl. Judge Small Causes Court - II
UPKN040043262018,2018-05-18,69,Addl. Judge Small Causes Court - II,27,Chief Metropolitan Magistrate
UPKN040278342017,2017-05-18,27,Chief Metropolitan Magistrate,41,Addl.Chief Metropolitan Magistrate - VII
UPKN040278342017,2017-05-19,41,Addl.Chief Metropolitan Magistrate - VII,27,Chief Metropolitan Magistrate
UPFD040054952018,2022-08-22,12,Chief Judicial Magistrate(C.J.M.),30,"Civil Judge Junior Division FTC, Firozabad"
UPFD010071712016,2016-08-06,2,"Addl District &amp; Sessions Judge,  Court No.-8",11,"Addl District & Sessions Judge,  Court No.-9"
BRST110004642015,2022-05-17,2,IC Judicial Magistrate 1st,1,"S.D.J.M., Poopri"
BRST020021892012,2020-01-10,5,IC C.J.M.-cum-Sub Judge-II,17,Sub-Judge VI Cum A.C.J.M.
BRST010078562019,2019-12-06,1,District and Sessions Judge,2,A.D.J.-I-cum-Spl. Judge
BRST020023542015,2017-08-11,20,J.M.Ist class-cum-Addl.Munsif V,24,J.M.Ist class
BRST020023542015,2017-11-22,24,J.M.Ist class,16,Sub-Judge V Cum A.C.J.M.
BRST010023532021,2021-03-08,1,District and Sessions Judge,2,A.D.J.-I-cum-Spl. Judge
BRST020021932012,2020-01-29,5,IC C.J.M.-cum-Sub Judge-II,18,IC Sub-Judge VII Cum A.C.J.M.
BRST020026422015,2017-02-23,14,J.M. Ist class-cum-Addl. Munsif,18,ACJM-cum-Sub Judge III
BRST020026422015,2017-05-26,18,ACJM-cum-Sub Judge III,23,J.M. Ist class-cum-Addl. Munsif
BRST020023372014,2019-12-20,19,Sub-Judge IV Cum A.C.J.M.,17,Sub-Judge VI Cum A.C.J.M.
BRST020009762018,2022-04-20,19,IC Sub-Judge-IV-Cum- ACJM,NA,NA
BRST020019612012,2020-01-29,5,IC C.J.M.-cum-Sub Judge-II,18,IC Sub-Judge VII Cum A.C.J.M.
BRST020015642010,2017-01-03,15,J.M. Ist class-cum-Addl. Munsif,21,IC Sub-Judge VII Cum A.C.J.M.
BRST020015642010,2017-12-19,21,IC Sub-Judge VII Cum A.C.J.M.,16,Sub-Judge V Cum A.C.J.M.
BRST020015642010,2022-09-27,16,IC Sub-Judge V Cum A.C.J.M.,34,J.M. Ist class-cum-Addl. Munsif
BRST020014242014,2016-11-30,14,J.M.Ist class-cum-Addl.Munsif II,19,Sub-Judge IV Cum A.C.J.M.
BRST020014242014,2022-05-20,19,IC Sub-Judge-IV-Cum- ACJM,NA,NA
BRST020045512018,2019-08-05,5,C.J.M.-cum-Sub Judge-II-cum-A.S.J.-I,23,J.M. Ist class-cum-Addl. Munsif
BRST020045512018,2022-06-10,23,IC J.M.Ist class,32,J.M. Ist class-cum-Addl. Munsif
BRST010088752021,2021-10-28,1,District and Sessions Judge,11,A.D.J. V
BRST020067662019,2020-03-03,NA,NA,6,A.C.J.M.-cum-Sub Judge-I-cum-A.S.J.-II
BRST020065112016,2022-06-17,19,IC Sub-Judge-IV-Cum- ACJM,34,J.M. Ist class-cum-Addl. Munsif
BRST020028732015,2022-06-17,19,IC Sub-Judge-IV-Cum- ACJM,34,J.M. Ist class-cum-Addl. Munsif
BRST020020612012,2020-02-03,5,IC C.J.M.-cum-Sub Judge-II,18,IC Sub-Judge VII Cum A.C.J.M.
BRST020028812015,2017-01-03,15,J.M. Ist class-cum-Addl. Munsif,21,IC Sub-Judge VII Cum A.C.J.M.
BRST020028812015,2017-09-18,21,IC Sub-Judge VII Cum A.C.J.M.,19,Sub-Judge IV Cum A.C.J.M.
BRST020007792007,2017-01-03,15,J.M. Ist class-cum-Addl. Munsif,21,IC Sub-Judge VII Cum A.C.J.M.
BRST020007792007,2017-09-11,21,IC Sub-Judge VII Cum A.C.J.M.,6,A.C.J.M.-cum-Sub Judge-I-cum-A.S.J.-II
BRST020027452015,2016-02-24,15,J.M.Ist class,16,Sub-Judge V Cum A.C.J.M.
BRST020009772018,2022-09-21,19,IC Sub-Judge-IV-Cum- ACJM,36,J.M.Ist class
BRST010070042021,2021-08-23,1,District and Sessions Judge,18,A.D.J. XII
BRST010015922016,2016-04-13,1,District and Sessions Judge,2,A.D.J.-I-cum-Spl. Judge
BRST010040192019,2019-07-06,1,District and Sessions Judge,13,A.D.J. VII
BRST010036742015,2015-09-02,1,District and Sessions Judge,8,A.D.J. II
BRST020017572017,2017-08-11,20,J.M.Ist class-cum-Addl.Munsif V,24,J.M.Ist class
BRST020017572017,2017-09-19,24,J.M.Ist class,23,J.M. Ist class-cum-Addl. Munsif
BRST020017572017,2019-05-29,23,J.M. Ist class-cum-Addl. Munsif,20,J.M.Ist class
BRST020017572017,2019-11-14,20,IC J.M.Ist class,23,J.M. Ist class-cum-Addl. Munsif
BRST020017572017,2020-02-04,23,J.M. Ist class-cum-Addl. Munsif,18,IC Sub-Judge VII Cum A.C.J.M.
BRST020012152016,2018-05-25,17,A.C.J.M. VI,24,J.M.Ist class
BRST020012152016,2018-06-19,24,J.M.Ist class,23,J.M. Ist class-cum-Addl. Munsif
BRST020012152016,2020-02-07,23,J.M. Ist class-cum-Addl. Munsif,18,IC Sub-Judge VII Cum A.C.J.M.
BRST020012152016,2022-07-28,18,IC Sub-Judge VII Cum A.C.J.M.,39,J.M.Ist class
BRST020020812012,2020-01-10,5,IC C.J.M.-cum-Sub Judge-II,17,Sub-Judge VI Cum A.C.J.M.
BRST020019692012,2020-01-29,5,IC C.J.M.-cum-Sub Judge-II,18,IC Sub-Judge VII Cum A.C.J.M.
BRST020019692012,2022-07-22,18,IC Sub-Judge VII Cum A.C.J.M.,39,J.M.Ist class
BRST020010892009,2016-12-13,11,J.M.Ist class-cum-Addl.Munsif III,23,J.M. Ist class-cum-Addl. Munsif
BRST020010892009,2019-05-22,23,J.M. Ist class-cum-Addl. Munsif,24,J.M.Ist class
BRST020065702016,2022-05-23,19,IC Sub-Judge-IV-Cum- ACJM,34,J.M. Ist class-cum-Addl. Munsif
BRST020016832014,2016-11-30,14,J.M.Ist class-cum-Addl.Munsif II,19,Sub-Judge IV Cum A.C.J.M.
BRST020016832014,2022-05-24,19,IC Sub-Judge-IV-Cum- ACJM,34,J.M. Ist class-cum-Addl. Munsif
BRST020020972014,2018-08-03,5,Criminal Proceeding,NA,DJ Division
BRST010047622015,2015-11-27,1,District and Sessions Judge,9,A.D.J. III
BRST020018282011,2020-01-24,5,IC C.J.M.-cum-Sub Judge-II,18,IC Sub-Judge VII Cum A.C.J.M.
BRST020014452013,2015-07-16,11,J.M.Ist class-cum-Addl.Munsif III,15,J.M.Ist class
BRST020014452013,2017-01-03,15,J.M. Ist class-cum-Addl. Munsif,21,IC Sub-Judge VII Cum A.C.J.M.
BRST020014452013,2017-11-07,21,IC Sub-Judge VII Cum A.C.J.M.,6,A.C.J.M.-cum-Sub Judge-I-cum-A.S.J.-II
BRST020025582015,2017-05-05,6,Criminal Proceeding,NA,DJ Division
BRST020033382018,2020-11-06,5,C.J.M.-cum-Sub Judge-II-cum-A.S.J.-I,24,J.M.Ist class
BRST020024752014,2022-05-23,19,IC Sub-Judge-IV-Cum- ACJM,34,J.M. Ist class-cum-Addl. Munsif
BRST020004302016,2016-02-29,5,C.J.M.-cum-Sub Judge-II-cum-A.S.J.-I,17,Sub-Judge VI Cum A.C.J.M.
BRST020004302016,2018-05-25,17,A.C.J.M. VI,24,J.M.Ist class
BRST020004302016,2018-06-19,24,J.M.Ist class,23,J.M. Ist class-cum-Addl. Munsif
BRST020004302016,2019-06-17,23,J.M. Ist class-cum-Addl. Munsif,20,J.M.Ist class
BRST020004302016,2019-11-11,20,IC J.M.Ist class,23,J.M. Ist class-cum-Addl. Munsif
BRST020022112012,2020-05-08,5,C.J.M.-cum-Sub Judge-II-cum-A.S.J.-I,18,IC Sub-Judge VII Cum A.C.J.M.
BRST020022112012,2022-07-28,18,IC Sub-Judge VII Cum A.C.J.M.,39,J.M.Ist class
BRST110015882018,2022-05-19,2,IC Judicial Magistrate 1st,3,Judicial Magistrate 1st class Cum Addl. Munsif-I
BRST010025902020,2021-07-22,1,District and Sessions Judge,11,A.D.J. V
BRST020012772009,2020-02-12,5,IC C.J.M.-cum-Sub Judge-II,18,IC Sub-Judge VII Cum A.C.J.M.
BRST020012772009,2022-07-18,18,IC Sub-Judge VII Cum A.C.J.M.,39,J.M.Ist class
BRST020065032016,2022-06-20,19,IC Sub-Judge-IV-Cum- ACJM,34,J.M. Ist class-cum-Addl. Munsif
BRST020065032016,2022-06-21,34,J.M. Ist class-cum-Addl. Munsif,19,IC Sub-Judge-IV-Cum- ACJM
BRST020013072009,2017-01-03,15,J.M. Ist class-cum-Addl. Munsif,21,IC Sub-Judge VII Cum A.C.J.M.
BRST020013072009,2017-12-19,21,IC Sub-Judge VII Cum A.C.J.M.,16,Sub-Judge V Cum A.C.J.M.
BRST020021592015,2017-05-31,20,J.M.Ist class-cum-Addl.Munsif V,24,J.M.Ist class
UPFD010067182017,2019-04-18,2,"Addl District &amp; Sessions Judge,  Court No.-8",3,"Addl District & Sessions Judge,  Court No.-1"
UPFD010067182017,2019-08-16,3,"Addl District &amp; Sessions Judge,  Court No.-1",5,"Addl District & Sessions Judge,  Court No.-2"
UPFD010067182017,2020-02-27,5,"Addl District &amp; Sessions Judge,  Court No.-2",NA,NA
UPFD010067182017,2020-03-04,17,Additional District and Session Judge/ Additional POCSO Court No-01 Firozabad,16,"Additional District and Session Judge/ Special Judge, POCSO Act Firozabad"
BRST020018092011,2022-06-09,5,C.J.M.-cum-Sub Judge-II-cum-A.S.J.-I,39,J.M.Ist class
BRST020021592015,2017-11-03,24,J.M.Ist class,23,J.M. Ist class-cum-Addl. Munsif
BRST020021592015,2020-08-27,23,J.M. Ist class-cum-Addl. Munsif,25,J.M. Ist class-cum-Addl. Munsif
BRST020021592015,2021-09-30,25,J.M. Ist class-cum-Addl. Munsif,34,J.M. Ist class-cum-Addl. Munsif
BRST020012862010,2015-07-27,11,J.M.Ist class-cum-Addl.Munsif III,15,J.M.Ist class
BRST020012862010,2017-01-03,15,J.M. Ist class-cum-Addl. Munsif,21,IC Sub-Judge VII Cum A.C.J.M.
BRST020012862010,2017-09-12,21,IC Sub-Judge VII Cum A.C.J.M.,16,Sub-Judge V Cum A.C.J.M.
BRST020012862010,2022-07-14,16,IC Sub-Judge V Cum A.C.J.M.,38,J.M.Ist class
BRST020018782014,2017-06-07,20,J.M.Ist class-cum-Addl.Munsif V,24,J.M.Ist class
BRST020018782014,2017-11-13,24,J.M.Ist class,8,"S.D.J.M., Sadar"
BRST020058722017,2018-07-18,5,C.J.M.-cum-Sub Judge-II-cum-A.S.J.-I,6,A.C.J.M.-cum-Sub Judge-I-cum-A.S.J.-II
BRST020007312014,2019-07-04,5,Criminal Proceeding,NA,DJ Division
BRST020026442015,2017-01-16,14,J.M. Ist class-cum-Addl. Munsif,17,Sub-Judge VI Cum A.C.J.M.
BRST020026442015,2018-05-25,17,A.C.J.M. VI,24,J.M.Ist class
BRST020026442015,2018-06-19,24,J.M.Ist class,23,J.M. Ist class-cum-Addl. Munsif
BRST020026442015,2019-11-15,23,J.M. Ist class-cum-Addl. Munsif,5,C.J.M.-cum-Sub Judge-II-cum-A.S.J.-I
BRST020026442015,2022-06-21,5,C.J.M.-cum-Sub Judge-II-cum-A.S.J.-I,38,J.M.Ist class
BRST020021092012,2017-01-03,15,J.M. Ist class-cum-Addl. Munsif,21,IC Sub-Judge VII Cum A.C.J.M.
BRST020021092012,2017-12-19,21,IC Sub-Judge VII Cum A.C.J.M.,16,Sub-Judge V Cum A.C.J.M.
BRST020021092012,2019-07-15,16,Sub-Judge V Cum A.C.J.M.,25,J.M. Ist class-cum-Addl. Munsif
BRST020021092012,2022-06-17,25,IC J.M.Ist class,33,J.M. Ist class-cum-Addl. Munsif
BRST020004192016,2016-02-29,5,C.J.M.-cum-Sub Judge-II-cum-A.S.J.-I,18,ACJM-cum-Sub Judge III
BRST020004192016,2017-05-26,18,ACJM-cum-Sub Judge III,23,J.M. Ist class-cum-Addl. Munsif
BRST010066512018,2018-08-08,1,District and Sessions Judge,2,A.D.J.-I-cum-Spl. Judge
BRST010066512018,2019-04-26,2,A.D.J.-I-cum-Spl. Judge,13,A.D.J. VII
BRST020022812012,2017-01-03,15,J.M. Ist class-cum-Addl. Munsif,21,IC Sub-Judge VII Cum A.C.J.M.
BRST020022812012,2017-09-14,21,IC Sub-Judge VII Cum A.C.J.M.,6,A.C.J.M.-cum-Sub Judge-I-cum-A.S.J.-II
BRST010032402022,2022-05-28,1,District and Sessions Judge,2,A.D.J.-I-cum-Spl. Judge
BRST020007222007,2017-01-28,14,J.M. Ist class-cum-Addl. Munsif,16,Sub-Judge V Cum A.C.J.M.
BRST010010802016,2016-03-03,1,District and Sessions Judge,2,A.D.J.-I-cum-Spl. Judge
BRST020004272016,2016-02-29,5,C.J.M.-cum-Sub Judge-II-cum-A.S.J.-I,20,J.M.Ist class
BRST020004272016,2017-08-11,20,J.M.Ist class-cum-Addl.Munsif V,24,J.M.Ist class
BRST020004272016,2017-11-03,24,J.M.Ist class,23,J.M. Ist class-cum-Addl. Munsif
BRST020004272016,2019-06-18,23,J.M. Ist class-cum-Addl. Munsif,20,J.M.Ist class
BRST020004272016,2019-11-08,23,J.M. Ist class-cum-Addl. Munsif,19,Sub-Judge IV Cum A.C.J.M.
BRST020004272016,2019-11-14,20,IC J.M.Ist class,23,J.M. Ist class-cum-Addl. Munsif
BRST020004272016,2022-05-28,19,IC Sub-Judge-IV-Cum- ACJM,34,J.M. Ist class-cum-Addl. Munsif
BRST020006862014,2015-07-23,11,J.M.Ist class-cum-Addl.Munsif III,14,J.M.Ist class-cum-Addl.Munsif II
BRST020006862014,2017-01-18,14,J.M. Ist class-cum-Addl. Munsif,17,Sub-Judge VI Cum A.C.J.M.
BRST020006862014,2018-05-25,17,A.C.J.M. VI,24,J.M.Ist class
BRST020006862014,2018-06-19,24,J.M.Ist class,23,J.M. Ist class-cum-Addl. Munsif
BRST020006862014,2022-08-29,23,IC J.M.Ist class,38,J.M.Ist class
BRST020008392008,2020-01-10,5,IC C.J.M.-cum-Sub Judge-II,18,IC Sub-Judge VII Cum A.C.J.M.
BRST010023902017,2018-07-04,1,District and Sessions Judge,2,A.D.J.-I-cum-Spl. Judge
BRST010023902017,2022-07-21,2,A.D.J.-I-cum-Spl. Judge,23,A.D.J. XV
BRST020013432010,2017-04-15,11,J.M. Ist class-cum-Addl. Munsif,20,J.M.Ist class
BRST020013432010,2017-08-11,20,J.M.Ist class-cum-Addl.Munsif V,24,J.M.Ist class
BRST020013432010,2017-11-03,24,J.M.Ist class,23,J.M. Ist class-cum-Addl. Munsif
BRST020013432010,2018-11-29,23,J.M. Ist class-cum-Addl. Munsif,16,Sub-Judge V Cum A.C.J.M.
BRST020013432010,2019-05-10,16,Sub-Judge V Cum A.C.J.M.,24,J.M.Ist class
BRST020022392012,2020-01-10,5,IC C.J.M.-cum-Sub Judge-II,17,Sub-Judge VI Cum A.C.J.M.
BRST020004202016,2016-02-29,5,C.J.M.-cum-Sub Judge-II-cum-A.S.J.-I,15,J.M.Ist class
BRST020004202016,2017-01-03,15,J.M. Ist class-cum-Addl. Munsif,21,IC Sub-Judge VII Cum A.C.J.M.
BRST020004202016,2017-09-20,21,IC Sub-Judge VII Cum A.C.J.M.,16,Sub-Judge V Cum A.C.J.M.
BRST020065602016,2022-05-24,19,IC Sub-Judge-IV-Cum- ACJM,34,J.M. Ist class-cum-Addl. Munsif
BRST020021272012,2017-01-03,15,J.M. Ist class-cum-Addl. Munsif,21,IC Sub-Judge VII Cum A.C.J.M.
BRST020021272012,2017-12-19,21,IC Sub-Judge VII Cum A.C.J.M.,16,Sub-Judge V Cum A.C.J.M.
BRST020021272012,2022-08-17,16,IC Sub-Judge V Cum A.C.J.M.,36,J.M.Ist class
BRST020013852010,2017-04-15,11,J.M. Ist class-cum-Addl. Munsif,20,J.M.Ist class
BRST020013852010,2017-08-11,20,J.M.Ist class-cum-Addl.Munsif V,24,J.M.Ist class
BRST020013852010,2017-11-03,24,J.M.Ist class,23,J.M. Ist class-cum-Addl. Munsif
BRST020013852010,2017-11-13,23,J.M. Ist class-cum-Addl. Munsif,8,"S.D.J.M., Sadar"
BRST020011282009,2016-09-30,14,J.M.Ist class-cum-Addl.Munsif II,19,Sub-Judge IV Cum A.C.J.M.
BRST020011282009,2022-06-06,19,IC Sub-Judge-IV-Cum- ACJM,NA,NA
BRST010068592021,2021-08-17,1,District and Sessions Judge,2,A.D.J.-I-cum-Spl. Judge
BRST020092482017,2022-06-01,19,IC Sub-Judge-IV-Cum- ACJM,34,J.M. Ist class-cum-Addl. Munsif
BRST020062642016,2019-05-25,23,J.M. Ist class-cum-Addl. Munsif,20,J.M.Ist class
BRST020062642016,2019-11-08,23,J.M. Ist class-cum-Addl. Munsif,8,"S.D.J.M., Sadar"
BRST020062642016,2019-11-14,20,IC J.M.Ist class,23,J.M. Ist class-cum-Addl. Munsif
BRST020062642016,2020-02-07,8,IC S.D.J.M.,18,IC Sub-Judge VII Cum A.C.J.M.
BRST020062642016,2021-10-28,18,IC Sub-Judge VII Cum A.C.J.M.,8,IC S.D.J.M.
BRMZ020044002016,2019-10-16,1,CJM,24,"J.M 2nd Class,Muzaffarpur East"
BRMZ010004882023,2023-01-13,1,District and Sessions Judge,3,ADJ-1
BRMZ020006042015,2019-12-20,16,"Court No. 6 of J.M 1st Class,East",27,"Court No. 5 of J.M 1st Class,East"
BRMZ040057482019,2019-11-23,1,"ACJM-1,WEST",4,S.D.J.M West
BRMZ040057482019,2020-08-27,4,S.D.J.M West,2,"ACJM-2,WEST"
BRMZ040057482019,2022-01-10,2,"ACJM-2,WEST",7,"Court No. 6 of JM 1st Class,Muz West"
BRMZ020098282019,2019-11-29,1,CJM,2,"ACJM-1,East"
BRMZ040026262019,2019-06-01,1,"ACJM-1,WEST",3,"ACJM-3,WEST"
BRMZ040026262019,2020-08-08,3,"ACJM-3,WEST",1,"ACJM-1,WEST"
BRMZ040026262019,2020-12-17,1,"ACJM-1,WEST",11,"ACJM-4,WEST"
BRMZ040026262019,2021-07-05,11,"ACJM-4,WEST",3,"ACJM-3,WEST"
BRMZ040026262019,2021-07-05,3,"ACJM-3,WEST",1,"ACJM-1,WEST"
BRST020002962003,2016-09-30,14,J.M.Ist class-cum-Addl.Munsif II,19,Sub-Judge IV Cum A.C.J.M.
BRST020002962003,2022-05-26,19,IC Sub-Judge-IV-Cum- ACJM,34,J.M. Ist class-cum-Addl. Munsif
BRST020033112018,2019-12-03,5,C.J.M.-cum-Sub Judge-II-cum-A.S.J.-I,8,"S.D.J.M., Sadar"
BRST020002382002,2017-01-03,15,J.M. Ist class-cum-Addl. Munsif,21,IC Sub-Judge VII Cum A.C.J.M.
BRST020002382002,2017-12-19,21,IC Sub-Judge VII Cum A.C.J.M.,17,Sub-Judge VI Cum A.C.J.M.
BRST020002382002,2018-05-25,17,A.C.J.M. VI,24,J.M.Ist class
BRST020002382002,2018-06-04,24,J.M.Ist class,16,Sub-Judge V Cum A.C.J.M.
BRST020009732018,2022-06-14,23,IC J.M.Ist class,33,J.M. Ist class-cum-Addl. Munsif
BRST020020552012,2020-02-18,5,IC C.J.M.-cum-Sub Judge-II,18,IC Sub-Judge VII Cum A.C.J.M.
BRST020020552012,2022-07-19,18,IC Sub-Judge VII Cum A.C.J.M.,39,J.M.Ist class
BRST010079452019,2019-12-11,1,District and Sessions Judge,9,A.D.J. III
BRST110001052021,2022-07-27,2,IC Judicial Magistrate 1st,3,Judicial Magistrate 1st class Cum Addl. Munsif-I
BRST020022122012,2020-01-10,5,IC C.J.M.-cum-Sub Judge-II,17,Sub-Judge VI Cum A.C.J.M.
BRST020017992011,2022-06-04,19,IC Sub-Judge-IV-Cum- ACJM,34,J.M. Ist class-cum-Addl. Munsif
BRST020020562012,2020-02-12,5,IC C.J.M.-cum-Sub Judge-II,18,IC Sub-Judge VII Cum A.C.J.M.
BRST020020562012,2022-07-27,18,IC Sub-Judge VII Cum A.C.J.M.,39,J.M.Ist class
BRST020059662018,2022-06-08,19,IC Sub-Judge-IV-Cum- ACJM,34,J.M. Ist class-cum-Addl. Munsif
BRST020047502019,2022-06-08,5,C.J.M.-cum-Sub Judge-II-cum-A.S.J.-I,36,J.M.Ist class
BRST020012702009,2019-05-09,16,Sub-Judge V Cum A.C.J.M.,24,J.M.Ist class
BRST020025422014,2022-06-17,19,IC Sub-Judge-IV-Cum- ACJM,34,J.M. Ist class-cum-Addl. Munsif
BRST020038402014,2020-01-07,6,IC A.C.J.M.-cum-Sub Judge-I,17,Sub-Judge VI Cum A.C.J.M.
BRST020025282012,2016-04-07,11,J.M.Ist class-cum-Addl.Munsif III,14,J.M.Ist class-cum-Addl.Munsif II
BRST020025282012,2016-12-13,14,J.M.Ist class-cum-Addl.Munsif II,23,J.M. Ist class-cum-Addl. Munsif
BRST020025282012,2019-06-13,23,J.M. Ist class-cum-Addl. Munsif,24,J.M.Ist class
BRST020009782018,2018-06-18,17,A.C.J.M. VI,23,J.M. Ist class-cum-Addl. Munsif
BRST020009782018,2019-05-25,23,J.M. Ist class-cum-Addl. Munsif,20,J.M.Ist class
BRST020009782018,2019-11-14,20,IC J.M.Ist class,23,J.M. Ist class-cum-Addl. Munsif
BRST020009782018,2020-02-07,23,J.M. Ist class-cum-Addl. Munsif,18,IC Sub-Judge VII Cum A.C.J.M.
BRST020054632019,2022-06-01,19,IC Sub-Judge-IV-Cum- ACJM,34,J.M. Ist class-cum-Addl. Munsif
BRST020019572015,2017-05-25,18,ACJM-cum-Sub Judge III,23,J.M. Ist class-cum-Addl. Munsif
BRST020019572015,2019-06-11,23,J.M. Ist class-cum-Addl. Munsif,20,J.M.Ist class
BRST020019572015,2019-11-14,20,IC J.M.Ist class,23,J.M. Ist class-cum-Addl. Munsif
BRST020019572015,2019-11-16,23,J.M. Ist class-cum-Addl. Munsif,8,"S.D.J.M., Sadar"
BRST020023102012,2017-08-11,20,J.M.Ist class-cum-Addl.Munsif V,24,J.M.Ist class
BRST020023102012,2017-11-13,24,J.M.Ist class,6,A.C.J.M.-cum-Sub Judge-I-cum-A.S.J.-II
BRST020065092016,2022-06-16,19,IC Sub-Judge-IV-Cum- ACJM,34,J.M. Ist class-cum-Addl. Munsif
BRST020000021990,2017-01-03,15,J.M. Ist class-cum-Addl. Munsif,21,IC Sub-Judge VII Cum A.C.J.M.
BRST020000021990,2017-09-14,21,IC Sub-Judge VII Cum A.C.J.M.,17,Sub-Judge VI Cum A.C.J.M.
BRST020000021990,2018-05-25,17,A.C.J.M. VI,24,J.M.Ist class
BRST020000021990,2018-06-19,24,J.M.Ist class,23,J.M. Ist class-cum-Addl. Munsif
BRST020000021990,2019-11-08,23,J.M. Ist class-cum-Addl. Munsif,6,A.C.J.M.-cum-Sub Judge-I-cum-A.S.J.-II
BRST020000021990,2019-12-10,6,A.C.J.M.-cum-Sub Judge-I-cum-A.S.J.-II,NA,NA
BRST020020542012,2020-02-13,5,IC C.J.M.-cum-Sub Judge-II,18,IC Sub-Judge VII Cum A.C.J.M.
BRST020020542012,2022-07-22,18,IC Sub-Judge VII Cum A.C.J.M.,39,J.M.Ist class
BRST010004362011,2015-09-11,3,Adhoc ADJ I,8,A.D.J. II
BRST010004362011,2019-02-06,8,A.D.J. II,12,A.D.J. VI
BRST010004362011,2020-01-28,12,A.D.J. VI,16,A.D.J. X
BRST010047612015,2015-11-27,1,District and Sessions Judge,8,A.D.J. II
BRST020062682016,2020-02-13,23,J.M. Ist class-cum-Addl. Munsif,17,Sub-Judge VI Cum A.C.J.M.
BRST020009742018,2021-01-04,23,J.M. Ist class-cum-Addl. Munsif,25,J.M. Ist class-cum-Addl. Munsif
BRST020009742018,2022-06-17,25,IC J.M.Ist class,33,J.M. Ist class-cum-Addl. Munsif
BRST020060072021,2022-07-19,18,IC Sub-Judge VII Cum A.C.J.M.,39,J.M.Ist class
UPFD040225362016,2019-12-20,12,Chief Judicial Magistrate(C.J.M.),13,Civil Judge(Sr. Div)
UPFD040225362016,2019-12-20,13,Civil Judge(Sr. Div),12,Chief Judicial Magistrate(C.J.M.)
UPFD010061592018,2018-09-07,2,"Addl District &amp; Sessions Judge,  Court No.-8",7,"Addl District & Sessions Judge,  Court No.-3"
UPFD010061592018,2018-09-12,7,"Addl District &amp; Sessions Judge,  Court No.-3",2,"Addl District & Sessions Judge,  Court No.-8"
BRST020022492012,2020-01-10,5,IC C.J.M.-cum-Sub Judge-II,18,IC Sub-Judge VII Cum A.C.J.M.
BRPA010024192019,2019-03-13,1,District and Sessions Judge,13,ADJ I
BRPA010024192019,2019-05-08,13,ADJ I,122,Adj XXII
BRPA310014942018,2020-10-16,1,Addl. Chief Judicial Magistrate -I,2,Addl. Chief Judicial Magistrate -III
BRPA110006362011,2021-12-14,24,J.M.Ist class,26,"J.M 2nd Class, Court No. 2"
BRPA110006362011,2022-05-26,NA,"Succ)J.M 2nd Class, Court No-02",24,"J.M 1st Class, Court No-03"
BRPA110006362011,2022-06-14,24,"J.M 1st Class, Court No-03",9,"J.M 1st Class, Court No-02"
BRPA010215602021,2021-10-21,1,District and Sessions Judge,13,ADJ I
BRPA010136022020,2020-09-17,1,Incharge District and Sessions Judge,13,ADJ I
BRPA110080212018,2022-07-02,20,Successor A.C.J.M-II,9,"J.M 1st Class, Court No-02"
BRPA010018522017,2017-02-13,1,District and Sessions Judge,13,ADJ I
BRPA010053152016,2016-04-22,1,District and Sessions Judge,13,ADJ I
BRPA010090822020,2020-06-05,1,District and Sessions Judge,13,ADJ I
BRPA020098532011,2018-12-17,142,JM 2nd Class - Court 2,72,J.M.F.C. - 18
BRPA010019152017,2017-02-10,NA,NA,103,Adj IX
BRPA110014392008,2022-06-30,20,Successor A.C.J.M-II,9,"J.M 1st Class, Court No-02"
BRPA110008422007,2022-07-01,20,Successor A.C.J.M-II,NA,"Succ)J.M 2nd Class, Court No-08"
BRPA010085712022,2022-06-09,1,District and Sessions Judge,13,ADJ I
BRPA010126722017,2017-09-15,1,District and Sessions Judge,13,ADJ I
BRPA010126722017,2017-11-28,13,ADJ I,111,Adj V
BRPA110014412011,2019-12-17,17,A.C.J.M- VI,23,J.M.Ist class
BRPA110017822014,2022-06-13,15,A.C.J.M- I,38,"J.M 1st Class, Court No-08"
BRPA110003142006,2022-02-08,18,A.C.J.M- IV,28,"J.M 2nd Class, Court No. 4"
BRPA110003142006,2022-06-22,NA,"Succ)J.M 2nd Class, Court No-04",9,"J.M 1st Class, Court No-02"
BRPA110015882010,2019-05-01,22,A.C.J.M- V,23,J.M.Ist class
BRPA110015882010,2021-12-14,23,J.M.Ist class,35,"J.M 2nd Class, Court No. 11"
BRPA110015882010,2022-06-08,NA,"Succ)J.M 2nd Class, Court No-11",41,"J.M 1st Class, Court No-11"
BRPA020063092009,2018-07-23,143,J.M.Ist class,57,J.M.F.C. - 17
BRPA020096812013,2018-07-23,143,J.M.Ist class,57,J.M.F.C. - 17
BRPA110009972007,2019-05-22,22,A.C.J.M- V,24,J.M.Ist class
BRPA110002922011,2019-08-16,18,I/C A.C.J.M. IV,24,J.M.Ist class
BRPA110002922011,2022-02-28,NA,"Succ)J.M 1st Class, Court No.-03",34,"J.M 2nd Class, Court No. 10"
BRPA110002922011,2022-06-21,NA,"Succ)J.M 2nd Class, Court No-10",40,"J.M 1st Class, Court No-10"
BRPA020051482018,2018-06-25,35,C.J.M.,123,A.C.J.M. - 10
BRPA020051482018,2019-12-13,123,A.C.J.M. - 10,125,A.C.J.M. - 8
BRPA020051482018,2020-01-13,125,A.C.J.M. - 8,123,A.C.J.M. - 10
BRPA010090032018,2018-06-23,1,District and Sessions Judge,13,ADJ I
BRPA110006732009,2019-12-03,22,I/C A.C.J.M. V,24,J.M.Ist class
BRPA110006732009,2022-09-23,24,"J.M 1st Class, Court No-03",39,"J.M 1st Class, Court No-09"
BRPA020067962010,2016-09-08,132,"Judicial Magistrate, 2nd Class",35,C.J.M.
BRPA020067962010,2016-11-02,35,C.J.M.,65,J.M.F.C. - 7
BRPA110013502018,2022-09-06,15,A.C.J.M- I,18,A.C.J.M- IV
BRPA110003222007,2018-09-25,NA,NA,22,A.C.J.M- V
BRPA110003222007,2019-03-13,22,A.C.J.M- V,24,J.M.Ist class
BRPA110003432007,2018-07-30,NA,NA,22,A.C.J.M- V
BRPA110003432007,2019-06-26,22,A.C.J.M- V,24,J.M.Ist class
BRPA110003432007,2021-12-07,24,J.M.Ist class,29,"J.M 2nd Class, Court No. 5"
BRPA110003432007,2022-06-25,NA,"Succ)J.M 2nd Class, Court No-05",10,"J.M 1st Class, Court No-04"
UPHM040033632018,2021-03-22,10,A.C.J.M.,13,Ist Addl. Civil Judge(J.D)
UPHM040033632018,2021-12-02,13,Ist Addl. Civil Judge(J.D),12,CIVIL JUDGE JD FTC-I
UPPB040055442018,2022-09-21,15,Addl. Chief Judicial Magistrate Court No. 1,16,Addl. Chief Judicial Magistrate Court No. 2
UPRN010069612019,2019-08-31,1,District and Session Judge,10,VIIIth Additional District and Sessions Judge
UPRN010069982019,2019-09-02,NA,NA,10,VIIIth Additional District and Sessions Judge
BRPA110003192007,2018-07-12,NA,NA,22,A.C.J.M- V
BRPA110003192007,2019-06-24,22,A.C.J.M- V,24,J.M.Ist class
BRPA110005752007,2022-08-25,18,A.C.J.M- IV,41,"J.M 1st Class, Court No-11"
BRPA020046402007,2015-10-12,NA,NA,NA,NA
BRPA020046402007,2015-11-19,NA,NA,104,J.M.Ist class
BRPA110016372009,2020-01-22,22,I/C A.C.J.M. V,16,I/C A.C.J.M. III
BRPA110016372009,2022-02-17,16,Successor A.C.J.M-III,17,A.C.J.M- VI
BRPA110016372009,2022-07-26,17,A.C.J.M- VI,37,"J.M 1st Class, Court No-07"
BRPA110062912019,2020-09-07,15,A.C.J.M- I,13,"J.M 1st Class, Court No-01"
BRPA020089842013,2017-02-14,132,"Judicial Magistrate, 2nd Class",35,C.J.M.
BRPA020089842013,2017-02-22,35,C.J.M.,132,"Judicial Magistrate, 2nd Class"
BRPA020089842013,2017-03-23,132,"Judicial Magistrate, 2nd Class",53,J.M.F.C. - 20
BRPA110006172007,2022-07-04,20,Successor A.C.J.M-II,NA,"Succ)J.M 2nd Class, Court No-08"
BRPA110006172007,2022-11-25,NA,"Succ)J.M 2nd Class, Court No-08",38,"J.M 1st Class, Court No-08"
BRPA110006602009,2019-12-09,22,I/C A.C.J.M. V,24,J.M.Ist class
BRPA110007672007,2022-11-02,20,Successor A.C.J.M-II,17,A.C.J.M- VI
BRPA110007672007,2022-12-06,17,A.C.J.M- VI,10,"J.M 1st Class, Court No-04"
BRPA020159632019,2020-08-20,35,C.J.M.,57,J.M.F.C. - 17
BRPA110013352008,2019-12-20,17,A.C.J.M- VI,23,J.M.Ist class
BRPA110013352008,2021-12-14,23,J.M.Ist class,35,"J.M 2nd Class, Court No. 11"
BRPA110013352008,2022-06-08,NA,"Succ)J.M 2nd Class, Court No-11",41,"J.M 1st Class, Court No-11"
BRPA110001882019,2022-09-07,18,A.C.J.M- IV,36,"J.M 1st Class, Court No-06"
BRPA110021582013,2019-06-11,20,A.C.J.M- II,24,J.M.Ist class
BRPA110021582013,2021-12-14,24,J.M.Ist class,29,"J.M 2nd Class, Court No. 5"
BRPA110021582013,2022-06-23,NA,"Succ)J.M 2nd Class, Court No-05",10,"J.M 1st Class, Court No-04"
BRPA110007892007,2022-07-01,20,Successor A.C.J.M-II,NA,"Succ)J.M 2nd Class, Court No-08"
BRPA010092422019,2019-04-22,1,District and Sessions Judge,13,ADJ I
BRPA110018892018,2022-09-07,15,A.C.J.M- I,18,A.C.J.M- IV
BRPA110008572020,2021-09-22,20,Successor A.C.J.M-II,24,J.M.Ist class
BRPA110008572020,2022-08-02,24,"J.M 1st Class, Court No-03",37,"J.M 1st Class, Court No-07"
BRPA110006982008,2022-11-02,20,Successor A.C.J.M-II,17,A.C.J.M- VI
BRPA020067252010,2015-10-12,NA,NA,NA,NA
BRPA020067252010,2015-10-12,NA,NA,104,J.M.Ist class
BRPA010094742022,2022-06-25,1,District and Sessions Judge,13,ADJ I
BRPA110006222007,2022-07-01,20,Successor A.C.J.M-II,NA,"Succ)J.M 2nd Class, Court No-08"
BRPA020004442010,2015-10-12,NA,NA,NA,NA
BRPA020004442010,2015-10-12,NA,NA,104,J.M.Ist class
BRPA010205292021,2021-10-01,1,District and Sessions Judge,13,ADJ I
BRPA110006722007,2022-07-26,17,A.C.J.M- VI,37,"J.M 1st Class, Court No-07"
BRPA110004432009,2019-03-18,18,A.C.J.M- IV,23,J.M.Ist class
BRPA110016012010,2019-12-11,17,I/C A.C.J.M. VI,23,J.M.Ist class
BRPA110016012010,2022-02-24,NA,"Succ)J.M 1st Class, Court No-05",34,"J.M 2nd Class, Court No. 10"
BRPA110016012010,2022-06-21,NA,"Succ)J.M 2nd Class, Court No-10",40,"J.M 1st Class, Court No-10"
BRPA020048432007,2018-12-17,142,JM 2nd Class - Court 2,72,J.M.F.C. - 18
BRPA110028882013,2019-12-19,17,A.C.J.M- VI,23,J.M.Ist class
BRPA110028882013,2022-02-26,NA,"Succ)J.M 1st Class, Court No-05",34,"J.M 2nd Class, Court No. 10"
BRPA110028882013,2022-06-21,NA,"Succ)J.M 2nd Class, Court No-10",40,"J.M 1st Class, Court No-10"
BRPA110010032007,2019-12-23,17,A.C.J.M- VI,23,J.M.Ist class
BRPA110010032007,2022-07-04,23,"J.M 1st Class, Court No-05",9,"J.M 1st Class, Court No-02"
BRPA010164732017,2017-12-13,1,District and Sessions Judge,13,ADJ I
BRPA110028872013,2019-12-16,17,A.C.J.M- VI,23,J.M.Ist class
BRPA020053742008,2018-07-23,143,J.M.Ist class,57,J.M.F.C. - 17
BRPA020088672012,2018-07-23,143,J.M.Ist class,57,J.M.F.C. - 17
BRPA020054332008,2021-12-18,65,J.M.F.C. - 7,158,JM 2nd Class - Court 18
BRPA020054332008,2022-07-26,158,JM 2nd Class - Court 18,69,J.M.F.C. - 10
BRPA010174802020,2020-10-31,1,District and Sessions Judge,105,Adj XII
BRPA110007302009,2019-11-26,22,I/C A.C.J.M. V,24,J.M.Ist class
BRPA010007062019,2019-01-16,1,District and Sessions Judge,13,ADJ I
BRPA110006452009,2019-11-14,22,I/C A.C.J.M. V,24,J.M.Ist class
BRPA110006452009,2019-12-20,24,J.M.Ist class,23,J.M.Ist class
BRPA110006452009,2020-06-17,23,J.M.Ist class,24,J.M.Ist class
BRPA110006452009,2022-02-22,NA,"Succ)J.M 1st Class, Court No.-03",29,"J.M 2nd Class, Court No. 5"
BRPA110006452009,2022-06-29,NA,"Succ)J.M 2nd Class, Court No-05",10,"J.M 1st Class, Court No-04"
BRPA110006452009,2022-08-25,10,"J.M 1st Class, Court No-04",24,"J.M 1st Class, Court No-03"
BRPA110006452009,2022-08-25,24,"J.M 1st Class, Court No-03",41,"J.M 1st Class, Court No-11"
BRPA010182252020,2020-11-11,1,District and Sessions Judge,13,ADJ I
BRPA010088312018,2018-06-20,1,District and Sessions Judge,13,ADJ I
BRPA110012372008,2022-07-01,20,Successor A.C.J.M-II,NA,"Succ)J.M 2nd Class, Court No-08"
BRPA010206122020,2020-12-23,1,District and Sessions Judge,13,ADJ I
BRPA110008752007,2019-05-01,22,A.C.J.M- V,24,J.M.Ist class
BRPA010110172022,2022-07-18,1,District and Sessions Judge,13,ADJ I
BRPA010132212017,2017-09-25,1,District and Sessions Judge,13,ADJ I
BRPA010132212017,2017-11-28,13,ADJ I,111,Adj V
BRPA020062412009,2018-12-17,142,JM 2nd Class - Court 2,72,J.M.F.C. - 18
BRPA210006072022,2022-07-14,13,A.C.J.M.- I,22,J.M.Ist Class Court No. 8
BRPA110009282008,2022-07-26,17,A.C.J.M- VI,37,"J.M 1st Class, Court No-07"
BRPA020088662012,2018-07-23,143,J.M.Ist class,57,J.M.F.C. - 17
BRPA010207922022,2022-12-08,1,District and Sessions Judge,13,ADJ I
BRPA020064472009,2020-01-02,NA,NA,55,J.M.F.C. - 23
BRPA020064472009,2021-03-18,55,J.M.F.C. - 23,105,J.M.F.C. - 14
BRPA020064472009,2021-12-15,105,J.M.F.C. - 14,142,JM 2nd Class - Court 2
BRPA010175112019,2019-08-09,1,District and Sessions Judge,13,ADJ I
BRPA110009362011,2019-04-09,20,A.C.J.M- II,23,J.M.Ist class
BRPA010001312015,2015-04-27,1,District and Sessions Judge,5,Adj II
BRPA020083612012,2016-09-08,132,"Judicial Magistrate, 2nd Class",35,C.J.M.
BRPA020083612012,2017-02-03,35,C.J.M.,65,J.M.F.C. - 7
BRPA020083612012,2018-09-13,65,J.M.F.C. - 7,53,J.M.F.C. - 20
BRPA010184132021,2021-09-10,1,District and Sessions Judge,13,ADJ I
BRPA110019402010,2019-12-16,17,A.C.J.M- VI,23,J.M.Ist class
BRPA110019402010,2022-07-30,23,"J.M 1st Class, Court No-05",37,"J.M 1st Class, Court No-07"
BRPA020049982007,2019-04-12,NA,NA,120,A.C.J.M. - 11
BRPA110008052007,2022-11-02,20,Successor A.C.J.M-II,17,A.C.J.M- VI
BRPA020050722007,2021-03-18,55,J.M.F.C. - 23,105,J.M.F.C. - 14
BRPA020050722007,2021-04-24,105,J.M.F.C. - 14,NA,NA
BRPA210055942018,2020-02-03,15,A.C.J.M.- III,9,J.M.Ist Class Court No. 1
BRPA110005212007,2022-07-04,20,Successor A.C.J.M-II,NA,"Succ)J.M 2nd Class, Court No-08"
BRPA110005212007,2022-11-07,NA,"Succ)J.M 2nd Class, Court No-08",38,"J.M 1st Class, Court No-08"
BRPA010073382017,2017-06-03,NA,NA,106,Adj XIII
BRPA010073382017,2019-02-18,106,Adj XIII,5,Adj II
BRPA110018912018,2022-06-13,15,A.C.J.M- I,37,"J.M 1st Class, Court No-07"
BRPA110011862007,2022-10-12,23,"J.M 1st Class, Court No-05",37,"J.M 1st Class, Court No-07"
BRPA110002902007,2018-01-16,20,A.C.J.M- II,21,A.C.J.M- VII
BRPA110002902007,2018-08-09,NA,NA,22,A.C.J.M- V
BRPA110002902007,2019-04-06,22,A.C.J.M- V,24,J.M.Ist class
BRPA110004222009,2019-04-30,18,A.C.J.M- IV,23,J.M.Ist class
BRPA110004222009,2022-02-24,NA,"Succ)J.M 1st Class, Court No-05",32,"J.M 2nd Class, Court No. 8"
BRPA110004222009,2022-04-08,32,"J.M 2nd Class, Court No. 8",NA,"Succ)J.M 1st Class, Court No-05"
BRPA110008892010,2022-05-18,20,Successor A.C.J.M-II,17,A.C.J.M- VI
BRPA020049862007,2019-03-12,NA,NA,120,A.C.J.M. - 11
BRPA110004172008,2019-08-16,18,I/C A.C.J.M. IV,24,J.M.Ist class
BRPA110006682009,2019-02-05,21,A.C.J.M- VII,23,J.M.Ist class
BRPA110006682009,2022-02-24,NA,"Succ)J.M 1st Class, Court No-05",32,"J.M 2nd Class, Court No. 8"
BRPA110006682009,2022-03-29,32,"J.M 2nd Class, Court No. 8",NA,"Succ)J.M 1st Class, Court No-05"
BRPA010067742022,2022-05-10,1,District and Sessions Judge,13,ADJ I
BRPA020067982010,2016-09-08,35,C.J.M.,65,J.M.F.C. - 7
BRPA020067982010,2016-09-08,132,"Judicial Magistrate, 2nd Class",35,C.J.M.
BRPA020070792010,2018-07-23,143,J.M.Ist class,57,J.M.F.C. - 17
BRPA020083082012,2016-02-18,NA,NA,NA,NA
BRPA020083082012,2016-02-25,NA,NA,127,A.C.J.M. - 7
BRPA020083082012,2019-02-12,127,A.C.J.M. - 7,67,A.C.J.M. - 12
BRPA020063082009,2018-07-23,143,J.M.Ist class,57,J.M.F.C. - 17
BRPA110003532009,2018-02-10,11,J.M.Ist class-cum-Addl.Munsif II,18,A.C.J.M- IV
BRPA110003532009,2019-03-23,18,A.C.J.M- IV,24,J.M.Ist class
BRPA110003532009,2019-06-21,24,J.M.Ist class,22,A.C.J.M- V
BRPA110003532009,2019-06-21,24,J.M.Ist class,18,A.C.J.M- IV
BRPA110003532009,2019-06-21,22,A.C.J.M- V,18,A.C.J.M- IV
BRPA010106482022,2022-08-06,1,District and Sessions Judge,13,ADJ I
BRPA110054642018,2022-07-06,20,Successor A.C.J.M-II,40,"J.M 1st Class, Court No-10"
BRPA010208542022,2022-12-09,1,District and Sessions Judge,13,ADJ I
BRPA110006792007,2022-07-02,20,Successor A.C.J.M-II,9,"J.M 1st Class, Court No-02"
BRPA110003282007,2018-07-25,NA,NA,22,A.C.J.M- V
BRPA110003282007,2019-05-01,22,A.C.J.M- V,24,J.M.Ist class
BRPA110013512018,2022-09-06,15,A.C.J.M- I,18,A.C.J.M- IV
BRPA010107382019,2019-05-09,1,District and Sessions Judge,13,ADJ I
BRPA010019162017,2017-02-10,NA,NA,5,Adj II
BRPA010019162017,2017-02-23,5,Adj II,102,Adj VIII
BRPA010019162017,2018-04-13,102,Adj VIII,17,Adj X
BRPA110017482010,2019-05-01,22,A.C.J.M- V,23,J.M.Ist class
BRPA110017482010,2022-12-03,23,"J.M 1st Class, Court No-05",39,"J.M 1st Class, Court No-09"
BRPA010180122021,2021-09-07,1,District and Sessions Judge,13,ADJ I
BRPA020048802007,2018-07-23,143,J.M.Ist class,57,J.M.F.C. - 17
BRPA110001192007,2019-03-14,18,A.C.J.M- IV,23,J.M.Ist class
BRPA110005542007,2022-07-06,20,Successor A.C.J.M-II,40,"J.M 1st Class, Court No-10"
BRPA110005692007,2022-06-30,20,Successor A.C.J.M-II,9,"J.M 1st Class, Court No-02"
BRPA110001872019,2022-08-02,18,A.C.J.M- IV,37,"J.M 1st Class, Court No-07"
BRPA210038442018,2022-08-23,13,A.C.J.M.- I,21,J.M.Ist class Court No. 7
BRPA020062202022,2022-05-07,35,C.J.M.,142,JM 2nd Class - Court 2
BRPA110004822007,2022-07-14,20,Successor A.C.J.M-II,10,"J.M 1st Class, Court No-04"
BRPA020062242022,2022-04-01,159,JM 2nd Class - Court 19,NA,NA
BRPA020062242022,2022-04-19,35,C.J.M.,159,JM 2nd Class - Court 19
BRPA210005242019,2022-11-02,16,A.C.J.M.- II,27,J.M.Ist class Court No. 4
BRPA020070642010,2018-07-23,143,J.M.Ist class,57,J.M.F.C. - 17
BRPA010100942016,2016-07-29,NA,NA,NA,NA
BRPA010100942016,2018-03-08,101,Adj III,102,Adj VIII
BRPA110010182007,2019-12-23,17,A.C.J.M- VI,23,J.M.Ist class
BRPA110010182007,2022-12-21,23,"J.M 1st Class, Court No-05",38,"J.M 1st Class, Court No-08"
BRPA110009852010,2022-11-02,20,Successor A.C.J.M-II,17,A.C.J.M- VI
BRPA010101212019,2019-05-01,1,District and Sessions Judge,119,ADJ XIX
BRPA020063112009,2018-07-23,143,J.M.Ist class,57,J.M.F.C. - 17
BRPA110007422008,2022-07-01,20,Successor A.C.J.M-II,NA,"Succ)J.M 2nd Class, Court No-08"
BRPA110012412008,2022-07-02,20,Successor A.C.J.M-II,9,"J.M 1st Class, Court No-02"
BRPA010114232016,2016-08-27,1,District and Sessions Judge,13,ADJ I
BRPA010068242018,2018-06-18,1,District and Sessions Judge,5,Adj II
BRPA310015792016,2020-02-04,6,"Judicial Magistrate 1st  Class-I, Court-4",8,Addl Chief Judicial Magistrate -II
BRPA110010052010,2019-03-23,22,A.C.J.M- V,23,J.M.Ist class
BRPA020059542009,2015-10-12,NA,NA,NA,NA
BRPA020059542009,2015-10-12,NA,NA,104,J.M.Ist class
BRPA020063102009,2018-07-23,143,J.M.Ist class,57,J.M.F.C. - 17
BRPA110011732007,2019-12-23,17,A.C.J.M- VI,23,J.M.Ist class
BRPA110011732007,2022-07-25,23,"J.M 1st Class, Court No-05",37,"J.M 1st Class, Court No-07"
BRPA020096162011,2015-10-12,NA,NA,NA,NA
BRPA020096162011,2015-11-21,NA,NA,104,J.M.Ist class
BRPA020096162011,2018-08-09,104,J.M.F.C. - 13,141,JM 2nd Class - Court 1
BRPA020096162011,2019-05-04,141,JM 2nd Class - Court 1,158,JM 2nd Class - Court 18
BRPA020096162011,2020-03-16,158,JM 2nd Class - Court 18,117,J.M.F.C.  - 8
BRPA020096162011,2020-12-21,117,J.M.F.C.  - 8,53,J.M.F.C. - 20
BRPA110014562008,2022-11-14,20,Successor A.C.J.M-II,17,A.C.J.M- VI
BRPA010211802022,2022-12-17,1,District and Sessions Judge,13,ADJ I
BRPA010082592018,2018-06-08,1,District and Sessions Judge,13,ADJ I
BRPA010134762022,2022-08-20,1,District and Sessions Judge,24,Adj XI
BRPA010189502022,2022-11-16,1,District and Sessions Judge,13,ADJ I
BRPA110004132005,2019-12-18,17,A.C.J.M- VI,23,J.M.Ist class
BRPA110004132005,2021-12-14,23,J.M.Ist class,35,"J.M 2nd Class, Court No. 11"
BRPA110004132005,2022-06-08,NA,"Succ)J.M 2nd Class, Court No-11",41,"J.M 1st Class, Court No-11"
BRPA110005702007,2022-11-15,20,Successor A.C.J.M-II,17,A.C.J.M- VI
BRPA110005702007,2022-12-20,17,A.C.J.M- VI,40,"J.M 1st Class, Court No-10"
BRPA110006282007,2022-11-02,20,Successor A.C.J.M-II,17,A.C.J.M- VI
BRPA110006282007,2022-12-19,17,A.C.J.M- VI,37,"J.M 1st Class, Court No-07"
BRPA110011992010,2022-11-28,20,Successor A.C.J.M-II,17,A.C.J.M- VI
BRPA110011992010,2022-12-19,17,A.C.J.M- VI,37,"J.M 1st Class, Court No-07"
BRPA110010262010,2019-11-23,17,I/C A.C.J.M. VI,23,J.M.Ist class
BRPA110084082018,2019-12-06,22,I/C A.C.J.M. V,24,J.M.Ist class
BRPA110084082018,2021-10-11,24,J.M.Ist class,17,A.C.J.M- VI
BRPA110018872014,2022-06-13,15,A.C.J.M- I,38,"J.M 1st Class, Court No-08"
BRPA020000792007,2015-06-17,NA,NA,70,J.M.Ist class
BRPA020000792007,2016-01-01,NA,NA,104,J.M.Ist class
BRPA110019142011,2019-12-23,17,A.C.J.M- VI,23,J.M.Ist class
BRPA110019142011,2022-07-04,23,"J.M 1st Class, Court No-05",9,"J.M 1st Class, Court No-02"
BRPA110004452007,2022-11-14,20,Successor A.C.J.M-II,17,A.C.J.M- VI
BRPA110004452007,2022-12-20,17,A.C.J.M- VI,40,"J.M 1st Class, Court No-10"
BRPA110007312009,2022-07-04,20,Successor A.C.J.M-II,40,"J.M 1st Class, Court No-10"
BRPA020053752008,2018-11-06,143,J.M.Ist class,57,J.M.F.C. - 17
BRPA110018882018,2022-09-06,15,A.C.J.M- I,18,A.C.J.M- IV
BRPA020037222018,2020-02-03,35,C.J.M.,53,J.M.F.C. - 20
BRPA110008372010,2019-07-02,NA,NA,23,J.M.Ist class
BRPA110006402009,2020-01-20,22,I/C A.C.J.M. V,16,I/C A.C.J.M. III
BRPA110006402009,2022-02-17,16,Successor A.C.J.M-III,17,A.C.J.M- VI
BRPA110006402009,2022-07-26,17,A.C.J.M- VI,37,"J.M 1st Class, Court No-07"
BRPA110003182007,2018-08-02,NA,NA,22,A.C.J.M- V
BRPA110003182007,2019-06-13,22,A.C.J.M- V,24,J.M.Ist class
BRPA110082582018,2018-12-18,15,A.C.J.M- I,23,J.M.Ist class
BRPA110019132010,2019-12-02,22,I/C A.C.J.M. V,24,J.M.Ist class
BRPA110019132010,2020-01-07,24,J.M.Ist class,16,I/C A.C.J.M. III
BRPA110019132010,2022-02-17,16,Successor A.C.J.M-III,17,A.C.J.M- VI
BRPA110019132010,2022-07-26,17,A.C.J.M- VI,37,"J.M 1st Class, Court No-07"
BRPA210025572018,2019-12-21,13,A.C.J.M.- I,30,J.M.Ist Class Court No. 10
BRPA210025572018,2022-09-05,30,J.M.Ist Class Court No. 10,27,J.M.Ist class Court No. 4
BRPA110012812007,2019-12-11,22,I/C A.C.J.M. V,24,J.M.Ist class
BRPA110012812007,2022-07-21,24,"J.M 1st Class, Court No-03",40,"J.M 1st Class, Court No-10"
BRPA110016442015,2018-10-08,15,A.C.J.M- I,23,J.M 2nd Class
BRPA110016442015,2022-07-04,23,"J.M 1st Class, Court No-05",9,"J.M 1st Class, Court No-02"
BRPA110004562009,2018-08-10,20,A.C.J.M- II,22,A.C.J.M- V
BRPA110004562009,2019-11-15,22,I/C A.C.J.M. V,24,J.M.Ist class
BRPA020096642011,2016-09-08,132,"Judicial Magistrate, 2nd Class",35,C.J.M.
BRPA020096642011,2017-02-11,35,C.J.M.,132,"Judicial Magistrate, 2nd Class"
BRPA020096642011,2017-03-23,132,"Judicial Magistrate, 2nd Class",53,J.M.F.C. - 20
BRPA110008842010,2022-05-18,20,Successor A.C.J.M-II,17,A.C.J.M- VI
BRPA110008842010,2022-12-06,17,A.C.J.M- VI,10,"J.M 1st Class, Court No-04"
BRPA010107592022,2022-07-14,1,District and Sessions Judge,13,ADJ I
BRPA010213842018,2018-12-20,1,District and Sessions Judge,13,ADJ I
BRPA010213842018,2019-05-06,13,ADJ I,122,Adj XXII
BRPA020060322016,2019-05-04,141,JM 2nd Class - Court 1,155,JM 2nd Class - Court 15
BRPA020060322016,2020-01-02,NA,NA,56,J.M.F.C. - 5
BRPA110007482007,2019-05-21,17,A.C.J.M- VI,16,A.C.J.M- III
BRPA110007482007,2019-05-21,16,A.C.J.M- III,17,A.C.J.M- VI
BRPA110019332010,2019-12-06,22,I/C A.C.J.M. V,24,J.M.Ist class
BRPA110007072007,2022-11-04,20,Successor A.C.J.M-II,17,A.C.J.M- VI
BRPA110007072007,2022-12-20,17,A.C.J.M- VI,40,"J.M 1st Class, Court No-10"
BRPA010001412015,2015-04-27,1,District and Sessions Judge,5,Adj II
BRPA010001412015,2015-05-06,5,Adj II,13,ADJ I
BRPA020010232019,2019-10-17,125,A.C.J.M. - 8,119,A.C.J.M. - 3
BRPA020065802022,2022-05-18,35,C.J.M.,64,J.M.F.C. - 2
BRPA020098592011,2018-12-17,142,JM 2nd Class - Court 2,72,J.M.F.C. - 18
BRPA110003032007,2018-02-10,11,J.M.Ist class-cum-Addl.Munsif II,18,A.C.J.M- IV
BRPA110003032007,2022-06-17,18,A.C.J.M- IV,36,"J.M 1st Class, Court No-06"
BRPA010040152019,2019-03-06,1,District and Sessions Judge,13,ADJ I
BRPA110004142002,2022-07-01,20,Successor A.C.J.M-II,NA,"Succ)J.M 2nd Class, Court No-08"
BRPA110004142002,2022-09-05,NA,"Succ)J.M 2nd Class, Court No-08",38,"J.M 1st Class, Court No-08"
BRPA110005542019,2019-11-25,17,I/C A.C.J.M. VI,23,J.M.Ist class
BRPA110005542019,2022-07-04,23,"J.M 1st Class, Court No-05",9,"J.M 1st Class, Court No-02"
BRPA110006732007,2022-11-03,20,Successor A.C.J.M-II,17,A.C.J.M- VI
BRGO020060342015,2018-02-28,42,ACJM-III,43,ACJM-IV
BRGO020060342015,2020-01-13,43,ACJM-IV,65,J.M 1st Class -IX
BRGO020060732015,2018-02-21,42,ACJM-III,48,ACJM -X
BRGO020016252016,2018-04-28,NA,NA,48,ACJM -X
BRGO020060742015,2018-02-16,42,ACJM-III,48,ACJM -X
BRMZ040030542016,2019-12-19,3,"ACJM-3,WEST",11,"ACJM-4,WEST"
BRMZ040006722019,2019-08-02,1,"ACJM-1,WEST",4,S.D.J.M West
BRMZ040006722019,2020-09-18,4,S.D.J.M West,2,"ACJM-2,WEST"
BRMZ040057472019,2019-11-23,1,"ACJM-1,WEST",4,S.D.J.M West
BRMZ040057472019,2020-08-27,4,S.D.J.M West,2,"ACJM-2,WEST"
BRMZ040057472019,2022-01-10,2,"ACJM-2,WEST",7,"Court No. 6 of JM 1st Class,Muz West"
BRMZ040026252019,2019-06-01,1,"ACJM-1,WEST",3,"ACJM-3,WEST"
BRMZ040026252019,2020-08-08,3,"ACJM-3,WEST",1,"ACJM-1,WEST"
BRMZ040026252019,2020-12-17,1,"ACJM-1,WEST",11,"ACJM-4,WEST"
BRMZ040026252019,2021-07-05,11,"ACJM-4,WEST",3,"ACJM-3,WEST"
BRMZ040026252019,2021-07-05,3,"ACJM-3,WEST",1,"ACJM-1,WEST"
BRMZ010055302018,2020-09-22,14,Fast Track Court-I,28,ADJ-13
BRMZ010034772021,2021-03-15,1,District and Sessions Judge,9,ADJ-10
BRMZ010034772021,2022-08-30,9,ADJ-10,8,ADJ-12
BRMZ040001322019,2019-01-11,1,"ACJM-1,WEST",4,S.D.J.M West
BRMZ040001322019,2020-08-27,4,S.D.J.M West,2,"ACJM-2,WEST"
BRMZ040001322019,2022-01-10,2,"ACJM-2,WEST",7,"Court No. 6 of JM 1st Class,Muz West"
BRMZ020039722021,2021-06-25,1,CJM,2,"ACJM-1,East"
BRMZ020013842015,2019-12-20,16,"Court No. 6 of J.M 1st Class,East",27,"Court No. 5 of J.M 1st Class,East"
BRMZ010021762018,2018-08-18,1,District and Sessions Judge,3,ADJ-1
BRMZ010037292022,2022-03-26,1,District and Sessions Judge,3,ADJ-1
BRGO020020422007,2016-11-28,NA,NA,30,ACJM-VII
BRGO010040502018,2018-04-19,1,District and Sessions Judge,4,ADJ-II-Cum Excise Act Special Court No.-1
BRGO020004942015,2015-09-26,15,CJM,42,ACJM-III
BRGO020004942015,2017-11-03,42,ACJM-III,48,ACJM -X
BRGO020004942015,2018-02-28,48,ACJM -X,15,CJM
BRGO020004942015,2018-10-01,15,CJM,48,ACJM -X
BRGO010066102016,2016-11-18,1,District and Sessions Judge,15,ADJ-III-Cum-SC/ST Special Court
BRGO020074732015,2017-11-23,44,ACJM -V,48,ACJM -X
BRGO020060722015,2018-01-24,42,ACJM-III,45,ACJM -VI
BRGO020060722015,2019-12-20,45,ACJM -VI,63,J.M 1st Class -VII
BRGO020010532022,2022-03-26,15,CJM,66,J.M 1st Class -X
BRSP020010812016,2018-01-16,NA,NA,24,JM 1st Class.
BRSP020011602016,2021-11-16,8,CJM,NA,NA
BRSP020021462018,2021-11-16,8,CJM,NA,NA
BRSP020003132016,2018-09-15,21,JM 1st Class -cum- AM,24,JM 1st Class.
BRSP020003132016,2019-12-20,24,JM 1st Class.,27,JM 1st Class
BRSP020003142016,2018-09-15,21,JM 1st Class -cum- AM,10,SDJM
BRSP020011142016,2021-11-16,8,CJM,NA,NA
BRSP020011612016,2021-11-16,8,CJM,NA,NA
BRSP020011242016,2021-11-16,8,CJM,NA,NA
BRSP020027562017,2017-12-07,8,CJM,21,JM 1st Class -cum- AM
BRSP020027562017,2018-09-15,21,JM 1st Class -cum- AM,24,JM 1st Class.
BRSP020014172015,2021-11-16,8,CJM,NA,NA
BRSP020005222017,2017-03-07,25,J.M 1st cum AM-II,24,JM 1st Class.
BRSP020005222017,2017-04-19,24,JM 1st Class.,25,J.M 1st cum AM-II
BRSP020005222017,2018-01-16,NA,NA,24,JM 1st Class.
BRSP020002452021,2021-11-30,8,CJM,29,ACJM III
BRSP020002452021,2022-09-20,29,ACJM III,30,JM 1st Class
BRSP020010802016,2018-01-16,NA,NA,24,JM 1st Class.
BRSP020010802016,2019-12-20,24,JM 1st Class.,27,JM 1st Class
BRSP020026312018,2021-11-16,8,CJM,NA,NA
BRSP020001892021,2021-12-02,8,CJM,29,ACJM III
BRSP020001892021,2022-09-20,29,ACJM III,30,JM 1st Class
BRSP020001902021,2021-12-02,8,CJM,29,ACJM III
BRSP020001902021,2022-09-20,29,ACJM III,30,JM 1st Class
BRSP020000992018,2021-11-16,8,CJM,NA,NA
BRSP020000422019,2019-05-17,8,CJM,10,SDJM
BRSP020011642016,2021-11-16,8,CJM,NA,NA
BRSP020025402017,2021-11-16,8,CJM,NA,NA
BRSP020037162017,2021-11-16,8,CJM,NA,NA
BRSP020010902016,2020-01-04,8,CJM,28,ACJM II
BRSP020010902016,2022-09-20,28,ACJM II,27,JM 1st Class
BRSP020025392017,2021-11-16,8,CJM,NA,NA
BRSP020021442018,2021-11-16,8,CJM,NA,NA
BRSP020014162015,2021-11-16,8,CJM,NA,NA
BRSP020027572017,2017-12-07,8,CJM,21,JM 1st Class -cum- AM
BRSP020027572017,2018-09-15,21,JM 1st Class -cum- AM,24,JM 1st Class.
BRPU020050382018,2019-08-30,22,Chief Judicial Magistrate,69,Judicial Magistrate 1st Class
BRPU020062442015,2015-08-03,22,Chief Judicial Magistrate,48,Judicial Magistrate 1st Class
BRPU020062442015,2016-03-21,NA,NA,51,Judicial Magistrate 1st Class
BRPU020062442015,2016-04-12,51,Judicial Magistrate 1st Class,52,Judicial Magistrate 1st Class
BRPU020062442015,2021-10-09,52,Judicial Magistrate 1st Class,87,Judicial Magistrate II Class
BRPU020062442015,2022-05-28,87,Judicial Magistrate 1st Class,69,Judicial Magistrate 1st Class
BRPU020016372016,2016-03-28,22,Chief Judicial Magistrate,50,Judicial Magistrate 1st Class
BRPU020016372016,2019-04-23,50,Judicial Magistrate 1st Class,39,Judicial Magistrate II Class
BRPU020016382016,2016-03-28,22,Chief Judicial Magistrate,52,Judicial Magistrate 1st Class
BRPU020038112018,2019-01-15,22,Chief Judicial Magistrate,69,Judicial Magistrate 1st Class
BRPU020052592018,2019-08-30,22,Chief Judicial Magistrate,69,Judicial Magistrate 1st Class
BRPU020009202015,2015-01-29,22,Chief Judicial Magistrate,23,JM 1st class cum AM 4th
BRPU020009202015,2015-07-14,23,JM 1st class cum AM 4th,53,Judicial Magistrate 1st Class
BRPU020009202015,2015-08-27,65,Addl. Chief Judicial Magistrate,52,Judicial Magistrate 1st Class
BRPU020009202015,2015-11-02,NA,NA,65,Addl. Chief Judicial Magistrate
BRPU020009202015,2018-10-27,52,Judicial Magistrate 1st Class,51,Judicial Magistrate 1st Class
BRPU020009202015,2018-12-18,51,Judicial Magistrate 1st Class,69,Judicial Magistrate 1st Class
BRPU020031682015,2015-04-24,22,Chief Judicial Magistrate,23,JM 1st class cum AM 4th
BRPU020031682015,2016-03-22,NA,NA,65,Addl. Chief Judicial Magistrate
BRPU020031682015,2018-07-10,65,Addl. Chief Judicial Magistrate,69,Judicial Magistrate II Class
BRPU020016292016,2016-03-28,22,Chief Judicial Magistrate,68,Addl. Chief Judicial Magistrate
BRPU020016292016,2017-08-20,68,Addl. Chief Judicial Magistrate,51,Judicial Magistrate 1st Class
BRPU020016292016,2018-08-28,51,Judicial Magistrate 1st Class,69,Judicial Magistrate II Class
BRPU020024502016,2018-10-09,22,Chief Judicial Magistrate,52,Judicial Magistrate 1st Class
BRPU020024502016,2022-07-14,52,Judicial Magistrate 1st Class,51,Judicial Magistrate 1st Class
BRPU020003092015,2015-01-09,22,Chief Judicial Magistrate,23,JM 1st class cum AM 4th
BRPU020003092015,2015-07-14,23,JM 1st class cum AM 4th,29,Addl. Chief Judicial Magistrate
BRPU020003092015,2019-08-31,29,Addl. Chief Judicial Magistrate,18,Judicial Magistrate 1st Class
BRPU020003092015,2019-11-13,18,Judicial Magistrate 1st Class,26,Judicial Magistrate 1st Class
BRPU020031622015,2015-04-24,22,Chief Judicial Magistrate,18,JM 1st class cum AM 5th
BRPU020031622015,2015-07-14,18,JM 1st class cum AM 5th,49,Judicial Magistrate 1st Class
BRPU020031622015,2016-04-19,NA,NA,22,Chief Judicial Magistrate
BRPU020031622015,2017-08-16,22,Chief Judicial Magistrate,29,Addl. Chief Judicial Magistrate
BRPU020031622015,2019-08-31,29,Addl. Chief Judicial Magistrate,26,Judicial Magistrate 1st Class
BRPU020031622015,2019-11-27,26,Judicial Magistrate 1st Class,18,Judicial Magistrate 1st Class
BRPU020031622015,2021-10-08,18,Judicial Magistrate 1st Class,88,Judicial Magistrate II Class
BRPU020031622015,2021-10-08,88,Judicial Magistrate II Class,92,Judicial Magistrate II Class
BRPU020005772015,2015-01-12,22,Chief Judicial Magistrate,18,JM 1st class cum AM 5th
BRPU020005772015,2015-07-16,18,JM 1st class cum AM 5th,49,Judicial Magistrate 1st Class
BRPU020005772015,2016-03-22,NA,NA,68,Addl. Chief Judicial Magistrate
BRPU020005772015,2018-01-27,68,Addl. Chief Judicial Magistrate,65,Addl. Chief Judicial Magistrate
BRPU020005772015,2019-10-01,65,Addl. Chief Judicial Magistrate,51,Judicial Magistrate 1st Class
BRPU020005772015,2021-09-11,51,JM 1st class cum AM 3rd,NA,NA
BRPU020005772015,2021-11-01,65,ACJM 2nd,89,Judicial Magistrate II Class
BRPU020005772015,2022-05-28,89,Judicial Magistrate 1st Class,50,Judicial Magistrate 1st Class
BRPU020077982015,2015-10-05,22,Chief Judicial Magistrate,51,Judicial Magistrate 1st Class
BRPU020077982015,2018-10-12,51,Judicial Magistrate 1st Class,52,Judicial Magistrate 1st Class
BRPU020077982015,2022-07-14,52,Judicial Magistrate 1st Class,51,Judicial Magistrate 1st Class
BRPU020051722015,2015-07-01,22,Chief Judicial Magistrate,53,Judicial Magistrate 1st Class
BRPU020051722015,2015-11-02,NA,NA,65,Addl. Chief Judicial Magistrate
BRPU020046492017,2017-09-01,22,Chief Judicial Magistrate,52,Judicial Magistrate 1st Class
BRPU020044642016,2017-11-14,22,Chief Judicial Magistrate,29,Addl. Chief Judicial Magistrate
BRPU020041372017,2017-07-19,22,Chief Judicial Magistrate,51,Judicial Magistrate 1st Class
BRPU020041372017,2018-10-12,51,Judicial Magistrate 1st Class,52,Judicial Magistrate 1st Class
BRPU020041372017,2022-07-19,52,Judicial Magistrate 1st Class,51,Judicial Magistrate 1st Class
BRPU020000602017,2017-03-06,22,Chief Judicial Magistrate,29,Addl. Chief Judicial Magistrate
BRPU020000602017,2017-06-06,29,Addl. Chief Judicial Magistrate,22,Chief Judicial Magistrate
BRPU020000602017,2017-07-24,22,Chief Judicial Magistrate,29,Addl. Chief Judicial Magistrate
BRPU020000602017,2019-08-08,29,Addl. Chief Judicial Magistrate,26,Judicial Magistrate 1st Class
BRPU020000602017,2021-10-01,26,Judicial Magistrate 1st Class,85,Judicial Magistrate II Class
BRPU020000602017,2022-05-28,85,Judicial Magistrate 1st Class,52,Judicial Magistrate 1st Class
BRPU020000602017,2022-07-25,52,Judicial Magistrate 1st Class,91,Judicial Magistrate 1st Class
BRPU020000602017,2022-10-22,91,Judicial Magistrate 1st Class,51,Judicial Magistrate 1st Class
BRPU020036162016,2018-11-24,22,Chief Judicial Magistrate,50,Judicial Magistrate 1st Class
BRPU020036162016,2021-10-27,50,Judicial Magistrate 1st Class,67,ACJM 4th
BRPU020036162016,2022-05-07,67,ACJM 4th,85,Judicial Magistrate 1st Class
BRPU020036162016,2022-05-28,85,Judicial Magistrate 1st Class,52,Judicial Magistrate 1st Class
BRPU020003872018,2018-06-02,22,Chief Judicial Magistrate,69,Judicial Magistrate II Class
BRPU020003872018,2018-10-04,69,Judicial Magistrate II Class,51,Judicial Magistrate 1st Class
BRPU020003872018,2018-12-18,51,Judicial Magistrate 1st Class,69,Judicial Magistrate 1st Class
BRPU020077922015,2015-10-09,22,Chief Judicial Magistrate,52,Judicial Magistrate 1st Class
BRPU020077922015,2022-07-01,52,Judicial Magistrate 1st Class,50,Judicial Magistrate 1st Class
BRPU020003882018,2018-09-15,22,Chief Judicial Magistrate,52,Judicial Magistrate 1st Class
BRPU020031632015,2015-04-21,22,Chief Judicial Magistrate,23,JM 1st class cum AM 4th
BRPU020031632015,2015-07-14,23,JM 1st class cum AM 4th,53,Judicial Magistrate 1st Class
BRPU020031632015,2015-11-02,NA,NA,65,Addl. Chief Judicial Magistrate
BRPU020031632015,2019-05-22,65,Subdivisional Judicial Magistrate,51,Judicial Magistrate 1st Class
BRPU020031632015,2021-10-16,51,JM 1st class cum AM 3rd,65,ACJM 2nd
BRPU020032732016,2017-08-02,22,Chief Judicial Magistrate,24,Subdivisional Judicial Magistrate
BRPU020042752018,2020-01-03,22,Chief Judicial Magistrate,39,Judicial Magistrate 1st Class
BRPU020086582015,2015-12-04,22,Chief Judicial Magistrate,50,Judicial Magistrate 1st Class
BRPU020086582015,2019-05-03,50,Judicial Magistrate 1st Class,39,Judicial Magistrate II Class
BRPU020067932015,2015-08-26,22,Chief Judicial Magistrate,51,Judicial Magistrate 1st Class
BRPU020067932015,2018-10-11,51,Judicial Magistrate 1st Class,52,Judicial Magistrate 1st Class
BRPU020067932015,2022-07-14,52,Judicial Magistrate 1st Class,50,Judicial Magistrate 1st Class
BRPU020044682016,2017-08-16,22,Chief Judicial Magistrate,68,Addl. Chief Judicial Magistrate
BRPU020044682016,2017-08-16,68,Addl. Chief Judicial Magistrate,29,Addl. Chief Judicial Magistrate
BRPU020044682016,2019-08-31,29,Addl. Chief Judicial Magistrate,18,Judicial Magistrate 1st Class
BRPU020044682016,2019-11-13,18,Judicial Magistrate 1st Class,26,Judicial Magistrate 1st Class
BRPU020044382015,2015-05-15,22,Chief Judicial Magistrate,48,Judicial Magistrate 1st Class
BRPU020044382015,2016-03-21,NA,NA,52,Judicial Magistrate 1st Class
BRPU020044382015,2022-07-25,52,Judicial Magistrate 1st Class,91,Judicial Magistrate 1st Class
BRPU020086612015,2015-12-04,22,Chief Judicial Magistrate,52,Judicial Magistrate 1st Class
BRPU020086612015,2019-04-25,52,Judicial Magistrate 1st Class,39,Judicial Magistrate II Class
BRPU020009192015,2015-01-29,22,Chief Judicial Magistrate,25,JM 1st class cum AM 3rd
BRPU020009192015,2015-07-30,25,JM 1st class cum AM 3rd,51,Judicial Magistrate 1st Class
BRPU020009192015,2018-08-29,51,Judicial Magistrate 1st Class,69,Judicial Magistrate II Class
BRPU020009192015,2018-10-14,69,Judicial Magistrate II Class,51,Judicial Magistrate 1st Class
BRPU020009192015,2018-12-18,51,Judicial Magistrate 1st Class,69,Judicial Magistrate 1st Class
BRPU020050352018,2019-03-05,22,Chief Judicial Magistrate,69,Judicial Magistrate 1st Class
BRPU020050352018,2021-10-09,69,Judicial Magistrate 1st Class,93,Judicial Magistrate II Class
BRPU020042732018,2020-01-03,22,Chief Judicial Magistrate,38,Judicial Magistrate 1st Class
BRPU020042732018,2020-02-24,38,Judicial Magistrate 1st Class,39,Judicial Magistrate 1st Class
BRPU020016482015,2015-03-04,22,Chief Judicial Magistrate,25,JM 1st class cum AM 3rd
BRPU020016482015,2015-07-14,25,JM 1st class cum AM 3rd,55,Judicial Magistrate 1st Class
BRPU020016482015,2015-09-09,NA,NA,68,Addl. Chief Judicial Magistrate
BRPU020016482015,2017-08-08,68,Addl. Chief Judicial Magistrate,52,Judicial Magistrate 1st Class
BRPU020067512019,2019-12-09,22,Chief Judicial Magistrate,26,Judicial Magistrate 1st Class
BRPU020067512019,2022-12-08,26,Judicial Magistrate 1st Class,18,Judicial Magistrate 1st Class
BRPU020062862016,2019-08-14,29,Addl. Chief Judicial Magistrate,18,Judicial Magistrate 1st Class
BRPU020062862016,2022-07-30,18,Judicial Magistrate 1st Class,51,Judicial Magistrate 1st Class
BRPU020000592017,2017-03-06,22,Chief Judicial Magistrate,29,Addl. Chief Judicial Magistrate
BRPU020000592017,2019-08-31,29,Addl. Chief Judicial Magistrate,18,Judicial Magistrate 1st Class
BRPU020000592017,2019-11-13,18,Judicial Magistrate 1st Class,26,Judicial Magistrate 1st Class
BRPU020000592017,2022-12-01,26,Judicial Magistrate 1st Class,39,Judicial Magistrate 1st Class
BRPU020062472015,2015-09-15,22,Chief Judicial Magistrate,50,Judicial Magistrate 1st Class
BRPU020062472015,2019-04-23,50,Judicial Magistrate 1st Class,39,Judicial Magistrate II Class
BRPU020062472015,2021-10-09,39,Judicial Magistrate 1st Class,90,Judicial Magistrate II Class
BRPU020062472015,2022-05-28,90,Judicial Magistrate 1st Class,51,Judicial Magistrate 1st Class
BRPU010039582017,2020-08-29,3,st ADJ,81,SPL JUDGE (POCSO CASES)
BRPU020042872018,2018-08-01,22,Chief Judicial Magistrate,52,Judicial Magistrate 1st Class
BRPU020042872018,2021-10-09,52,Judicial Magistrate 1st Class,89,Judicial Magistrate II Class
BRPU020042872018,2022-05-28,89,Judicial Magistrate 1st Class,50,Judicial Magistrate 1st Class
BRPU020016352016,2016-03-28,22,Chief Judicial Magistrate,51,Judicial Magistrate 1st Class
BRPU020016352016,2018-06-02,51,Judicial Magistrate 1st Class,69,Judicial Magistrate II Class
BRPU020016352016,2018-08-02,69,Judicial Magistrate II Class,51,Judicial Magistrate 1st Class
BRPU020016352016,2018-12-18,51,Judicial Magistrate 1st Class,69,Judicial Magistrate 1st Class
BRPU020016352016,2021-10-09,69,Judicial Magistrate 1st Class,92,Judicial Magistrate II Class
BRPU020031672015,2015-04-24,22,Chief Judicial Magistrate,18,JM 1st class cum AM 5th
BRPU020031672015,2015-10-25,18,JM 1st class cum AM 5th,68,Addl. Chief Judicial Magistrate
BRPU020031672015,2017-08-16,68,Addl. Chief Judicial Magistrate,52,Judicial Magistrate 1st Class
BRPU020031672015,2019-08-06,52,Judicial Magistrate 1st Class,26,Judicial Magistrate 1st Class
BRPU020009932016,2016-02-17,22,Chief Judicial Magistrate,52,Judicial Magistrate 1st Class
BRPU020009932016,2019-08-06,52,Judicial Magistrate 1st Class,18,Judicial Magistrate 1st Class
BRPU020046832016,2017-07-13,22,Chief Judicial Magistrate,50,Judicial Magistrate 1st Class
BRPU020046832016,2018-06-02,50,Judicial Magistrate 1st Class,69,Judicial Magistrate II Class
BRPU020049482016,2017-10-11,22,Chief Judicial Magistrate,24,Subdivisional Judicial Magistrate
BRPU020050402018,2019-09-03,22,Chief Judicial Magistrate,69,Judicial Magistrate 1st Class
BRPU020016272016,2016-03-28,22,Chief Judicial Magistrate,NA,NA
BRPU020016272016,2016-05-27,NA,NA,67,Addl. Chief Judicial Magistrate
BRPU020016272016,2016-12-14,67,Addl. Chief Judicial Magistrate,22,Chief Judicial Magistrate
BRPU020016272016,2017-05-25,22,Chief Judicial Magistrate,51,Judicial Magistrate 1st Class
BRPU020016272016,2018-08-16,51,Judicial Magistrate 1st Class,69,Judicial Magistrate II Class
BRPU020016342016,2019-07-18,22,Chief Judicial Magistrate,18,Judicial Magistrate 1st Class
BRPU020016342016,2021-10-08,18,Judicial Magistrate 1st Class,86,Judicial Magistrate II Class
BRPU020016342016,2022-05-28,86,Judicial Magistrate 1st Class,18,Judicial Magistrate 1st Class
BRPU020046462017,2017-09-01,22,Chief Judicial Magistrate,51,Judicial Magistrate 1st Class
BRPU020046462017,2018-10-11,51,Judicial Magistrate 1st Class,69,Judicial Magistrate II Class
BRPU020046462017,2021-10-09,69,Judicial Magistrate 1st Class,93,Judicial Magistrate II Class
BRPU020007632016,2016-02-11,22,Chief Judicial Magistrate,29,Addl. Chief Judicial Magistrate
BRPU020042722018,2020-01-03,22,Chief Judicial Magistrate,39,Judicial Magistrate 1st Class
BRPU020065582016,2017-05-17,22,"CJM DIVISION, PURNEA",NA,DJ Division
BRPU020046472017,2017-09-01,22,Chief Judicial Magistrate,52,Judicial Magistrate 1st Class
BRPU020009922016,2016-02-17,22,Chief Judicial Magistrate,51,Judicial Magistrate 1st Class
BRPU020009922016,2018-10-01,51,Judicial Magistrate 1st Class,69,Judicial Magistrate II Class
BRPU020044402015,2015-06-09,22,Chief Judicial Magistrate,49,Judicial Magistrate 1st Class
BRPU020044402015,2016-03-21,NA,NA,68,Addl. Chief Judicial Magistrate
BRPU020044402015,2017-09-01,68,Addl. Chief Judicial Magistrate,29,Addl. Chief Judicial Magistrate
BRPU020044402015,2019-08-31,29,Addl. Chief Judicial Magistrate,18,Judicial Magistrate 1st Class
BRPU020044402015,2019-12-13,18,Judicial Magistrate 1st Class,26,Judicial Magistrate 1st Class
BRPU020030392017,2017-06-03,22,Chief Judicial Magistrate,51,Judicial Magistrate 1st Class
BRPU020030392017,2018-09-01,51,Judicial Magistrate 1st Class,50,Judicial Magistrate 1st Class
BRPU020030392017,2019-04-23,50,Judicial Magistrate 1st Class,39,Judicial Magistrate II Class
BRPU020007112015,2015-01-21,22,Chief Judicial Magistrate,18,JM 1st class cum AM 5th
BRPU020007112015,2015-07-31,18,JM 1st class cum AM 5th,54,Judicial Magistrate 1st Class
BRPU020007112015,2015-10-05,NA,NA,65,Addl. Chief Judicial Magistrate
BRPU020047882016,2017-07-21,22,Chief Judicial Magistrate,29,Addl. Chief Judicial Magistrate
BRPU020047882016,2019-08-31,29,Addl. Chief Judicial Magistrate,26,Judicial Magistrate 1st Class
BRPU020047882016,2019-11-27,26,Judicial Magistrate 1st Class,18,Judicial Magistrate 1st Class
BRPU020041382017,2017-07-19,22,Chief Judicial Magistrate,51,Judicial Magistrate 1st Class
BRPU020016332016,2016-03-28,22,Chief Judicial Magistrate,29,Addl. Chief Judicial Magistrate
BRPU020016332016,2019-08-31,29,Addl. Chief Judicial Magistrate,26,Judicial Magistrate 1st Class
BRPU020016332016,2019-11-27,26,Judicial Magistrate 1st Class,18,Judicial Magistrate 1st Class
BRPU020016332016,2021-10-08,18,Judicial Magistrate 1st Class,90,Judicial Magistrate II Class
BRPU020016332016,2022-05-28,90,Judicial Magistrate 1st Class,51,Judicial Magistrate 1st Class
BRPU020077972015,2015-10-09,22,Chief Judicial Magistrate,52,Judicial Magistrate 1st Class
BRPU020077972015,2016-10-22,52,Judicial Magistrate 1st Class,NA,NA
BRPU020077972015,2017-04-03,NA,NA,52,Judicial Magistrate 1st Class
BRPU020077972015,2022-07-25,52,Judicial Magistrate 1st Class,91,Judicial Magistrate 1st Class
BRPU020041362017,2017-07-17,22,Chief Judicial Magistrate,52,Judicial Magistrate 1st Class
BRPU020003102015,2015-01-09,22,Chief Judicial Magistrate,18,JM 1st class cum AM 5th
BRPU020003102015,2015-06-20,18,JM 1st class cum AM 5th,48,Judicial Magistrate 1st Class
BRPU020003102015,2016-03-14,NA,NA,52,Judicial Magistrate 1st Class
BRPU020003102015,2019-07-19,52,Judicial Magistrate 1st Class,18,Judicial Magistrate 1st Class
BRPU020003102015,2022-07-30,18,Judicial Magistrate 1st Class,91,Judicial Magistrate 1st Class
BRPU010001672021,2021-01-13,1,District and Sessions Judge,56,th ADJ
BRPU010001672021,2022-01-17,56,th ADJ,4,nd ADJ
BRPU020075592017,2017-12-19,22,Chief Judicial Magistrate,51,Judicial Magistrate 1st Class
BRPU020075592017,2018-10-12,51,Judicial Magistrate 1st Class,52,Judicial Magistrate 1st Class
BRPU020075592017,2021-10-09,52,Judicial Magistrate 1st Class,88,Judicial Magistrate II Class
BRPU020075592017,2022-05-28,88,Judicial Magistrate 1st Class,39,Judicial Magistrate 1st Class
BRPU020044392015,2015-05-14,22,Chief Judicial Magistrate,52,Judicial Magistrate 1st Class
BRPU020044392015,2017-02-22,52,Judicial Magistrate 1st Class,70,Judicial Magistrate II Class
BRPU020044392015,2017-03-10,70,Judicial Magistrate II Class,52,Judicial Magistrate 1st Class
BRPU020044392015,2022-07-27,52,Judicial Magistrate 1st Class,92,Judicial Magistrate 1st Class
BRPU020041352017,2017-07-17,22,Chief Judicial Magistrate,52,Judicial Magistrate 1st Class
BRPU020041352017,2022-07-01,52,Judicial Magistrate 1st Class,50,Judicial Magistrate 1st Class
BRPU020024232017,2017-04-22,22,Chief Judicial Magistrate,51,Judicial Magistrate 1st Class
BRPU020024232017,2018-06-19,51,Judicial Magistrate 1st Class,69,Judicial Magistrate II Class
BRPU020024232017,2018-10-12,69,Judicial Magistrate II Class,52,Judicial Magistrate 1st Class
BRPU020024232017,2019-07-19,52,Judicial Magistrate 1st Class,26,Judicial Magistrate 1st Class
BRPU020016462015,2015-03-04,22,Chief Judicial Magistrate,23,JM 1st class cum AM 4th
BRPU020016462015,2016-03-18,NA,NA,29,Addl. Chief Judicial Magistrate
BRPU020016462015,2019-08-31,29,Addl. Chief Judicial Magistrate,18,Judicial Magistrate 1st Class
BRPU020016462015,2019-11-13,18,Judicial Magistrate 1st Class,26,Judicial Magistrate 1st Class
BRPU020044672016,2017-02-15,22,Chief Judicial Magistrate,29,Addl. Chief Judicial Magistrate
BRPU020044672016,2019-08-31,29,Addl. Chief Judicial Magistrate,26,Judicial Magistrate 1st Class
BRPU020044672016,2019-11-27,26,Judicial Magistrate 1st Class,18,Judicial Magistrate 1st Class
BRPU020044672016,2021-10-08,18,Judicial Magistrate 1st Class,90,Judicial Magistrate II Class
BRPU020044672016,2022-05-28,90,Judicial Magistrate 1st Class,51,Judicial Magistrate 1st Class
BRPU020055752019,2019-09-26,NA,NA,51,Judicial Magistrate 1st Class
BRPU020055752019,2021-09-25,51,JM 1st class cum AM 3rd,39,Judicial Magistrate 1st Class
BRPU020050372018,2019-03-05,22,Chief Judicial Magistrate,69,Judicial Magistrate 1st Class
BRPU020007132015,2015-01-22,22,Chief Judicial Magistrate,23,JM 1st class cum AM 4th
BRPU020007132015,2016-03-18,NA,NA,29,Addl. Chief Judicial Magistrate
BRPU020007132015,2016-09-09,29,Addl. Chief Judicial Magistrate,22,Chief Judicial Magistrate
BRPU020007132015,2017-05-16,22,Chief Judicial Magistrate,29,Addl. Chief Judicial Magistrate
BRPU020007132015,2019-08-31,29,Addl. Chief Judicial Magistrate,18,Judicial Magistrate 1st Class
BRPU020007132015,2019-11-13,18,Judicial Magistrate 1st Class,26,Judicial Magistrate 1st Class
BRPU020046452017,2017-09-01,22,Chief Judicial Magistrate,51,Judicial Magistrate 1st Class
BRPU020046452017,2019-05-07,51,Judicial Magistrate 1st Class,50,Judicial Magistrate 1st Class
BRPU020046452017,2021-10-27,50,Judicial Magistrate 1st Class,67,ACJM 4th
BRPU020046452017,2022-05-10,67,ACJM 4th,93,Judicial Magistrate 1st Class
BRPU020077962015,2015-10-09,22,Chief Judicial Magistrate,51,Judicial Magistrate 1st Class
BRPU020077962015,2018-06-11,51,Judicial Magistrate 1st Class,69,Judicial Magistrate II Class
BRPU020077962015,2018-09-04,69,Judicial Magistrate II Class,51,Judicial Magistrate 1st Class
BRPU020077962015,2018-10-18,51,Judicial Magistrate 1st Class,69,Judicial Magistrate II Class
BRPU020077962015,2021-10-09,69,Judicial Magistrate 1st Class,92,Judicial Magistrate II Class
BRPU020044442015,2015-06-09,22,Chief Judicial Magistrate,50,Judicial Magistrate 1st Class
BRPU020044442015,2021-10-27,50,Judicial Magistrate 1st Class,67,ACJM 4th
BRPU020044442015,2022-05-09,67,ACJM 4th,88,Judicial Magistrate 1st Class
BRPU020044442015,2022-05-28,88,Judicial Magistrate 1st Class,39,Judicial Magistrate 1st Class
BRPU020016282016,2016-03-28,22,Chief Judicial Magistrate,24,Subdivisional Judicial Magistrate
BRPU020054572018,2019-03-16,22,Chief Judicial Magistrate,52,Judicial Magistrate 1st Class
BRPU020054572018,2020-02-06,52,"CJM DIVISION, PURNEA",NA,DJ Division
BRPU020031662015,2015-04-24,22,Chief Judicial Magistrate,25,JM 1st class cum AM 3rd
BRPU020031662015,2015-07-14,25,JM 1st class cum AM 3rd,50,Judicial Magistrate 1st Class
BRPU020031662015,2021-10-05,50,Judicial Magistrate 1st Class,90,Judicial Magistrate II Class
BRPU020031662015,2022-05-28,90,Judicial Magistrate 1st Class,51,Judicial Magistrate 1st Class
BRPU020052582018,2019-08-30,22,Chief Judicial Magistrate,69,Judicial Magistrate 1st Class
BRPU020067922015,2015-08-28,22,Chief Judicial Magistrate,52,Judicial Magistrate 1st Class
BRPU020067922015,2017-02-20,52,Judicial Magistrate 1st Class,70,Judicial Magistrate II Class
BRPU020067922015,2017-04-03,NA,NA,52,Judicial Magistrate 1st Class
BRPU020050392018,2019-09-02,22,Chief Judicial Magistrate,69,Judicial Magistrate 1st Class
BRPU020007152015,2015-01-21,22,Chief Judicial Magistrate,18,JM 1st class cum AM 5th
BRPU020007152015,2016-01-18,NA,NA,68,Addl. Chief Judicial Magistrate
BRPU020007152015,2017-09-11,68,Addl. Chief Judicial Magistrate,52,Judicial Magistrate 1st Class
BRPU020007152015,2022-10-15,52,Judicial Magistrate 1st Class,51,Judicial Magistrate 1st Class
BRPU020062462015,2015-08-03,22,Chief Judicial Magistrate,49,Judicial Magistrate 1st Class
BRPU020062462015,2016-03-21,NA,NA,68,Addl. Chief Judicial Magistrate
BRPU020062462015,2017-09-14,68,Addl. Chief Judicial Magistrate,50,Judicial Magistrate 1st Class
BRPU020046482017,2017-09-01,22,Chief Judicial Magistrate,52,Judicial Magistrate 1st Class
BRPU020046482017,2022-07-25,52,Judicial Magistrate 1st Class,91,Judicial Magistrate 1st Class
BRPU020062482015,2015-08-03,22,Chief Judicial Magistrate,51,Judicial Magistrate 1st Class
BRPU020062482015,2018-10-14,51,Judicial Magistrate 1st Class,69,Judicial Magistrate II Class
BRPU020016452015,2015-03-04,22,Chief Judicial Magistrate,23,JM 1st class cum AM 4th
BRPU020016452015,2016-03-22,NA,NA,65,Addl. Chief Judicial Magistrate
BRPU020016452015,2019-05-22,65,Subdivisional Judicial Magistrate,51,Judicial Magistrate 1st Class
BRPU020016452015,2021-10-20,51,JM 1st class cum AM 3rd,65,ACJM 2nd
BRPU020004632016,2016-01-22,22,Chief Judicial Magistrate,52,Judicial Magistrate 1st Class
BRPU020004632016,2019-08-06,52,Judicial Magistrate 1st Class,26,Judicial Magistrate 1st Class
BRPU020004632016,2019-08-08,26,Judicial Magistrate 1st Class,18,Judicial Magistrate 1st Class
BRPU020052572018,2019-09-03,22,Chief Judicial Magistrate,69,Judicial Magistrate 1st Class
BRPU020062432015,2015-08-03,22,Chief Judicial Magistrate,52,Judicial Magistrate 1st Class
BRPU020004622016,2016-01-22,22,Chief Judicial Magistrate,51,Judicial Magistrate 1st Class
BRPU020004622016,2018-07-05,51,Judicial Magistrate 1st Class,69,Judicial Magistrate II Class
BRPU020086622015,2015-12-04,22,Chief Judicial Magistrate,50,Judicial Magistrate 1st Class
BRPU020086622015,2019-04-23,50,Judicial Magistrate 1st Class,39,Judicial Magistrate II Class
BRPU020086592015,2015-12-04,22,Chief Judicial Magistrate,51,Judicial Magistrate 1st Class
BRPU020086592015,2018-06-18,51,Judicial Magistrate 1st Class,69,Judicial Magistrate II Class
BRPU020086592015,2018-10-12,69,Judicial Magistrate II Class,52,Judicial Magistrate 1st Class
BRPU020072452019,2021-10-25,22,Chief Judicial Magistrate,67,ACJM 4th
BRPU020072452019,2022-07-01,67,ACJM 4th,51,Judicial Magistrate 1st Class
BRPU020024492016,2016-05-17,22,Chief Judicial Magistrate,51,Judicial Magistrate 1st Class
BRPU020024492016,2018-10-06,51,Judicial Magistrate 1st Class,52,Judicial Magistrate 1st Class
BRPU020024492016,2019-07-19,52,Judicial Magistrate 1st Class,26,Judicial Magistrate 1st Class
BRPU020046802019,2019-12-12,22,Chief Judicial Magistrate,50,Judicial Magistrate 1st Class
BRPU020046802019,2021-09-25,50,Judicial Magistrate 1st Class,38,Judicial Magistrate 1st Class
BRPU020046802019,2022-10-20,38,Judicial Magistrate 1st Class,22,Chief Judicial Magistrate
BRPU020009182015,2015-01-29,22,Chief Judicial Magistrate,18,JM 1st class cum AM 5th
BRPU020009182015,2015-07-31,18,JM 1st class cum AM 5th,54,Judicial Magistrate 1st Class
BRPU020009182015,2015-10-05,NA,NA,65,Addl. Chief Judicial Magistrate
BRPU020009182015,2016-05-28,65,Addl. Chief Judicial Magistrate,67,Addl. Chief Judicial Magistrate
BRPU020009182015,2016-11-21,67,Addl. Chief Judicial Magistrate,50,Judicial Magistrate 1st Class
BRPU020009182015,2021-10-27,50,Judicial Magistrate 1st Class,67,ACJM 4th
BRPU020009182015,2022-05-07,67,ACJM 4th,85,Judicial Magistrate 1st Class
BRPU020009182015,2022-05-28,85,Judicial Magistrate 1st Class,52,Judicial Magistrate 1st Class
BRPU020009182015,2022-07-26,52,Judicial Magistrate 1st Class,92,Judicial Magistrate 1st Class
BRPU020077942015,2015-10-09,22,Chief Judicial Magistrate,52,Judicial Magistrate 1st Class
BRPU020077942015,2021-10-09,52,Judicial Magistrate 1st Class,92,Judicial Magistrate II Class
BRPU020016472015,2015-03-04,22,Chief Judicial Magistrate,18,JM 1st class cum AM 5th
BRPU020016472015,2015-07-31,18,JM 1st class cum AM 5th,54,Judicial Magistrate 1st Class
BRPU020016472015,2015-10-05,NA,NA,65,Addl. Chief Judicial Magistrate
BRPU020016472015,2016-06-09,65,Addl. Chief Judicial Magistrate,24,Subdivisional Judicial Magistrate
BRPU020042762018,2020-01-03,22,Chief Judicial Magistrate,39,Judicial Magistrate 1st Class
BRPU020019092016,2020-04-29,22,Chief Judicial Magistrate,39,Judicial Magistrate 1st Class
BRPU020024222017,2017-04-24,22,Chief Judicial Magistrate,52,Judicial Magistrate 1st Class
BRPU020024222017,2018-07-12,52,Judicial Magistrate 1st Class,69,Judicial Magistrate II Class
BRPU020024222017,2018-10-09,69,Judicial Magistrate II Class,52,Judicial Magistrate 1st Class
BRPU020024222017,2022-07-19,52,Judicial Magistrate 1st Class,51,Judicial Magistrate 1st Class
BRPU020052602018,2019-08-30,22,Chief Judicial Magistrate,69,Judicial Magistrate 1st Class
BRPU020023572016,2016-10-12,22,Chief Judicial Magistrate,29,Addl. Chief Judicial Magistrate
BRPU020004642016,2016-01-22,22,Chief Judicial Magistrate,50,Judicial Magistrate 1st Class
BRPU020046822016,2017-06-15,22,Chief Judicial Magistrate,51,Judicial Magistrate 1st Class
BRPU020046822016,2018-10-11,51,Judicial Magistrate 1st Class,52,Judicial Magistrate 1st Class
BRPU020046822016,2019-07-19,52,Judicial Magistrate 1st Class,26,Judicial Magistrate 1st Class
BRPU020042742018,2020-01-03,22,Chief Judicial Magistrate,39,Judicial Magistrate 1st Class
BRPU020044452015,2015-06-09,22,Chief Judicial Magistrate,53,Judicial Magistrate 1st Class
BRPU020044452015,2015-11-02,NA,NA,65,Addl. Chief Judicial Magistrate
BRPU020044452015,2018-07-02,65,Addl. Chief Judicial Magistrate,69,Judicial Magistrate II Class
BRPU020044452015,2021-10-09,69,Judicial Magistrate 1st Class,92,Judicial Magistrate II Class
BRPU020024212017,2017-04-29,22,Chief Judicial Magistrate,52,Judicial Magistrate 1st Class
BRPU020024212017,2022-07-25,52,Judicial Magistrate 1st Class,91,Judicial Magistrate 1st Class
BRPU020003132016,2016-01-06,22,Chief Judicial Magistrate,51,Judicial Magistrate 1st Class
BRPU020003132016,2018-06-05,51,Judicial Magistrate 1st Class,69,Judicial Magistrate II Class
BRPU020003132016,2018-10-11,69,Judicial Magistrate II Class,52,Judicial Magistrate 1st Class
BRPU020003132016,2022-07-25,52,Judicial Magistrate 1st Class,91,Judicial Magistrate 1st Class
BRPU020066932018,2020-10-01,22,Chief Judicial Magistrate,38,Judicial Magistrate 1st Class
BRPU020066932018,2021-01-12,38,"CJM DIVISION, PURNEA",NA,DJ Division
BRPU020044652016,2017-05-25,22,Chief Judicial Magistrate,50,Judicial Magistrate 1st Class
BRPU020044652016,2021-10-27,50,Judicial Magistrate 1st Class,67,ACJM 4th
BRPU020044652016,2022-07-25,67,ACJM 4th,92,Judicial Magistrate 1st Class
BRPU020056462018,2018-10-15,22,Chief Judicial Magistrate,24,Subdivisional Judicial Magistrate
BRPU020056462018,2022-07-28,24,Subdivisional Judicial Magistrate,92,Judicial Magistrate 1st Class
BRPU020041032018,2018-12-12,50,Judicial Magistrate 1st Class,22,Chief Judicial Magistrate
BRPU020041032018,2018-12-12,22,Chief Judicial Magistrate,50,Judicial Magistrate 1st Class
BRPU020041032018,2018-12-13,22,Chief Judicial Magistrate,50,Judicial Magistrate 1st Class
BRPU020041032018,2021-10-27,50,Judicial Magistrate 1st Class,67,ACJM 4th
BRPU020041032018,2022-07-25,67,ACJM 4th,93,Judicial Magistrate 1st Class
BRPU020077932015,2015-10-09,22,Chief Judicial Magistrate,52,Judicial Magistrate 1st Class
BRPU020044422015,2015-06-09,22,Chief Judicial Magistrate,48,Judicial Magistrate 1st Class
BRPU020044422015,2016-03-21,NA,NA,52,Judicial Magistrate 1st Class
BRPU020044422015,2019-04-25,52,Judicial Magistrate 1st Class,38,Judicial Magistrate II Class
BRPU020016322016,2016-03-28,22,Chief Judicial Magistrate,65,Addl. Chief Judicial Magistrate
BRPU020016322016,2017-07-15,65,Addl. Chief Judicial Magistrate,24,Subdivisional Judicial Magistrate
BRPU020016322016,2017-07-15,24,Subdivisional Judicial Magistrate,65,Addl. Chief Judicial Magistrate
BRPU020016322016,2019-05-22,65,Subdivisional Judicial Magistrate,51,Judicial Magistrate 1st Class
BRPU020016322016,2021-10-19,51,JM 1st class cum AM 3rd,65,ACJM 2nd
BRPU020044512015,2015-06-10,22,Chief Judicial Magistrate,55,Judicial Magistrate 1st Class
BRPU020044512015,2015-09-09,NA,NA,68,Addl. Chief Judicial Magistrate
BRPU020044512015,2017-07-06,68,Addl. Chief Judicial Magistrate,52,Judicial Magistrate 1st Class
BRPU020044512015,2019-08-06,52,Judicial Magistrate 1st Class,18,Judicial Magistrate 1st Class
BRPU020044512015,2022-01-07,18,Judicial Magistrate 1st Class,87,Judicial Magistrate II Class
BRPU020044512015,2022-05-28,87,Judicial Magistrate 1st Class,69,Judicial Magistrate 1st Class
BRPU020030402017,2017-06-03,22,Chief Judicial Magistrate,52,Judicial Magistrate 1st Class
BRPU020030402017,2019-08-06,52,Judicial Magistrate 1st Class,26,Judicial Magistrate 1st Class
BRPU020024242017,2017-04-24,22,Chief Judicial Magistrate,52,Judicial Magistrate 1st Class
BRPU020024242017,2020-01-03,52,Judicial Magistrate 1st Class,39,Judicial Magistrate 1st Class
BRPU020024242017,2022-07-15,39,Judicial Magistrate 1st Class,52,Judicial Magistrate 1st Class
BRPU020038172016,2018-10-26,22,Chief Judicial Magistrate,65,Addl. Chief Judicial Magistrate
BRPU020042882018,2018-08-01,22,Chief Judicial Magistrate,52,Judicial Magistrate 1st Class
BRPU020042882018,2019-07-19,52,Judicial Magistrate 1st Class,26,Judicial Magistrate 1st Class
BRPU020042882018,2021-10-04,26,Judicial Magistrate 1st Class,86,Judicial Magistrate II Class
BRPU020042882018,2022-05-28,86,Judicial Magistrate 1st Class,18,Judicial Magistrate 1st Class
BRPU020024192017,2017-03-21,22,Chief Judicial Magistrate,52,Judicial Magistrate 1st Class
BRPU020024192017,2021-10-26,52,Judicial Magistrate 1st Class,91,Judicial Magistrate II Class
BRPU020069472015,2015-09-11,22,Chief Judicial Magistrate,52,Judicial Magistrate 1st Class
BRPU020069472015,2016-09-26,52,Judicial Magistrate 1st Class,NA,NA
BRPU020069472015,2017-04-03,NA,NA,52,Judicial Magistrate 1st Class
BRPU020069472015,2021-10-09,52,Judicial Magistrate 1st Class,92,Judicial Magistrate II Class
BRPU020012402016,2016-03-03,22,Chief Judicial Magistrate,65,Addl. Chief Judicial Magistrate
BRPU020012402016,2019-05-22,65,Subdivisional Judicial Magistrate,51,Judicial Magistrate 1st Class
BRPU020012402016,2021-10-16,51,JM 1st class cum AM 3rd,65,ACJM 2nd
BRPU020009212021,2021-02-15,22,Chief Judicial Magistrate,29,Addl. Chief Judicial Magistrate
BRKH020046902017,2017-11-21,5,C.J.M,19,A.C.J.M
BRKH020014042018,2018-05-21,5,C.J.M,19,A.C.J.M
BRKH020014092018,2018-05-28,5,C.J.M,19,A.C.J.M
BRKH020046862017,2017-11-20,5,C.J.M,19,A.C.J.M
BRKH020001682019,2021-04-15,5,C.J.M,30,JM Ist Class
BRKH020053952017,2018-01-10,5,C.J.M,19,A.C.J.M
BRKH020032222017,2018-10-04,5,C.J.M,19,A.C.J.M
BRKH020015782018,2018-06-08,NA,NA,27,JM Ist Class
BRKH020046892017,2017-11-21,5,C.J.M,19,A.C.J.M
BRKH020053942017,2018-01-10,5,C.J.M,19,A.C.J.M
BRKH020005992018,2018-02-23,5,C.J.M,19,A.C.J.M
BRKH020044082016,2018-02-16,5,C.J.M,19,A.C.J.M
BRKH020014062018,2018-05-22,5,C.J.M,19,A.C.J.M
BRKH020025982022,2022-11-25,5,C.J.M,35,JM Ist.Class
BRKH010022272016,2016-08-29,NA,NA,3,A.D.J.- I
BRKH010088562022,2022-11-23,1,District and Sessions Judge,31,A.D.J. - V
BRKH020016642021,2022-08-08,5,C.J.M,35,JM Ist.Class
BRKH020058972018,2019-09-07,5,C.J.M,13,J.M.Ist. Class
BRKH020058972018,2020-01-25,13,J.M.Ist. Class,31,ACJM IV
BRKH020058972018,2022-08-22,31,ACJM IV,29,JM Ist.Class
BRKH020046842017,2017-12-20,5,C.J.M,19,A.C.J.M
BRKH020049242018,2019-06-12,19,A.C.J.M,24,ACJM III
BRKH020049242018,2022-06-08,24,ACJM III,36,J.M 1st Class
BRKH020008702018,2018-04-04,5,C.J.M,19,A.C.J.M
BRKH020046912017,2017-11-21,5,C.J.M,19,A.C.J.M
BRKH020044062016,2018-01-04,5,C.J.M,19,A.C.J.M
BRKH020013132017,2020-02-27,13,J.M.Ist. Class,31,ACJM IV
BRKH020013132017,2022-08-16,31,ACJM IV,30,JM Ist.Class
BRKH020014082018,2018-05-28,5,C.J.M,19,A.C.J.M
BRKH020006002018,2018-02-23,5,C.J.M,19,A.C.J.M
BRKH020059822019,2021-09-09,19,A.C.J.M,24,ACJM III
BRKH020059822019,2022-06-08,24,ACJM III,36,J.M 1st Class
BRKH020053962017,2018-01-11,5,C.J.M,19,A.C.J.M
BRKH020030162022,2022-12-06,5,C.J.M,25,JM Ist.Class
BRKH020055552018,2019-08-26,5,C.J.M,30,JM Ist Class
BRKH020000652018,2018-03-19,5,C.J.M,19,A.C.J.M
BRKH020044032016,2018-01-04,5,C.J.M,19,A.C.J.M
BRKH010027822022,2022-05-06,1,District and Sessions Judge,31,A.D.J. - V
BRKH020046872017,2017-08-26,5,C.J.M,19,A.C.J.M
BRKH020014102018,2018-05-29,5,C.J.M,19,A.C.J.M
BRKH020014072018,2018-05-21,5,C.J.M,19,A.C.J.M
BRKH020022372018,2019-03-18,5,C.J.M,13,J.M.Ist. Class
BRKH020022372018,2020-01-14,13,J.M.Ist. Class,31,ACJM IV
BRKH020022372018,2022-08-20,31,ACJM IV,35,JM Ist.Class
BRKH010004242021,2021-01-20,1,District and Sessions Judge,31,A.D.J. - V
BRKH020053932017,2018-01-11,5,C.J.M,19,A.C.J.M
BRKH020046852017,2017-12-20,5,C.J.M,19,A.C.J.M
BRKH020046882017,2017-11-20,5,C.J.M,19,A.C.J.M
BRKH020008712018,2018-04-04,5,C.J.M,19,A.C.J.M
BRKH020021562018,2022-06-14,19,A.C.J.M,35,JM Ist.Class
BRKH020006972015,2019-07-01,19,A.C.J.M,30,JM Ist Class
BRKH020006012018,2018-02-23,5,C.J.M,19,A.C.J.M
BRKH020014052018,2018-05-22,5,C.J.M,19,A.C.J.M
BRKH020049842020,2022-04-21,5,C.J.M,31,ACJM IV
BRKH020049842020,2022-08-17,31,ACJM IV,36,J.M 1st Class
BRKH020046202018,2019-07-08,27,JM Ist Class,30,JM Ist Class
BRKH020034362018,2019-12-02,8,S.D.J.M.,NA,NA
BRKH020034362018,2022-06-14,19,A.C.J.M,35,JM Ist.Class
BRKH020020622019,2019-11-25,5,C.J.M,24,ACJM III
BRKH020020622019,2022-06-08,24,ACJM III,36,J.M 1st Class
BRMZ020043632018,2020-05-04,1,CJM,6,ACJM-9
BRMZ020001602016,2019-12-19,10,ACJM-4,6,ACJM-9
BRMZ040026122018,2020-09-10,4,S.D.J.M West,2,"ACJM-2,WEST"
BRMZ010083732022,2022-07-05,1,District and Sessions Judge,3,ADJ-1
BRMZ010138392022,2022-10-20,1,District and Sessions Judge,28,ADJ-13
BRMZ020013352015,2019-12-20,16,"Court No. 6 of J.M 1st Class,East",27,"Court No. 5 of J.M 1st Class,East"
BRMZ040003282021,2022-08-20,1,"ACJM-1,WEST",14,"Court No-4,JMFC,West"
BRMZ040024442018,2020-09-19,4,S.D.J.M West,2,"ACJM-2,WEST"
BRMZ040011912018,2020-09-19,4,S.D.J.M West,2,"ACJM-2,WEST"
BRMZ020099782019,2019-12-04,1,CJM,15,"S.D.J.M,East"
BRMZ020099782019,2020-09-08,15,"S.D.J.M,East",6,ACJM-9
BRMZ020028382015,2021-12-14,2,"ACJM-1,East",35,"J.M 2nd Class,Muzaffarpur East"
BRMZ010067832021,2021-07-26,1,District and Sessions Judge,33,A.D.J-21
BRMZ040006752019,2019-02-15,1,"ACJM-1,WEST",4,S.D.J.M West
BRMZ040006752019,2020-08-28,4,S.D.J.M West,2,"ACJM-2,WEST"
BRMZ010014162017,2018-10-30,3,ADJ-1,NA,NA
BRMZ010014162017,2019-05-02,NA,NA,3,ADJ-1
BRMZ020006612015,2019-12-20,16,"Court No. 6 of J.M 1st Class,East",27,"Court No. 5 of J.M 1st Class,East"
BRMZ020028262012,2019-06-26,11,ACJM-10,21,"Court No. 10, J.M 1st Class"
TNMD070085762019,2019-10-11,13,Chief Judicial Magistrate,14,Additional Chief Judicial Magistrate
TNMD070108152019,2019-12-06,13,Chief Judicial Magistrate,14,Additional Chief Judicial Magistrate
TNMD070007092021,2021-02-04,13,Chief Judicial Magistrate,14,Additional Chief Judicial Magistrate
TNMD070099612019,2019-12-27,13,Chief Judicial Magistrate,14,Additional Chief Judicial Magistrate
TNMD070032422021,2021-04-17,13,Chief Judicial Magistrate,14,Additional Chief Judicial Magistrate
TNMD070032202020,2020-03-20,13,Chief Judicial Magistrate,14,Additional Chief Judicial Magistrate
TNMD070015442021,2021-02-22,13,Chief Judicial Magistrate,14,Additional Chief Judicial Magistrate
TNMD070156802022,2022-12-21,13,Chief Judicial Magistrate,14,Additional Chief Judicial Magistrate
TNMD070015432021,2021-02-22,13,Chief Judicial Magistrate,14,Additional Chief Judicial Magistrate
TNMD070156792022,2022-12-21,13,Chief Judicial Magistrate,14,Additional Chief Judicial Magistrate
TNMD070027402020,2022-06-17,13,Chief Judicial Magistrate,14,Additional Chief Judicial Magistrate
TNMD070006742022,2022-02-16,13,Chief Judicial Magistrate,14,Additional Chief Judicial Magistrate
TNMD070108162019,2019-12-06,13,Chief Judicial Magistrate,14,Additional Chief Judicial Magistrate
TNMD070015452021,2021-02-22,13,Chief Judicial Magistrate,14,Additional Chief Judicial Magistrate
TNMD070093822021,2021-12-02,13,Chief Judicial Magistrate,14,Additional Chief Judicial Magistrate
TNMD070099692020,2021-01-19,13,Chief Judicial Magistrate,14,Additional Chief Judicial Magistrate
TNED040049542019,2020-01-24,10,"Chief Judicial Magistrate, Erode",NA,"Chief Judicial Magistrate, Erode"
TNTH010054032019,2019-11-13,1,Principal District Court Theni,NA,Magalir Neethi Mandram Fast Track Theni
TNDP040003652016,2019-08-08,5,Judicial Magistrate No - I,15,Additional Mahila Court (Magisterial Level)
TNCH010413802022,2022-10-11,1,PRINCIPAL JUDGE,4,III ADDITIONAL JUDGE
TNCH0F0065492017,2019-06-26,6,X Metropolitan Magistrate,7,XIII Metropolitan Magistrate
TNCB0A0057572019,2019-04-10,21,Judicial Magistrate - I,20,Chief Judicial Magistrate
TNVR010002392020,2020-03-09,1,"Principal District Court, Srivilliputtur",NA,"Sub Court, Combined court Building , Sivakasi"
TNVL010021322020,2020-10-14,1,"Principal District Court, Vellore",NA,vlrscst
TNVL010008442020,2020-10-14,1,"Principal District Court, Vellore",NA,vlrscst
TNVL010015472020,2020-10-14,1,"Principal District Court, Vellore",NA,vlrscst
JHDH030035992016,2016-10-04,18,CJM,23,SDJM
JHRN030040522015,2022-06-28,19,J.M.F.C- XIX,16,J.M.F.C- XVI
JHDH030034242017,2017-09-26,18,CJM,38,REGISTRAR CUM JM
JHLH030011422017,2022-01-20,10,ACJM,13,JM I Class
JHLH030016402018,2022-06-04,5,S.D.J.M.,12,JM I Class
JHLH010003712021,2021-03-09,1,Principal District Judge,4,District and Addl Sessions Judge III
JHLH010008592016,2017-11-06,NA,NA,1,Principal District Judge
JHLH010008592016,2022-07-26,1,Principal District Judge,2,District Judge I
JHLH010002262016,2016-03-17,1,Principal District Judge,2,District Judge I
JHLH030004552020,2021-03-09,3,"Chief Judicial Magistrate, Lohardaga",NA,Principal District and Sessions Judge
JHLH030010932017,2017-09-11,3,"Chief Judicial Magistrate, Lohardaga",NA,Principal District and Sessions Judge
JHLH030002002015,2015-12-19,3,"Chief Judicial Magistrate, Lohardaga",NA,Principal District and Sessions Judge
JHLH030007762016,2019-05-04,10,ACJM,13,JM I Class
JHLH030007762016,2021-09-29,NA,NA,12,JM I Class
JHLH010002292017,2017-11-06,NA,NA,2,District and  Addl Sessions Judge I
JHLH010000312015,2019-08-03,1,Principal District Judge,4,District and Addl Sessions Judge III
JHLH010000312015,2019-08-22,4,District and Addl Sessions Judge III,2,District and  Addl Sessions Judge I
JHLH030002772015,2015-02-07,3,"Chief Judicial Magistrate, Lohardaga",NA,Principal District and Sessions Judge
JHLH030012572017,2019-02-22,3,CJM,12,JM I Class
JHLH030012572017,2020-02-19,12,JM I Class,3,CJM
JHLH030012572017,2022-04-27,3,"Chief Judicial Magistrate, Lohardaga",NA,Principal District and Sessions Judge
JHLH030016222017,2019-01-15,3,CJM,12,JM I Class
JHLH010006812016,2017-04-04,2,District Judge I,1,Principal District Judge
JHLH010006812016,2019-07-24,1,Principal District Judge,3,District and Addl Sessions Judge II
JHLH030004962016,2017-02-27,3,CJM,10,ACJM
JHLH030001252016,2016-05-13,3,"Chief Judicial Magistrate, Lohardaga",NA,Principal District and Sessions Judge
JHLH030002322015,2015-06-20,3,"Chief Judicial Magistrate, Lohardaga",NA,Principal District and Sessions Judge
JHLH030002822015,2015-02-13,3,"Chief Judicial Magistrate, Lohardaga",NA,Principal District and Sessions Judge
JHLH010005212016,2019-07-29,1,Principal District Judge,4,District and Addl Sessions Judge III
JHLH010004272016,2016-07-19,1,Principal District Judge,2,District Judge I
JHLH010004272016,2017-04-03,2,District Judge I,1,Principal District Judge
JHLH010006742015,2015-08-13,2,District Judge I,3,District Judge II
JHLH010006742015,2015-08-17,3,District Judge II,2,District Judge I
JHLH030008032017,2022-01-20,10,ACJM,13,JM I Class
JHLH030012092017,2018-09-17,3,CJM,12,JM I Class
JHLH010011962017,2019-08-07,1,Principal District Judge,5,District and Addl Sessions Judge IV
JHLH010011962017,2022-03-15,5,District and Additional Sessions Judge-IV (Incharge),4,District and Addl Sessions Judge III
JHLH010012522020,2020-12-14,1,Principal District Judge,3,District and Addl Sessions Judge II
JHLH010012522020,2021-09-15,NA,NA,5,District and Addl Sessions Judge IV
JHLH010012522020,2022-03-15,5,District and Additional Sessions Judge-IV (Incharge),1,Principal District Judge
JHLH030003042015,2015-02-21,3,"Chief Judicial Magistrate, Lohardaga",NA,Principal District and Sessions Judge
JHLH030006102018,2018-06-02,3,"Chief Judicial Magistrate, Lohardaga",NA,Principal District and Sessions Judge
JHLH030002272016,2016-07-12,3,"Chief Judicial Magistrate, Lohardaga",NA,Principal District and Sessions Judge
JHLH030018382020,2020-12-14,3,"Chief Judicial Magistrate, Lohardaga",NA,Principal District and Sessions Judge
JHLH010003612016,2016-05-13,1,Principal District Judge,2,District Judge I
JHLH030010652016,2016-12-20,3,"Chief Judicial Magistrate, Lohardaga",NA,Principal District and Sessions Judge
JHLH030011142016,2017-03-07,3,"Chief Judicial Magistrate, Lohardaga",NA,Principal District and Sessions Judge
JHLH010011332016,2017-03-17,2,District Judge I,1,Principal District Judge
JHLH010011332016,2017-03-17,1,Principal District Judge,2,District Judge I
JHLH030002262016,2016-06-24,3,"Chief Judicial Magistrate, Lohardaga",NA,Principal District and Sessions Judge
JHLH030001992016,2016-06-02,3,"Chief Judicial Magistrate, Lohardaga",NA,Principal District and Sessions Judge
JHLH010005712016,2016-07-12,1,Principal District Judge,3,District Judge II
JHLH010005712016,2017-11-06,NA,NA,2,District and  Addl Sessions Judge I
JHSG030017792016,2017-02-08,5,C.J.M cum Sr. Civil Judge II,11,JUDICIAL MAGISTRATE
JHSG030017792016,2018-04-19,11,JUDICIAL MAGISTRATE,5,C.J.M cum Sr. Civil Judge II
JHSG030012912017,2022-01-17,10,S.D.J.M.,5,C.J.M cum Sr. Civil Judge II
JHSG030012912017,2022-02-28,5,C.J.M cum Sr. Civil Judge II,13,JUDICIAL MAGISTRATE
JHSG030012912017,2022-09-14,13,JUDICIAL MAGISTRATE,5,C.J.M cum Sr. Civil Judge II
JHSG010007622022,2023-01-17,7,Principal District Judge Espb,NA,District and Sessions Judge Rajmahal
JHSG010010482022,2022-07-29,3,District and Additional Sessions Judge I,10,"District And Additional Sessions Judge -III-cum-Special Judge,Pocso Act"
JHSG010015262021,2022-03-16,3,District and Additional Sessions Judge I,9,District and Additional Sessions JudgeII
JHSG010015262021,2022-04-16,9,District and Additional Sessions JudgeII,3,District and Additional Sessions Judge I
JHSG010008262019,2019-07-30,3,District and Additional Sessions Judge I,8,DISTRICT AND ADDITIONAL SESSIONS JUDGE III
JHSG010008262019,2022-04-22,8,DISTRICT AND ADDITIONAL SESSIONS JUDGE III,3,District and Additional Sessions Judge I
JHSG010008262019,2022-12-13,3,District and Additional Sessions Judge I,10,"District And Additional Sessions Judge -III-cum-Special Judge,Pocso Act"
JHSG030017772016,2017-01-07,5,C.J.M cum Sr. Civil Judge II,11,JUDICIAL MAGISTRATE
JHSG030017772016,2018-04-20,11,JUDICIAL MAGISTRATE,5,C.J.M cum Sr. Civil Judge II
JHJM030018132017,2018-04-09,4,Civil Judge (Senior Division)-1 cum A.C.J.M,3,C.J.M cum Civil Judge Senior Division-II
JHJM030018132017,2021-09-21,3,C.J.M cum Civil Judge Senior Division-II,7,Civil Judge(Junior Division)-III cum J.M 1st class
JHJM030018132017,2022-04-26,7,Judicial Magistrate Ist Class,6,Civil Judge (Junior Division)-1 cum S.D.J.M
JHJM030039062018,2019-06-24,4,Civil Judge (Senior Division)-1 cum A.C.J.M,6,Civil Judge (Junior Division)-1 cum S.D.J.M
JHJM030017912017,2017-11-06,8,Civil Judge(Junior Division)-III cum J.M 1st class,6,Civil Judge (Junior Division)-1 cum S.D.J.M
JHJM030017912017,2018-04-06,6,Civil Judge (Junior Division)-1 cum S.D.J.M,3,C.J.M cum Civil Judge Senior Division-II
JHJM030017912017,2019-11-11,3,C.J.M cum Civil Judge Senior Division-II,6,Civil Judge (Junior Division)-1 cum S.D.J.M
JHJM030017912017,2021-09-23,6,Civil Judge (Junior Division)-1 cum S.D.J.M,8,Civil Judge (Junior Division)-II cum J.M 1 class
JHJM030018032017,2019-11-06,6,Civil Judge (Junior Division)-1 cum S.D.J.M,4,Civil Judge (Senior Division)-1 cum A.C.J.M
JHJM030018032017,2021-09-30,4,Civil Judge (Senior Division)-1 cum A.C.J.M,6,Civil Judge (Junior Division)-1 cum S.D.J.M
JHJM030018032017,2022-04-23,6,Civil Judge (Junior Division)-1 cum S.D.J.M,4,Civil Judge (Senior Division)-1 cum A.C.J.M
JHPL030000792017,2017-11-06,NA,NA,15,Judicial Magistrate 1st Class
JHPL030000792017,2019-11-14,15,Judicial Magistrate 1st Class,25,Judicial Magistrate 1st Class
JHPL030033842016,2017-11-21,NA,NA,15,Judicial Magistrate 1st Class
JHPL030033842016,2019-09-18,15,Judicial Magistrate 1st Class,18,Judicial Magistrate 1st Class
JHPL030033842016,2022-01-19,18,Judicial Magistrate 1st Class,29,Judicial Magistrate 1st Class
JHPL030033832016,2022-05-12,10,SDJM,30,Judicial Magistrate 1st Class
JHPL030047922017,2019-08-22,6,CJM,17,Judicial Magistrate 1st Class
JHPL030047902017,2019-08-22,6,CJM,17,Judicial Magistrate 1st Class
JHPL030047902017,2022-01-19,17,Judicial Magistrate 1st Class,29,Judicial Magistrate 1st Class
JHPL030025142020,2022-01-11,6,CJM,15,Judicial Magistrate 1st Class
JHPL030047932017,2019-08-22,6,CJM,17,Judicial Magistrate 1st Class
JHPL030000782017,2022-05-07,10,SDJM,22,Judicial Magistrate 1st Class
JHPL030000782017,2022-07-02,NA,NA,28,Judicial Magistrate 1st Class
JHPL030000262017,2019-08-22,6,CJM,17,Judicial Magistrate 1st Class
JHPL030062752021,2022-01-11,6,CJM,15,Judicial Magistrate 1st Class
JHRN030080672016,2017-03-02,3,Chief Judicial Magistrate Establishment Ranchi,NA,Principal District and Sessions judge
JHRN010042612015,2015-09-07,1,Judicial Commissioner,4,Addl. District and Sess. Judge I
JHRN010097552018,2018-12-21,1,Judicial Commissioner,20,District and Addl.  Sessions Judge XIII
JHRN030095152016,2019-07-05,2,A.C.J.M,19,J.M.F.C- XIX
JHRN010058762022,2022-06-02,1,Judicial Commissioner,7,Addl. District and Sess. Judge IV
JHRN030011822021,2021-03-19,28,Chief Judicial Magistrate Establishment Ranchi,NA,Principal District and Sessions judge
JHRN010092912018,2018-12-10,1,Judicial Commissioner,16,Addl. District and Sess. Judge VI
JHRN030003172017,2019-07-22,2,A.C.J.M,19,J.M.F.C- XIX
JHRN030003172017,2022-07-11,19,J.M.F.C- XIX,16,J.M.F.C- XVI
JHRN010020472019,2019-03-02,1,Judicial Commissioner,11,Addl. District and Sessions Judge XVIII
JHRN010031692018,2018-04-18,1,Judicial Commissioner,2,Addl District and Sessions Judge XVI
JHRN030014402021,2022-01-13,11,J.M.F.C- XI,29,JMFC-XXIX
JHRN030152092019,2022-07-11,19,J.M.F.C- XIX,16,J.M.F.C- XVI
JHRN010023582021,2021-04-01,1,Judicial Commissioner,16,Addl. District and Sess. Judge VI
JHRN010023582021,2022-02-24,16,Addl. District and Sess. Judge VI,12,Addl. District and Sess. Judge X
JHRN010023582021,2022-03-22,12,Addl. District and Sess. Judge X,4,"District and Addl.  Sessions Judge I,Cum Spl.Judge CBI"
JHRN010074812022,2022-07-08,1,Judicial Commissioner,7,Addl. District and Sess. Judge IV
JHRN010055082022,2022-05-21,1,Judicial Commissioner,7,Addl. District and Sess. Judge IV
JHRN010012022019,2019-02-07,1,Judicial Commissioner,3,District and Addl.  Sessions Judge XII
JHRN010079502017,2017-12-12,1,Judicial Commissioner,16,Addl. District and Sess. Judge VI
JHRN010046162021,2021-07-17,1,Judicial Commissioner,7,Addl. District and Sess. Judge IV
JHRN030010612016,2019-06-28,2,A.C.J.M,19,J.M.F.C- XIX
JHRN030010612016,2022-07-06,19,J.M.F.C- XIX,16,J.M.F.C- XVI
JHRN010031582015,2015-07-04,1,Judicial Commissioner,4,Addl. District and Sess. Judge I
JHRN010031582015,2018-06-20,4,Addl. District and Sess. Judge I,11,Addl. District and Sessions Judge XVIII
JHRN010013172021,2021-02-17,1,Judicial Commissioner,4,"District and Addl.  Sessions Judge I,Cum Spl.Judge CBI"
JHRN010046062017,2017-07-04,1,Judicial Commissioner,12,District and Addl.  Sessions Judge X
JHRN010032482018,2018-04-20,1,Judicial Commissioner,10,Addl. District and Sess. Judge VII
JHRN010011952019,2019-02-07,1,Judicial Commissioner,3,District and Addl.  Sessions Judge XII
JHRN030140272022,2022-12-19,1,C.J.M,4,J.M.F.C- IV
JHRN010086542018,2018-11-19,1,Judicial Commissioner,4,Addl. District and Sess. Judge I
JHRN030002142018,2019-06-21,5,S.D.J.M.,22,J.M.F.C- XXII
JHRN030069362017,2019-11-08,2,A.C.J.M,19,J.M.F.C- XIX
JHRN030069362017,2022-07-18,19,J.M.F.C- XIX,16,J.M.F.C- XVI
JHRN010030902017,2017-05-06,1,Judicial Commissioner,4,Addl. District and Sess. Judge I
JHRN010061112017,2017-11-07,1,Judicial Commissioner,8,Addl. District and Sess. Judge V
JHRN010136832022,2022-12-15,1,Judicial Commissioner,7,Addl. District and Sess. Judge IV
JHRN030078732020,2020-10-14,21,J.M.F.C- XXI,23,J.M.F.C- XXIII
JHRN030078732020,2022-01-04,23,J.M.F.C- XXIII,22,J.M.F.C- XXII
JHRN030078732020,2022-12-15,22,Chief Judicial Magistrate Establishment Ranchi,NA,Principal District and Sessions judge
JHRN010053842017,2017-08-04,1,Judicial Commissioner,10,Addl. District and Sess. Judge VII
JHRN010080222018,2018-10-09,1,Judicial Commissioner,6,Addl. District and Sess. Judge III
JHRN030040522015,2019-06-28,2,A.C.J.M,19,J.M.F.C- XIX
JHRN030136762020,2021-12-17,21,Chief Judicial Magistrate Establishment Ranchi,NA,Principal District and Sessions judge
JHRN010036102018,2018-05-03,1,Judicial Commissioner,11,Addl. District and Sessions Judge XVIII
JHRN030038002018,2018-07-02,5,S.D.J.M.,9,J.M.F.C- IX
JHRN030038002018,2018-07-04,9,J.M.F.C- IX,17,J.M.F.C- XVII
JHRN030094612016,2019-07-05,2,A.C.J.M,19,J.M.F.C- XIX
JHRN030094612016,2022-07-06,19,J.M.F.C- XIX,16,J.M.F.C- XVI
JHRN010097972018,2018-12-21,1,Judicial Commissioner,8,Addl. District and Sess. Judge V
JHRN010030792017,2017-05-06,1,Judicial Commissioner,4,Addl. District and Sess. Judge I
JHRN010005532017,2017-01-24,1,Judicial Commissioner,4,Addl. District and Sess. Judge I
JHRN010032622018,2018-04-21,1,Judicial Commissioner,8,Addl. District and Sess. Judge V
JHRN010098082021,2022-01-28,1,Judicial Commissioner,7,Addl. District and Sess. Judge IV
JHRN030067612016,2017-02-07,18,Chief Judicial Magistrate Establishment Ranchi,NA,Principal District and Sessions judge
JHRN010041072018,2018-05-21,1,Judicial Commissioner,10,Addl. District and Sess. Judge VII
JHRN010041072018,2019-10-30,10,Addl. District and Sess. Judge VII,16,Addl. District and Sess. Judge VI
JHRN010041072018,2022-02-24,16,Addl. District and Sess. Judge VI,12,Addl. District and Sess. Judge X
JHRN010041072018,2022-03-21,12,Addl. District and Sess. Judge X,4,"District and Addl.  Sessions Judge I,Cum Spl.Judge CBI"
JHRN030102542017,2017-12-19,10,J.M.F.C- X,3,Registrar cum J.M
JHRN030102542017,2021-01-27,3,J.M.F.C- III,27,JMFC XXVII
JHRN030046072019,2019-07-22,2,A.C.J.M,19,J.M.F.C- XIX
JHRN030046072019,2022-07-11,19,J.M.F.C- XIX,16,J.M.F.C- XVI
JHRN010051082019,2019-06-15,1,Judicial Commissioner,2,Addl District and Sessions Judge XVI
JHRN030122622020,2021-12-17,4,J.M.F.C- IV,5,S.D.J.M.
JHRN010012762021,2021-02-15,1,Judicial Commissioner,7,Addl. District and Sess. Judge IV
JHRN010057652018,2018-07-21,1,Judicial Commissioner,8,Addl. District and Sess. Judge V
JHRN010013502017,2017-02-28,1,Judicial Commissioner,4,Addl. District and Sess. Judge I
JHRN010008712017,2018-06-07,4,Addl. District and Sess. Judge I,3,District and Addl.  Sessions Judge XII
JHRN010075372020,2020-12-16,1,Judicial Commissioner,25,Addl District and Sess Judge XX
JHRN030095202016,2019-07-05,2,A.C.J.M,19,J.M.F.C- XIX
JHRN030158822018,2022-01-04,3,J.M.F.C- III,4,J.M.F.C- IV
JHRN010083812017,2017-12-22,1,Judicial Commissioner,5,Addl. District and Sess. Judge II
JHRN030022882021,2022-01-04,9,J.M.F.C- IX,6,J.M.F.C- VI
JHRN010004702016,2016-01-29,1,Judicial Commissioner,4,Addl. District and Sess. Judge I
JHRN010031582018,2018-04-18,1,Judicial Commissioner,8,Addl. District and Sess. Judge V
JHRN030015982015,2015-07-03,4,Chief Judicial Magistrate Establishment Ranchi,NA,Principal District and Sessions judge
JHRN030046092019,2019-07-22,2,A.C.J.M,19,J.M.F.C- XIX
JHRN010071992020,2020-12-03,1,Judicial Commissioner,12,Addl. District and Sess. Judge X
JHRN010093452022,2022-08-25,1,Judicial Commissioner,7,Addl. District and Sess. Judge IV
JHRN010045972017,2017-07-04,1,Judicial Commissioner,4,Addl. District and Sess. Judge I
JHRN030012762009,2019-07-30,2,A.C.J.M,19,J.M.F.C- XIX
JHRN030012762009,2022-07-06,19,J.M.F.C- XIX,16,J.M.F.C- XVI
JHRN010025122017,2017-04-20,1,Judicial Commissioner,4,Addl. District and Sess. Judge I
JHRN030094582016,2019-07-05,2,A.C.J.M,19,J.M.F.C- XIX
JHRN030094582016,2022-06-28,19,J.M.F.C- XIX,16,J.M.F.C- XVI
JHRN030055672020,2021-12-20,4,J.M.F.C- IV,24,J.M.F.C- XXIV
JHRN030009652016,2016-05-07,13,J.M.F.C- XIII,19,J.M.F.C- XIX
JHRN030009652016,2017-12-01,19,J.M.F.C- XIX,30,JMFC XXX
JHRN030009652016,2022-01-18,30,JMFC XXX,26,JMFC- XXVI
JHRN030009652016,2022-05-21,26,Chief Judicial Magistrate Establishment Ranchi,NA,Principal District and Sessions judge
JHRN010059882017,2017-09-04,1,Judicial Commissioner,12,District and Addl.  Sessions Judge X
JHKD030008342021,2022-05-30,12,J.M 1st Class,10,J.M 1st Class
JHKD030027162017,2022-01-15,3,CJM,6,SDJM
JHKD030027162017,2022-01-15,6,SDJM,3,CJM
JHKD030030212015,2017-08-31,12,J.M 1st Class,9,J.M 1st Class
JHKD010014952020,2020-12-02,1,Principal District &amp; Sessions Judge,2,District and Additional Sessions Judge-1
JHKD030020272016,2019-07-22,6,SDJM,14,J.M 1st Class
JHKD030020272016,2020-09-15,14,J.M 1st Class,13,J.M 1st Class
JHKD030020272016,2021-12-23,13,J.M 1st Class,14,J.M 1st Class
JHKD030001082017,2018-01-09,3,CJM,12,J.M 1st Class
JHKD030001082017,2022-05-31,12,J.M 1st Class,6,SDJM
JHKD030001082017,2022-06-21,6,SDJM,3,CJM
JHKD030000022015,2016-02-25,12,Chief Judicial Magistrate Koderma,NA,PDJ estblishment
JHKD030024572015,2020-06-17,6,SDJM,4,ACJM
JHKD030021142015,2022-06-21,6,SDJM,3,CJM
JHKD010012992017,2017-10-30,1,Principal District &amp; Sessions Judge,2,District and Additional Sessions Judge-1
JHKD010012992017,2019-08-28,2,District and Additional Sessions Judge-1,16,District and Additional Sessions Judge-IV
JHKD010012992017,2021-02-02,16,District and Additional Sessions Judge-IV,15,District and Additional Sessions Judge-III
JHKD010012992017,2022-08-18,15,District and Additional Sessions Judge-III,13,District & Additional Sessions Judge-II
JHKD030021122015,2019-07-17,6,SDJM,14,J.M 1st Class
JHKD030021122015,2020-09-29,14,J.M 1st Class,12,J.M 1st Class
JHKD010010302015,2016-04-16,2,District and Additional Sessions Judge-1,13,District & Additional Sessions Judge-II
JHKD010010302015,2016-04-16,13,District &amp; Additional Sessions Judge-II,2,District and Additional Sessions Judge-1
JHKD010010302015,2019-08-28,2,District and Additional Sessions Judge-1,15,District and Additional Sessions Judge-III
JHKD010010302015,2019-08-29,15,District and Additional Sessions Judge-III,16,District and Additional Sessions Judge-IV
JHKD010010302015,2021-02-01,16,District and Additional Sessions Judge-IV,13,District & Additional Sessions Judge-II
JHKD030010802020,2020-04-25,3,CJM,6,SDJM
JHKD030020292016,2022-01-15,6,SDJM,3,CJM
JHKD030020292016,2022-01-15,3,CJM,6,SDJM
JHKD010002192016,2019-08-28,2,District and Additional Sessions Judge-1,16,District and Additional Sessions Judge-IV
JHKD010002192016,2021-11-20,16,District and Additional Sessions Judge-IV,15,District and Additional Sessions Judge-III
JHBK030022982016,2019-11-30,6,ACJM,14,J M 1St Class
JHBK030022982016,2021-10-04,14,J M 1St Class,21,J M 1St Class
JHBK030022982016,2022-04-25,NA,NA,8,S.D.J.M.
JHBK030022982016,2022-12-01,8,S.D.J.M.,29,J M 1St Class
JHKH030000822017,2019-02-04,1,Cheif Judicial Magistrate Khunti,NA,Pricipal District and Sessions Judge Khunti
JHKH030022652021,2022-02-03,1,Cheif Judicial Magistrate Khunti,NA,Pricipal District and Sessions Judge Khunti
JHKH010008352020,2020-08-11,4,Principal District  and  Sessions Judge,5,Additional District and Sessions Judge-I
JHKH010001002022,2022-02-02,4,Principal District  and  Sessions Judge,5,Additional District and Sessions Judge-I
JHKH010002082022,2022-02-09,4,Principal District  and  Sessions Judge,5,Additional District and Sessions Judge-I
JHKH030019452021,2022-01-15,1,Cheif Judicial Magistrate Khunti,NA,Pricipal District and Sessions Judge Khunti
JHKH030009072020,2022-04-22,5,S.D.J.M.,2,S.D.J.M.
JHKH010009742022,2022-06-27,4,Principal District  and  Sessions Judge,5,Additional District and Sessions Judge-I
JHKH030002842020,2020-07-09,1,Cheif Judicial Magistrate Khunti,NA,Pricipal District and Sessions Judge Khunti
JHKH030004242020,2021-09-30,1,C.J.M,2,S.D.J.M.
JHKH030004242020,2022-05-02,2,S.D.J.M.,1,C.J.M
JHKH030023322021,2022-05-28,1,Cheif Judicial Magistrate Khunti,NA,Pricipal District and Sessions Judge Khunti
JHDH030071612016,2022-04-30,71,REGISTRAR CUM JM,75,Judicial Magistrate
JHDH010056952022,2022-06-17,1,Principal District  and  Sessions Judge,3,District and Adl  Sessions Judge 1st
JHDH030109292018,2018-08-24,18,CJM,68,Judicial Magistrate
JHDH030034912019,2019-03-11,18,CJM,66,Judicial Magistrate
JHDH030034912019,2022-02-09,66,Judicial Magistrate,36,Judicial Magistrate
JHDH030030872016,2016-09-03,18,CJM,53,Judicial Magistrate
JHDH030002132017,2017-01-25,18,CJM,65,Judicial Magistrate
JHDH030002132017,2017-09-13,NA,NA,71,Judicial Magistrate
JHDH030002132017,2017-09-18,71,Judicial Magistrate,70,Judicial Magistrate
JHDH030002132017,2020-12-21,70,Judicial Magistrate,57,Spl Judge Economic Offences cum JM
JHDH030035782016,2016-10-04,18,CJM,62,Judicial Magistrate
JHDH030035782016,2017-04-12,62,Judicial Magistrate,63,Judicial Magistrate
JHDH030035782016,2022-01-17,63,Judicial Magistrate,69,Judicial Magistrate
JHDH030035782016,2022-04-30,69,Judicial Magistrate,76,Judicial Magistrate
JHDH030100692021,2021-09-25,18,CJM,70,Judicial Magistrate
JHDH030100692021,2022-06-08,70,Judicial Magistrate,75,Judicial Magistrate
JHDH030036192016,2016-10-04,18,CJM,23,SDJM
JHDH030033722017,2017-09-21,18,CJM,67,Judicial Magistrate
JHDH030033722017,2021-12-23,67,Judicial Magistrate,36,Judicial Magistrate
JHDH030069182016,2019-12-04,NA,Incharge) Judicial Magistrate,66,Judicial Magistrate
JHDH030069182016,2022-02-09,66,Judicial Magistrate,64,PRINCIPAL MAGISTRATE JJB
JHDH030069182016,2022-05-28,64,PRINCIPAL MAGISTRATE JJB,42,Judicial Magistrate
JHDH030074362017,2021-09-13,NA,Incharge) Judicial Magistrate,36,Judicial Magistrate
JHDH030002142017,2017-01-25,18,CJM,36,Judicial Magistrate
JHDH030002142017,2017-11-14,36,Judicial Magistrate,70,Judicial Magistrate
JHDH030002142017,2020-09-14,70,Judicial Magistrate,57,Spl Judge Economic Offences cum JM
JHDH030036172016,2016-10-04,18,CJM,53,Judicial Magistrate
JHDH030036172016,2017-03-24,53,Judicial Magistrate,66,Judicial Magistrate
JHDH030036172016,2019-12-23,66,Judicial Magistrate,NA,Incharge) Judicial Magistrate
JHDH030037712016,2016-10-21,18,CJM,36,Judicial Magistrate
JHDH030037712016,2019-01-08,36,Judicial Magistrate,34,Judicial Magistrate
JHDH030037712016,2019-11-05,NA,Incharge) Judicial Magistrate,70,Judicial Magistrate
JHDH030035822016,2016-10-04,18,CJM,42,Judicial Magistrate
JHDH030035822016,2020-01-04,NA,Incharge) SDJM,52,Judicial Magistrate
JHDH030035822016,2022-05-27,52,Judicial Magistrate,66,Judicial Magistrate
JHDH030035822016,2022-08-31,66,Judicial Magistrate,28,JM 1st Class cum Civil Judge Sr Div VIII
JHDH030034312017,2017-09-26,18,CJM,67,Judicial Magistrate
JHDH030034312017,2021-08-26,NA,Incharge) Judicial Magistrate,68,Judicial Magistrate
JHDH030158802018,2018-12-05,18,CJM,69,Judicial Magistrate
JHDH030034322017,2017-09-26,18,CJM,67,Judicial Magistrate
JHDH030034322017,2021-09-03,NA,Incharge) Judicial Magistrate,36,Judicial Magistrate
JHDH030035762016,2016-10-04,18,CJM,42,Judicial Magistrate
JHDH030035762016,2019-12-06,NA,Incharge) SDJM,52,Judicial Magistrate
JHDH030035762016,2022-01-04,52,Judicial Magistrate,75,Judicial Magistrate
JHDH030003222017,2017-05-02,18,CJM,64,Judicial Magistrate
JHDH030003222017,2022-05-25,64,PRINCIPAL MAGISTRATE JJB,42,Judicial Magistrate
JHDH030136892021,2021-12-15,18,CJM,52,Judicial Magistrate
JHDH030048712021,2021-12-14,23,Chief Judicial Magistrate,NA,Principal District and Sessions Courts
JHDH030030862016,2016-09-03,18,CJM,53,Judicial Magistrate
JHDH030035792016,2016-10-04,18,CJM,42,Judicial Magistrate
JHDH030035792016,2020-01-17,NA,Incharge) SDJM,52,Judicial Magistrate
JHDH030035792016,2022-01-24,52,Judicial Magistrate,76,Judicial Magistrate
JHDH030044622015,2015-11-19,18,CJM,52,Judicial Magistrate
JHDH030044622015,2018-01-09,NA,NA,68,Judicial Magistrate
JHDH030044622015,2018-12-04,68,Judicial Magistrate,34,Judicial Magistrate
JHDH030044622015,2019-11-27,NA,Incharge) Judicial Magistrate,70,Judicial Magistrate
JHDH030044622015,2021-02-20,70,Judicial Magistrate,57,Spl Judge Economic Offences cum JM
JHDH030033712017,2017-09-21,18,CJM,69,Judicial Magistrate
JHDH030031802017,2017-09-07,18,CJM,68,Judicial Magistrate
JHDH030034272017,2017-09-26,18,CJM,23,SDJM
JHDH030034272017,2022-04-30,23,SDJM,13,Judicial Magistrate
JHDH030034272017,2022-08-24,13,Judicial Magistrate,61,JM 1st Class cum Civil Judge Sr Div VII
JHDH030002112017,2017-01-25,18,CJM,13,Judicial Magistrate
JHDH030002112017,2017-03-02,13,Judicial Magistrate,NA,NA
JHDH030002112017,2022-01-15,38,Judicial Magistrate,14,Judicial Magistrate
JHDH010047622022,2022-05-21,1,Principal District  and  Sessions Judge,12,District and Adl  Sessions Judge X cum FTC Crime Against Women  cum ACB Dhanbad
JHDH030030842016,2016-09-03,18,CJM,34,Judicial Magistrate
JHDH030030842016,2017-04-06,34,Judicial Magistrate,69,Judicial Magistrate
JHDH030030842016,2022-04-30,69,Judicial Magistrate,76,Judicial Magistrate
JHDH030098382017,2022-01-24,22,Judicial Magistrate,62,Judicial Magistrate
JHDH030098382017,2022-06-06,NA,Incharge) Judicial Magistrate,52,Judicial Magistrate
JHDH030098382017,2022-08-01,52,Judicial Magistrate,28,JM 1st Class cum Civil Judge Sr Div VIII
JHDH030036182016,2016-10-04,18,CJM,36,Judicial Magistrate
JHDH030036012016,2016-10-04,18,CJM,52,Judicial Magistrate
JHDH030036012016,2018-01-18,NA,NA,22,Judicial Magistrate
JHDH030037702016,2016-10-21,18,CJM,53,Judicial Magistrate
JHDH030034262017,2017-09-26,18,CJM,69,Judicial Magistrate
JHDH030094302019,2020-02-06,18,CJM,64,Judicial Magistrate
JHDH030016872021,2022-11-28,18,CJM,63,Judicial Magistrate
JHDH030009052017,2017-04-06,18,CJM,64,Judicial Magistrate
JHDH030009052017,2022-05-28,64,PRINCIPAL MAGISTRATE JJB,42,Judicial Magistrate
JHDH030033732017,2017-09-21,18,CJM,38,REGISTRAR CUM JM
JHDH030033732017,2022-01-15,38,Judicial Magistrate,14,Judicial Magistrate
JHDH030009042017,2017-04-06,18,CJM,36,Judicial Magistrate
JHDH030009042017,2019-01-22,36,Judicial Magistrate,34,Judicial Magistrate
JHDH030009042017,2019-11-19,NA,Incharge) Judicial Magistrate,70,Judicial Magistrate
JHDH030035832016,2016-10-04,18,CJM,42,Judicial Magistrate
JHDH030035832016,2020-01-10,NA,Incharge) SDJM,52,Judicial Magistrate
JHDH030035832016,2022-05-27,52,Judicial Magistrate,66,Judicial Magistrate
JHDH030035832016,2023-01-13,66,Judicial Magistrate,61,JM 1st Class cum Civil Judge Sr Div VII
JHDH030035812016,2016-10-04,18,CJM,NA,NA
JHDH030035982016,2016-10-04,18,CJM,61,Judicial Magistrate
JHDH030035982016,2017-03-18,61,Judicial Magistrate,67,Judicial Magistrate
JHDH030035982016,2019-07-19,67,Judicial Magistrate,14,Judicial Magistrate
JHDH030035982016,2022-03-11,14,Judicial Magistrate,23,SDJM
JHDH030035982016,2022-04-27,23,SDJM,13,Judicial Magistrate
JHDH010043722022,2022-05-10,1,Principal District  and  Sessions Judge,3,District and Adl  Sessions Judge 1st
JHDH030036022016,2016-10-04,18,CJM,52,Judicial Magistrate
JHDH030036022016,2018-01-25,NA,NA,68,Judicial Magistrate
JHDH030071542016,2022-04-30,71,REGISTRAR CUM JM,75,Judicial Magistrate
JHDH030031792017,2017-09-07,18,CJM,67,Judicial Magistrate
JHDH030031792017,2021-08-26,NA,Incharge) Judicial Magistrate,36,Judicial Magistrate
JHDH030033702017,2017-09-21,18,CJM,52,Judicial Magistrate
JHDH030033702017,2018-02-14,NA,NA,50,Judicial Magistrate
JHDH030028292016,2016-08-09,18,CJM,NA,NA
JHDH030035772016,2016-10-04,18,CJM,42,Judicial Magistrate
JHDH030035772016,2020-01-04,NA,Incharge) SDJM,52,Judicial Magistrate
JHDH030035842016,2016-10-04,18,CJM,65,Judicial Magistrate
JHDH030035842016,2017-09-13,NA,NA,71,Judicial Magistrate
JHDH030035842016,2022-04-29,71,REGISTRAR CUM JM,75,Judicial Magistrate
JHDH030034242017,2022-04-25,38,Judicial Magistrate,63,Judicial Magistrate
JHDH030030852016,2016-09-03,18,CJM,53,Judicial Magistrate
JHDH030071482016,2022-06-03,71,REGISTRAR CUM JM,75,Judicial Magistrate
JHDH030001992017,2017-01-25,18,CJM,62,Judicial Magistrate
JHDH030001992017,2020-01-07,NA,Incharge) Judicial Magistrate,52,Judicial Magistrate
JHDH030034332017,2017-09-26,18,CJM,67,Judicial Magistrate
JHDH030035802016,2016-10-04,18,CJM,42,Judicial Magistrate
JHDH030035802016,2020-01-21,NA,Incharge) SDJM,52,Judicial Magistrate
JHDH030035802016,2022-01-19,52,Judicial Magistrate,76,Judicial Magistrate
JHDH030028702017,2017-09-18,NA,NA,71,Judicial Magistrate
JHDH030028702017,2017-09-18,18,CJM,NA,NA
JHDH030028702017,2017-11-08,71,Judicial Magistrate,70,Judicial Magistrate
JHDH030123802020,2022-02-09,18,CJM,63,Judicial Magistrate
JHDH030036202016,2016-10-04,18,CJM,36,Judicial Magistrate
JHDH030036202016,2019-01-08,36,Judicial Magistrate,34,Judicial Magistrate
JHDH030036202016,2019-11-06,NA,Incharge) Judicial Magistrate,70,Judicial Magistrate
JHDH030036202016,2020-01-28,70,Judicial Magistrate,36,Judicial Magistrate
JHDH030036202016,2022-05-09,36,Judicial Magistrate,73,Judicial Magistrate
JHDH030109302018,2018-08-24,18,CJM,68,Judicial Magistrate
JHDH030064742016,2018-12-11,36,Judicial Magistrate,61,Judicial Magistrate
JHDH030064742016,2019-11-05,NA,Incharge) Judicial Magistrate,66,Judicial Magistrate
JHDH030064742016,2022-02-09,66,Judicial Magistrate,64,PRINCIPAL MAGISTRATE JJB
JHDH010011242021,2021-02-03,1,Principal District  and  Sessions Judge,4,District  and Adl  Sessions Judge 2 Cum Spl Judge CBI cum Drugs and Cosmetics cum Spl Judge Electricity cum Cyber Crime Cases
JHDH030036002016,2016-10-04,18,CJM,52,Judicial Magistrate
JHDH030036002016,2018-01-25,NA,NA,38,REGISTRAR CUM JM
JHDH030036002016,2022-04-25,38,Judicial Magistrate,63,Judicial Magistrate
JHDH030003652017,2017-02-08,18,CJM,13,Judicial Magistrate
JHDH030003652017,2017-03-20,13,Judicial Magistrate,NA,NA
JHDH030003652017,2022-06-23,38,Judicial Magistrate,14,Judicial Magistrate
JHDH030034252017,2017-10-05,18,CJM,36,Judicial Magistrate
JHDH030034252017,2019-11-08,36,Judicial Magistrate,23,SDJM
JHDH030002152017,2017-03-21,18,CJM,65,Judicial Magistrate
JHDH030002152017,2017-09-15,NA,NA,71,Judicial Magistrate
JHDH030002152017,2017-09-18,71,Judicial Magistrate,70,Judicial Magistrate
JHDH030002152017,2021-02-06,70,Judicial Magistrate,57,Spl Judge Economic Offences cum JM
JHDH030003212017,2017-02-04,18,CJM,68,Judicial Magistrate
JHCH030038872018,2018-09-25,7,Addl.Chief Judicial Magistrate,19,J.M. 1st Class cum Civil Judge Sr. Div.
JHCH030038872018,2019-09-19,19,J.M. 1st Class cum Civil Judge Sr. Div.,10,Sub Divisional Judicial Magistrate
JHCH030000612017,2017-01-10,8,"J.M ESTABLISHMENT, CHATRA, JHARKHAND",NA,JM Establishment
JHCH030001782017,2017-02-17,8,Chief Judicial Magistrate,13,J.M. 1st Class cum Civil Judge Jr. Div.IV
JHCH030001782017,2019-09-12,13,J.M. 1st Class cum Civil Judge Jr. Div.IV,14,J. M. 1st Class cum C.J. Jr. Div.
JHCH030001782017,2022-06-07,14,J. M. 1st Class cum C.J. Jr. Div.,19,J.M. 1st Class cum Civil Judge Sr. Div.
JHCH030000602017,2017-01-10,8,"J.M ESTABLISHMENT, CHATRA, JHARKHAND",NA,JM Establishment
JHCH030001762017,2017-02-17,8,Chief Judicial Magistrate,13,J.M. 1st Class cum Civil Judge Jr. Div.IV
JHCH030020022016,2017-02-17,8,Chief Judicial Magistrate,13,J.M. 1st Class cum Civil Judge Jr. Div.IV
JHCH030020022016,2019-09-12,13,J.M. 1st Class cum Civil Judge Jr. Div.IV,14,J. M. 1st Class cum C.J. Jr. Div.
JHCH030020022016,2022-06-09,14,J. M. 1st Class cum C.J. Jr. Div.,19,J.M. 1st Class cum Civil Judge Sr. Div.
JHCH030019832019,2022-01-15,10,Sub Divisional Judicial Magistrate,16,J. M. 1st Class cum C.J. Jr. Div.
JHHB030048752017,2022-01-05,11,C.J.M cum Civil Judge(Sr. Division)- 3,28,Judicial Magistrate 1st Class
JHHB010050282019,2019-11-05,1,Principal District and Sessions Judge,36,District and Additional Sessions Judge 9
JHHB030048552017,2019-05-15,26,Judicial Magistrate 1st Class,25,Judicial Magistrate 1st Class
JHHB030048552017,2022-05-26,25,Judicial Magistrate 1st Class,16,S.D.J.M
JHHB010039332018,2018-08-18,1,Principal District and Sessions Judge,3,D. J cum Additional Sessions Judge - 1
JHHB030045122016,2022-12-02,11,C.J.M cum Civil Judge(Sr. Division)- 3,28,Judicial Magistrate 1st Class
JHHB030039012017,2022-05-27,29,Judicial Magistrate 1st Class,16,S.D.J.M
JHHB030011752022,2022-11-28,24,Chief Judicial Magistrate Hazaribag,NA,Principal District and Sessions Judge Hazaribag
JHHB030018652022,2022-05-25,16,S.D.J.M,36,Judicial Magistrate 1st Class
JHHB030033982015,2022-06-08,22,I/c J.M. Ist Class,29,Judicial Magistrate 1st Class
JHHB030033982015,2022-07-08,29,Judicial Magistrate 1st Class,28,Judicial Magistrate 1st Class
JHHB030059092017,2022-03-29,11,Chief Judicial Magistrate Hazaribag,NA,Principal District and Sessions Judge Hazaribag
JHHB030039042017,2022-05-02,29,Judicial Magistrate 1st Class,16,S.D.J.M
JHHB030045362016,2022-09-15,11,C.J.M cum Civil Judge(Sr. Division)- 3,27,I/c J.M. Ist Class
JHHB030045362016,2022-12-03,27,I/c J.M. Ist Class,21,Judicial Magistrate 1st Class
JHHB030041712017,2019-08-22,11,C.J.M cum Civil Judge(Sr. Division)- 3,9,Civil Judge(Sr. Division)-1 cum ACJM
JHHB030041712017,2022-04-07,9,Civil Judge(Sr. Division)-1 cum ACJM,21,Judicial Magistrate 1st Class
JHHB030050132017,2019-05-20,26,Judicial Magistrate 1st Class,25,Judicial Magistrate 1st Class
JHHB030050132017,2022-05-26,25,Judicial Magistrate 1st Class,16,S.D.J.M
JHHB030044922016,2022-12-02,11,C.J.M cum Civil Judge(Sr. Division)- 3,28,Judicial Magistrate 1st Class
JHHB030012472017,2017-11-07,16,S.D.J.M,24,Judicial Magistrate 1st Class
JHHB010002072022,2022-01-13,1,Principal District and Sessions Judge,32,District and Additional Sessions Judge 6 -cum- Special Judge SC and ST Act
JHHB010045302021,2021-09-30,3,D. J cum Additional Sessions Judge - 1,32,District and Additional Sessions Judge 6 -cum- Special Judge SC and ST Act
JHHB030100572018,2022-09-15,11,C.J.M cum Civil Judge(Sr. Division)- 3,21,Judicial Magistrate 1st Class
JHHB010049092019,2019-11-05,1,Principal District and Sessions Judge,36,District and Additional Sessions Judge 9
JHHB030045302016,2022-09-15,11,C.J.M cum Civil Judge(Sr. Division)- 3,27,I/c J.M. Ist Class
JHHB030045302016,2022-12-03,27,I/c J.M. Ist Class,21,Judicial Magistrate 1st Class
JHHB030053782017,2022-06-08,16,S.D.J.M,25,Judicial Magistrate 1st Class
JHHB010001472016,2016-02-22,1,Principal District and Sessions Judge,3,D. J cum Additional Sessions Judge - 1
JHPK010017522018,2018-11-27,1,Principal District and Sessions Judge,3,District and Additional Sessions Judge-I
JHPK010017522018,2022-03-25,3,District and Additional Sessions Judge-I,4,District and Additional Sessions Judge-II
JHPK030028992018,2019-07-23,8,Chief Judicial Magistrate Pakur,NA,District Aand Sessions Court Pakur
JHPK030009292018,2018-11-27,7,Chief Judicial Magistrate Pakur,NA,District Aand Sessions Court Pakur
JHPK030006202020,2020-03-23,9,Chief Judicial Magistrate Pakur,NA,District Aand Sessions Court Pakur
JHPK010003282020,2020-03-23,1,Principal District and Sessions Judge,3,District and Additional Sessions Judge-I
JHPK010011212019,2019-07-23,1,Principal District and Sessions Judge,3,District and Additional Sessions Judge-I
JHPK010011212019,2022-03-25,3,District and Additional Sessions Judge-I,4,District and Additional Sessions Judge-II
JHPK010014512021,2021-12-10,1,Principal District and Sessions Judge,3,District and Additional Sessions Judge-I
JHPK030014002021,2021-10-05,5,Chief Judicial Magistrate Pakur,NA,District Aand Sessions Court Pakur
JHGR030097772018,2018-10-05,10,Civil Judge (Sr. Div.) III - cum- C.J.M,25,JM 1st Class
JHGR030097772018,2022-01-12,25,JM 1st Class,45,JM 1st Class
JHGR030002952019,2019-03-05,34,Chief Judicial Magistrate Courts Giridih,NA,District And Sessions Courts Giridih
JHGR010058372019,2019-11-05,1,Principal District and Session Judge,3,District and Add. Sessions Judge 1-Cum-Special Judge
JHGR010013892018,2018-04-13,1,Principal District and Session Judge,39,District and Add. Sessions Judge VIII
JHGR010013892018,2021-02-05,7,District and Add. Sessions Judge V (IN-CHARGE),37,District and Add. Sessions Judge VI (INCHARGE)
JHGR010013892018,2021-02-05,39,District and Add. Sessions Judge VIII,7,District and Add. Sessions Judge V (IN-CHARGE)
JHGR010013892018,2022-02-07,37,District and Add. Sessions Judge VI (INCHARGE),7,District and Add. Sessions Judge V (IN-CHARGE)
JHGR010013892018,2022-06-15,7,District and Add. Sessions Judge V (IN-CHARGE),5,District and  Add. Sessions Judge III
JHGR010013892018,2023-01-07,5,District and  Add. Sessions Judge III,3,District and Add. Sessions Judge 1-Cum-Special Judge
JHGR010052722018,2018-11-22,1,Principal District and Session Judge,3,District and Add. Sessions Judge 1-Cum-Special Judge
JHGR010049792018,2019-02-27,1,Principal District and Session Judge,4,District and  Add. Sessions Judge II
JHGR030099692018,2018-10-09,34,Chief Judicial Magistrate Courts Giridih,NA,District And Sessions Courts Giridih
JHGR030045012016,2022-08-30,27,JM 1st Class,42,JM 1st Class
JHGR030037362016,2022-02-17,25,JM 1st Class,43,JM 1st Class
JHGR010028642018,2018-08-07,1,Principal District and Session Judge,3,District and Add. Sessions Judge 1-Cum-Special Judge
JHGR030058312019,2019-06-11,10,Civil Judge (Sr. Div.) III - cum- C.J.M,25,JM 1st Class
JHGR010049182018,2018-10-05,1,Principal District and Session Judge,6,District  and Add. Sessions Judge IV
JHGR030072722019,2019-07-10,10,Civil Judge (Sr. Div.) III - cum- C.J.M,25,JM 1st Class
JHGR010054632019,2019-09-24,1,Principal District and Session Judge,3,District and Add. Sessions Judge 1-Cum-Special Judge
JHGR030044372016,2022-01-30,27,JM 1st Class,38,I/C J.M. (Vacant) court
JHGR030044372016,2022-04-26,38,I/C J.M. (Vacant) court,27,J. M. 1st Class (In-Charge)
JHGR010014942019,2019-03-08,1,Principal District and Session Judge,5,District and  Add. Sessions Judge III
JHGR010014942019,2019-11-18,5,District and  Add. Sessions Judge III,37,District and Add. Sessions Judge VI (INCHARGE)
JHGR010014942019,2022-02-07,37,District and Add. Sessions Judge VI (INCHARGE),38,District and Add. Sessions Judge VII (IN-CHARGE)
JHGR010014942019,2022-04-22,38,District and Add. Sessions Judge VII (IN-CHARGE),3,District and Add. Sessions Judge 1-Cum-Special Judge
JHGR010051762019,2019-09-11,1,Principal District and Session Judge,3,District and Add. Sessions Judge 1-Cum-Special Judge
JHGR030054222017,2022-05-27,27,JM 1st Class,42,JM 1st Class
JHGR010019992019,2019-03-29,1,Principal District and Session Judge,3,District and Add. Sessions Judge 1-Cum-Special Judge
JHGR010019992019,2019-08-07,3,District and Add. Sessions Judge 1-Cum-Special Judge,38,District and Add. Sessions Judge VII (IN-CHARGE)
JHGR010019992019,2022-04-23,38,District and Add. Sessions Judge VII (IN-CHARGE),7,District and Add. Sessions Judge V (IN-CHARGE)
JHGR010019992019,2022-06-15,7,District and Add. Sessions Judge V (IN-CHARGE),5,District and  Add. Sessions Judge III
JHGR010005942020,2020-02-05,1,Principal District and Session Judge,3,District and Add. Sessions Judge 1-Cum-Special Judge
JHGR030065042022,2022-07-12,10,Civil Judge (Sr. Div.) III - cum- C.J.M,45,JM 1st Class
JHGR030002302019,2019-03-27,11,Chief Judicial Magistrate Courts Giridih,NA,District And Sessions Courts Giridih
JHGR010065892019,2019-11-20,1,Principal District and Session Judge,3,District and Add. Sessions Judge 1-Cum-Special Judge
JHGR010062582019,2019-11-07,1,Principal District and Session Judge,3,District and Add. Sessions Judge 1-Cum-Special Judge
JHGR030023092014,2018-04-11,10,Chief Judicial Magistrate Courts Giridih,NA,District And Sessions Courts Giridih
JHGR030012202022,2022-07-30,10,Civil Judge (Sr. Div.) III - cum- C.J.M,16,JM 1st Class
JHGW030011232022,2022-04-02,4,Chief Judicial magistrate,30,"J.M - 1st Class, Garhwa"
JHGW010010922015,2015-05-13,1,Principal District  and sessions Judge,2,District Judge I
JHGW010053602022,2022-12-21,1,Principal District  and sessions Judge,2,Addl District and Sessions Judge I
JHGW010021112022,2022-05-17,1,Principal District  and sessions Judge,2,Addl District and Sessions Judge I
JHGW010034882021,2021-09-13,1,Principal District  and sessions Judge,3,ADJ IV
JHGW010034882021,2021-10-04,NA,NA,2,Addl District and Sessions Judge I
JHGW010050442021,2021-12-22,1,Principal District  and sessions Judge,2,Addl District and Sessions Judge I
JHGW030032682017,2022-05-30,4,Chief Judicial magistrate,28,"J.M - 1st Class, Garhwa"
JHGW010025802022,2022-06-29,1,Principal District  and sessions Judge,2,Addl District and Sessions Judge I
JHGW010017642022,2022-04-21,1,Principal District  and sessions Judge,2,Addl District and Sessions Judge I
JHGW010034932021,2021-09-13,1,Principal District  and sessions Judge,3,ADJ IV
JHGW010034932021,2021-10-04,NA,NA,2,Addl District and Sessions Judge I
JHGW010049412021,2021-12-14,1,Principal District  and sessions Judge,2,Addl District and Sessions Judge I
JHGW010038312021,2021-11-02,1,Principal District  and sessions Judge,2,Addl District and Sessions Judge I
JHGW010027392022,2022-06-29,1,Principal District  and sessions Judge,2,Addl District and Sessions Judge I
JHGW030014892022,2022-08-31,9,SDJM,30,"J.M - 1st Class, Garhwa"
JHGW030032672017,2019-01-15,4,Chief Judicial magistrate,6,A.C.J.M
JHGW030032672017,2019-11-27,6,A.C.J.M,4,Chief Judicial magistrate
JHGW030032672017,2022-06-16,28,"J.M - 1st Class, Garhwa",4,Chief Judicial magistrate
JHGW030032672017,2022-06-16,4,Chief Judicial magistrate,28,"J.M - 1st Class, Garhwa"
JHDG030023922017,2017-11-16,16,Civil Judge(sr. div-Il) cum-CJM-1st Assistant Sess,23,JM I
JHDG030023922017,2018-11-28,23,J.M.1st Class,3,Judge-in-charge cum JM 1st Class
JHDG030001772017,2017-01-28,16,Civil Judge(sr. div-Il) cum-CJM-1st Assistant Sess,21,JM 1st Class
JHDG030001772017,2017-12-12,21,J.M.1st Class,23,JM I
JHDG030001772017,2018-10-03,23,J.M.1st Class,24,J.M.1st Class
JHDG030019432019,2019-04-27,16,Civil Judge(sr. div-Il) cum-CJM-1st Assistant Sess,26,J.M.1st Class
JHDG030019432019,2019-06-24,26,J.M.1st Class,21,J.M.1st Class
JHDG030019432019,2022-05-24,21,J.M.1st Class,28,J.M.1st Class
JHDG030033582016,2017-07-13,17,"SDJM,Deoghar",22,J.M.1st Class
JHGM030011542015,2017-01-16,6,JUDICIAL MAGISTRATE,NA,District and Sessions Courts
JHGM030011622015,2016-01-07,6,JUDICIAL MAGISTRATE,NA,District and Sessions Courts
JHGM030034932019,2021-02-11,9,JUDICIAL MAGISTRATE,NA,District and Sessions Courts
JHGM030014542014,2016-09-09,6,JUDICIAL MAGISTRATE,NA,District and Sessions Courts
JHGM030032532021,2022-02-04,6,JUDICIAL MAGISTRATE,NA,District and Sessions Courts
JHGM010006762022,2022-02-26,NA,NA,3,District  Additional Sessions Judge - Ist
JHGM010005552022,2022-02-26,NA,NA,3,District  Additional Sessions Judge - Ist
JHGM030009882019,2019-04-09,6,JUDICIAL MAGISTRATE,NA,District and Sessions Courts
JHGM010018112021,2021-07-28,1,Principal District and sessions Judge,3,District  Additional Sessions Judge - Ist
JHGM010002112016,2016-02-29,1,Principal District and sessions Judge,3,District  Additional Sessions Judge - Ist
JHGM030016082015,2016-09-03,7,ACJM,14,JM 1st Class
JHGM030013872020,2021-06-08,15,JUDICIAL MAGISTRATE,NA,District and Sessions Courts
JHGM010006052021,2021-02-25,NA,NA,3,District  Additional Sessions Judge - Ist
JHGM010009112020,2020-06-11,1,Principal District and sessions Judge,3,District  Additional Sessions Judge - Ist
JHGM010005842020,2020-03-03,1,Principal District and sessions Judge,3,District  Additional Sessions Judge - Ist
JHGM030001342020,2021-09-22,6,JUDICIAL MAGISTRATE,NA,District and Sessions Courts
JHGM030011512015,2017-01-16,6,JUDICIAL MAGISTRATE,NA,District and Sessions Courts
JHGM010008102021,2021-03-16,NA,NA,3,District  Additional Sessions Judge - Ist
JHGM010014532022,2022-04-28,NA,NA,3,District  Additional Sessions Judge - Ist
JHGM030015282019,2022-02-22,6,JUDICIAL MAGISTRATE,NA,District and Sessions Courts
JHGM030030832021,2022-02-16,6,JUDICIAL MAGISTRATE,NA,District and Sessions Courts
JHGM030010262022,2022-07-06,6,JUDICIAL MAGISTRATE,NA,District and Sessions Courts
JHGM030015972019,2019-08-21,6,JUDICIAL MAGISTRATE,NA,District and Sessions Courts
JHGM030000342022,2022-04-02,6,JUDICIAL MAGISTRATE,NA,District and Sessions Courts
JHGM010002502015,2016-04-25,4,District Additional Sessions Judge - II,8,District Additional Sessions Judge - IV
JHGM010002502015,2016-04-29,5,District  Additional Sessions Judge - III,4,District Additional Sessions Judge - II
JHGM010004892022,2022-02-21,NA,NA,3,District  Additional Sessions Judge - Ist
JHGM010018132016,2018-08-13,3,District  Additional Sessions Judge - Ist,9,District Additional Sessions Judge - V
JHGM010018132016,2019-02-21,9,District Additional Sessions Judge - V,3,District  Additional Sessions Judge - Ist
JHGM010010082020,2020-06-30,NA,NA,3,District  Additional Sessions Judge - Ist
JHGM010002972016,2016-02-29,1,Principal District and sessions Judge,3,District  Additional Sessions Judge - Ist
JHGM030034012022,2022-12-15,16,JM 1st Class,11,PM-cum-J.J Board
JHGM030011652015,2015-12-16,6,JUDICIAL MAGISTRATE,NA,District and Sessions Courts
JHGM010005542015,2015-08-04,1,Principal District and sessions Judge,3,District  Additional Sessions Judge - Ist
JHGM010023732021,2021-09-24,NA,NA,3,District  Additional Sessions Judge - Ist
JHGM010023182022,2022-07-13,NA,NA,3,District  Additional Sessions Judge - Ist
JHGM030011602018,2022-02-14,6,JUDICIAL MAGISTRATE,NA,District and Sessions Courts
JHGM030011472015,2018-01-15,6,JUDICIAL MAGISTRATE,NA,District and Sessions Courts
JHGM010004962021,2021-02-20,NA,NA,3,District  Additional Sessions Judge - Ist
JHGM030024952019,2019-09-16,6,JUDICIAL MAGISTRATE,NA,District and Sessions Courts
JHGM030015252019,2019-06-17,6,JUDICIAL MAGISTRATE,NA,District and Sessions Courts
JHGM010008542020,2020-06-05,1,Principal District and sessions Judge,3,District  Additional Sessions Judge - Ist
JHGM030001392019,2019-03-11,6,JUDICIAL MAGISTRATE,NA,District and Sessions Courts
JHGM030017122018,2021-03-06,6,JUDICIAL MAGISTRATE,NA,District and Sessions Courts
JHGM010000482022,2022-01-15,1,Principal District and sessions Judge,9,ADJ V
JHGM010011842022,2022-04-28,NA,NA,3,District  Additional Sessions Judge - Ist
JHGM030013722015,2017-01-16,6,JUDICIAL MAGISTRATE,NA,District and Sessions Courts
JHGM030029332019,2020-01-18,9,JUDICIAL MAGISTRATE,NA,District and Sessions Courts
JHGM010006502022,2022-02-26,NA,NA,3,District  Additional Sessions Judge - Ist
JHGM010015892019,2019-07-11,1,Principal District and sessions Judge,3,District  Additional Sessions Judge - Ist
JHGM030019642021,2022-04-26,6,JUDICIAL MAGISTRATE,NA,District and Sessions Courts
JHGM030011792020,2020-06-22,6,JUDICIAL MAGISTRATE,NA,District and Sessions Courts
JHGM010012652021,2021-06-16,NA,NA,3,District  Additional Sessions Judge - Ist
JHGM010010472020,2020-06-30,1,Principal District and sessions Judge,3,District  Additional Sessions Judge - Ist
JHGM010021852021,2021-09-10,NA,NA,3,District  Additional Sessions Judge - Ist
JHGM030000882021,2021-02-20,6,JUDICIAL MAGISTRATE,NA,District and Sessions Courts
JHGM010000062015,2016-05-04,5,District  Additional Sessions Judge - III,1,Principal District and sessions Judge
JHGM010000062015,2016-08-22,1,Principal District and sessions Judge,3,District  Additional Sessions Judge - Ist
JHGM010000062015,2018-08-13,3,District  Additional Sessions Judge - Ist,9,District Additional Sessions Judge - V
JHGM010000062015,2022-05-07,9,ADJ V,1,Principal District and sessions Judge
JHGM030012422021,2021-10-05,6,JUDICIAL MAGISTRATE,NA,District and Sessions Courts
JHGM010025132021,2021-10-11,NA,NA,8,ADJ IV
JHGM010002212020,2020-01-23,1,Principal District and sessions Judge,3,District  Additional Sessions Judge - Ist
JHGM030018592021,2022-02-23,6,JUDICIAL MAGISTRATE,NA,District and Sessions Courts
JHRG030003922016,2019-09-20,6,"Sub Divisional Judicial Magistrate ,Ramgarh",9,"Judicial Magistrate 1st Class ,Ramgarh"
JHRG030003922016,2022-09-29,9,"Judicial Magistrate 1st Class ,Ramgarh",11,"Judicial Magistrate 1st Class ,Ramgarh"
JHRG030003442015,2022-01-18,2,"Additional Chief Judicial Magistrate ,Ramgarh",11,"Judicial Magistrate 1st Class ,Ramgarh"
JHRG030000292017,2018-05-19,5,"Judicial Magistrate 1st Class ,Ramgarh",6,"Judicial Magistrate 1st Class ,Ramgarh"
JHRG030002422016,2022-01-18,3,"Sub Divisional Judicial Magistrate ,Ramgarh",10,"Judicial Magistrate 1st Class ,Ramgarh"
JHRG030009982016,2022-01-12,2,"Additional Chief Judicial Magistrate ,Ramgarh",11,"Judicial Magistrate 1st Class ,Ramgarh"
JHRG030006542017,2019-10-25,4,"Additional Chief Judicial Magistrate ,Ramgarh",9,"Judicial Magistrate 1st Class ,Ramgarh"
JHRG030006542017,2022-11-01,9,"Judicial Magistrate 1st Class ,Ramgarh",11,"Judicial Magistrate 1st Class ,Ramgarh"
JHRG030002372015,2022-01-25,2,"Additional Chief Judicial Magistrate ,Ramgarh",11,"Judicial Magistrate 1st Class ,Ramgarh"
JHRG030008122016,2022-01-25,2,"Additional Chief Judicial Magistrate ,Ramgarh",11,"Judicial Magistrate 1st Class ,Ramgarh"
JHRG030007252015,2022-01-25,2,"Additional Chief Judicial Magistrate ,Ramgarh",11,"Judicial Magistrate 1st Class ,Ramgarh"
JHRG030012612018,2019-02-26,2,Magistrate Courts,NA,District and Sessions Judge Courts
JHRG030009492017,2022-01-25,2,"Additional Chief Judicial Magistrate ,Ramgarh",11,"Judicial Magistrate 1st Class ,Ramgarh"
JHRG010007092019,2019-03-27,1,"Principal District and Sessions Judge ,Ramgarh",2,"District And Additional Sessions Judge-I ,Ramgarh"
JHRG030001992016,2018-05-19,5,"Judicial Magistrate 1st Class ,Ramgarh",3,"Sub Divisional Judicial Magistrate ,Ramgarh"
JHRG030002642016,2022-01-18,2,"Additional Chief Judicial Magistrate ,Ramgarh",11,"Judicial Magistrate 1st Class ,Ramgarh"
JHJR030063102015,2017-07-01,25,J.M 1st Class-Cum-Addl.Civil Judge (Jr. Div.) XIV,34,Judcial Magistrate 1st Class No.6
JHJR030063102015,2017-12-23,34,Judcial Magistrate 1st Class No.6,30,J.M 1st Class
JHJR030063102015,2019-11-08,30,Judcial Magistrate 1st Class No.7,42,Judcial Magistrate 1st Class No.14
JHJR030056272016,2019-11-08,30,Judcial Magistrate 1st Class No.7,42,Judcial Magistrate 1st Class No.14
JHJR030063092015,2019-08-27,24,Judge-in-Charge-Cum-Judicial Magistrate 1st Class No.3,21,Judcial Magistrate 1st Class No.12
JHJR030094412017,2019-09-27,34,Judcial Magistrate 1st Class No.6,25,Judcial Magistrate 1st Class No.11
JHJR030094412017,2022-04-11,25,Judcial Magistrate 1st Class No.11,43,J.M. 1st Class-cum-Addl. Civil Judge (Jr.Div.)
JHJR030094412017,2022-04-20,NA,NA,38,J.M 1st Class.13-cum-Addl.Civil Judge (Jr. Div.) XIII
JHJR030093692017,2022-02-02,32,J.M 1st Class,17,Judicial Magistrate 1st Class No.1
JHJR030093692017,2022-02-26,17,Judicial Magistrate 1st Class No.1,32,J.M 1st Class
JHJR030031982019,2019-11-08,30,Judcial Magistrate 1st Class No.7,42,Judcial Magistrate 1st Class No.14
JHJR030052722016,2021-09-22,17,Judicial Magistrate 1st Class No.1,30,Judcial Magistrate 1st Class No15
JHJR030056262016,2019-08-26,24,Judge-in-Charge-Cum-Judicial Magistrate 1st Class No.3,7,A.C.J.M-cum-Civil Judge(Sr.Div.) I
JHJR030056262016,2019-12-23,7,A.C.J.M-Civil Judge(Sr.Div.) I Cum A.S.J- III,21,Judcial Magistrate 1st Class No.12
JHJR030030592016,2016-06-14,28,J.M 1st Class,NA,NA
JHJR030000512017,2019-08-26,24,Judge-in-Charge-Cum-Judicial Magistrate 1st Class No.3,7,A.C.J.M-cum-Civil Judge(Sr.Div.) I
JHJR030000512017,2020-09-25,7,A.C.J.M-Civil Judge(Sr.Div.) I Cum A.S.J- III,21,Judcial Magistrate 1st Class No.12
JHJR030000512017,2020-09-25,21,Judcial Magistrate 1st Class No.12,7,A.C.J.M-Civil Judge(Sr.Div.) I Cum A.S.J- III
JHJR030000512017,2020-11-27,7,A.C.J.M-Civil Judge(Sr.Div.) I Cum A.S.J- III,21,Judcial Magistrate 1st Class No.12
JHJR030055842016,2019-08-26,24,Judge-in-Charge-Cum-Judicial Magistrate 1st Class No.3,7,A.C.J.M-cum-Civil Judge(Sr.Div.) I
JHJR030055842016,2020-09-25,7,A.C.J.M-Civil Judge(Sr.Div.) I Cum A.S.J- III,21,Judcial Magistrate 1st Class No.12
JHJR030055842016,2020-09-25,21,Judcial Magistrate 1st Class No.12,7,A.C.J.M-Civil Judge(Sr.Div.) I Cum A.S.J- III
JHJR030055842016,2020-11-27,7,A.C.J.M-Civil Judge(Sr.Div.) I Cum A.S.J- III,21,Judcial Magistrate 1st Class No.12
JHJR030148182018,2022-12-22,36,J.M 1stclass No.4-cum-Addl.Civil judge(Jr.div.)VIII,32,Judcial Magistrate 1st Class No.2
JHJR030055742016,2019-08-26,24,Judge-in-Charge-Cum-Judicial Magistrate 1st Class No.3,7,A.C.J.M-cum-Civil Judge(Sr.Div.) I
JHJR030055742016,2020-09-25,7,A.C.J.M-Civil Judge(Sr.Div.) I Cum A.S.J- III,21,Judcial Magistrate 1st Class No.12
JHJR030055782016,2019-08-26,24,Judge-in-Charge-Cum-Judicial Magistrate 1st Class No.3,7,A.C.J.M-cum-Civil Judge(Sr.Div.) I
JHJR030055832016,2021-09-16,17,Judicial Magistrate 1st Class No.1,30,Judcial Magistrate 1st Class No15
JHJR030056432016,2019-08-26,24,Judge-in-Charge-Cum-Judicial Magistrate 1st Class No.3,7,A.C.J.M-cum-Civil Judge(Sr.Div.) I
JHJR030056432016,2020-09-25,7,A.C.J.M-Civil Judge(Sr.Div.) I Cum A.S.J- III,21,Judcial Magistrate 1st Class No.12
JHJR030056432016,2020-09-25,21,Judcial Magistrate 1st Class No.12,7,A.C.J.M-Civil Judge(Sr.Div.) I Cum A.S.J- III
JHJR030056432016,2020-11-27,7,A.C.J.M-Civil Judge(Sr.Div.) I Cum A.S.J- III,21,Judcial Magistrate 1st Class No.12
JHJR030082482018,2019-08-29,12,S.D.J.M.-Addl.Civil Judge( Jr.Div) I,35,Judcial Magistrate 1st Class No.8
JHJR030082482018,2022-02-18,35,Judcial Magistrate 1st Class No.8,51,J.M. 1st Class-cum-Addl. Civil Judge (Jr.Div.)
JHJR030082482018,2022-05-11,51,J.M. 1st Class-cum-Addl. Civil Judge (Jr.Div.),32,Judcial Magistrate 1st Class No.2
JHJR030055802016,2019-08-27,24,Judge-in-Charge-Cum-Judicial Magistrate 1st Class No.3,21,Judcial Magistrate 1st Class No.12
JHJR030000582017,2019-09-06,34,Judcial Magistrate 1st Class No.6,25,Judcial Magistrate 1st Class No.11
JHJR030000582017,2022-04-11,25,Judcial Magistrate 1st Class No.11,43,J.M. 1st Class-cum-Addl. Civil Judge (Jr.Div.)
JHJR030000582017,2022-04-20,NA,NA,38,J.M 1st Class.13-cum-Addl.Civil Judge (Jr. Div.) XIII
JHJR030030632016,2016-06-14,28,J.M 1st Class,NA,NA
JHJR030052702016,2021-09-16,17,Judicial Magistrate 1st Class No.1,30,Judcial Magistrate 1st Class No15
JHJR030064212019,2023-01-20,36,J.M 1stclass No.4-cum-Addl.Civil judge(Jr.div.)VIII,32,Judcial Magistrate 1st Class No.2
JHJR030168552018,2022-12-17,36,J.M 1stclass No.4-cum-Addl.Civil judge(Jr.div.)VIII,32,Judcial Magistrate 1st Class No.2
JHJR030055792016,2019-08-26,24,Judge-in-Charge-Cum-Judicial Magistrate 1st Class No.3,7,A.C.J.M-cum-Civil Judge(Sr.Div.) I
JHJR030055792016,2020-09-25,7,A.C.J.M-Civil Judge(Sr.Div.) I Cum A.S.J- III,21,Judcial Magistrate 1st Class No.12
JHJR030055792016,2020-09-25,21,Judcial Magistrate 1st Class No.12,7,A.C.J.M-Civil Judge(Sr.Div.) I Cum A.S.J- III
JHJR030055792016,2020-11-27,7,A.C.J.M-Civil Judge(Sr.Div.) I Cum A.S.J- III,21,Judcial Magistrate 1st Class No.12
JHJR030148202018,2019-09-27,34,Judcial Magistrate 1st Class No.6,25,Judcial Magistrate 1st Class No.11
JHJR030148202018,2022-04-06,25,Judcial Magistrate 1st Class No.11,43,J.M. 1st Class-cum-Addl. Civil Judge (Jr.Div.)
JHJR030148202018,2022-04-20,NA,NA,38,J.M 1st Class.13-cum-Addl.Civil Judge (Jr. Div.) XIII
JHJR030030612016,2019-08-27,24,Judge-in-Charge-Cum-Judicial Magistrate 1st Class No.3,21,Judcial Magistrate 1st Class No.12
JHJR030024122016,2017-03-02,24,J.M 1st Class.13-cum-Addl.Civil Judge (Jr. Div.) XIII,41,J.M 1st Class
JHJR030024122016,2017-03-20,41,J.M 1st Class,24,J.M 1st Class.13-cum-Addl.Civil Judge (Jr. Div.) XIII
JHJR030024122016,2019-08-27,24,Judge-in-Charge-Cum-Judicial Magistrate 1st Class No.3,21,Judcial Magistrate 1st Class No.12
JHJR030055812016,2019-08-26,24,Judge-in-Charge-Cum-Judicial Magistrate 1st Class No.3,7,A.C.J.M-cum-Civil Judge(Sr.Div.) I
JHJR030055812016,2020-09-25,7,A.C.J.M-Civil Judge(Sr.Div.) I Cum A.S.J- III,21,Judcial Magistrate 1st Class No.12
JHJR030055812016,2020-09-25,21,Judcial Magistrate 1st Class No.12,7,A.C.J.M-Civil Judge(Sr.Div.) I Cum A.S.J- III
JHJR030055812016,2020-11-27,7,A.C.J.M-Civil Judge(Sr.Div.) I Cum A.S.J- III,21,Judcial Magistrate 1st Class No.12
JHJR030056412016,2019-11-08,30,Judcial Magistrate 1st Class No.7,42,Judcial Magistrate 1st Class No.14
JHJR030056412016,2020-09-10,42,Judcial Magistrate 1st Class No.14,33,Judcial Magistrate 1st Class No.7
JHLT010020212018,2018-12-15,1,Principal District and Sessions Judge,3,District  and Addl. Sessions Judge I
JHLT010015722022,2022-06-29,1,Principal District and Sessions Judge,5,District and Addl. Sessions Judge III
JHLT010015722022,2022-08-30,5,District and Addl. Sessions Judge III,4,District and Addl. Sessions Judge II
JHLT030013652018,2019-05-24,5,Chief Judicial Magistrate,10,"Judicial Magistrate. 1st Class,Latehar"
JHLT030013652018,2019-11-23,10,"Judicial Magistrate. 1st Class,Latehar",15,"Judicial Magistrate. 1st Class,Latehar"
JHLT030008972017,2019-03-24,5,Chief Judicial Magistrate,6,Additional Chief Judicial Magistrate
JHLT030001372020,2020-01-16,8,Sub Divisional  Judicial Magistrate,5,Chief Judicial Magistrate
JHLT030012672017,2018-06-27,5,Chief Judicial Magistrate,10,"Judicial Magistrate. 1st Class,Latehar"
JHLT030012672017,2019-11-23,10,"Judicial Magistrate. 1st Class,Latehar",15,"Judicial Magistrate. 1st Class,Latehar"
JHLT010018492021,2021-09-01,1,Principal District and Sessions Judge,4,District and Addl. Sessions Judge II
JHLT010018492021,2022-04-30,4,District and Addl. Sessions Judge II,5,District and Addl. Sessions Judge III
JHLT010018492021,2022-08-30,5,District and Addl. Sessions Judge III,4,District and Addl. Sessions Judge II
JHLT030007342015,2017-03-16,9,"Judicial Magistrate. 1st Class,Latehar",8,Sub Divisional  Judicial Magistrate
JHLT030007342015,2019-11-18,8,Sub Divisional  Judicial Magistrate,14,"Judicial Magistrate. 1st Class,Latehar"
JHLT030007342015,2022-04-25,14,"Judicial Magistrate. 1st Class,Latehar",8,Sub Divisional  Judicial Magistrate
JHLT010005262019,2020-01-08,1,Principal District and Sessions Judge,4,District and Addl. Sessions Judge II
JHLT010005262019,2022-04-01,4,District and Addl. Sessions Judge II,5,District and Addl. Sessions Judge III
JHLT010005262019,2022-08-29,5,District and Addl. Sessions Judge III,4,District and Addl. Sessions Judge II
JHLT010004172022,2022-03-10,3,District  and Addl. Sessions Judge I,4,District and Addl. Sessions Judge II
JHLT010015852019,2020-03-05,1,Principal District and Sessions Judge,8,District and Addl. Sessions Judge-IV
JHLT010015852019,2021-11-27,8,District and Addl. Sessions Judge-IV,4,District and Addl. Sessions Judge II
JHLT010015852019,2022-04-30,4,District and Addl. Sessions Judge II,5,District and Addl. Sessions Judge III
JHLT010015852019,2022-08-31,5,District and Addl. Sessions Judge III,1,Principal District and Sessions Judge
JHLT010003182022,2022-02-10,1,Principal District and Sessions Judge,4,District and Addl. Sessions Judge II
JHLT010000542018,2018-01-20,1,Principal District and Sessions Judge,3,District  and Addl. Sessions Judge I
JHLT030001272019,2019-03-15,6,"Cheif Judical  Magistrate, Latehar",NA,District and Sessions Courts
JHLT010004692022,2022-02-21,1,Principal District and Sessions Judge,4,District and Addl. Sessions Judge II
JHLT030008952017,2019-06-16,5,Chief Judicial Magistrate,8,Sub Divisional  Judicial Magistrate
JHLT030008942017,2019-03-20,5,Chief Judicial Magistrate,6,Additional Chief Judicial Magistrate
JHLT030007682022,2022-06-16,8,"Cheif Judical  Magistrate, Latehar",NA,District and Sessions Courts
JHLT010006012021,2021-03-06,1,Principal District and Sessions Judge,3,District  and Addl. Sessions Judge I
JHLT010007122021,2021-04-01,1,Principal District and Sessions Judge,3,District  and Addl. Sessions Judge I
JHLT030020552019,2019-09-17,8,"Cheif Judical  Magistrate, Latehar",NA,District and Sessions Courts
JHSK030019732016,2017-08-29,3,CJM,9,J.M. 1st Class
JHSK030074812017,2019-06-11,3,CJM,10,J.M. 1st Class
JHSK030074812017,2022-08-06,10,J.M. 1st Class,3,CJM
JHSK030068632017,2019-11-07,3,CJM,10,J.M. 1st Class
JHSK030068632017,2022-08-24,10,J.M. 1st Class,3,CJM
JHSK030013642016,2019-06-19,6,S.D.J.M.,10,J.M. 1st Class
JHSK030014802016,2017-11-15,3,CJM,9,J.M. 1st Class
JHSK030014912016,2017-09-09,3,CJM,9,J.M. 1st Class
JHSK010013832017,2017-11-25,1,Principal District &amp; Sessions Judge,15,District and Additional Sessions Judge III
JHSK030069112017,2019-10-31,3,CJM,10,J.M. 1st Class
JHSK030069112017,2022-08-24,10,J.M. 1st Class,3,CJM
JHSK030014792016,2018-01-17,3,CJM,9,J.M. 1st Class
JHSK030013652016,2019-06-19,6,S.D.J.M.,10,J.M. 1st Class
JHSK030013632016,2018-04-12,6,S.D.J.M.,8,J.M. 1st Class
JHSK030013632016,2019-09-30,8,J.M. 1st Class,4,ACJM
JHSK030019742016,2017-08-28,3,CJM,9,J.M. 1st Class
JHSK030019742016,2019-10-01,9,JM Incharge,6,S.D.J.M.
JHSK010012872017,2017-11-07,1,Principal District &amp; Sessions Judge,15,District and Additional Sessions Judge III
JHSK030019702016,2017-11-14,3,CJM,9,J.M. 1st Class
JHSK010012772017,2017-11-03,1,Principal District &amp; Sessions Judge,15,District and Additional Sessions Judge III
JHSD010001442018,2018-02-23,1,Principal District &amp; Sessions Judge,7,DIstrict & Additional Sessions Judge-I
JHSD030017602022,2022-12-16,3,Chief Judicial Magistrate,5,S.D.J.M.
JHSD030014702016,2016-10-27,3,Chief Judicial Magistrate,6,J. M 1st Class
JHSD030014702016,2016-12-05,6,J. M 1st Class,7,JM 1st Class Cum Judge in Charge cum P.M. JJB
JHSD030014702016,2017-01-12,7,JM 1st Class Cum Judge in Charge cum P.M. JJB,3,Chief Judicial Magistrate
JHSD010004792017,2019-07-23,1,Principal District &amp; Sessions Judge,9,DIstrict & Additional Sessions Judge -II
JHSD010004792017,2019-11-07,9,DIstrict &amp; Additional Sessions Judge -II,7,DIstrict & Additional Sessions Judge-I
JHDM030023552016,2019-11-11,5,Chief Judicial Magistrate,12,Judicial Magistrate 1st Class
JHDM030023552016,2021-12-22,12,Judicial Magistrate 1st Class,11,Judicial Magistrate 1st Class
JHDM030019742016,2019-11-16,5,Chief Judicial Magistrate,12,Judicial Magistrate 1st Class
JHDM030019712016,2019-05-06,5,Chief Judicial Magistrate,12,Judicial Magistrate 1st Class
JHDM030019712016,2021-12-22,12,Judicial Magistrate 1st Class,11,Judicial Magistrate 1st Class
JHDM030019702016,2020-01-07,5,Chief Judicial Magistrate,12,Judicial Magistrate 1st Class
JHDM030025622016,2020-02-19,5,Chief Judicial Magistrate,12,Judicial Magistrate 1st Class
JHDM030025622016,2021-12-22,12,Judicial Magistrate 1st Class,11,Judicial Magistrate 1st Class
JHGD030012402016,2018-04-09,7,J.M 1st Class Cum Judge-In-Charge,3,C.J.M
JHGD030012402016,2018-08-03,3,C.J.M,7,J.M 1st Class Cum Judge-In-Charge
JHGD010005672020,2020-02-26,1,Principal District and Sessions Judge,13,District & Additional Sessions Judge-II
JHGD010005672020,2022-11-16,13,District &amp; Additional Sessions Judge-II,16,Addl District and Sessions Judge III
JHGD030013902016,2017-03-21,6,Chief Judicial Magistrate Courts,NA,District and Sessions Judge Courts
JHGD010004072017,2019-08-17,1,Principal District and Sessions Judge,19,District And Additional Sessions Judge- VI
JHGD010004072017,2019-11-07,19,District And Additional Sessions Judge- VI,17,District And Additional Sessions Judge-IV
JHGD010004072017,2022-11-03,17,District And Additional Sessions Judge-IV,2,District And Additional Sessions Judge- 1
JHGD010001462020,2020-01-31,1,Principal District and Sessions Judge,13,District & Additional Sessions Judge-II
JHGD010001462020,2022-11-16,13,District &amp; Additional Sessions Judge-II,16,Addl District and Sessions Judge III
JHGD030000522017,2017-01-19,5,S.D.J.M,6,J.M 1 st. Class
JHGD030056872018,2022-02-12,11,J.M 1 st. Class,5,SDJM  Cum  P.M J.J.B.
JHGD030086612018,2020-02-25,6,Chief Judicial Magistrate Courts,NA,District and Sessions Judge Courts
JHGD010003332020,2020-02-05,1,Principal District and Sessions Judge,13,District & Additional Sessions Judge-II
JHGD010003332020,2022-09-05,13,District &amp; Additional Sessions Judge-II,16,Addl District and Sessions Judge III
JHGD030009492018,2020-01-17,7,Chief Judicial Magistrate Courts,NA,District and Sessions Judge Courts
JHGD030044732019,2020-02-05,6,Chief Judicial Magistrate Courts,NA,District and Sessions Judge Courts
JHCB030006372016,2017-11-07,5,C.J.(S.D.)-Cum-A.C.J.M.-Cum-2nd Asstt.Sessi. Judge,9,JM-I Cum Addl. Civil Judge
JHCB030006372016,2018-03-14,9,JM-I Cum Addl. Civil Judge,5,C.J.(S.D.)-Cum-C.J.M.-Cum-1st Asstt.Sessions Judge
JHCB010002582021,2021-06-10,1,Principal District And Sessions Judge,3,District And  Additional Sessions Judge-I
JHCB030022012020,2021-01-06,5,Chief Judicial Magistrate,NA,Principal District And Sessions Judge
JHCB060002762019,2022-08-24,8,S.D.J.M.Porahat,16,J.M. 1st Class
JHCB030000352017,2017-11-07,5,C.J.(S.D.)-Cum-A.C.J.M.-Cum-2nd Asstt.Sessi. Judge,12,J.M. First Class
JHCB030000352017,2019-08-19,12,J.M. First Class,5,CJM
JHCB010011172021,2021-09-28,1,Principal District And Sessions Judge,10,District And Additional Sessions Judge IV
JHCB010022132021,2021-11-24,1,Principal District And Sessions Judge,4,District And  Additional Sessions Judge -II
JHCB010018142020,2021-09-28,1,Principal District And Sessions Judge,10,District And Additional Sessions Judge IV
JHCB030006702016,2017-11-07,5,C.J.(S.D.)-Cum-A.C.J.M.-Cum-2nd Asstt.Sessi. Judge,12,J.M. First Class
JHCB060000472016,2022-05-26,8,S.D.J.M.Porahat,16,J.M. 1st Class
JHCB030008402021,2021-06-07,5,Chief Judicial Magistrate,NA,Principal District And Sessions Judge
JHCB030008922017,2017-11-07,5,C.J.(S.D.)-Cum-A.C.J.M.-Cum-2nd Asstt.Sessi. Judge,12,J.M. First Class
JHCB030008922017,2019-08-19,12,J.M. First Class,6,ACJM
JHCB030020092020,2021-01-25,5,Chief Judicial Magistrate,NA,Principal District And Sessions Judge
JHCB010001382021,2021-01-27,1,Principal District And Sessions Judge,10,District And Additional Sessions Judge IV
JHCB030015662021,2021-09-29,5,Chief Judicial Magistrate,NA,Principal District And Sessions Judge
JHCB030018102020,2020-11-23,5,Chief Judicial Magistrate,NA,Principal District And Sessions Judge
JHCB030006882017,2017-11-07,5,C.J.(S.D.)-Cum-A.C.J.M.-Cum-2nd Asstt.Sessi. Judge,12,J.M. First Class
MHGA090004802017,2017-09-21,1,Civil Judge Jr.Dn. and JMFC Chamorshi,10,"Jt. Civil Judge (Jr.Dn.) and JMFC, Chamorshi"
MHGA090003962017,2017-09-21,1,Civil Judge Jr.Dn. and JMFC Chamorshi,10,"Jt. Civil Judge (Jr.Dn.) and JMFC, Chamorshi"
MHAU030138392017,2018-06-15,25,XV Judicial Magistrate F.C. Abad.,13,XII Judicial Magistrate F.C. Abad.
MHAU070002712016,2016-07-29,5,"JT. CIVIL JUDGE J.D. AND J.M.F.C., GANGAPUR",4,"CIVIL JUDGE J.D. AND J.M.F.C., GANGAPUR"
MHAU070002712016,2016-08-02,4,"CIVIL JUDGE J.D. AND J.M.F.C., GANGAPUR",5,"JT. CIVIL JUDGE J.D. AND J.M.F.C., GANGAPUR"
MHAU030079682019,2022-09-01,13,IX Judicial Magistrate F.C. Abad.,16,XIX Judicial Magistrate F.C. Abad.
MHAU070001192016,2016-07-29,5,"JT. CIVIL JUDGE J.D. AND J.M.F.C., GANGAPUR",4,"CIVIL JUDGE J.D. AND J.M.F.C., GANGAPUR"
MHAU070001192016,2016-08-02,4,"CIVIL JUDGE J.D. AND J.M.F.C., GANGAPUR",5,"JT. CIVIL JUDGE J.D. AND J.M.F.C., GANGAPUR"
MHAU030081772019,2022-09-22,4,XII Judicial Magistrate F.C. Abad.,16,XIX Judicial Magistrate F.C. Abad.
MHAU070001952016,2016-07-29,5,"JT. CIVIL JUDGE J.D. AND J.M.F.C., GANGAPUR",4,"CIVIL JUDGE J.D. AND J.M.F.C., GANGAPUR"
MHAU070001952016,2016-08-02,4,"CIVIL JUDGE J.D. AND J.M.F.C., GANGAPUR",5,"JT. CIVIL JUDGE J.D. AND J.M.F.C., GANGAPUR"
MHAU070000182016,2016-07-29,5,"JT. CIVIL JUDGE J.D. AND J.M.F.C., GANGAPUR",4,"CIVIL JUDGE J.D. AND J.M.F.C., GANGAPUR"
MHAU070000182016,2016-08-02,4,"CIVIL JUDGE J.D. AND J.M.F.C., GANGAPUR",5,"JT. CIVIL JUDGE J.D. AND J.M.F.C., GANGAPUR"
MHAU030079672019,2022-09-01,13,IX Judicial Magistrate F.C. Abad.,16,XIX Judicial Magistrate F.C. Abad.
MHAU010054802017,2019-07-02,5,"District Judge-7 and Addl. Sessions Judge, Abad.",16,Extra Jt District Judge and Addl Sessions Judge Abad
MHAU010054802017,2019-12-30,16,Extra Jt District Judge and Addl Sessions Judge Abad,22,Adhoc District Judge-5 Asst Sessions Judge Abad
MHAU010054802017,2021-06-14,22,Adhoc District Judge 4 Asstt. Sessions Judge Abad.,7,Adhoc District Judge-5 Asst Sessions Judge Abad
MHKO030048632022,2022-06-13,NA,NA,17,"th Jt.C.J.J.D and J.M.F.C., Kolhapur."
MHKO040006552015,2017-08-09,2,District Judge - 2  Addl. Sessions Judge Ichal.,1,"District Judge 1 Addl. Sessions Judge, Ichalkarnji"
MHKO040006552015,2017-08-09,1,"District Judge 1 Addl. Sessions Judge, Ichalkarnji",2,District Judge - 2  Addl. Sessions Judge Ichal.
MHKO030003252020,2021-09-17,45,th Jt CJJD and JMFC Kolhapur.,18,nd Jt.CJSD and Addl.CJM Kolhapur
MHKO030003252020,2022-08-01,18,Jt.CJSD and Addl.CJM Kolhapur,22,th Jt. CJJD and JMFC Kolhapur.
MHKO100001782017,2019-05-27,7,Civil Judge Jr.Dn.  J.M.F.C. Gadhinglaj.,1,"Jt. Civil Judge Jr. Dn, and J.M.F.C. Gadhinglaj"
MHKO100011292020,2021-02-05,1,Civil Judge Jr.Dn.  J.M.F.C. Gadhinglaj.,2,"nd Civil Judge Jr.Dn.and J.M.F.C.,Gadhinglaj"
MHKO100011292020,2021-09-06,3,Second Civil Judge Jr.Dn .  J.M.F.C. Gadhinglaj,2,"nd Civil Judge Jr.Dn.and J.M.F.C.,Gadhinglaj"
MHKO100011292020,2021-09-07,2,"nd Civil Judge Jr.Dn.and J.M.F.C.,Gadhinglaj",NA,NA
MHKO050045012016,2017-01-07,6,rd Jt.Civil Judge Jr.Dn.J.M.F.C.Ichalkaranji,NA,NA
MHKO050045012016,2019-01-04,NA,NA,15,Jt.Civil Judge Jr.Dn. Ichalkaranji
MHKO010000622020,2020-07-06,32,District Judge-2 Kolhapur,6,"Extra Jt. District Judge and Addl. Sessions Judge, Kolhapur"
MHKO010000622020,2020-10-12,6,"Extra Jt. District Judge and Addl. Sessions Judge, Kolhapur",32,District Judge-2 Kolhapur
MHKO010000622020,2021-01-08,32,District Judge-1 Kolhapur.,1,Principal District and  Sessions Judge Kolhapur
MHKO110011942020,2021-03-01,1,C.J.J.D. and J.M.F.C. Peth-Vadgaon.,3,"nd Jt. C.J.J.D. and J.M.F.C., Peth Vadgaon"
MHKO010045932017,2018-03-19,NA,NA,35,"District Judge-5, Kolhapur."
MHKO010045932017,2018-12-24,35,"District Judge-4, Kolhapur",34,"District Judge-3, Kolhapur."
MHKO010045932017,2019-05-20,34,"District Judge-3, Kolhapur.",37,Ad-hoc District Judge-1 Kolhapur.
MHKO010045932017,2019-11-07,37,Ad-hoc District Judge-4 Kolhapur.,42,Ad-hoc District Judge-2 Kolhapur
MHKO010045932017,2020-10-01,42,Ad-hoc District Judge-2 Kolhapur,9,District Judge-6 Kolhapur.
MHKO010045932017,2022-07-29,9,Ad-hoc District Judge-2 Kolhapur,40,"District Judge-5, Kolhapur."
MHKO030003242020,2021-09-17,45,th Jt CJJD and JMFC Kolhapur.,18,nd Jt.CJSD and Addl.CJM Kolhapur
MHKO030003242020,2022-08-01,18,Jt.CJSD and Addl.CJM Kolhapur,22,th Jt. CJJD and JMFC Kolhapur.
MHBI070001662017,2017-07-03,NA,NA,6,Adhoc Dist. Judge-1 and Additional Sessions Judge
MHBI070001662017,2017-08-16,NA,NA,NA,NA
MHBI030000952015,2017-01-12,4,ND  JMFC BEED,6,TH  JMFC BEED
MHBI030000952015,2019-05-17,6,TH  JMFC BEED,12,TH  JMFC BEED
MHBI030000952015,2019-07-17,NA,NA,7,TH  JMFC BEED
MHBI030028022016,2016-10-07,13,rd JMFC BEED,14,th  J.M.F.C.Beed.
MHBI110012922016,2016-10-17,1,C.J.J.D. AND J.M.F.C. GEORAI,2,nd  Jt. C.J.J.D. AND J.M.F.C.  GEORAI
MHBI110012922016,2018-04-13,2,rd Jt. C.J.J.D. AND J.M.F.C.  GEORAI,4,Jt. C.J.J.D. AND J.M.F.C. GEORAI
MHBI110012922016,2021-04-30,4,Jt. C.J.J.D. AND J.M.F.C. GEORAI,3,nd  Jt. C.J.J.D. AND J.M.F.C.  GEORAI
MHBI060002952016,2019-12-12,NA,NA,3,IIIrd Jt.C.J.J.D.  J.M.F.C.Ambajogai.
MHBI010014502017,2017-06-12,NA,NA,12,DIST.JUDGE-3 and Addl. SESSIONS JUDGE BEED.
MHBI110014012016,2016-10-17,1,C.J.J.D. AND J.M.F.C. GEORAI,2,nd  Jt. C.J.J.D. AND J.M.F.C.  GEORAI
MHBI110014012016,2018-04-13,2,rd Jt. C.J.J.D. AND J.M.F.C.  GEORAI,4,Jt. C.J.J.D. AND J.M.F.C. GEORAI
MHBI110013362016,2016-10-17,1,C.J.J.D. AND J.M.F.C. GEORAI,2,nd  Jt. C.J.J.D. AND J.M.F.C.  GEORAI
MHBI110013362016,2018-04-13,2,rd Jt. C.J.J.D. AND J.M.F.C.  GEORAI,4,Jt. C.J.J.D. AND J.M.F.C. GEORAI
MHBI110014022016,2016-10-17,1,C.J.J.D. AND J.M.F.C. GEORAI,2,nd  Jt. C.J.J.D. AND J.M.F.C.  GEORAI
MHBI110014022016,2018-04-13,2,rd Jt. C.J.J.D. AND J.M.F.C.  GEORAI,4,Jt. C.J.J.D. AND J.M.F.C. GEORAI
MHBI110014022016,2021-04-30,4,Jt. C.J.J.D. AND J.M.F.C. GEORAI,3,nd  Jt. C.J.J.D. AND J.M.F.C.  GEORAI
MHBI110011912016,2016-10-17,1,C.J.J.D. AND J.M.F.C. GEORAI,2,nd  Jt. C.J.J.D. AND J.M.F.C.  GEORAI
MHBI110011912016,2018-04-13,2,rd Jt. C.J.J.D. AND J.M.F.C.  GEORAI,4,Jt. C.J.J.D. AND J.M.F.C. GEORAI
MHBI060003832016,2016-04-26,1,Jt.C.J.J.D.  J.M.F.C.Ambajogai,4,th Jt.C.J.J.D.  J.M.F.C.Ambajogai.
MHBI060003832016,2018-11-12,4,IIIrd Jt.C.J.J.D.  J.M.F.C.Ambajogai.,3,th Jt.C.J.J.D.  J.M.F.C.Ambajogai.
MHRG010006602020,2020-10-28,17,DISTRICT COURT RAIGAD-ALIBAG,NA,"District and Addl. Sessions Judge, Panvel, Dist. Raigad"
MHRG080011462018,2020-08-17,1,nd Jt.C.J.J.D.  J.M.F.C. Khalapur,2,Jt. Civil Judge J.D.  J.M.F.C. Khalpuar
MHRG170012072020,2022-11-09,3,"District Judge-2 and Addl. Sessions Judge, Panvel, Dist. Raigad",5,"Extra Jt. District Judge And Addl. Sessions Judge, Panvel"
MHRG060011242018,2018-12-17,1,Civil Judge JD and JMFC Pen,2,Jt.Civil Judge J D and J M F C Pen
MHRG110003632017,2018-07-06,NA,NA,8,Jt. C. J. J. D. and  J. M. F. C. Mangaon
MHRG110003632017,2019-02-04,NA,NA,2,Civil Judge Jr.Dvn. J. M. F.C. Mangaon
MHRG110003632017,2019-12-13,2,Civil Judge Jr.Dvn. J. M. F.C. Mangaon,8,Jt. C. J. J. D. and  J. M. F. C. Mangaon
MHNG080023212015,2016-01-29,2,Jt. Civil Judge Jr.Dn.  J.M.F.C,1,Civil Judge Jr. Dn.  JMFC Kamptee
MHTH090009412016,2016-06-06,NA,NA,1,rd Jt.C.J.J.D. J.M.F.C.Kalyan
MHTH090009412016,2017-01-09,1,rd Jt.C.J.J.D. J.M.F.C.Kalyan,10,th Jt. Civil Judge J.D. and J.M.F.C Kalyan
MHTH090027572017,2016-04-04,1,nd Jt. Civil Judge J.D. and J.M.F.C. Kalyan,NA,NA
MHTH090027572017,2021-10-01,10,th Jt.C.J.J.D. J.M.F.C.Kalyan,2,th Jt.C.J.J.D. J.M.F.C.Kalyan
MHTH130026702017,2017-06-21,NA,NA,6,nd  Jt. Civil Judge J.D.  J.M.F.C. Ulhasnagar
MHTH040005642015,2016-06-06,16,th Joint Civil Judge J.D.  J.M.F.C. Thane,23,th Joint Civil Judge J.D.  J.M.F.C. Thane
MHTH040005642015,2016-07-14,23,th Joint Civil Judge J.D.  J.M.F.C. Thane,NA,NA
MHTH040005642015,2017-09-12,NA,NA,2,th Joint Civil Judge J.D.  J.M.F.C. Thane
MHTH250013332022,2022-06-30,9,rd Jt. Civil Judge J.D.  J.M.F.C. Vasai,4,th JT CIVIL JUDGE J.D.  J.M.F.C. Vasai
MHTH130058712016,2017-01-09,6,nd  Jt. Civil Judge J.D.  J.M.F.C. Ulhasnagar,9,th Jt. Civil Judge J.D.  J.M.F.C. Ulhasnagar
MHTH130058712016,2017-06-20,9,th Jt. Civil Judge J.D.  J.M.F.C. Ulhasnagar,6,nd  Jt. Civil Judge J.D.  J.M.F.C. Ulhasnagar
MHTH130058712016,2018-12-18,6,nd  Jt. Civil Judge J.D.  J.M.F.C. Ulhasnagar,19,"th Jt.Civil Judge J.D. J.M.F.C., Ulhasnagar"
MHTH050026602017,2021-11-25,28,th Jt. Civil Judge JD.  JMFC Thane,14,th Joint CJJD and JMFC Thane
MHTH060002242017,2017-06-05,18,District Judge-2 And Addl.Sessions Judge Kalyan,10,District Judge-3 And Addl.Sessions Judge Kalyan
MHTH060002242017,2018-06-08,NA,NA,14,District Judge-3 And Addl.Sessions Judge Kalyan
MHTH060002242017,2020-02-01,14,Dist.Judge-5 and Astt.Sessions Judge Kalyan,16,Dist.Judge-4 and Addl.Sessions Judge Kalyan
MHTH060002242017,2021-06-01,16,District Judge-2 And Addl.Sessions Judge Kalyan,14,District Judge-6 And AddlSessions Judge Kalyan
MHTH050027222017,2018-11-12,28,th Jt. Civil Judge JD  and JMFC  Thane,14,th Jt. Civil Judge J.D.  J.M.F.C. Thane
MHTH250044992017,2022-06-06,9,th JT CIVIL JUDGE J.D.  J.M.F.C. Vasai,4,th JT CIVIL JUDGE J.D.  J.M.F.C. Vasai
MHTH250057872018,2022-02-02,2,Jt. Civil Judge J.D.  J.M.F.C. Vasai,12,th Jt. Civil Judge J.D. and J.M.F.C. Vasai
MHTH010062422016,2017-05-12,2,District Judge-8 Addl. Sessions JudgeThane,NA,NA
MHTH010062422016,2017-06-02,NA,NA,12,Ad-hoc Dist.Judge 1  Addl. Sessions JudgeThane
MHTH010062422016,2018-06-04,12,Ad-hoc Dist.Judge 1  Addl. Sessions JudgeThane,22,District Judge -6   Addl. Sessions Judge Thane
MHTH050026082015,2016-06-06,27,th Jt. Civil Judge JD  and JMFC  Thane,24,th Jt. Civil Judge JD  and JMFC  Thane
MHTH050026082015,2016-09-03,24,th Jt. Civil Judge JD  and JMFC  Thane,12,th Jt. CJSD and Additional C.J.M. Thane
MHTH130043042015,2017-01-09,2,Joint Civil Judge J.D.  J.M.F.C. Ulhasnagar,3,th Jt. Civil Judge J.D.  J.M.F.C. Ulhasnagar
MHTH130043042015,2019-11-18,3,th Jt. Civil Judge J.D.  J.M.F.C. Ulhasnagar,6,th Jt.Civil Judge J.D.  J.M.F.C. Ulhasnagar
MHTH130043042015,2020-01-01,6,th Jt.Civil Judge J.D.  J.M.F.C. Ulhasnagar,3,"th Jt.Civil Judge J.D. J.M.F.C., Ulhasnagar"
MHTH090001742020,2021-10-01,10,th Jt.C.J.J.D. J.M.F.C.Kalyan,2,th Jt.C.J.J.D. J.M.F.C.Kalyan
MHTH090026662017,2021-10-01,10,th Jt.C.J.J.D. J.M.F.C.Kalyan,2,th Jt.C.J.J.D. J.M.F.C.Kalyan
MHTH030103602019,2022-07-20,23,th Joint Civil Judge J.D.  J.M.F.C. Thane,1,Chief Judicial Magistrate Thane
MHTH090001982016,2016-04-25,1,nd Jt. Civil Judge J.D. and J.M.F.C. Kalyan,4,th Jt. C.J.J.D. J.M.F.C.Kalyan
MHTH090001982016,2016-06-06,NA,NA,1,rd Jt.C.J.J.D. J.M.F.C.Kalyan
MHTH090001982016,2017-01-09,1,rd Jt.C.J.J.D. J.M.F.C.Kalyan,10,th Jt. Civil Judge J.D. and J.M.F.C Kalyan
MHTH090001982016,2021-10-01,10,th Jt.C.J.J.D. J.M.F.C.Kalyan,2,th Jt.C.J.J.D. J.M.F.C.Kalyan
MHTH040034332016,2022-07-21,22,th Joint Civil Judge J.D.  J.M.F.C. Thane,5,Chief Judicial Magistrate Thane
MHTH030092672019,2019-11-18,30,th Joint Civil Judge J.D.  J.M.F.C. Thane,23,th Joint Civil Judge J.D.  J.M.F.C. Thane
MHTH030092672019,2020-01-21,23,th Joint Civil Judge J.D.  J.M.F.C. Thane,20,th Jt. Civil Judge J.D.  J.M.F.C. Thane
MHTH090005362019,2021-10-01,10,th Jt.C.J.J.D. J.M.F.C.Kalyan,2,th Jt.C.J.J.D. J.M.F.C.Kalyan
MHTH060023262016,2017-06-30,NA,NA,14,Dist.Judge-5 and Addl.Sessions Judge Kalyan
MHTH060023262016,2020-02-05,14,Dist.Judge-5 and Astt.Sessions Judge Kalyan,16,Dist.Judge-4 and Addl.Sessions Judge Kalyan
MHTH250000272017,2022-07-08,9,rd Jt. Civil Judge J.D.  J.M.F.C. Vasai,4,th JT CIVIL JUDGE J.D.  J.M.F.C. Vasai
MHTH130002442021,2022-12-19,20,th Jt.Civil Judge J.D.  J.M.F.C. Ulhasnagar,19,"th Jt.Civil Judge J.D. J.M.F.C., Ulhasnagar"
MHTH010078682016,2017-05-12,2,District Judge-8 Addl. Sessions JudgeThane,NA,NA
MHTH010078682016,2017-06-02,NA,NA,12,Ad-hoc Dist.Judge 1  Addl. Sessions JudgeThane
MHTH010078682016,2018-06-04,12,Ad-hoc Dist.Judge 1  Addl. Sessions JudgeThane,22,District Judge -6   Addl. Sessions Judge Thane
MHTH010084242017,2020-01-21,9,District Judge-1  Addl.Sessions JudgeThane,12,District Judge-9 and Addl. Sessions Judge Thane
MHTH010084242017,2020-01-28,12,District Judge-9 and Addl. Sessions Judge Thane,NA,NA
MHTH130061292016,2017-01-09,2,Joint Civil Judge J.D.  J.M.F.C. Ulhasnagar,3,th Jt. Civil Judge J.D.  J.M.F.C. Ulhasnagar
MHTH130061292016,2019-11-18,3,th Jt. Civil Judge J.D.  J.M.F.C. Ulhasnagar,6,th Jt.Civil Judge J.D.  J.M.F.C. Ulhasnagar
MHTH130061292016,2020-01-01,6,th Jt.Civil Judge J.D.  J.M.F.C. Ulhasnagar,3,"th Jt.Civil Judge J.D. J.M.F.C., Ulhasnagar"
MHTH010062632017,2018-03-07,16,Ad-hoc Dist. Judge-3  and Asst. Sessions Judge Thane,NA,NA
MHTH250086922022,2022-12-29,NA,NA,2,nd Jt.Civil Judge J.D.  J.M.F.C. Vasai
MHTH050028992017,2018-12-01,28,th Jt. Civil Judge JD  and JMFC  Thane,14,th Jt. Civil Judge J.D.  J.M.F.C. Thane
MHTH030084012019,2022-07-20,23,th Joint Civil Judge J.D.  J.M.F.C. Thane,1,Chief Judicial Magistrate Thane
MHTH130040322016,2017-01-09,2,Joint Civil Judge J.D.  J.M.F.C. Ulhasnagar,3,th Jt. Civil Judge J.D.  J.M.F.C. Ulhasnagar
MHTH130040322016,2019-11-18,3,th Jt. Civil Judge J.D.  J.M.F.C. Ulhasnagar,6,th Jt.Civil Judge J.D.  J.M.F.C. Ulhasnagar
MHTH050026772017,2018-11-12,28,th Jt. Civil Judge JD  and JMFC  Thane,14,th Jt. Civil Judge J.D.  J.M.F.C. Thane
MHTH040020352015,2016-06-06,16,th Joint Civil Judge J.D.  J.M.F.C. Thane,23,th Joint Civil Judge J.D.  J.M.F.C. Thane
MHTH040020352015,2016-07-20,23,th Joint Civil Judge J.D.  J.M.F.C. Thane,NA,NA
MHTH040020352015,2017-09-04,NA,NA,2,th Joint Civil Judge J.D.  J.M.F.C. Thane
MHTH250022292016,2020-01-08,2,Jt. Civil Judge J.D.  J.M.F.C. Vasai,12,th Jt. Civil Judge J.D. and J.M.F.C. Vasai
MHTH090019472020,2021-10-01,10,th Jt.C.J.J.D. J.M.F.C.Kalyan,2,th Jt.C.J.J.D. J.M.F.C.Kalyan
MHRT060008392018,2018-12-15,2,Joint Civil Judge J.D.  J.M.F.C. Dapoli,1,Civil Judge J.D.  and J.M.F.C.Dapoli
MHRT060008392018,2019-01-19,1,Civil Judge J.D.  and J.M.F.C.Dapoli,2,Joint Civil Judge J.D.  J.M.F.C. Dapoli
MHRT060008392018,2019-12-09,2,Joint Civil Judge J.D.  J.M.F.C. Dapoli,4,"nd Joint Civil Judge J.D. and J.M.F.C., Dapoli"
MHRT060008392018,2021-06-15,4,"nd Joint Civil Judge J.D. and J.M.F.C., Dapoli",1,Civil Judge J.D.  and J.M.F.C.Dapoli
MHRT060008392018,2022-01-31,1,Civil Judge J.D.  and J.M.F.C.Dapoli,2,Joint Civil Judge J.D.  J.M.F.C. Dapoli
MHND030001242015,2016-07-26,16,CRIMINAL COURTS NANDED MAHARASHTRA,NA,Sessions Court
MHND010017212016,2017-09-18,49,DISTRICT JUDGE-6 AND ADDL. SESSIONS JUDGE,57,AD-HOC DJ -1 AND ASSISTANT SESSION JUDGE NANDED
MHND010017212016,2018-01-20,57,AD-HOC DJ -1 AND ADDITIONAL SESSIONS JUDGE NANDED,58,DISTRICT JUDGE-3  AND ASST. SESSIONS JUDGE  NANDED
MHAM030000202017,2017-08-18,20,th JT. C.J.S.D. and additional CJM AMRAVATI,89,th JT. C.J.J.D.  J.M.F.C. AMRAVATI
MHAM030000202017,2018-04-02,89,th JT. C.J.J.D.  J.M.F.C. AMRAVATI,33,th JT. C.J.J.D.  J.M.F.C. AMRAVATI
MHAM030000202017,2021-06-07,33,th JT. C.J.J.D.  J.M.F.C. AMRAVATI,44,"Jt. C.J.J.D.  J.M.F.C., Amravati"
MHAM090045482016,2020-09-18,NA,NA,50,"Jt.Civil Judge,Jr.Dn. and JMFC,Chandur Bazar"
MHAM090045482016,2021-06-07,50,"Jt.Civil Judge,Jr.Dn. and JMFC,Chandur Bazar",51,"nd Jt.Civil JudgeJr.Dn. and JMFC,Chandur Bazar"
MHAM030052912017,2018-04-02,89,th JT. C.J.J.D.  J.M.F.C. AMRAVATI,33,th JT. C.J.J.D.  J.M.F.C. AMRAVATI
MHAM030057672017,2018-06-04,22,rd  JT. C.J.J.D.  J.M.F.C. AMRAVATI,89,th Jt.C.J.J.D.  J.M.F.C.
MHAM030010082018,2018-04-07,28,th Jt. C.J.J.D.  J.M.F.C. Amravati,32,th Jt. C.J.J.D.  J.M.F.C. Amravati
MHAM030010082018,2018-12-24,32,th Jt. C.J.J.D.  J.M.F.C. Amravati,88,th JT. C.J.J.D.  J.M.F.C. AMRAVATI
MHAM030010082018,2019-12-02,NA,NA,32,th JT. C.J.J.D.  J.M.F.C. AMRAVATI
MHAM150011142017,2018-04-16,NA,NA,48,Jt .CIVIL JUDGE JR.DN.  J.M.F.C.MORSHI
MHLA030018312018,2018-07-27,3,nd Jt Judicial Magistrate F.C. Latur,4,rd Jt Judicial Magistrate F.C. Latur
MHLA030018312018,2019-01-01,4,rd Jt Judicial Magistrate F.C. Latur,3,nd Jt Judicial Magistrate F.C. Latur
MHLA030018312018,2019-11-11,3,nd Jt Judicial Magistrate F.C. Latur,2,Jt Judicial Magistrate  F.C. Latur
MHLA030018312018,2021-08-31,2,Jt Judicial Magistrate  F.C. Latur,5,th Jt Judicial Magistrate F.C. Latur
MHLA030018312018,2022-02-07,5,th Jt Judicial Magistrate F.C. Latur,4,rd Jt Judicial Magistrate F.C. Latur
MHLA150002392020,2021-07-22,3,Jt. Civil Judge J. D. and J.M.F.C. Chakur,1,Civil Judge J.D. and J.M.F.C. Chakur
MHPU060018222015,2016-10-04,1,JUDICIAL MAGISTRATE F. C.,NA,NA
MHPU010056092019,2021-02-10,47,DISTRICT JUDGE-16 AND  ADDL. SESSIONS JUDGE PUNE,1,PRINCIPAL DISTRICT  AND SESSIONS JUDGE PUNE
MHPU060018062015,2016-10-04,2,JT. JUDICIAL MAGISTRATE F. C.,NA,NA
MHAK110018492021,2022-08-06,1,Civil Judge Jr.Dn. Telhara,2,Jt. Civil Judge Jr.Dn.Telhara
MHAK080002822022,2022-08-03,1,Civil Judge J.D. Barshitakli,2,Jt. Civil Judge Jr. Dn Barshitakli
MHAK030039432022,2022-08-05,7,"th Jt. J.M.F.C., Akola",4,"Joint J.M.F.C., Akola"
MHAK060005232016,2018-06-05,NA,NA,2,Joint Civil Judge  J.D.  J.MF.C. Akot
MHAK060005232016,2018-12-21,2,Joint Civil Judge  J.D.  J.MF.C. Akot,3,nd Jt. Civil Judge J.D. J.M.F.C. Akot
MHAK060011822016,2018-06-05,NA,NA,2,Joint Civil Judge  J.D.  J.MF.C. Akot
MHAK060011822016,2018-12-21,2,Joint Civil Judge  J.D.  J.MF.C. Akot,3,nd Jt. Civil Judge J.D. J.M.F.C. Akot
MHAK030063602021,2022-07-18,10,th Jt. J.M.F.C. Akola,13,"th Jt. J.M.F.C., Akola."
MHAK060013902016,2018-06-05,NA,NA,2,Joint Civil Judge  J.D.  J.MF.C. Akot
MHAK030082592021,2022-07-18,10,th Jt. J.M.F.C. Akola,13,"th Jt. J.M.F.C., Akola."
MHAK030080742016,2019-06-03,7,"th Jt. J.M.F.C., Akola",17,rd Jt.J.M.F.C.Akola
